critic_loss,actor_loss,alpha_loss,alpha,global_step,buffer_size
89.40011596679688,4.125107765197754,-0.0,1.0003000497817993,1004.0,1002.0
81.75694274902344,3.827615261077881,-0.0005427494179457426,1.0005979537963867,1008.0,1006.0
70.21063232421875,3.7351388931274414,-0.00101446732878685,1.0008944272994995,1012.0,1010.0
70.52653503417969,3.5840442180633545,-0.0013658859534189105,1.0011885166168213,1016.0,1014.0
55.55867004394531,3.1005516052246094,-0.0012181741185486317,1.0014724731445312,1020.0,1018.0
60.19495391845703,3.0532283782958984,-0.001411505276337266,1.0017485618591309,1024.0,1022.0
46.576324462890625,2.65248441696167,-0.0009435302927158773,1.0020084381103516,1028.0,1026.0
42.83654022216797,2.3966190814971924,-0.0005328549304977059,1.0022473335266113,1032.0,1030.0
40.45368957519531,2.144369125366211,1.1770458513638005e-05,1.002459168434143,1036.0,1034.0
33.16537857055664,1.8470823764801025,0.0007838730816729367,1.0026357173919678,1040.0,1038.0
31.036624908447266,1.7631852626800537,0.0011071751359850168,1.0027776956558228,1044.0,1042.0
27.360855102539062,1.4157841205596924,0.002184616168960929,1.0028743743896484,1048.0,1046.0
25.45911407470703,1.3916246891021729,0.002382158301770687,1.0029302835464478,1052.0,1050.0
23.48171615600586,1.2274284362792969,0.0029554064385592937,1.0029444694519043,1056.0,1054.0
19.45166015625,1.125706434249878,0.0033262199722230434,1.0029189586639404,1060.0,1058.0
18.96371841430664,1.0228790044784546,0.0036506829783320427,1.0028561353683472,1064.0,1062.0
17.219398498535156,1.036099910736084,0.003584364429116249,1.0027616024017334,1068.0,1066.0
14.471272468566895,0.7752177715301514,0.004234588239341974,1.0026336908340454,1072.0,1070.0
16.311635971069336,0.9053120613098145,0.0037464278284460306,1.0024800300598145,1076.0,1074.0
13.808211326599121,0.802272379398346,0.0038342238403856754,1.0023025274276733,1080.0,1078.0
11.658217430114746,0.6686025261878967,0.003906807862222195,1.002102017402649,1084.0,1082.0
12.13967227935791,0.7184818983078003,0.003508058376610279,1.001882791519165,1088.0,1086.0
11.315475463867188,0.5547213554382324,0.003488039132207632,1.0016452074050903,1092.0,1090.0
11.505812644958496,0.5166329741477966,0.0031465664505958557,1.0013914108276367,1096.0,1094.0
8.36750602722168,0.5143452882766724,0.002688032342121005,1.0011236667633057,1100.0,1098.0
8.420209884643555,0.3964650630950928,0.002324857749044895,1.000842809677124,1104.0,1102.0
9.25466537475586,0.5248482823371887,0.0016594456974416971,1.0005520582199097,1108.0,1106.0
9.163753509521484,0.3205048739910126,0.0012105940841138363,1.0002505779266357,1112.0,1110.0
8.356622695922852,0.2864353060722351,0.0005631637759506702,0.999939501285553,1116.0,1114.0
7.683510780334473,0.4377231001853943,-0.0001279726275242865,0.9996218085289001,1120.0,1118.0
6.229394912719727,0.2719331383705139,-0.0008729950059205294,0.9992966651916504,1124.0,1122.0
5.43734073638916,0.14546675980091095,-0.0017224784241989255,0.9989639520645142,1128.0,1126.0
6.726542949676514,0.2014705240726471,-0.0025090572889894247,0.9986252784729004,1132.0,1130.0
5.9864912033081055,0.13284452259540558,-0.003456559032201767,0.9982807636260986,1136.0,1134.0
4.39149284362793,0.06472304463386536,-0.004465945065021515,0.9979307651519775,1140.0,1138.0
4.189171314239502,0.10253161191940308,-0.005356070585548878,0.9975763559341431,1144.0,1142.0
4.810696601867676,0.042052775621414185,-0.006474212743341923,0.9972176551818848,1148.0,1146.0
4.428971767425537,0.06585231423377991,-0.007436925545334816,0.9968554377555847,1152.0,1150.0
4.05739164352417,0.14408200979232788,-0.008193833753466606,0.9964910745620728,1156.0,1154.0
3.658951759338379,0.09341786056756973,-0.00937669537961483,0.9961245059967041,1160.0,1158.0
3.227801561355591,0.08516493439674377,-0.01050962321460247,0.9957557916641235,1164.0,1162.0
3.6668708324432373,0.14018064737319946,-0.011366231366991997,0.9953858256340027,1168.0,1166.0
2.972632646560669,0.12419672310352325,-0.012489786371588707,0.9950147271156311,1172.0,1170.0
3.546434164047241,0.12912032008171082,-0.013618741184473038,0.9946425557136536,1176.0,1174.0
3.3807287216186523,0.10354319214820862,-0.014880928210914135,0.9942693710327148,1180.0,1178.0
3.773573875427246,0.17278490960597992,-0.015612738206982613,0.9938958883285522,1184.0,1182.0
3.114163875579834,0.008536389097571373,-0.017734333872795105,0.9935207962989807,1188.0,1186.0
3.6220343112945557,0.13571731746196747,-0.01813380792737007,0.9931454658508301,1192.0,1190.0
3.4237160682678223,0.1306779980659485,-0.019346125423908234,0.9927698969841003,1196.0,1194.0
3.298227310180664,0.08315028250217438,-0.02077420987188816,0.9923938512802124,1200.0,1198.0
3.8534810543060303,0.16812723875045776,-0.021424416452646255,0.9920181632041931,1204.0,1202.0
3.243436574935913,-0.06356982886791229,-0.024447619915008545,0.9916407465934753,1208.0,1206.0
3.100895404815674,0.1527443528175354,-0.02393399551510811,0.991263747215271,1212.0,1210.0
3.3150711059570312,0.13870741426944733,-0.025192933157086372,0.9908872842788696,1216.0,1214.0
3.560790538787842,0.043959349393844604,-0.02728322707116604,0.9905104041099548,1220.0,1218.0
2.8040411472320557,0.10456467419862747,-0.027976008132100105,0.9901337027549744,1224.0,1222.0
2.765413761138916,0.14319010078907013,-0.028607387095689774,0.9897578954696655,1228.0,1226.0
3.035830497741699,0.003989402204751968,-0.031342048197984695,0.9893815517425537,1232.0,1230.0
4.072885513305664,0.04217104986310005,-0.032187968492507935,0.9890051484107971,1236.0,1234.0
3.2006914615631104,0.07504165917634964,-0.03299521654844284,0.9886292219161987,1240.0,1238.0
2.604495048522949,0.10262077301740646,-0.03397790342569351,0.9882540106773376,1244.0,1242.0
3.423058032989502,0.048167742788791656,-0.03579817712306976,0.9878789782524109,1248.0,1246.0
3.3658714294433594,0.12588950991630554,-0.03609135001897812,0.9875050187110901,1252.0,1250.0
2.898742198944092,0.09523338824510574,-0.03758972883224487,0.9871318936347961,1256.0,1254.0
4.042947769165039,0.05307222530245781,-0.03940263390541077,0.9867590665817261,1260.0,1258.0
3.284367084503174,0.08326640725135803,-0.04027201607823372,0.9863868951797485,1264.0,1262.0
4.092921257019043,0.13209348917007446,-0.04088585078716278,0.9860159158706665,1268.0,1266.0
4.192052841186523,0.17064136266708374,-0.04145912081003189,0.9856463670730591,1272.0,1270.0
3.528317928314209,0.037703853100538254,-0.044398169964551926,0.9852771162986755,1276.0,1274.0
3.570223331451416,0.02488778717815876,-0.0456022284924984,0.9849082231521606,1280.0,1278.0
2.6474008560180664,0.017727777361869812,-0.04713059961795807,0.9845394492149353,1284.0,1282.0
4.423160552978516,0.07253658026456833,-0.047091927379369736,0.9841718077659607,1288.0,1286.0
3.5487542152404785,-0.05347133055329323,-0.05063425749540329,0.9838038086891174,1292.0,1290.0
3.809346914291382,-0.039190880954265594,-0.0514080747961998,0.9834358096122742,1296.0,1294.0
4.5465288162231445,0.049772728234529495,-0.051195889711380005,0.9830688238143921,1300.0,1298.0
3.200265884399414,0.11410975456237793,-0.05105884373188019,0.9827035665512085,1304.0,1302.0
3.406369686126709,-0.002526000142097473,-0.05429618060588837,0.9823387861251831,1308.0,1306.0
3.336124897003174,0.04457388073205948,-0.05454418808221817,0.9819750785827637,1312.0,1310.0
4.2272257804870605,0.024642549455165863,-0.056431956589221954,0.981611967086792,1316.0,1314.0
3.402613639831543,0.14705097675323486,-0.055080562829971313,0.9812508225440979,1320.0,1318.0
4.0091233253479,0.06470587849617004,-0.0581745021045208,0.9808905124664307,1324.0,1322.0
3.9860920906066895,0.09370515495538712,-0.05863182619214058,0.9805313944816589,1328.0,1326.0
2.8237576484680176,0.009975753724575043,-0.06108429282903671,0.9801728129386902,1332.0,1330.0
3.553504228591919,-0.02116423100233078,-0.0626436248421669,0.9798145890235901,1336.0,1334.0
3.1633949279785156,0.013295728713274002,-0.06350304186344147,0.979456901550293,1340.0,1338.0
3.5832579135894775,0.034516047686338425,-0.06420713663101196,0.9790999889373779,1344.0,1342.0
3.027233600616455,-0.007755157072097063,-0.06606150418519974,0.9787436127662659,1348.0,1346.0
2.5819754600524902,-0.0010477155447006226,-0.06735942512750626,0.9783876538276672,1352.0,1350.0
3.3178539276123047,0.04394970461726189,-0.0676625669002533,0.9780325889587402,1356.0,1354.0
2.3698110580444336,-0.034188441932201385,-0.07049600780010223,0.9776777029037476,1360.0,1358.0
2.847179412841797,-0.03238745033740997,-0.07129166275262833,0.9773231148719788,1364.0,1362.0
3.2865443229675293,-2.4658627808094025e-05,-0.07182539254426956,0.9769692420959473,1368.0,1366.0
2.7515692710876465,0.006663158535957336,-0.07264803349971771,0.9766162037849426,1372.0,1370.0
2.192925453186035,0.07687805593013763,-0.07238946855068207,0.9762645363807678,1376.0,1374.0
2.905158758163452,0.007706469856202602,-0.07497312128543854,0.9759135842323303,1380.0,1378.0
2.7215003967285156,-0.012084869667887688,-0.07717585563659668,0.9755629897117615,1384.0,1382.0
3.491084098815918,-0.09379594027996063,-0.07905815541744232,0.9752123951911926,1388.0,1386.0
2.881347417831421,-0.05876488983631134,-0.0799870416522026,0.9748620986938477,1392.0,1390.0
2.0859427452087402,-0.058276429772377014,-0.08060933649539948,0.9745122790336609,1396.0,1394.0
2.3057916164398193,-0.05509336665272713,-0.08180190622806549,0.9741629362106323,1400.0,1398.0
2.871062994003296,-0.04732716828584671,-0.08326813578605652,0.9738140106201172,1404.0,1402.0
2.9444222450256348,-0.023274166509509087,-0.08299019932746887,0.9734660983085632,1408.0,1406.0
1.9615362882614136,-0.02478138729929924,-0.08433002233505249,0.9731189608573914,1412.0,1410.0
2.1937873363494873,-0.09628750383853912,-0.08727969229221344,0.9727720618247986,1416.0,1414.0
2.308335542678833,-0.05783050134778023,-0.08795121312141418,0.9724255204200745,1420.0,1418.0
2.479562759399414,-0.07626219093799591,-0.08967672288417816,0.9720792770385742,1424.0,1422.0
2.3377842903137207,-0.1300484538078308,-0.09167973697185516,0.971733033657074,1428.0,1426.0
2.184532642364502,-0.10163827240467072,-0.09247512370347977,0.9713869690895081,1432.0,1430.0
2.585149049758911,-0.17265018820762634,-0.09524061530828476,0.971040666103363,1436.0,1434.0
2.6295361518859863,-0.10234718024730682,-0.09516043961048126,0.9706946015357971,1440.0,1438.0
2.6082160472869873,-0.09292767941951752,-0.09486956894397736,0.9703493118286133,1444.0,1442.0
2.6006884574890137,-0.058546025305986404,-0.0964624360203743,0.9700045585632324,1448.0,1446.0
1.7397747039794922,-0.13580313324928284,-0.09824736416339874,0.969660222530365,1452.0,1450.0
1.927006483078003,-0.09168724715709686,-0.0987124964594841,0.9693165421485901,1456.0,1454.0
2.4125897884368896,-0.08608037233352661,-0.1004573404788971,0.9689732789993286,1460.0,1458.0
2.469878911972046,-0.038811467587947845,-0.09963829815387726,0.9686310887336731,1464.0,1462.0
2.0002753734588623,-0.08458806574344635,-0.1007092073559761,0.9682899117469788,1468.0,1466.0
2.2926273345947266,-0.06989066302776337,-0.10251952707767487,0.9679495096206665,1472.0,1470.0
1.968732476234436,-0.14698649942874908,-0.10606089234352112,0.967609167098999,1476.0,1474.0
1.940909504890442,-0.13579495251178741,-0.1063327044248581,0.9672691822052002,1480.0,1478.0
2.315241575241089,-0.12227625399827957,-0.10840624570846558,0.9669292569160461,1484.0,1482.0
1.9826387166976929,-0.1171276643872261,-0.10925604403018951,0.966589629650116,1488.0,1486.0
1.4820029735565186,-0.1259942650794983,-0.11025047302246094,0.9662503600120544,1492.0,1490.0
2.0625157356262207,-0.1454828381538391,-0.11153648793697357,0.965911328792572,1496.0,1494.0
1.862738847732544,-0.12265009433031082,-0.11149901151657104,0.9655730128288269,1500.0,1498.0
1.940428614616394,-0.09207635372877121,-0.11282260715961456,0.9652352929115295,1504.0,1502.0
1.9341636896133423,-0.16291259229183197,-0.11607274413108826,0.9648975729942322,1508.0,1506.0
1.932213306427002,-0.12698699533939362,-0.11711600422859192,0.9645599722862244,1512.0,1510.0
1.7305195331573486,-0.18870489299297333,-0.11761899292469025,0.9642226696014404,1516.0,1514.0
1.5623142719268799,-0.12981797754764557,-0.11891381442546844,0.9638857245445251,1520.0,1518.0
1.7725257873535156,-0.16592775285243988,-0.12077102065086365,0.9635489583015442,1524.0,1522.0
1.5373092889785767,-0.21017597615718842,-0.12275220453739166,0.9632121324539185,1528.0,1526.0
1.8033888339996338,-0.14737506210803986,-0.12265148758888245,0.9628756642341614,1532.0,1530.0
1.6377757787704468,-0.09546355158090591,-0.12147945165634155,0.9625401496887207,1536.0,1534.0
1.872235894203186,-0.11549031734466553,-0.12341925501823425,0.9622053503990173,1540.0,1538.0
1.7387694120407104,-0.1803559511899948,-0.1267741620540619,0.9618706107139587,1544.0,1542.0
1.358750581741333,-0.12821629643440247,-0.12702754139900208,0.9615363478660583,1548.0,1546.0
1.5893218517303467,-0.19423094391822815,-0.12849804759025574,0.9612023830413818,1552.0,1550.0
1.91764497756958,-0.13416481018066406,-0.12927719950675964,0.9608688354492188,1556.0,1554.0
1.7438380718231201,-0.049809958785772324,-0.12722408771514893,0.9605364203453064,1560.0,1558.0
2.039015769958496,-0.14634151756763458,-0.13205331563949585,0.9602043032646179,1564.0,1562.0
2.2315945625305176,-0.0786813497543335,-0.1323077380657196,0.9598726034164429,1568.0,1566.0
1.5179150104522705,-0.24336551129817963,-0.13522176444530487,0.9595409631729126,1572.0,1570.0
1.536503553390503,-0.09676908701658249,-0.13469305634498596,0.9592097997665405,1576.0,1574.0
1.205093264579773,-0.16502149403095245,-0.13688591122627258,0.9588788747787476,1580.0,1578.0
1.8260445594787598,-0.13787296414375305,-0.13667111098766327,0.9585484862327576,1584.0,1582.0
1.6203198432922363,-0.12729935348033905,-0.1375318467617035,0.9582187533378601,1588.0,1586.0
1.5434210300445557,-0.11791551858186722,-0.13864818215370178,0.9578895568847656,1592.0,1590.0
1.4976310729980469,-0.14268416166305542,-0.14158079028129578,0.9575605392456055,1596.0,1594.0
1.6661081314086914,-0.13217386603355408,-0.141403466463089,0.9572319984436035,1600.0,1598.0
1.5321135520935059,-0.12958163022994995,-0.14265176653862,0.9569039344787598,1604.0,1602.0
1.2730075120925903,-0.10437668859958649,-0.14423255622386932,0.9565761685371399,1608.0,1606.0
1.5390491485595703,-0.15346193313598633,-0.14588871598243713,0.9562487006187439,1612.0,1610.0
1.8872194290161133,-0.12053298950195312,-0.14540737867355347,0.9559217691421509,1616.0,1614.0
1.3688247203826904,-0.14637556672096252,-0.14706158638000488,0.9555953145027161,1620.0,1618.0
1.593645453453064,-0.13657650351524353,-0.14933747053146362,0.9552690982818604,1624.0,1622.0
1.5092554092407227,-0.1076197475194931,-0.14954911172389984,0.9549432992935181,1628.0,1626.0
1.8488695621490479,-0.08216094970703125,-0.14974650740623474,0.9546180963516235,1632.0,1630.0
1.334935188293457,-0.16481974720954895,-0.15307438373565674,0.9542930722236633,1636.0,1634.0
1.8424434661865234,-0.09503769129514694,-0.1539076566696167,0.9539682269096375,1640.0,1638.0
1.7469736337661743,-0.10684822499752045,-0.15517407655715942,0.9536436200141907,1644.0,1642.0
1.0598630905151367,-0.10570534318685532,-0.15679767727851868,0.9533191323280334,1648.0,1646.0
1.775331974029541,0.021072298288345337,-0.15375220775604248,0.9529955387115479,1652.0,1650.0
1.4274916648864746,-0.0753745287656784,-0.15847140550613403,0.9526722431182861,1656.0,1654.0
1.2166049480438232,-0.08963104337453842,-0.15701480209827423,0.9523496031761169,1660.0,1658.0
1.2001869678497314,-0.10069159418344498,-0.1577509492635727,0.9520277380943298,1664.0,1662.0
1.2725954055786133,-0.1649060845375061,-0.1626521199941635,0.951705813407898,1668.0,1666.0
1.190589189529419,-0.08894790709018707,-0.16118384897708893,0.951384425163269,1672.0,1670.0
1.2221529483795166,-0.08107732236385345,-0.16302256286144257,0.9510633945465088,1676.0,1674.0
1.2216020822525024,-0.07599153369665146,-0.16604489088058472,0.9507423639297485,1680.0,1678.0
1.260080337524414,-0.07936122268438339,-0.16628527641296387,0.9504215121269226,1684.0,1682.0
1.2786632776260376,0.05557766556739807,-0.1652923822402954,0.9501012563705444,1688.0,1686.0
1.0737814903259277,-0.023340929299592972,-0.16704607009887695,0.9497814178466797,1692.0,1690.0
1.3818645477294922,-0.05019630491733551,-0.16743379831314087,0.9494621753692627,1696.0,1694.0
1.266709804534912,-0.0572655126452446,-0.17109450697898865,0.9491430521011353,1700.0,1698.0
1.310847282409668,0.027228571474552155,-0.17015472054481506,0.9488243460655212,1704.0,1702.0
1.2230443954467773,0.016967903822660446,-0.16983751952648163,0.9485063552856445,1708.0,1706.0
1.4033304452896118,-0.07376350462436676,-0.17379824817180634,0.9481884837150574,1712.0,1710.0
1.1285440921783447,-0.09866412729024887,-0.17544645071029663,0.9478707313537598,1716.0,1714.0
1.3472548723220825,-0.06110500544309616,-0.17793604731559753,0.9475528597831726,1720.0,1718.0
1.0509319305419922,-0.011383255943655968,-0.17552687227725983,0.9472355246543884,1724.0,1722.0
0.9643489122390747,-0.08453725278377533,-0.17914775013923645,0.946918249130249,1728.0,1726.0
0.7849265933036804,-0.05949143320322037,-0.1791374236345291,0.9466012716293335,1732.0,1730.0
1.0767213106155396,-0.0620855912566185,-0.17865806818008423,0.946284830570221,1736.0,1734.0
1.2549084424972534,-0.02061661146581173,-0.18077179789543152,0.9459686875343323,1740.0,1738.0
1.2503609657287598,-0.05069870501756668,-0.18290701508522034,0.9456527829170227,1744.0,1742.0
1.0898996591567993,-0.05000933259725571,-0.1840696930885315,0.9453370571136475,1748.0,1746.0
0.9856629967689514,-0.05682637542486191,-0.1837862879037857,0.9450217485427856,1752.0,1750.0
1.1531834602355957,-0.025901105254888535,-0.18680740892887115,0.9447064995765686,1756.0,1754.0
0.8532805442810059,-0.15835696458816528,-0.18977031111717224,0.944391131401062,1760.0,1758.0
1.0595698356628418,-0.03441891446709633,-0.18429918587207794,0.9440765976905823,1764.0,1762.0
1.0876619815826416,-0.03230427950620651,-0.18851536512374878,0.943762481212616,1768.0,1766.0
1.1908519268035889,-0.06629776209592819,-0.18997475504875183,0.9434486031532288,1772.0,1770.0
0.8817110657691956,-0.07985475659370422,-0.19115683436393738,0.9431350231170654,1776.0,1774.0
1.1527795791625977,-0.13553905487060547,-0.1933913230895996,0.9428215622901917,1780.0,1778.0
0.9318081140518188,-0.030530208721756935,-0.1955977976322174,0.9425080418586731,1784.0,1782.0
1.3981993198394775,-0.06372418254613876,-0.19393913447856903,0.9421948790550232,1788.0,1786.0
0.8620757460594177,-0.09213104844093323,-0.19455157220363617,0.9418822526931763,1792.0,1790.0
1.073082447052002,0.008636921644210815,-0.19539442658424377,0.9415700435638428,1796.0,1794.0
1.3428051471710205,-0.12442582845687866,-0.1987249255180359,0.9412579536437988,1800.0,1798.0
0.8135430812835693,-0.07749201357364655,-0.199293315410614,0.9409461617469788,1804.0,1802.0
0.9855673909187317,-0.05420218035578728,-0.19944529235363007,0.9406346678733826,1808.0,1806.0
1.0279514789581299,0.01252657175064087,-0.19621101021766663,0.9403241276741028,1812.0,1810.0
0.9018807411193848,-0.09926675260066986,-0.20482651889324188,0.9400134086608887,1816.0,1814.0
0.756123423576355,-0.024474317207932472,-0.20078054070472717,0.9397033452987671,1820.0,1818.0
0.9770305752754211,-0.05575130879878998,-0.20332936942577362,0.9393935799598694,1824.0,1822.0
0.9599868059158325,0.05363337695598602,-0.20167851448059082,0.939084529876709,1828.0,1826.0
0.987068235874176,-0.029280608519911766,-0.2043060064315796,0.9387759566307068,1832.0,1830.0
0.9591637253761292,0.025134552270174026,-0.20776820182800293,0.9384674429893494,1836.0,1834.0
0.7928224802017212,-0.009181857109069824,-0.20870031416416168,0.9381591081619263,1840.0,1838.0
0.8771916627883911,0.03257405757904053,-0.20499096810817719,0.9378515481948853,1844.0,1842.0
0.7073178291320801,-0.07894007861614227,-0.21307578682899475,0.9375438094139099,1848.0,1846.0
0.9219690561294556,0.05815263092517853,-0.20810209214687347,0.9372366666793823,1852.0,1850.0
0.765852153301239,-0.05974717438220978,-0.21533218026161194,0.9369293451309204,1856.0,1854.0
1.1238350868225098,0.062112756073474884,-0.21537137031555176,0.9366220235824585,1860.0,1858.0
0.7159366607666016,0.045310165733098984,-0.21497392654418945,0.9363148212432861,1864.0,1862.0
0.713681697845459,-0.011439898982644081,-0.21744725108146667,0.9360076785087585,1868.0,1866.0
0.7339457869529724,0.011842950247228146,-0.2169381082057953,0.9357007741928101,1872.0,1870.0
0.7912575006484985,0.08074022829532623,-0.21771389245986938,0.9353941679000854,1876.0,1874.0
0.9157323837280273,0.0013012057170271873,-0.21946601569652557,0.9350877404212952,1880.0,1878.0
0.9031975269317627,0.048926424235105515,-0.21966679394245148,0.9347816109657288,1884.0,1882.0
0.6540251970291138,-0.038463205099105835,-0.22192612290382385,0.9344756603240967,1888.0,1886.0
0.8130220174789429,-0.00795714184641838,-0.22383078932762146,0.9341697096824646,1892.0,1890.0
0.8245643973350525,-0.01249607466161251,-0.22063475847244263,0.933864414691925,1896.0,1894.0
0.8235925436019897,-0.03766830638051033,-0.22303259372711182,0.9335595369338989,1900.0,1898.0
1.1256452798843384,-0.0031852060928940773,-0.22630169987678528,0.9332547783851624,1904.0,1902.0
0.686835527420044,0.0035228580236434937,-0.225192591547966,0.9329503774642944,1908.0,1906.0
0.7109664678573608,0.026846913620829582,-0.22972819209098816,0.9326459169387817,1912.0,1910.0
0.8102328777313232,-0.011501694098114967,-0.22947055101394653,0.9323416352272034,1916.0,1914.0
0.6657789945602417,0.041392602026462555,-0.23080867528915405,0.9320374131202698,1920.0,1918.0
0.606197714805603,0.0007496119942516088,-0.22979916632175446,0.9317336082458496,1924.0,1922.0
0.6434528827667236,0.09385991096496582,-0.2288779318332672,0.9314303994178772,1928.0,1926.0
0.5554325580596924,0.07885131239891052,-0.23533940315246582,0.93112713098526,1932.0,1930.0
0.9599242210388184,-0.06136033684015274,-0.2397317886352539,0.9308233857154846,1936.0,1934.0
0.7553577423095703,0.001763470470905304,-0.2338377833366394,0.9305200576782227,1940.0,1938.0
0.966957151889801,0.08442968875169754,-0.23648446798324585,0.9302170276641846,1944.0,1942.0
0.6722680926322937,0.07756755501031876,-0.23743267357349396,0.9299141764640808,1948.0,1946.0
0.745531439781189,0.03516603261232376,-0.2412795126438141,0.9296112656593323,1952.0,1950.0
1.1767990589141846,0.021165072917938232,-0.24312126636505127,0.9293082356452942,1956.0,1954.0
0.6240249872207642,0.07606145739555359,-0.24274888634681702,0.9290052652359009,1960.0,1958.0
0.9023984670639038,0.18212607502937317,-0.23768337070941925,0.9287030696868896,1964.0,1962.0
0.7871062159538269,0.10082388669252396,-0.24543419480323792,0.9284008741378784,1968.0,1966.0
0.5476510524749756,0.057052843272686005,-0.24221274256706238,0.9280991554260254,1972.0,1970.0
0.5065494179725647,-0.03192761540412903,-0.2502697706222534,0.9277970790863037,1976.0,1974.0
0.5394079089164734,0.02125038206577301,-0.24485033750534058,0.9274954795837402,1980.0,1978.0
0.6353336572647095,-0.00989503413438797,-0.2501086890697479,0.927193820476532,1984.0,1982.0
0.5319861173629761,-0.03201470896601677,-0.25097358226776123,0.9268921613693237,1988.0,1986.0
0.7230261564254761,-0.058841522783041,-0.2502136826515198,0.9265906810760498,1992.0,1990.0
0.7099951505661011,-0.01928309164941311,-0.2511466145515442,0.9262894988059998,1996.0,1994.0
0.7284703254699707,-0.15327496826648712,-0.2562020719051361,0.9259880781173706,2000.0,1998.0
0.5050592422485352,0.06279367208480835,-0.25311923027038574,0.9256869554519653,2004.0,2002.0
0.678849458694458,-0.04053548723459244,-0.2523747682571411,0.925386369228363,2008.0,2006.0
0.5749256610870361,0.0870153158903122,-0.258478581905365,0.9250856637954712,2012.0,2010.0
0.6066205501556396,-0.025936061516404152,-0.25721901655197144,0.9247851967811584,2016.0,2014.0
0.5111627578735352,0.1293712705373764,-0.2553594410419464,0.9244852066040039,2020.0,2018.0
0.5945020914077759,0.020435882732272148,-0.26146042346954346,0.9241851568222046,2024.0,2022.0
0.6059597134590149,0.15489965677261353,-0.2591657340526581,0.9238854050636292,2028.0,2026.0
0.619570255279541,0.0672377347946167,-0.2601993680000305,0.9235860109329224,2032.0,2030.0
0.5924608111381531,0.10052832961082458,-0.26194432377815247,0.9232868552207947,2036.0,2034.0
0.6226288676261902,0.13293999433517456,-0.26138824224472046,0.9229881167411804,2040.0,2038.0
0.5875457525253296,0.1034233570098877,-0.26652488112449646,0.9226892590522766,2044.0,2042.0
0.6300116777420044,0.16397635638713837,-0.26291248202323914,0.9223909378051758,2048.0,2046.0
0.6164409518241882,-0.043777719140052795,-0.270290732383728,0.9220923185348511,2052.0,2050.0
0.5370352268218994,0.13872076570987701,-0.2657162547111511,0.9217941761016846,2056.0,2054.0
0.7562750577926636,0.10667901486158371,-0.2707401514053345,0.9214959740638733,2060.0,2058.0
0.5713030099868774,-0.051194801926612854,-0.27223411202430725,0.921197772026062,2064.0,2062.0
0.7990196943283081,0.053534477949142456,-0.271637499332428,0.9208996891975403,2068.0,2066.0
0.608918309211731,0.18526002764701843,-0.2731241285800934,0.9206017255783081,2072.0,2070.0
0.551542341709137,0.1222158670425415,-0.2738136649131775,0.9203038811683655,2076.0,2074.0
0.6324020624160767,0.026425370946526527,-0.2731724977493286,0.9200063943862915,2080.0,2078.0
0.5976652503013611,0.009860638529062271,-0.27664971351623535,0.9197090268135071,2084.0,2082.0
0.6258071064949036,0.075074203312397,-0.2768634557723999,0.9194117784500122,2088.0,2086.0
0.6041154861450195,0.06386370211839676,-0.2816673815250397,0.919114351272583,2092.0,2090.0
0.540122389793396,0.1443522572517395,-0.279423326253891,0.9188171029090881,2096.0,2094.0
0.5333438515663147,0.208523228764534,-0.27753034234046936,0.9185203313827515,2100.0,2098.0
0.535038411617279,0.10987894237041473,-0.2799266278743744,0.9182238578796387,2104.0,2102.0
0.540005087852478,0.15561646223068237,-0.2828579545021057,0.9179275035858154,2108.0,2106.0
0.5761241316795349,0.11292656511068344,-0.28196045756340027,0.9176315069198608,2112.0,2110.0
0.5668585300445557,0.11178538203239441,-0.28488510847091675,0.917335569858551,2116.0,2114.0
0.4799039959907532,0.08487502485513687,-0.285775363445282,0.9170398116111755,2120.0,2118.0
0.4774375557899475,0.0864337682723999,-0.2853541076183319,0.9167443513870239,2124.0,2122.0
0.5795373916625977,0.19539351761341095,-0.28823405504226685,0.9164489507675171,2128.0,2126.0
0.4411906599998474,0.07680406421422958,-0.2877611517906189,0.9161537885665894,2132.0,2130.0
0.648656964302063,0.07834655046463013,-0.2916475534439087,0.9158586859703064,2136.0,2134.0
0.4058511555194855,0.07869283854961395,-0.2894282042980194,0.9155638217926025,2140.0,2138.0
0.5464087724685669,0.09754233062267303,-0.2895898222923279,0.9152693748474121,2144.0,2142.0
0.5438500642776489,0.12037123739719391,-0.2929292619228363,0.914975106716156,2148.0,2146.0
0.6056283712387085,0.051550429314374924,-0.29595422744750977,0.9146807789802551,2152.0,2150.0
0.5301064848899841,0.19293533265590668,-0.29389703273773193,0.9143867492675781,2156.0,2154.0
0.44631683826446533,0.06966860592365265,-0.297932505607605,0.9140926599502563,2160.0,2158.0
0.45068514347076416,0.11025625467300415,-0.2980107367038727,0.9137986898422241,2164.0,2162.0
0.3652075529098511,0.1269061416387558,-0.3039972186088562,0.913504421710968,2168.0,2166.0
0.3250330984592438,0.1437566578388214,-0.3038786053657532,0.9132099151611328,2172.0,2170.0
0.4977249205112457,0.22232994437217712,-0.3016628623008728,0.9129155874252319,2176.0,2174.0
0.5163583159446716,0.09501665085554123,-0.30455589294433594,0.912621259689331,2180.0,2178.0
0.36102402210235596,0.07544874399900436,-0.30393749475479126,0.9123271107673645,2184.0,2182.0
0.3659060001373291,0.17232418060302734,-0.30706489086151123,0.912032961845398,2188.0,2186.0
0.6471185088157654,0.19021384418010712,-0.30452170968055725,0.9117391109466553,2192.0,2190.0
0.31659817695617676,0.1527036726474762,-0.3074095845222473,0.9114453792572021,2196.0,2194.0
0.4739079773426056,0.2540760636329651,-0.3047548532485962,0.911152184009552,2200.0,2198.0
0.49092015624046326,0.084987111389637,-0.30864107608795166,0.910859227180481,2204.0,2202.0
0.5142906904220581,0.041529055684804916,-0.3105378746986389,0.9105663299560547,2208.0,2206.0
0.4707879424095154,0.15555542707443237,-0.31170374155044556,0.910273551940918,2212.0,2210.0
0.4019581079483032,0.11168153584003448,-0.3118303418159485,0.9099810123443604,2216.0,2214.0
0.5301163196563721,0.20589129626750946,-0.3131166696548462,0.9096886515617371,2220.0,2218.0
0.46191638708114624,0.057146649807691574,-0.31960734724998474,0.9093960523605347,2224.0,2222.0
0.42766356468200684,0.25779980421066284,-0.3125979006290436,0.9091038703918457,2228.0,2226.0
0.40221503376960754,0.23755627870559692,-0.31666237115859985,0.9088118076324463,2232.0,2230.0
0.41727203130722046,0.0963832437992096,-0.3172307014465332,0.9085200428962708,2236.0,2234.0
0.7537480592727661,0.20890483260154724,-0.31261956691741943,0.9082289338111877,2240.0,2238.0
0.37683558464050293,0.1272292286157608,-0.3176240026950836,0.9079381823539734,2244.0,2242.0
0.4251698851585388,0.2539930045604706,-0.32509857416152954,0.9076471328735352,2248.0,2246.0
0.357525110244751,0.08783364295959473,-0.32031697034835815,0.9073563814163208,2252.0,2250.0
0.42209625244140625,0.10083892941474915,-0.3242020606994629,0.9070656299591064,2256.0,2254.0
0.30713725090026855,0.10336273163557053,-0.3249625563621521,0.9067749381065369,2260.0,2258.0
0.40816035866737366,0.1513024866580963,-0.3262212574481964,0.9064843654632568,2264.0,2262.0
0.45446455478668213,0.19934634864330292,-0.32791751623153687,0.906193733215332,2268.0,2266.0
0.3241099715232849,0.1693984568119049,-0.32752466201782227,0.9059033393859863,2272.0,2270.0
0.42754822969436646,0.3549988865852356,-0.321911484003067,0.9056136608123779,2276.0,2274.0
0.43332934379577637,0.20577211678028107,-0.3263159990310669,0.9053243398666382,2280.0,2278.0
0.5390364527702332,0.2500584125518799,-0.3292222023010254,0.9050351977348328,2284.0,2282.0
0.4551166296005249,0.22645777463912964,-0.3314394950866699,0.9047461748123169,2288.0,2286.0
0.45314228534698486,0.19748322665691376,-0.3335617482662201,0.9044572114944458,2292.0,2290.0
0.313542902469635,0.2029363065958023,-0.33028316497802734,0.9041686058044434,2296.0,2294.0
0.43389320373535156,0.11957120895385742,-0.33707842230796814,0.9038798809051514,2300.0,2298.0
0.3263932466506958,0.1928153783082962,-0.33942514657974243,0.903590977191925,2304.0,2302.0
0.32388901710510254,0.25349336862564087,-0.33387652039527893,0.9033024907112122,2308.0,2306.0
0.4037172496318817,0.1345006376504898,-0.342486709356308,0.9030137658119202,2312.0,2310.0
0.3545280694961548,0.21855416893959045,-0.33998557925224304,0.902725100517273,2316.0,2314.0
0.3951984643936157,0.2544451355934143,-0.34134048223495483,0.9024364948272705,2320.0,2318.0
0.3565939664840698,0.22028903663158417,-0.33779090642929077,0.9021483659744263,2324.0,2322.0
0.41001081466674805,0.22128355503082275,-0.342545747756958,0.9018603563308716,2328.0,2326.0
0.3300670385360718,0.12028437852859497,-0.34330934286117554,0.9015724658966064,2332.0,2330.0
0.3452101945877075,0.2606825530529022,-0.34608888626098633,0.9012846350669861,2336.0,2334.0
0.42253535985946655,0.2738855481147766,-0.3443980813026428,0.9009970426559448,2340.0,2338.0
0.3608483672142029,0.16615726053714752,-0.34780895709991455,0.9007094502449036,2344.0,2342.0
0.31433534622192383,0.1311519742012024,-0.3446916937828064,0.9004222750663757,2348.0,2346.0
0.31791532039642334,0.3265092074871063,-0.34656843543052673,0.9001354575157166,2352.0,2350.0
0.3712843656539917,0.2486097812652588,-0.3511578440666199,0.8998485803604126,2356.0,2354.0
0.361852765083313,0.1859467327594757,-0.3496200442314148,0.8995619416236877,2360.0,2358.0
0.32213637232780457,0.17392471432685852,-0.35402390360832214,0.8992753028869629,2364.0,2362.0
0.42219477891921997,0.24016183614730835,-0.3553750514984131,0.8989886045455933,2368.0,2366.0
0.34071096777915955,0.1807016134262085,-0.3566264808177948,0.8987018465995789,2372.0,2370.0
0.4664524793624878,0.2078004777431488,-0.35501623153686523,0.8984152674674988,2376.0,2374.0
0.2847454249858856,0.24437594413757324,-0.35300180315971375,0.8981291055679321,2380.0,2378.0
0.3558964729309082,0.2999950051307678,-0.35525962710380554,0.8978433012962341,2384.0,2382.0
0.4524156153202057,0.2553052008152008,-0.3617144823074341,0.8975573182106018,2388.0,2386.0
0.3570234179496765,0.11299678683280945,-0.36215218901634216,0.8972713351249695,2392.0,2390.0
0.34751078486442566,0.2890205383300781,-0.3558720350265503,0.8969858288764954,2396.0,2394.0
0.31081122159957886,0.17820926010608673,-0.3611302375793457,0.8967005014419556,2400.0,2398.0
0.32299745082855225,0.31356537342071533,-0.3623810410499573,0.8964153528213501,2404.0,2402.0
0.3124375343322754,0.2176794409751892,-0.36665037274360657,0.8961300849914551,2408.0,2406.0
0.3099523186683655,0.34728187322616577,-0.36634448170661926,0.8958448171615601,2412.0,2410.0
0.41861745715141296,0.26009637117385864,-0.36817365884780884,0.8955596089363098,2416.0,2414.0
0.3461763858795166,0.08203843235969543,-0.37128472328186035,0.8952742218971252,2420.0,2418.0
0.2803046703338623,0.3621188998222351,-0.3676093816757202,0.8949890732765198,2424.0,2422.0
0.3447647988796234,0.21593081951141357,-0.37101542949676514,0.8947039842605591,2428.0,2426.0
0.3220091462135315,0.29549503326416016,-0.37072011828422546,0.8944190740585327,2432.0,2430.0
0.398406445980072,0.2338561713695526,-0.373759925365448,0.8941341638565063,2436.0,2434.0
0.4542396366596222,0.3581547141075134,-0.37162402272224426,0.8938495516777039,2440.0,2438.0
0.35616791248321533,0.31858694553375244,-0.3764442801475525,0.8935648798942566,2444.0,2442.0
0.32027268409729004,0.15429194271564484,-0.3740372061729431,0.8932805061340332,2448.0,2446.0
0.29644709825515747,0.11326874047517776,-0.37724921107292175,0.8929961323738098,2452.0,2450.0
0.2923339009284973,0.16899459064006805,-0.37894773483276367,0.892711877822876,2456.0,2454.0
0.3173801004886627,0.3634377717971802,-0.3768905997276306,0.8924278616905212,2460.0,2458.0
0.3091326355934143,0.24148830771446228,-0.3864573836326599,0.8921434879302979,2464.0,2462.0
0.31351038813591003,0.14370761811733246,-0.3789787292480469,0.8918594717979431,2468.0,2466.0
0.2944323420524597,0.20191927254199982,-0.38446417450904846,0.8915754556655884,2472.0,2470.0
0.3467126786708832,0.21403847634792328,-0.37985485792160034,0.8912917971611023,2476.0,2474.0
0.24504536390304565,0.27131208777427673,-0.38366082310676575,0.8910083174705505,2480.0,2478.0
0.3865954279899597,0.23757678270339966,-0.3831343352794647,0.8907251358032227,2484.0,2482.0
0.3396032750606537,0.293201208114624,-0.3866494297981262,0.8904420733451843,2488.0,2486.0
0.5049607157707214,0.31833022832870483,-0.3845255672931671,0.8901593089103699,2492.0,2490.0
0.41777265071868896,0.2873142957687378,-0.3881644308567047,0.8898767232894897,2496.0,2494.0
0.26215845346450806,0.13642746210098267,-0.3902246952056885,0.8895941972732544,2500.0,2498.0
0.38289982080459595,0.2643965482711792,-0.39100879430770874,0.889311671257019,2504.0,2502.0
0.46558982133865356,0.3613312840461731,-0.3916414976119995,0.8890293836593628,2508.0,2506.0
0.34294307231903076,0.36082029342651367,-0.39727768301963806,0.8887468576431274,2512.0,2510.0
0.49747157096862793,0.3389609754085541,-0.3938830494880676,0.8884644508361816,2516.0,2514.0
0.32866036891937256,0.325748473405838,-0.39409399032592773,0.8881822824478149,2520.0,2518.0
0.38456955552101135,0.27600717544555664,-0.39452558755874634,0.8879003524780273,2524.0,2522.0
0.26228925585746765,0.22853079438209534,-0.39660710096359253,0.8876185417175293,2528.0,2526.0
0.3306880593299866,0.24139723181724548,-0.39583536982536316,0.8873370885848999,2532.0,2530.0
0.29567068815231323,0.3267195224761963,-0.3970418870449066,0.8870558738708496,2536.0,2534.0
0.25945186614990234,0.17949935793876648,-0.40050211548805237,0.8867747187614441,2540.0,2538.0
0.3646930456161499,0.23481853306293488,-0.39942508935928345,0.8864938020706177,2544.0,2542.0
0.44285160303115845,0.3128478527069092,-0.4041597247123718,0.8862128853797913,2548.0,2546.0
0.26599714159965515,0.3381528854370117,-0.39714300632476807,0.8859325051307678,2552.0,2550.0
0.3154612183570862,0.4579298496246338,-0.4056042730808258,0.8856521248817444,2556.0,2554.0
0.49943599104881287,0.30398011207580566,-0.40658146142959595,0.885371744632721,2560.0,2558.0
0.26425063610076904,0.29738661646842957,-0.40244805812835693,0.8850917220115662,2564.0,2562.0
0.47238755226135254,0.4039815068244934,-0.4065575897693634,0.8848118782043457,2568.0,2566.0
0.2849484086036682,0.3394871950149536,-0.4049777090549469,0.8845323324203491,2572.0,2570.0
0.2574695944786072,0.19154426455497742,-0.40895432233810425,0.8842529058456421,2576.0,2574.0
0.1823917031288147,0.3168858587741852,-0.4103773236274719,0.8839735388755798,2580.0,2578.0
0.26672446727752686,0.32383155822753906,-0.41118550300598145,0.8836942911148071,2584.0,2582.0
0.23350098729133606,0.30919349193573,-0.4133356213569641,0.8834151029586792,2588.0,2586.0
0.35500970482826233,0.32003769278526306,-0.4169662892818451,0.8831357359886169,2592.0,2590.0
0.2115073800086975,0.2644692361354828,-0.41677582263946533,0.8828564286231995,2596.0,2594.0
0.2505689263343811,0.34365904331207275,-0.4138054847717285,0.8825773596763611,2600.0,2598.0
0.3283945322036743,0.3917064666748047,-0.41493019461631775,0.882298469543457,2604.0,2602.0
0.2264103889465332,0.300100177526474,-0.41709262132644653,0.8820198178291321,2608.0,2606.0
0.20079544186592102,0.23471757769584656,-0.42005717754364014,0.8817411661148071,2612.0,2610.0
0.22984784841537476,0.38409459590911865,-0.418690025806427,0.8814627528190613,2616.0,2614.0
0.3065093159675598,0.2939123511314392,-0.42232903838157654,0.8811843395233154,2620.0,2618.0
0.237886443734169,0.3326900601387024,-0.42381954193115234,0.8809059262275696,2624.0,2622.0
0.25757545232772827,0.2699906826019287,-0.42307090759277344,0.8806276321411133,2628.0,2626.0
0.29596883058547974,0.4591938555240631,-0.4204949140548706,0.8803497552871704,2632.0,2630.0
0.3303642272949219,0.41844022274017334,-0.4230070412158966,0.8800721168518066,2636.0,2634.0
0.31361639499664307,0.4585237503051758,-0.4259491562843323,0.8797945976257324,2640.0,2638.0
0.2636861801147461,0.29221928119659424,-0.4247398376464844,0.8795173168182373,2644.0,2642.0
0.39971816539764404,0.3437170386314392,-0.4302968382835388,0.8792400360107422,2648.0,2646.0
0.2632155418395996,0.2809254229068756,-0.4280957281589508,0.8789628744125366,2652.0,2650.0
0.25954848527908325,0.2900622487068176,-0.42916837334632874,0.8786859512329102,2656.0,2654.0
0.21930137276649475,0.3730611801147461,-0.43362247943878174,0.8784089684486389,2660.0,2658.0
0.32579320669174194,0.4701482951641083,-0.42942941188812256,0.8781322836875916,2664.0,2662.0
0.2644265294075012,0.22080844640731812,-0.43420666456222534,0.877855658531189,2668.0,2666.0
0.26067060232162476,0.48976248502731323,-0.4334217607975006,0.8775792121887207,2672.0,2670.0
0.32109928131103516,0.35189706087112427,-0.43881896138191223,0.8773027062416077,2676.0,2674.0
0.2505771517753601,0.33069485425949097,-0.4363250136375427,0.8770263195037842,2680.0,2678.0
0.24599501490592957,0.4261569380760193,-0.43619945645332336,0.876750111579895,2684.0,2682.0
0.24503518640995026,0.32033711671829224,-0.44154059886932373,0.8764738440513611,2688.0,2686.0
0.2709040343761444,0.30515336990356445,-0.44042378664016724,0.8761976957321167,2692.0,2690.0
0.21042579412460327,0.31729644536972046,-0.44236981868743896,0.8759216070175171,2696.0,2694.0
0.22148573398590088,0.3640667200088501,-0.4421241581439972,0.875645637512207,2700.0,2698.0
0.1791258156299591,0.28761404752731323,-0.44153714179992676,0.8753699064254761,2704.0,2702.0
0.33546847105026245,0.503723680973053,-0.4459591209888458,0.8750941753387451,2708.0,2706.0
0.520490825176239,0.3932492733001709,-0.44523170590400696,0.8748185634613037,2712.0,2710.0
0.3798237442970276,0.4231203496456146,-0.4450429081916809,0.8745431900024414,2716.0,2714.0
0.23539574444293976,0.45583686232566833,-0.4485558271408081,0.8742678165435791,2720.0,2718.0
0.2532268762588501,0.529207706451416,-0.4484449326992035,0.8739926218986511,2724.0,2722.0
0.4460394084453583,0.4418472945690155,-0.44943028688430786,0.8737175464630127,2728.0,2726.0
0.24296703934669495,0.38066723942756653,-0.45281583070755005,0.8734424114227295,2732.0,2730.0
0.3228455185890198,0.36808112263679504,-0.450054794549942,0.8731675744056702,2736.0,2734.0
0.22715315222740173,0.4079403281211853,-0.4518340229988098,0.8728928565979004,2740.0,2738.0
0.28480982780456543,0.45051735639572144,-0.45029139518737793,0.872618556022644,2744.0,2742.0
0.27818241715431213,0.4546917676925659,-0.45360416173934937,0.8723443746566772,2748.0,2746.0
0.2240346074104309,0.35142892599105835,-0.4562559723854065,0.8720701932907104,2752.0,2750.0
0.27894628047943115,0.439971923828125,-0.45991456508636475,0.8717960119247437,2756.0,2754.0
0.21606093645095825,0.5686377286911011,-0.4595887064933777,0.8715218305587769,2760.0,2758.0
0.2758655846118927,0.47581565380096436,-0.457568496465683,0.8712478876113892,2764.0,2762.0
0.2551606297492981,0.46994343400001526,-0.4604666233062744,0.870974063873291,2768.0,2766.0
0.21605369448661804,0.594241738319397,-0.45726627111434937,0.8707005381584167,2772.0,2770.0
0.23451784253120422,0.4890805780887604,-0.4594038128852844,0.8704272508621216,2776.0,2774.0
0.3701636791229248,0.4871203601360321,-0.4618576467037201,0.8701541423797607,2780.0,2778.0
0.3658430576324463,0.5761399865150452,-0.46550723910331726,0.8698810338973999,2784.0,2782.0
0.3697463870048523,0.5831427574157715,-0.46010875701904297,0.8696084022521973,2788.0,2786.0
0.3011915683746338,0.4102279543876648,-0.4600381851196289,0.8693361282348633,2792.0,2790.0
0.25316834449768066,0.5455042123794556,-0.4652037024497986,0.8690639734268188,2796.0,2794.0
0.1881525069475174,0.4390673041343689,-0.47085899114608765,0.8687917590141296,2800.0,2798.0
0.26642972230911255,0.42929601669311523,-0.4641346335411072,0.8685198426246643,2804.0,2802.0
0.3315361738204956,0.3974086344242096,-0.4699576497077942,0.8682480454444885,2808.0,2806.0
0.3614577054977417,0.5961390733718872,-0.4693636894226074,0.8679764270782471,2812.0,2810.0
0.22263945639133453,0.5237126350402832,-0.4740833640098572,0.8677046895027161,2816.0,2814.0
0.21002064645290375,0.5422891974449158,-0.4773623049259186,0.8674328327178955,2820.0,2818.0
0.3961135149002075,0.4596114158630371,-0.47639769315719604,0.8671609163284302,2824.0,2822.0
0.24910485744476318,0.6674312949180603,-0.4670196771621704,0.8668895959854126,2828.0,2826.0
0.37122228741645813,0.3755579888820648,-0.47674351930618286,0.8666183352470398,2832.0,2830.0
0.3166452646255493,0.415744423866272,-0.47633886337280273,0.8663471937179565,2836.0,2834.0
0.32054051756858826,0.49546414613723755,-0.4792870879173279,0.8660761117935181,2840.0,2838.0
0.2913294732570648,0.5335081219673157,-0.4831916093826294,0.8658048510551453,2844.0,2842.0
0.21956783533096313,0.48404526710510254,-0.4768179655075073,0.8655339479446411,2848.0,2846.0
0.35274335741996765,0.6145208477973938,-0.48118090629577637,0.8652631044387817,2852.0,2850.0
0.2942371368408203,0.5196871757507324,-0.47880908846855164,0.864992618560791,2856.0,2854.0
0.40887051820755005,0.6758573055267334,-0.48573431372642517,0.8647220134735107,2860.0,2858.0
0.2837597131729126,0.5432645082473755,-0.48680275678634644,0.8644514083862305,2864.0,2862.0
0.24874380230903625,0.5777560472488403,-0.4870043992996216,0.864180862903595,2868.0,2866.0
0.2664337158203125,0.5240433812141418,-0.488475501537323,0.8639103174209595,2872.0,2870.0
0.21254795789718628,0.5641775131225586,-0.49342218041419983,0.8636395931243896,2876.0,2874.0
0.26671236753463745,0.6154224872589111,-0.4894215166568756,0.8633689880371094,2880.0,2878.0
0.2816028296947479,0.4123585820198059,-0.4886917471885681,0.8630985617637634,2884.0,2882.0
0.27786168456077576,0.5360626578330994,-0.493108868598938,0.862828254699707,2888.0,2886.0
0.42891284823417664,0.5346535444259644,-0.49201148748397827,0.8625580072402954,2892.0,2890.0
0.2832687497138977,0.515557050704956,-0.49493616819381714,0.8622878193855286,2896.0,2894.0
0.30958348512649536,0.7254189848899841,-0.49219638109207153,0.8620178699493408,2900.0,2898.0
0.2659028172492981,0.5381478071212769,-0.4981391727924347,0.8617479205131531,2904.0,2902.0
0.21655553579330444,0.5274595022201538,-0.49938008189201355,0.8614779710769653,2908.0,2906.0
0.21771472692489624,0.5380223989486694,-0.4982256591320038,0.8612081408500671,2912.0,2910.0
0.2754989266395569,0.5582129955291748,-0.5002501606941223,0.860938310623169,2916.0,2914.0
0.2979035973548889,0.504677951335907,-0.4972701370716095,0.8606688380241394,2920.0,2918.0
0.451965868473053,0.5965057015419006,-0.49904152750968933,0.8603995442390442,2924.0,2922.0
0.21268081665039062,0.5252236127853394,-0.5057411789894104,0.8601301908493042,2928.0,2926.0
0.23159030079841614,0.5330663323402405,-0.5022592544555664,0.8598610162734985,2932.0,2930.0
0.27107173204421997,0.4785694479942322,-0.5000406503677368,0.8595921397209167,2936.0,2934.0
0.19028088450431824,0.5756276845932007,-0.503836452960968,0.8593234419822693,2940.0,2938.0
0.24110206961631775,0.6597324013710022,-0.5067627429962158,0.8590548038482666,2944.0,2942.0
0.28806763887405396,0.7576375007629395,-0.5066103935241699,0.8587863445281982,2948.0,2946.0
0.23882697522640228,0.7647068500518799,-0.5025822520256042,0.8585182428359985,2952.0,2950.0
0.2805243134498596,0.6878032684326172,-0.5094569325447083,0.8582502007484436,2956.0,2954.0
0.39452069997787476,0.7082380056381226,-0.5142298936843872,0.8579820394515991,2960.0,2958.0
0.26927244663238525,0.6806381344795227,-0.5078870058059692,0.8577141761779785,2964.0,2962.0
0.436856210231781,0.5625211596488953,-0.510750949382782,0.8574464321136475,2968.0,2966.0
0.2651330530643463,0.6454734206199646,-0.5088245272636414,0.8571790456771851,2972.0,2970.0
0.15432262420654297,0.48543357849121094,-0.5129880309104919,0.8569117784500122,2976.0,2974.0
0.2596341669559479,0.4860166013240814,-0.5192180275917053,0.8566443920135498,2980.0,2978.0
0.27281904220581055,0.5924987196922302,-0.5151237845420837,0.856377124786377,2984.0,2982.0
0.3252409100532532,0.5690982341766357,-0.5169116258621216,0.8561099767684937,2988.0,2986.0
0.2985307574272156,0.5205865502357483,-0.515064537525177,0.8558431267738342,2992.0,2990.0
0.27734148502349854,0.567418098449707,-0.5170465707778931,0.8555764555931091,2996.0,2994.0
0.2463054358959198,0.7847654223442078,-0.5201356410980225,0.8553098440170288,3000.0,2998.0
0.23155778646469116,0.6951818466186523,-0.5229641199111938,0.8550432324409485,3004.0,3002.0
0.25661003589630127,0.7437021732330322,-0.5202732086181641,0.8547767996788025,3008.0,3006.0
0.2011381983757019,0.6441872715950012,-0.5217854976654053,0.8545105457305908,3012.0,3010.0
0.4703446626663208,0.7484474182128906,-0.5249890685081482,0.8542443513870239,3016.0,3014.0
0.3755655288696289,0.571982204914093,-0.5265891551971436,0.853978157043457,3020.0,3018.0
0.2313155084848404,0.5214676856994629,-0.5288193225860596,0.8537119626998901,3024.0,3022.0
0.2063029706478119,0.6133979558944702,-0.5255811810493469,0.8534459471702576,3028.0,3026.0
0.20317280292510986,0.5325406193733215,-0.5299091339111328,0.853179931640625,3032.0,3030.0
0.2673068046569824,0.6174647808074951,-0.5286664366722107,0.8529140949249268,3036.0,3034.0
0.2561083734035492,0.5758959650993347,-0.5273414850234985,0.8526485562324524,3040.0,3038.0
0.19325000047683716,0.6249016523361206,-0.5299718976020813,0.8523831367492676,3044.0,3042.0
0.23794730007648468,0.8518538475036621,-0.5295011401176453,0.8521180152893066,3048.0,3046.0
0.2582450211048126,0.6080631613731384,-0.5358110666275024,0.8518527746200562,3052.0,3050.0
0.3781073987483978,0.7426177859306335,-0.5308617353439331,0.8515878319740295,3056.0,3054.0
0.34795743227005005,0.6195399761199951,-0.5312083959579468,0.8513231873512268,3060.0,3058.0
0.24014726281166077,0.6095668077468872,-0.5409184694290161,0.8510583639144897,3064.0,3062.0
0.26738235354423523,0.8223963975906372,-0.5382612943649292,0.8507936596870422,3068.0,3066.0
0.2553118169307709,0.7149491310119629,-0.5410195589065552,0.8505288362503052,3072.0,3070.0
0.1909119188785553,0.6254227161407471,-0.5386065244674683,0.8502642512321472,3076.0,3074.0
0.3835276663303375,0.59553062915802,-0.5448710322380066,0.8499995470046997,3080.0,3078.0
0.22129958868026733,0.6657843589782715,-0.5403808951377869,0.8497350215911865,3084.0,3082.0
0.24287530779838562,0.715073823928833,-0.5422086715698242,0.8494706153869629,3088.0,3086.0
0.32693859934806824,0.6348792910575867,-0.5443630218505859,0.849206268787384,3092.0,3090.0
0.20861656963825226,0.584161102771759,-0.5508707165718079,0.8489418029785156,3096.0,3094.0
0.2340313196182251,0.7553027272224426,-0.5456790924072266,0.8486774563789368,3100.0,3098.0
0.2644778788089752,0.7591840028762817,-0.5457636117935181,0.848413348197937,3104.0,3102.0
0.18603429198265076,0.8452931642532349,-0.5504758358001709,0.8481491804122925,3108.0,3106.0
0.2383522242307663,0.693203866481781,-0.5444130897521973,0.8478853702545166,3112.0,3110.0
0.20051679015159607,0.7955769300460815,-0.5499228239059448,0.847621738910675,3116.0,3114.0
0.38355666399002075,0.7433928847312927,-0.5528538227081299,0.8473581075668335,3120.0,3118.0
0.32476556301116943,0.7460475564002991,-0.5491501092910767,0.847094714641571,3124.0,3122.0
0.42120057344436646,0.7127212285995483,-0.5520239472389221,0.8468314409255981,3128.0,3126.0
0.21141475439071655,0.58323734998703,-0.5567421913146973,0.84656822681427,3132.0,3130.0
0.2552053928375244,0.642158031463623,-0.5573137402534485,0.8463049530982971,3136.0,3134.0
0.1671498864889145,0.6355293989181519,-0.558283805847168,0.846041738986969,3140.0,3138.0
0.3092374801635742,0.6646468043327332,-0.5557506084442139,0.84577876329422,3144.0,3142.0
0.17516762018203735,0.7874884605407715,-0.5514053702354431,0.8455161452293396,3148.0,3146.0
0.5392355918884277,0.7799227237701416,-0.5582571029663086,0.8452537059783936,3152.0,3150.0
0.19400253891944885,0.7114308476448059,-0.5609475374221802,0.8449913263320923,3156.0,3154.0
0.18917669355869293,0.7739822864532471,-0.5623443126678467,0.844728946685791,3160.0,3158.0
0.39216816425323486,0.7502064108848572,-0.5605933666229248,0.8444668054580688,3164.0,3162.0
0.3685871958732605,0.5582152009010315,-0.5701977014541626,0.8442044258117676,3168.0,3166.0
0.41928863525390625,0.8273345232009888,-0.5674874186515808,0.8439419865608215,3172.0,3170.0
0.16203181445598602,0.7325896620750427,-0.5644446611404419,0.8436797857284546,3176.0,3174.0
0.24523590505123138,0.7400997877120972,-0.5673056840896606,0.8434176445007324,3180.0,3178.0
0.24981346726417542,0.8156965970993042,-0.5701618194580078,0.8431555032730103,3184.0,3182.0
0.23119959235191345,0.7160464525222778,-0.5642690658569336,0.8428937196731567,3188.0,3186.0
0.5163484215736389,0.8011809587478638,-0.562156081199646,0.8426324129104614,3192.0,3190.0
0.19304759800434113,0.7203236818313599,-0.5675113797187805,0.8423712253570557,3196.0,3194.0
0.3483707904815674,0.7229037284851074,-0.5744658708572388,0.8421100378036499,3200.0,3198.0
0.3895901143550873,0.9264795780181885,-0.5746347308158875,0.8418488502502441,3204.0,3202.0
0.425277441740036,0.7798764109611511,-0.5727284550666809,0.8415877819061279,3208.0,3206.0
0.18229985237121582,0.8206809163093567,-0.5783863067626953,0.8413267135620117,3212.0,3210.0
0.2246229648590088,0.6720840334892273,-0.5781676769256592,0.841065526008606,3216.0,3214.0
0.20843109488487244,0.7122610807418823,-0.5796500444412231,0.8408044576644897,3220.0,3218.0
0.2232988327741623,0.698860764503479,-0.5800881385803223,0.8405433297157288,3224.0,3222.0
0.14923158288002014,0.7951030731201172,-0.5806080102920532,0.8402823209762573,3228.0,3226.0
0.23999032378196716,0.8152488470077515,-0.574048638343811,0.8400216698646545,3232.0,3230.0
0.24586059153079987,0.6805212497711182,-0.5827053189277649,0.8397610187530518,3236.0,3234.0
0.18642105162143707,0.8410416841506958,-0.5835477113723755,0.8395004868507385,3240.0,3238.0
0.18612322211265564,1.0174967050552368,-0.5779706239700317,0.839240312576294,3244.0,3242.0
0.16793063282966614,0.7913029789924622,-0.5861904621124268,0.8389800786972046,3248.0,3246.0
0.2147466242313385,0.7214915156364441,-0.59064781665802,0.8387197256088257,3252.0,3250.0
0.18057572841644287,0.9466210007667542,-0.5870476961135864,0.8384594917297363,3256.0,3254.0
0.14528527855873108,0.7617835998535156,-0.5897071361541748,0.838199257850647,3260.0,3258.0
0.2504193186759949,0.980272114276886,-0.5890001058578491,0.8379391431808472,3264.0,3262.0
0.1719510853290558,0.7098508477210999,-0.5912796854972839,0.8376790881156921,3268.0,3266.0
0.1771830916404724,0.6557266116142273,-0.5933043956756592,0.8374190330505371,3272.0,3270.0
0.24110177159309387,0.7362525463104248,-0.5909602046012878,0.8371591567993164,3276.0,3274.0
0.16514034569263458,0.7231755256652832,-0.5985144376754761,0.8368991017341614,3280.0,3278.0
0.2025412619113922,0.8826456665992737,-0.5996862649917603,0.8366390466690063,3284.0,3282.0
0.13679060339927673,0.6904098987579346,-0.5949974060058594,0.8363790512084961,3288.0,3286.0
0.3696327209472656,0.7387988567352295,-0.6011883616447449,0.8361190557479858,3292.0,3290.0
0.23001223802566528,0.6833896636962891,-0.5962198972702026,0.8358592987060547,3296.0,3294.0
0.18681488931179047,0.7280284762382507,-0.5983519554138184,0.8355996608734131,3300.0,3298.0
0.30354154109954834,0.7767615914344788,-0.5970994234085083,0.8353402614593506,3304.0,3302.0
0.18710452318191528,0.8203740119934082,-0.6042693853378296,0.8350808620452881,3308.0,3306.0
0.22741839289665222,1.0083320140838623,-0.5994789600372314,0.8348216414451599,3312.0,3310.0
0.2181786298751831,0.7960290312767029,-0.6051609516143799,0.8345624804496765,3316.0,3314.0
0.3732927441596985,0.7909902334213257,-0.6101292967796326,0.8343031406402588,3320.0,3318.0
0.1718517243862152,0.9303711652755737,-0.6060258150100708,0.8340439796447754,3324.0,3322.0
0.23192888498306274,1.1733851432800293,-0.6020585894584656,0.8337850570678711,3328.0,3326.0
0.21955178678035736,0.8579292297363281,-0.6125633120536804,0.833526074886322,3332.0,3330.0
0.24264436960220337,0.9464307427406311,-0.6080663800239563,0.8332672715187073,3336.0,3334.0
0.363415390253067,0.830061674118042,-0.6060149669647217,0.8330086469650269,3340.0,3338.0
0.16927671432495117,0.7516227960586548,-0.6133804321289062,0.8327500820159912,3344.0,3342.0
0.16635608673095703,0.8904032707214355,-0.6139483451843262,0.8324915170669556,3348.0,3346.0
0.2990536689758301,0.8582968711853027,-0.6117469072341919,0.8322331309318542,3352.0,3350.0
0.4028649926185608,0.9691170454025269,-0.6175855994224548,0.8319746851921082,3356.0,3354.0
0.19211985170841217,0.682977557182312,-0.6147741079330444,0.8317164182662964,3360.0,3358.0
0.18059903383255005,0.8900043964385986,-0.6087195873260498,0.8314585089683533,3364.0,3362.0
0.17846384644508362,0.6699414849281311,-0.6197803020477295,0.8312005996704102,3368.0,3366.0
0.3866652846336365,0.9179608821868896,-0.6186146140098572,0.8309428095817566,3372.0,3370.0
0.28873568773269653,1.0042285919189453,-0.6160063743591309,0.8306851983070374,3376.0,3374.0
0.2724403738975525,0.8305231332778931,-0.6149913668632507,0.830427885055542,3380.0,3378.0
0.2097536027431488,0.8412884473800659,-0.6182128190994263,0.8301708102226257,3384.0,3382.0
0.19084689021110535,0.8960928916931152,-0.6267061233520508,0.8299135565757751,3388.0,3386.0
0.22060149908065796,0.9563112854957581,-0.617533802986145,0.8296566605567932,3392.0,3390.0
0.15674233436584473,0.8672412633895874,-0.6210978627204895,0.8293999433517456,3396.0,3394.0
0.175390362739563,0.9415630102157593,-0.6258789300918579,0.829143226146698,3400.0,3398.0
0.16604119539260864,0.7590538263320923,-0.6275147199630737,0.8288865089416504,3404.0,3402.0
0.24341675639152527,0.9115265011787415,-0.6253114938735962,0.8286299705505371,3408.0,3406.0
0.19536200165748596,0.9356963634490967,-0.6295508146286011,0.8283734321594238,3412.0,3410.0
0.1814557909965515,1.050895094871521,-0.636673092842102,0.8281167149543762,3416.0,3414.0
0.2245086282491684,0.8361309766769409,-0.6275026202201843,0.8278602361679077,3420.0,3418.0
0.4688889980316162,1.0868442058563232,-0.6305773258209229,0.827603816986084,3424.0,3422.0
0.16469335556030273,0.9107649922370911,-0.6310936212539673,0.8273475766181946,3428.0,3426.0
0.17134839296340942,1.022943377494812,-0.6330451965332031,0.82709139585495,3432.0,3430.0
0.16856640577316284,0.8737566471099854,-0.6320971250534058,0.8268354535102844,3436.0,3434.0
0.14798316359519958,0.7525193095207214,-0.6397042274475098,0.8265793919563293,3440.0,3438.0
0.4064648747444153,0.9152368307113647,-0.6343522071838379,0.8263235092163086,3444.0,3442.0
0.17114409804344177,0.8020602464675903,-0.6390860676765442,0.8260676860809326,3448.0,3446.0
0.16884459555149078,0.8553211092948914,-0.6375166773796082,0.8258119821548462,3452.0,3450.0
0.23344942927360535,0.9428015351295471,-0.6402798295021057,0.8255563378334045,3456.0,3454.0
0.2311885952949524,0.8635237216949463,-0.6427956223487854,0.8253006935119629,3460.0,3458.0
0.1845497488975525,0.9267094135284424,-0.6413854956626892,0.8250452280044556,3464.0,3462.0
0.1603553742170334,0.8414180278778076,-0.6460413932800293,0.8247897028923035,3468.0,3466.0
0.21542775630950928,0.8603935241699219,-0.639212965965271,0.8245344161987305,3472.0,3470.0
0.19638709723949432,1.0059881210327148,-0.6456922292709351,0.824279248714447,3476.0,3474.0
0.2137221097946167,0.977820634841919,-0.6423861980438232,0.8240243196487427,3480.0,3478.0
0.19607344269752502,0.7758330702781677,-0.6490638256072998,0.8237693309783936,3484.0,3482.0
0.4439215362071991,1.0505486726760864,-0.6456542611122131,0.8235145807266235,3488.0,3486.0
0.18930411338806152,1.0900993347167969,-0.6513079404830933,0.8232598304748535,3492.0,3490.0
0.19378912448883057,0.8536837100982666,-0.6499301791191101,0.8230050802230835,3496.0,3494.0
0.20477358996868134,0.8217995166778564,-0.6511077284812927,0.8227505087852478,3500.0,3498.0
0.13247783482074738,0.8346113562583923,-0.6536213159561157,0.8224959373474121,3504.0,3502.0
0.14858105778694153,0.9615272283554077,-0.6534962058067322,0.822241485118866,3508.0,3506.0
0.21504443883895874,0.8850804567337036,-0.6559628248214722,0.8219870328903198,3512.0,3510.0
0.19217687845230103,0.9884330034255981,-0.6581573486328125,0.8217326402664185,3516.0,3514.0
0.1812959611415863,0.9519074559211731,-0.6518442034721375,0.8214784264564514,3520.0,3518.0
0.3648502826690674,0.9587593674659729,-0.6527214050292969,0.821224570274353,3524.0,3522.0
0.19564169645309448,0.9540870189666748,-0.6607658267021179,0.8209706544876099,3528.0,3526.0
0.7074266672134399,1.1470955610275269,-0.6575667858123779,0.820716917514801,3532.0,3530.0
0.18199259042739868,0.9992603063583374,-0.66327303647995,0.8204631209373474,3536.0,3534.0
0.42553240060806274,0.8854659199714661,-0.6663318276405334,0.820209264755249,3540.0,3538.0
0.16417187452316284,1.0514849424362183,-0.6601489782333374,0.819955587387085,3544.0,3542.0
0.4056680202484131,1.0230333805084229,-0.6650147438049316,0.8197020292282104,3548.0,3546.0
0.21255046129226685,0.9264824390411377,-0.6665431261062622,0.8194484710693359,3552.0,3550.0
0.6568834781646729,0.9299765825271606,-0.6618248224258423,0.8191951513290405,3556.0,3554.0
0.177989199757576,0.9508212804794312,-0.6622191071510315,0.8189420700073242,3560.0,3558.0
0.23850896954536438,1.1515698432922363,-0.6640850305557251,0.818689227104187,3564.0,3562.0
0.17818400263786316,1.0259391069412231,-0.6702651977539062,0.8184363842010498,3568.0,3566.0
0.19399814307689667,0.9170585870742798,-0.6700361967086792,0.8181836009025574,3572.0,3570.0
0.340057909488678,1.0535776615142822,-0.6740344762802124,0.8179307579994202,3576.0,3574.0
0.5286482572555542,1.133685827255249,-0.675363302230835,0.817677915096283,3580.0,3578.0
0.47634780406951904,1.1693499088287354,-0.6713054776191711,0.8174252510070801,3584.0,3582.0
0.20900952816009521,1.0007394552230835,-0.6747090220451355,0.8171725869178772,3588.0,3586.0
0.2327943593263626,1.1335575580596924,-0.6693058013916016,0.816920280456543,3592.0,3590.0
0.4768935739994049,1.005868673324585,-0.6760270595550537,0.8166680335998535,3596.0,3594.0
0.1820341795682907,0.9907526969909668,-0.677313506603241,0.8164159059524536,3600.0,3598.0
0.2153942584991455,0.9983521699905396,-0.6770420074462891,0.8161638379096985,3604.0,3602.0
0.24798470735549927,1.0334994792938232,-0.6843017935752869,0.8159116506576538,3608.0,3606.0
0.16778677701950073,0.9395544528961182,-0.6778400540351868,0.8156597018241882,3612.0,3610.0
0.4401664733886719,1.0862150192260742,-0.6819478273391724,0.8154077529907227,3616.0,3614.0
0.23473307490348816,0.9848620891571045,-0.6838905215263367,0.8151558637619019,3620.0,3618.0
0.15417784452438354,0.9642080664634705,-0.6838098764419556,0.8149040937423706,3624.0,3622.0
0.2505016028881073,1.2051937580108643,-0.6771029829978943,0.814652681350708,3628.0,3626.0
0.22236546874046326,1.1740564107894897,-0.6864242553710938,0.8144012689590454,3632.0,3630.0
0.24188324809074402,0.9578378200531006,-0.6855480670928955,0.8141499161720276,3636.0,3634.0
0.17308281362056732,1.1647613048553467,-0.6855010986328125,0.8138988018035889,3640.0,3638.0
0.20955152809619904,1.0447943210601807,-0.685527503490448,0.8136477470397949,3644.0,3642.0
0.2253190279006958,1.1769566535949707,-0.6836018562316895,0.8133970499038696,3648.0,3646.0
0.3021104633808136,1.132615566253662,-0.6882724761962891,0.8131464719772339,3652.0,3650.0
0.19277989864349365,1.0969598293304443,-0.689765989780426,0.8128960132598877,3656.0,3654.0
0.17440129816532135,1.018532156944275,-0.6889389157295227,0.812645673751831,3660.0,3658.0
0.1492553949356079,1.150046467781067,-0.6928130388259888,0.8123953938484192,3664.0,3662.0
0.16765542328357697,1.090085744857788,-0.697780966758728,0.8121450543403625,3668.0,3666.0
0.20095524191856384,0.9415217638015747,-0.6969465613365173,0.8118947744369507,3672.0,3670.0
0.12222927808761597,1.0271509885787964,-0.6957463026046753,0.8116444945335388,3676.0,3674.0
0.1721060574054718,1.1850756406784058,-0.6998982429504395,0.811394214630127,3680.0,3678.0
0.18016347289085388,1.2548470497131348,-0.698621392250061,0.8111440539360046,3684.0,3682.0
0.1757517158985138,1.0298622846603394,-0.7008581161499023,0.8108938932418823,3688.0,3686.0
0.2178708016872406,1.1001412868499756,-0.6962836384773254,0.8106440305709839,3692.0,3690.0
0.11739405989646912,1.0640873908996582,-0.7013304233551025,0.8103941679000854,3696.0,3694.0
0.18487071990966797,1.1104785203933716,-0.7030863761901855,0.8101444244384766,3700.0,3698.0
0.15802474319934845,0.986653745174408,-0.7045906186103821,0.8098946809768677,3704.0,3702.0
0.15607357025146484,1.2712421417236328,-0.7039255499839783,0.8096450567245483,3708.0,3706.0
0.1602586805820465,1.2651323080062866,-0.705837607383728,0.8093955516815186,3712.0,3710.0
0.20598235726356506,1.1122369766235352,-0.7041643261909485,0.8091461658477783,3716.0,3714.0
0.15022040903568268,1.096611738204956,-0.7071832418441772,0.8088968992233276,3720.0,3718.0
0.33817410469055176,1.2981932163238525,-0.7082282900810242,0.8086476922035217,3724.0,3722.0
0.18432092666625977,1.1443010568618774,-0.7142056226730347,0.808398425579071,3728.0,3726.0
0.14745695888996124,1.296402096748352,-0.7090595960617065,0.8081493377685547,3732.0,3730.0
0.1511651575565338,1.2644418478012085,-0.7153575420379639,0.8079001903533936,3736.0,3734.0
0.20106053352355957,1.0294439792633057,-0.7166116237640381,0.8076509833335876,3740.0,3738.0
0.16633173823356628,1.1696653366088867,-0.7138968110084534,0.8074018955230713,3744.0,3742.0
0.1614685356616974,1.1218724250793457,-0.7183177471160889,0.8071528673171997,3748.0,3746.0
0.17231610417366028,1.3007786273956299,-0.7155759334564209,0.8069038987159729,3752.0,3750.0
0.1683046817779541,1.2960386276245117,-0.7177757620811462,0.8066550493240356,3756.0,3754.0
0.18108153343200684,1.1855496168136597,-0.7234251499176025,0.8064061403274536,3760.0,3758.0
0.37760764360427856,1.3212921619415283,-0.7188924551010132,0.8061573505401611,3764.0,3762.0
0.14110901951789856,1.1284174919128418,-0.7209486365318298,0.8059086203575134,3768.0,3766.0
0.7082815766334534,1.1511669158935547,-0.7228541970252991,0.8056600093841553,3772.0,3770.0
0.17460136115550995,1.272987723350525,-0.7229136228561401,0.8054115176200867,3776.0,3774.0
0.21387717127799988,1.1714757680892944,-0.7262587547302246,0.8051630258560181,3780.0,3778.0
0.16950081288814545,1.2184078693389893,-0.7208115458488464,0.8049147129058838,3784.0,3782.0
0.09024088829755783,1.07597017288208,-0.721849799156189,0.8046666979789734,3788.0,3786.0
0.1899922788143158,1.06854248046875,-0.7276983857154846,0.8044187426567078,3792.0,3790.0
0.1295800805091858,1.1334648132324219,-0.7306981086730957,0.8041707277297974,3796.0,3794.0
0.20377567410469055,1.2157702445983887,-0.727883517742157,0.8039228916168213,3800.0,3798.0
0.18424171209335327,1.0042805671691895,-0.7355941534042358,0.8036749958992004,3804.0,3802.0
0.1950216144323349,1.2181192636489868,-0.7247219085693359,0.8034273386001587,3808.0,3806.0
0.17627447843551636,1.3446216583251953,-0.726769745349884,0.8031799793243408,3812.0,3810.0
0.16738390922546387,1.1380136013031006,-0.7266861796379089,0.8029329180717468,3816.0,3814.0
0.1774178147315979,1.2449276447296143,-0.7357842922210693,0.8026858568191528,3820.0,3818.0
0.34213995933532715,1.2235972881317139,-0.7374056577682495,0.8024387359619141,3824.0,3822.0
0.4584617018699646,1.1993794441223145,-0.7334394454956055,0.8021917939186096,3828.0,3826.0
0.19437691569328308,1.231637716293335,-0.7390727996826172,0.8019448518753052,3832.0,3830.0
0.1245618462562561,1.2832708358764648,-0.7369428873062134,0.8016980290412903,3836.0,3834.0
0.18781636655330658,1.2129848003387451,-0.7352181673049927,0.8014514446258545,3840.0,3838.0
0.46119561791419983,1.2522459030151367,-0.7369289398193359,0.8012049794197083,3844.0,3842.0
0.4598642587661743,1.2498996257781982,-0.7433838844299316,0.800958514213562,3848.0,3846.0
0.15806804597377777,1.3250617980957031,-0.741114616394043,0.8007121086120605,3852.0,3850.0
0.17743435502052307,1.326587200164795,-0.7412500381469727,0.8004658222198486,3856.0,3854.0
0.17255039513111115,1.276582956314087,-0.7413061857223511,0.8002197742462158,3860.0,3858.0
0.1879705935716629,1.4243621826171875,-0.7476857900619507,0.7999736070632935,3864.0,3862.0
0.19851946830749512,1.3678597211837769,-0.7436434626579285,0.7997276782989502,3868.0,3866.0
0.14316250383853912,1.2163820266723633,-0.753279983997345,0.7994815707206726,3872.0,3870.0
0.2071060687303543,1.3173964023590088,-0.7488262057304382,0.7992355227470398,3876.0,3874.0
0.5388767719268799,1.153212308883667,-0.7500317096710205,0.7989895343780518,3880.0,3878.0
0.15907961130142212,1.2249765396118164,-0.7510684728622437,0.7987436056137085,3884.0,3882.0
0.1933644413948059,1.2629616260528564,-0.7489155530929565,0.7984979152679443,3888.0,3886.0
0.12311866879463196,1.1656256914138794,-0.7538561820983887,0.7982521653175354,3892.0,3890.0
0.20381051301956177,1.3306422233581543,-0.7580577731132507,0.7980064153671265,3896.0,3894.0
0.4307783246040344,1.4129016399383545,-0.7520605325698853,0.7977608442306519,3900.0,3898.0
0.15322041511535645,1.3444894552230835,-0.75837242603302,0.7975152134895325,3904.0,3902.0
0.22308146953582764,1.2922308444976807,-0.7555180788040161,0.7972697615623474,3908.0,3906.0
0.2141132354736328,1.220215916633606,-0.754912257194519,0.7970244884490967,3912.0,3910.0
0.21084164083003998,1.0989458560943604,-0.7640185356140137,0.7967791557312012,3916.0,3914.0
0.46290332078933716,1.0067692995071411,-0.7660759687423706,0.7965337038040161,3920.0,3918.0
0.4022851884365082,1.1876386404037476,-0.7630857825279236,0.796288251876831,3924.0,3922.0
0.21744832396507263,1.280025601387024,-0.7586603164672852,0.7960430383682251,3928.0,3926.0
0.18880723416805267,1.2296726703643799,-0.771668016910553,0.7957977056503296,3932.0,3930.0
0.5890914797782898,1.434394359588623,-0.763279914855957,0.7955524921417236,3936.0,3934.0
0.18369165062904358,1.4960681200027466,-0.7616070508956909,0.7953075170516968,3940.0,3938.0
0.19103169441223145,1.3810219764709473,-0.7739535570144653,0.7950624227523804,3944.0,3942.0
0.4841042160987854,1.1865839958190918,-0.7682629823684692,0.7948174476623535,3948.0,3946.0
0.5496498346328735,1.3742985725402832,-0.7724067568778992,0.7945724129676819,3952.0,3950.0
0.19389885663986206,1.4226741790771484,-0.7706665396690369,0.7943274974822998,3956.0,3954.0
0.17961856722831726,1.243011474609375,-0.7711338400840759,0.7940827012062073,3960.0,3958.0
0.19289079308509827,1.120060682296753,-0.7726258039474487,0.7938379645347595,3964.0,3962.0
0.20679941773414612,1.256117343902588,-0.7717630863189697,0.7935934066772461,3968.0,3966.0
0.15982326865196228,1.3293781280517578,-0.7769224643707275,0.7933489084243774,3972.0,3970.0
0.1645839661359787,1.5540030002593994,-0.7635377645492554,0.7931048274040222,3976.0,3974.0
0.3742038905620575,1.3567557334899902,-0.7747543454170227,0.7928608655929565,3980.0,3978.0
0.20473213493824005,1.412469506263733,-0.7801027894020081,0.7926169037818909,3984.0,3982.0
0.1857348531484604,1.493375301361084,-0.7823371887207031,0.7923728823661804,3988.0,3986.0
0.22667914628982544,1.559632658958435,-0.7814370393753052,0.7921289205551147,3992.0,3990.0
0.16326598823070526,1.4339566230773926,-0.7847385406494141,0.7918848991394043,3996.0,3994.0
0.1735120415687561,1.611087441444397,-0.783643364906311,0.7916408777236938,4000.0,3998.0
0.17248038947582245,1.284837007522583,-0.7835478186607361,0.791396975517273,4004.0,4002.0
0.15526419878005981,1.3720059394836426,-0.7824810743331909,0.7911532521247864,4008.0,4006.0
0.1805827021598816,1.2144513130187988,-0.7860567569732666,0.7909095287322998,4012.0,4010.0
0.16978251934051514,1.3871800899505615,-0.7758755087852478,0.7906662821769714,4016.0,4014.0
0.20330187678337097,1.49395751953125,-0.7914625406265259,0.7904229164123535,4020.0,4018.0
0.18814536929130554,1.3669041395187378,-0.7845371961593628,0.7901797294616699,4024.0,4022.0
0.18599537014961243,1.202406644821167,-0.7884393930435181,0.7899366617202759,4028.0,4026.0
0.1816498041152954,1.2935314178466797,-0.7840198278427124,0.7896938323974609,4032.0,4030.0
0.17326584458351135,1.4167348146438599,-0.7871984243392944,0.7894511818885803,4036.0,4034.0
0.1597657948732376,1.1706762313842773,-0.7943406701087952,0.7892085313796997,4040.0,4038.0
0.2148749977350235,1.3838040828704834,-0.78502357006073,0.788966178894043,4044.0,4042.0
0.18238776922225952,1.3753575086593628,-0.7850110530853271,0.7887240648269653,4048.0,4046.0
0.19062238931655884,1.3845962285995483,-0.7947717905044556,0.7884820699691772,4052.0,4050.0
0.13358360528945923,1.3983086347579956,-0.7888326644897461,0.7882402539253235,4056.0,4054.0
0.44834938645362854,1.5065585374832153,-0.7882193326950073,0.7879987359046936,4060.0,4058.0
0.4798368215560913,1.5599284172058105,-0.7939562201499939,0.7877572774887085,4064.0,4062.0
0.21688349545001984,1.412775993347168,-0.797019898891449,0.7875159382820129,4068.0,4066.0
0.15713489055633545,1.1925840377807617,-0.7955938577651978,0.7872747182846069,4072.0,4070.0
0.17882488667964935,1.2553201913833618,-0.7923751473426819,0.7870336771011353,4076.0,4074.0
0.1387619823217392,1.310626745223999,-0.8008155822753906,0.7867927551269531,4080.0,4078.0
0.19348140060901642,1.6291048526763916,-0.8012609481811523,0.7865517735481262,4084.0,4082.0
0.21623553335666656,1.3333379030227661,-0.8032150864601135,0.7863108515739441,4088.0,4086.0
0.18188227713108063,1.4504395723342896,-0.7990714907646179,0.7860700488090515,4092.0,4090.0
0.1674213409423828,1.4103628396987915,-0.8048307299613953,0.7858293056488037,4096.0,4094.0
0.17521917819976807,1.3806931972503662,-0.7898474335670471,0.7855890989303589,4100.0,4098.0
0.16621637344360352,1.4138011932373047,-0.8055018186569214,0.7853488326072693,4104.0,4102.0
0.15582585334777832,1.3343384265899658,-0.8109796047210693,0.7851085662841797,4108.0,4106.0
0.10995954275131226,1.443849802017212,-0.812400221824646,0.7848681211471558,4112.0,4110.0
0.639977216720581,1.383074402809143,-0.8035200834274292,0.7846279144287109,4116.0,4114.0
0.15824195742607117,1.2207471132278442,-0.809954047203064,0.7843877673149109,4120.0,4118.0
0.16054007411003113,1.4131988286972046,-0.8087860345840454,0.7841477394104004,4124.0,4122.0
0.20116955041885376,1.4602855443954468,-0.8103752136230469,0.7839077711105347,4128.0,4126.0
0.1686667501926422,1.475777506828308,-0.8089721202850342,0.7836679816246033,4132.0,4130.0
0.21091729402542114,1.5237442255020142,-0.8076522946357727,0.783428430557251,4136.0,4134.0
0.20696082711219788,1.608367919921875,-0.8082956075668335,0.783189058303833,4140.0,4138.0
0.17186078429222107,1.539947748184204,-0.8209095597267151,0.7829496264457703,4144.0,4142.0
0.6075521111488342,1.5137348175048828,-0.821490466594696,0.7827100157737732,4148.0,4146.0
0.16239097714424133,1.5262744426727295,-0.8167604804039001,0.7824705243110657,4152.0,4150.0
0.7523394227027893,1.591774821281433,-0.8161996006965637,0.7822311520576477,4156.0,4154.0
0.1777554154396057,1.2867465019226074,-0.8254353404045105,0.781991720199585,4160.0,4158.0
0.21670743823051453,1.4898351430892944,-0.8188575506210327,0.781752347946167,4164.0,4162.0
0.5460790395736694,1.5237147808074951,-0.8228130340576172,0.7815130949020386,4168.0,4166.0
0.19430208206176758,1.3901712894439697,-0.8268753290176392,0.7812737226486206,4172.0,4170.0
0.5166947841644287,1.5343773365020752,-0.8280285596847534,0.7810343503952026,4176.0,4174.0
0.1457964926958084,1.5180675983428955,-0.8236233592033386,0.7807950973510742,4180.0,4178.0
0.49024873971939087,1.4703118801116943,-0.8219377994537354,0.7805560827255249,4184.0,4182.0
0.18769493699073792,1.5269471406936646,-0.8287050127983093,0.7803170680999756,4188.0,4186.0
0.22748377919197083,1.4706404209136963,-0.8336306810379028,0.7800779938697815,4192.0,4190.0
0.16574756801128387,1.424915075302124,-0.8245876431465149,0.7798391580581665,4196.0,4194.0
0.2004997432231903,1.6675279140472412,-0.8277477025985718,0.7796004414558411,4200.0,4198.0
0.162856787443161,1.3451766967773438,-0.8365586400032043,0.7793616652488708,4204.0,4202.0
0.6358437538146973,1.585197925567627,-0.827434241771698,0.779123067855835,4208.0,4206.0
0.17835554480552673,1.4533613920211792,-0.8288431167602539,0.7788847088813782,4212.0,4210.0
0.720062255859375,1.5665380954742432,-0.831775963306427,0.7786464691162109,4216.0,4214.0
0.5771273374557495,1.6406145095825195,-0.8397905230522156,0.7784082293510437,4220.0,4218.0
0.45514729619026184,1.511780023574829,-0.8355675339698792,0.7781699895858765,4224.0,4222.0
0.19902202486991882,1.5186035633087158,-0.8349621891975403,0.7779319286346436,4228.0,4226.0
0.179031103849411,1.6150245666503906,-0.8370339870452881,0.7776939868927002,4232.0,4230.0
0.609581708908081,1.5383312702178955,-0.8383191823959351,0.7774561047554016,4236.0,4234.0
0.19535282254219055,1.772103190422058,-0.8420290350914001,0.777218222618103,4240.0,4238.0
0.1751050353050232,1.4206238985061646,-0.852961003780365,0.7769801616668701,4244.0,4242.0
0.20036546885967255,1.699533462524414,-0.8387423157691956,0.7767422795295715,4248.0,4246.0
0.2126033455133438,1.3250274658203125,-0.8464151620864868,0.776504397392273,4252.0,4250.0
0.2026076465845108,1.472974181175232,-0.8463513255119324,0.7762665748596191,4256.0,4254.0
0.18150706589221954,1.567236304283142,-0.8419642448425293,0.7760288715362549,4260.0,4258.0
0.1575869619846344,1.6751593351364136,-0.844907283782959,0.7757914066314697,4264.0,4262.0
0.21269026398658752,1.7556692361831665,-0.8464773297309875,0.7755540013313293,4268.0,4266.0
0.2117031216621399,1.7375774383544922,-0.849656879901886,0.7753166556358337,4272.0,4270.0
0.14473526179790497,1.5259085893630981,-0.8550863862037659,0.7750792503356934,4276.0,4274.0
0.2095092087984085,1.6479465961456299,-0.850082278251648,0.7748419642448425,4280.0,4278.0
0.17115484178066254,1.666975975036621,-0.8460145592689514,0.7746049165725708,4284.0,4282.0
0.146957129240036,1.4389331340789795,-0.8570724725723267,0.7743678092956543,4288.0,4286.0
0.6414402723312378,1.2463330030441284,-0.8508824110031128,0.7741309404373169,4292.0,4290.0
0.23892536759376526,1.7713134288787842,-0.8570666313171387,0.7738940119743347,4296.0,4294.0
0.22087988257408142,1.599130630493164,-0.8485057353973389,0.7736573815345764,4300.0,4298.0
0.18002761900424957,1.7962777614593506,-0.858075737953186,0.7734208106994629,4304.0,4302.0
0.6655037999153137,1.729954719543457,-0.8539942502975464,0.7731844186782837,4308.0,4306.0
0.22213628888130188,1.677320957183838,-0.8529685735702515,0.7729482054710388,4312.0,4310.0
0.18085548281669617,1.659450888633728,-0.8694373369216919,0.7727117538452148,4316.0,4314.0
0.18199343979358673,1.6465611457824707,-0.8546215891838074,0.7724756002426147,4320.0,4318.0
0.16661617159843445,1.6623473167419434,-0.863365888595581,0.7722395062446594,4324.0,4322.0
0.1990707814693451,1.5378708839416504,-0.8666715621948242,0.7720033526420593,4328.0,4326.0
0.1655125766992569,1.5916730165481567,-0.8591917753219604,0.7717673778533936,4332.0,4330.0
0.19655659794807434,1.8369793891906738,-0.8650298118591309,0.7715314626693726,4336.0,4334.0
0.1811692714691162,1.5430872440338135,-0.8696428537368774,0.7712955474853516,4340.0,4338.0
0.1615401655435562,1.6501264572143555,-0.8684296607971191,0.7710596323013306,4344.0,4342.0
0.19379328191280365,1.7233424186706543,-0.8706480264663696,0.7708237171173096,4348.0,4346.0
0.18779319524765015,1.7946064472198486,-0.8719356060028076,0.7705878615379333,4352.0,4350.0
0.17932021617889404,1.5719504356384277,-0.8649268746376038,0.7703522443771362,4356.0,4354.0
0.17426815629005432,1.6264560222625732,-0.8681970834732056,0.7701168060302734,4360.0,4358.0
0.19619300961494446,1.5282535552978516,-0.8726800084114075,0.7698813676834106,4364.0,4362.0
0.21073296666145325,1.573406457901001,-0.8798060417175293,0.7696458101272583,4368.0,4366.0
0.4285164773464203,1.6308034658432007,-0.8709132075309753,0.7694104909896851,4372.0,4370.0
0.16985644400119781,1.5276367664337158,-0.8816908597946167,0.7691750526428223,4376.0,4374.0
0.15617245435714722,1.8165158033370972,-0.8825644254684448,0.7689395546913147,4380.0,4378.0
0.4843440055847168,1.8485701084136963,-0.8830880522727966,0.7687039971351624,4384.0,4382.0
0.17985613644123077,1.687452793121338,-0.8770315647125244,0.7684686183929443,4388.0,4386.0
0.18593859672546387,1.8301290273666382,-0.8862340450286865,0.7682331800460815,4392.0,4390.0
0.5654443502426147,1.78403639793396,-0.8822438716888428,0.7679978013038635,4396.0,4394.0
0.1238269954919815,1.4733129739761353,-0.8883830308914185,0.7677624225616455,4400.0,4398.0
0.19984057545661926,1.7686196565628052,-0.8865434527397156,0.7675270438194275,4404.0,4402.0
0.16882328689098358,1.6457436084747314,-0.8931235074996948,0.7672915458679199,4408.0,4406.0
0.13382090628147125,1.6921623945236206,-0.8998887538909912,0.767055869102478,4412.0,4410.0
0.6195645332336426,1.6958820819854736,-0.8867648839950562,0.7668203115463257,4416.0,4414.0
0.15081734955310822,1.8761621713638306,-0.8878981471061707,0.7665849328041077,4420.0,4418.0
0.15889909863471985,1.7365893125534058,-0.8859688639640808,0.766349732875824,4424.0,4422.0
0.1690049171447754,1.7137362957000732,-0.8878917098045349,0.7661147713661194,4428.0,4426.0
0.17633453011512756,1.7814280986785889,-0.8929951786994934,0.7658798694610596,4432.0,4430.0
0.15629994869232178,1.7712938785552979,-0.8989557027816772,0.765644907951355,4436.0,4434.0
0.16208623349666595,1.661198616027832,-0.8978064060211182,0.7654099464416504,4440.0,4438.0
0.18021973967552185,1.7717831134796143,-0.8872487545013428,0.7651753425598145,4444.0,4442.0
0.161088228225708,1.7264208793640137,-0.8957163095474243,0.7649407982826233,4448.0,4446.0
0.17097239196300507,1.941146731376648,-0.8980967998504639,0.7647063732147217,4452.0,4450.0
0.17207124829292297,1.6903918981552124,-0.8967239260673523,0.7644720077514648,4456.0,4454.0
0.5813320875167847,1.7212961912155151,-0.8912186622619629,0.7642379999160767,4460.0,4458.0
0.7278825044631958,1.6143171787261963,-0.9055579304695129,0.7640038728713989,4464.0,4462.0
0.15671958029270172,1.7994489669799805,-0.9048448801040649,0.7637697458267212,4468.0,4466.0
0.12414262443780899,1.6346871852874756,-0.9012056589126587,0.763535737991333,4472.0,4470.0
0.24247834086418152,1.62984037399292,-0.8994635939598083,0.7633019685745239,4476.0,4474.0
0.18209032714366913,1.753354787826538,-0.9011268615722656,0.7630682587623596,4480.0,4478.0
0.2291620671749115,1.9532039165496826,-0.9019038677215576,0.7628347873687744,4484.0,4482.0
0.13755157589912415,1.7832722663879395,-0.9168590307235718,0.7626010775566101,4488.0,4486.0
0.1371481716632843,1.784867286682129,-0.9052897095680237,0.7623674869537354,4492.0,4490.0
0.19609609246253967,1.977166771888733,-0.9013326168060303,0.7621341943740845,4496.0,4494.0
0.7083142995834351,1.833329200744629,-0.9097386598587036,0.7619009613990784,4500.0,4498.0
0.13744142651557922,1.6055548191070557,-0.9121602773666382,0.7616677284240723,4504.0,4502.0
0.21594735980033875,1.647851586341858,-0.9191135764122009,0.7614343762397766,4508.0,4506.0
0.17161431908607483,1.8917453289031982,-0.9087728261947632,0.7612012624740601,4512.0,4510.0
0.20834824442863464,1.691450834274292,-0.9111756682395935,0.7609682083129883,4516.0,4514.0
0.14526081085205078,1.8148354291915894,-0.9140298366546631,0.760735273361206,4520.0,4518.0
0.23868027329444885,2.136951446533203,-0.9127821922302246,0.7605025172233582,4524.0,4522.0
0.6025818586349487,1.7822790145874023,-0.9189116954803467,0.7602697610855103,4528.0,4526.0
0.13619805872440338,1.7604345083236694,-0.9223771691322327,0.7600369453430176,4532.0,4530.0
0.21360152959823608,1.8705756664276123,-0.9100302457809448,0.7598044276237488,4536.0,4534.0
0.19365793466567993,1.7677619457244873,-0.9233881831169128,0.7595718502998352,4540.0,4538.0
0.1995367556810379,1.9294891357421875,-0.9201477766036987,0.759339451789856,4544.0,4542.0
0.18527361750602722,1.8751267194747925,-0.9111682176589966,0.7591073513031006,4548.0,4546.0
0.17237567901611328,1.960473895072937,-0.9112566709518433,0.7588755488395691,4552.0,4550.0
0.19805443286895752,1.8545058965682983,-0.9202393889427185,0.7586438655853271,4556.0,4554.0
0.21472278237342834,1.6857787370681763,-0.9263583421707153,0.7584121823310852,4560.0,4558.0
0.6549459099769592,1.8874225616455078,-0.9323683977127075,0.7581803798675537,4564.0,4562.0
0.16572967171669006,1.895342230796814,-0.9191166162490845,0.7579487562179565,4568.0,4566.0
0.18009692430496216,2.0497541427612305,-0.9270259141921997,0.7577172517776489,4572.0,4570.0
0.12723638117313385,1.8254985809326172,-0.9319911003112793,0.7574856877326965,4576.0,4574.0
0.16332785785198212,2.027876138687134,-0.9262422919273376,0.7572542428970337,4580.0,4578.0
0.15094563364982605,1.8185652494430542,-0.9311042428016663,0.7570228576660156,4584.0,4582.0
0.1813647300004959,2.102621555328369,-0.9267808794975281,0.7567916512489319,4588.0,4586.0
0.7365648150444031,1.8506287336349487,-0.9365489482879639,0.7565603852272034,4592.0,4590.0
0.16503745317459106,1.727866768836975,-0.9353032112121582,0.7563291192054749,4596.0,4594.0
0.2414388358592987,1.8422319889068604,-0.9352235794067383,0.7560979127883911,4600.0,4598.0
0.18590691685676575,1.9978607892990112,-0.9381757974624634,0.7558667063713074,4604.0,4602.0
0.11095979809761047,1.633420467376709,-0.9373618960380554,0.7556355595588684,4608.0,4606.0
0.5186848640441895,1.9047414064407349,-0.9427119493484497,0.7554044127464294,4612.0,4610.0
0.14051710069179535,1.728254795074463,-0.937415361404419,0.7551733255386353,4616.0,4614.0
0.1623392552137375,1.8242459297180176,-0.9450348615646362,0.7549422383308411,4620.0,4618.0
0.22415871918201447,1.9076826572418213,-0.9401130676269531,0.7547112703323364,4624.0,4622.0
0.14105930924415588,1.916154384613037,-0.935023307800293,0.7544804811477661,4628.0,4626.0
0.13850170373916626,1.9464069604873657,-0.948672890663147,0.7542496919631958,4632.0,4630.0
0.6206928491592407,1.934020757675171,-0.9419004321098328,0.7540190815925598,4636.0,4634.0
0.19257321953773499,1.8254047632217407,-0.9412719011306763,0.7537885904312134,4640.0,4638.0
0.11932791769504547,2.058969020843506,-0.9472207427024841,0.7535580992698669,4644.0,4642.0
0.13611815869808197,1.7102071046829224,-0.9418949484825134,0.7533278465270996,4648.0,4646.0
0.172287255525589,1.9622876644134521,-0.9476720094680786,0.753097653388977,4652.0,4650.0
0.7131756544113159,1.780842661857605,-0.9459900856018066,0.7528676390647888,4656.0,4654.0
0.17430701851844788,1.6895668506622314,-0.9490220546722412,0.7526376843452454,4660.0,4658.0
0.11908350884914398,1.8477379083633423,-0.946911096572876,0.7524079084396362,4664.0,4662.0
0.47654515504837036,1.9650907516479492,-0.9534560441970825,0.7521780729293823,4668.0,4666.0
0.13735774159431458,2.0232322216033936,-0.9592175483703613,0.7519482374191284,4672.0,4670.0
0.2144259512424469,2.233487367630005,-0.9501465559005737,0.7517185211181641,4676.0,4674.0
0.1395438313484192,2.05783748626709,-0.9567592144012451,0.7514888048171997,4680.0,4678.0
0.15765362977981567,1.8556337356567383,-0.9567228555679321,0.7512592077255249,4684.0,4682.0
0.1460755169391632,1.863415241241455,-0.9611051678657532,0.7510296106338501,4688.0,4686.0
0.2320551574230194,2.118126630783081,-0.9536087512969971,0.7508001327514648,4692.0,4690.0
0.1573074758052826,1.8550341129302979,-0.9630246162414551,0.7505706548690796,4696.0,4694.0
0.7495441436767578,2.0910286903381348,-0.9607802629470825,0.7503412961959839,4700.0,4698.0
0.16550031304359436,1.9375808238983154,-0.9583624005317688,0.750111997127533,4704.0,4702.0
0.17784753441810608,1.891188144683838,-0.9616209268569946,0.7498828172683716,4708.0,4706.0
0.2016601413488388,2.05452299118042,-0.9651632905006409,0.749653697013855,4712.0,4710.0
0.17465709149837494,1.8224060535430908,-0.9629851579666138,0.7494246959686279,4716.0,4714.0
0.14534443616867065,1.9000767469406128,-0.9642633199691772,0.7491956949234009,4720.0,4718.0
0.23103098571300507,2.2945940494537354,-0.9600431323051453,0.7489669919013977,4724.0,4722.0
0.5550529360771179,1.9108338356018066,-0.9664914011955261,0.7487384080886841,4728.0,4726.0
0.13684125244617462,1.8955402374267578,-0.9755767583847046,0.7485096454620361,4732.0,4730.0
0.1294788122177124,1.9913851022720337,-0.9655102491378784,0.7482810616493225,4736.0,4734.0
0.1288972795009613,1.96687650680542,-0.9709851145744324,0.7480525374412537,4740.0,4738.0
0.17520548403263092,2.0209853649139404,-0.9756173491477966,0.74782395362854,4744.0,4742.0
0.16394585371017456,2.0609259605407715,-0.9662556648254395,0.7475956678390503,4748.0,4746.0
0.6387732028961182,1.9844319820404053,-0.9735694527626038,0.7473673820495605,4752.0,4750.0
0.17285381257534027,2.013824701309204,-0.9693007469177246,0.7471393346786499,4756.0,4754.0
0.16348516941070557,2.0410335063934326,-0.9873115420341492,0.7469110488891602,4760.0,4758.0
0.14217224717140198,2.0592589378356934,-0.9732296466827393,0.7466829419136047,4764.0,4762.0
0.11071987450122833,2.114203453063965,-0.9723957180976868,0.7464550137519836,4768.0,4766.0
0.1820487380027771,2.292241334915161,-0.9837092161178589,0.7462270259857178,4772.0,4770.0
0.15710239112377167,2.421180248260498,-0.9691214561462402,0.7459993362426758,4776.0,4774.0
0.1708088517189026,2.0550179481506348,-0.9830195307731628,0.7457716464996338,4780.0,4778.0
0.1775774508714676,2.0161309242248535,-0.9778536558151245,0.7455441951751709,4784.0,4782.0
0.19481532275676727,2.0113651752471924,-0.9689443707466125,0.7453169822692871,4788.0,4786.0
0.15481898188591003,2.0451059341430664,-0.9900658130645752,0.7450897097587585,4792.0,4790.0
0.5307335257530212,2.004016399383545,-0.9772628545761108,0.7448626756668091,4796.0,4794.0
0.706242561340332,2.12508487701416,-0.9956651329994202,0.7446354031562805,4800.0,4798.0
0.12082454562187195,2.053002119064331,-0.982437014579773,0.7444083094596863,4804.0,4802.0
0.7922751903533936,2.3868350982666016,-0.9846254587173462,0.7441812753677368,4808.0,4806.0
0.15061160922050476,2.302844762802124,-0.9940699338912964,0.7439543008804321,4812.0,4810.0
0.19289754331111908,2.0317327976226807,-0.9851199984550476,0.7437273859977722,4816.0,4814.0
0.16392888128757477,2.15576434135437,-0.987869381904602,0.7435005903244019,4820.0,4818.0
0.15588031709194183,2.1438069343566895,-0.9915982484817505,0.7432738542556763,4824.0,4822.0
0.12620091438293457,2.0439817905426025,-1.001598834991455,0.7430469989776611,4828.0,4826.0
0.15504154562950134,2.097017526626587,-1.000589370727539,0.7428200244903564,4832.0,4830.0
0.16717848181724548,1.7889564037322998,-0.9882757067680359,0.7425933480262756,4836.0,4834.0
0.1337118148803711,2.0278191566467285,-0.995681881904602,0.7423666715621948,4840.0,4838.0
0.1347324699163437,2.1534006595611572,-0.9994916915893555,0.7421400547027588,4844.0,4842.0
0.25391021370887756,2.0782511234283447,-1.0066672563552856,0.7419133186340332,4848.0,4846.0
0.8278802633285522,2.148076057434082,-0.9847943186759949,0.741686999797821,4852.0,4850.0
0.22677208483219147,2.277604579925537,-0.9888402223587036,0.7414609789848328,4856.0,4854.0
0.14683353900909424,2.0966525077819824,-0.9982900619506836,0.741235077381134,4860.0,4858.0
0.22846901416778564,2.174647331237793,-0.9867401123046875,0.741009533405304,4864.0,4862.0
0.8517974615097046,2.2779595851898193,-1.0030139684677124,0.7407840490341187,4868.0,4866.0
0.2058735489845276,2.164113998413086,-1.0026578903198242,0.7405585050582886,4872.0,4870.0
0.16787397861480713,2.1832873821258545,-0.9988583326339722,0.7403331995010376,4876.0,4874.0
0.16101622581481934,2.018484115600586,-1.004806637763977,0.7401078939437866,4880.0,4878.0
0.20549072325229645,2.3165388107299805,-1.0011022090911865,0.73988276720047,4884.0,4882.0
0.19101619720458984,2.336350202560425,-1.001278281211853,0.7396577596664429,4888.0,4886.0
0.1481240838766098,2.1864843368530273,-1.0027339458465576,0.7394329309463501,4892.0,4890.0
0.15403160452842712,2.132385730743408,-1.0078315734863281,0.7392081022262573,4896.0,4894.0
0.6763085722923279,2.351687431335449,-1.011036992073059,0.7389832735061646,4900.0,4898.0
0.18495893478393555,1.998075008392334,-1.0057719945907593,0.7387585639953613,4904.0,4902.0
0.16230076551437378,2.0080254077911377,-1.013169765472412,0.7385338544845581,4908.0,4906.0
0.1997661292552948,2.217621088027954,-1.0125211477279663,0.7383092045783997,4912.0,4910.0
0.13625624775886536,2.228548526763916,-1.0229840278625488,0.7380844354629517,4916.0,4914.0
0.13759052753448486,2.149305820465088,-1.023077368736267,0.7378594875335693,4920.0,4918.0
0.18177711963653564,2.2485532760620117,-1.015058994293213,0.7376346588134766,4924.0,4922.0
1.2248480319976807,2.2934298515319824,-1.014316201210022,0.7374099493026733,4928.0,4926.0
0.17518821358680725,2.192798614501953,-1.0206177234649658,0.7371852397918701,4932.0,4930.0
1.0417439937591553,2.0506465435028076,-1.0271570682525635,0.7369604110717773,4936.0,4934.0
0.178057461977005,2.0587191581726074,-1.0248593091964722,0.7367356419563293,4940.0,4938.0
0.7730425000190735,2.194160223007202,-1.0211772918701172,0.7365109324455261,4944.0,4942.0
1.9136513471603394,2.1199328899383545,-1.024968147277832,0.7362862825393677,4948.0,4946.0
0.18794280290603638,2.3067774772644043,-1.0237531661987305,0.736061692237854,4952.0,4950.0
0.15167945623397827,2.2484171390533447,-1.026041030883789,0.7358372211456299,4956.0,4954.0
0.5653387308120728,2.318462371826172,-1.0294160842895508,0.735612690448761,4960.0,4958.0
0.17055101692676544,2.3446505069732666,-1.020686388015747,0.7353883981704712,4964.0,4962.0
0.19556356966495514,2.378178834915161,-1.0280489921569824,0.735164225101471,4968.0,4966.0
0.18862396478652954,2.2063300609588623,-1.026999592781067,0.7349401712417603,4972.0,4970.0
0.22826743125915527,2.310871124267578,-1.024808645248413,0.7347162365913391,4976.0,4974.0
0.1702209711074829,2.061218738555908,-1.0390602350234985,0.7344921827316284,4980.0,4978.0
0.21644726395606995,2.329042911529541,-1.0273407697677612,0.7342684268951416,4984.0,4982.0
0.23229163885116577,2.2675704956054688,-1.0221097469329834,0.7340449094772339,4988.0,4986.0
0.8092739582061768,2.415220260620117,-1.03422212600708,0.7338213920593262,4992.0,4990.0
0.7538840174674988,2.202042579650879,-1.0275583267211914,0.7335981130599976,4996.0,4994.0
0.7066695690155029,2.415369749069214,-1.037926197052002,0.733374834060669,5000.0,4998.0
0.16097766160964966,2.303605079650879,-1.0383415222167969,0.7331515550613403,5004.0,5002.0
0.1485394388437271,2.1973345279693604,-1.0322766304016113,0.7329285144805908,5008.0,5006.0
0.16422465443611145,2.102722644805908,-1.0405354499816895,0.7327054142951965,5012.0,5010.0
0.17401787638664246,2.078685760498047,-1.0302739143371582,0.7324825525283813,5016.0,5014.0
0.1529776155948639,2.2398929595947266,-1.041682243347168,0.7322597503662109,5020.0,5018.0
0.20672030746936798,2.5140292644500732,-1.0397601127624512,0.7320370674133301,5024.0,5022.0
1.482003927230835,2.567652463912964,-1.033332109451294,0.7318145632743835,5028.0,5026.0
0.17355984449386597,2.117236614227295,-1.053335428237915,0.7315918803215027,5032.0,5030.0
0.6079715490341187,2.3251211643218994,-1.0431034564971924,0.7313693165779114,5036.0,5034.0
0.1909559965133667,2.3616943359375,-1.0484920740127563,0.7311466932296753,5040.0,5038.0
0.14893382787704468,1.925396203994751,-1.0459285974502563,0.7309242486953735,5044.0,5042.0
0.14173515141010284,2.1426403522491455,-1.0420639514923096,0.7307019233703613,5048.0,5046.0
0.18427225947380066,2.3212881088256836,-1.0370488166809082,0.7304798364639282,5052.0,5050.0
0.1708449423313141,2.0798935890197754,-1.0495543479919434,0.7302578091621399,5056.0,5054.0
0.23164141178131104,2.4433586597442627,-1.051843285560608,0.7300357818603516,5060.0,5058.0
0.23236416280269623,2.574739933013916,-1.0638161897659302,0.7298135757446289,5064.0,5062.0
0.16655531525611877,2.452981472015381,-1.055779218673706,0.7295913696289062,5068.0,5066.0
0.17033010721206665,2.2714879512786865,-1.060063362121582,0.7293691635131836,5072.0,5070.0
0.2170533835887909,2.3841304779052734,-1.0595393180847168,0.7291468381881714,5076.0,5074.0
0.8479949235916138,2.175929307937622,-1.0491180419921875,0.7289247512817383,5080.0,5078.0
0.16103707253932953,2.243081569671631,-1.057592749595642,0.7287027835845947,5084.0,5082.0
0.1640641987323761,2.2095632553100586,-1.0629771947860718,0.7284808158874512,5088.0,5086.0
0.17100569605827332,2.250983953475952,-1.0661004781723022,0.7282587289810181,5092.0,5090.0
0.19478961825370789,2.4368691444396973,-1.05784273147583,0.7280367612838745,5096.0,5094.0
0.17034947872161865,2.7097320556640625,-1.0664522647857666,0.727814793586731,5100.0,5098.0
0.8420842289924622,2.490617513656616,-1.0586156845092773,0.7275930643081665,5104.0,5102.0
0.16799771785736084,2.425025701522827,-1.063319206237793,0.727371335029602,5108.0,5106.0
0.15021374821662903,2.4384689331054688,-1.058215856552124,0.7271499037742615,5112.0,5110.0
0.7825198173522949,2.4251832962036133,-1.0639152526855469,0.7269285321235657,5116.0,5114.0
0.2176554948091507,2.1251368522644043,-1.066254734992981,0.7267072200775146,5120.0,5118.0
0.8108049035072327,2.6683120727539062,-1.0697451829910278,0.7264859676361084,5124.0,5122.0
0.6139363050460815,2.2416601181030273,-1.0737440586090088,0.7262645959854126,5128.0,5126.0
0.16673223674297333,2.349339485168457,-1.0635321140289307,0.7260435223579407,5132.0,5130.0
0.1651032567024231,2.3253989219665527,-1.0628366470336914,0.7258226275444031,5136.0,5134.0
0.14818349480628967,2.4296295642852783,-1.0683352947235107,0.7256019115447998,5140.0,5138.0
0.1566990464925766,2.425909996032715,-1.067258358001709,0.7253812551498413,5144.0,5142.0
0.13679248094558716,2.538719415664673,-1.0766735076904297,0.7251606583595276,5148.0,5146.0
0.14738038182258606,2.154006004333496,-1.0747261047363281,0.7249400615692139,5152.0,5150.0
0.20177768170833588,2.6706042289733887,-1.0798163414001465,0.7247194647789001,5156.0,5154.0
0.1701364815235138,2.3745532035827637,-1.0722688436508179,0.724498987197876,5160.0,5158.0
0.13309291005134583,2.4359774589538574,-1.0858089923858643,0.724278450012207,5164.0,5162.0
0.15174788236618042,2.1969735622406006,-1.0787432193756104,0.7240579128265381,5168.0,5166.0
0.14466843008995056,2.221907615661621,-1.0927658081054688,0.7238372564315796,5172.0,5170.0
0.1419125497341156,2.248825788497925,-1.0815677642822266,0.7236166000366211,5176.0,5174.0
0.24662496149539948,2.288351535797119,-1.0808978080749512,0.7233961820602417,5180.0,5178.0
0.10336137562990189,2.4295318126678467,-1.083777904510498,0.7231757640838623,5184.0,5182.0
0.23748719692230225,2.598351240158081,-1.0791512727737427,0.7229554653167725,5188.0,5186.0
0.15959307551383972,2.3543994426727295,-1.082717776298523,0.7227354049682617,5192.0,5190.0
0.8176047801971436,2.2640299797058105,-1.076110601425171,0.7225155830383301,5196.0,5194.0
0.16364341974258423,2.4102084636688232,-1.084945559501648,0.7222958207130432,5200.0,5198.0
0.7993022203445435,2.3191020488739014,-1.0798509120941162,0.7220762968063354,5204.0,5202.0
0.19402049481868744,2.676107406616211,-1.0916857719421387,0.7218567132949829,5208.0,5206.0
0.13415426015853882,2.594691514968872,-1.0794060230255127,0.7216374278068542,5212.0,5210.0
0.14397379755973816,2.582540273666382,-1.0877858400344849,0.7214182615280151,5216.0,5214.0
0.12935495376586914,2.519263982772827,-1.099899411201477,0.7211989164352417,5220.0,5218.0
0.155318021774292,2.5469541549682617,-1.1041536331176758,0.7209793925285339,5224.0,5222.0
0.15356001257896423,2.5140810012817383,-1.102281093597412,0.7207598090171814,5228.0,5226.0
0.13218942284584045,2.6212868690490723,-1.1002495288848877,0.7205402255058289,5232.0,5230.0
0.1383569836616516,2.6693005561828613,-1.0997414588928223,0.7203206419944763,5236.0,5234.0
0.14905396103858948,2.4861106872558594,-1.0967204570770264,0.7201011776924133,5240.0,5238.0
0.6954851150512695,2.422443389892578,-1.1027458906173706,0.7198817133903503,5244.0,5242.0
0.1374666690826416,2.4549241065979004,-1.1005805730819702,0.7196623086929321,5248.0,5246.0
0.8113669753074646,2.5834479331970215,-1.1102393865585327,0.7194428443908691,5252.0,5250.0
0.20812362432479858,2.395073413848877,-1.0994336605072021,0.7192234992980957,5256.0,5254.0
0.17608988285064697,2.383856773376465,-1.1051437854766846,0.7190042734146118,5260.0,5258.0
0.17663565278053284,2.4059104919433594,-1.1053698062896729,0.7187850475311279,5264.0,5262.0
0.14956730604171753,2.4504337310791016,-1.1012905836105347,0.7185660600662231,5268.0,5266.0
0.9568790197372437,2.6601457595825195,-1.1073949337005615,0.7183470726013184,5272.0,5270.0
0.6968339681625366,2.421334981918335,-1.1111246347427368,0.7181280851364136,5276.0,5274.0
0.19319751858711243,2.5688581466674805,-1.1062431335449219,0.7179093360900879,5280.0,5278.0
0.16981109976768494,2.5343070030212402,-1.1130530834197998,0.7176904678344727,5284.0,5282.0
0.16182920336723328,2.446808338165283,-1.1190052032470703,0.7174715995788574,5288.0,5286.0
0.6649752855300903,2.561488389968872,-1.1121608018875122,0.7172528505325317,5292.0,5290.0
0.14293460547924042,2.4753546714782715,-1.1158370971679688,0.717034101486206,5296.0,5294.0
0.18508020043373108,2.426980495452881,-1.1134288311004639,0.7168154716491699,5300.0,5298.0
0.16603806614875793,2.2809746265411377,-1.1100711822509766,0.7165969610214233,5304.0,5302.0
0.1385294497013092,2.5865743160247803,-1.1150344610214233,0.7163785696029663,5308.0,5306.0
0.8330252766609192,2.642426013946533,-1.1077299118041992,0.7161605358123779,5312.0,5310.0
0.18461285531520844,2.367818832397461,-1.1194136142730713,0.7159424424171448,5316.0,5314.0
0.18971869349479675,2.516982078552246,-1.1168419122695923,0.7157244682312012,5320.0,5318.0
0.1770043671131134,2.481865406036377,-1.1184849739074707,0.7155066132545471,5324.0,5322.0
1.3628076314926147,2.626004219055176,-1.107199788093567,0.7152890563011169,5328.0,5326.0
1.0022826194763184,2.4851808547973633,-1.1172236204147339,0.7150716185569763,5332.0,5330.0
0.1294747143983841,2.249763011932373,-1.1232478618621826,0.7148542404174805,5336.0,5334.0
0.15277811884880066,2.431284189224243,-1.1175968647003174,0.7146369814872742,5340.0,5338.0
0.19409793615341187,2.5354666709899902,-1.117308497428894,0.7144199013710022,5344.0,5342.0
0.18227779865264893,2.636378526687622,-1.1277287006378174,0.7142027616500854,5348.0,5346.0
0.22795814275741577,2.585303783416748,-1.1244769096374512,0.713985800743103,5352.0,5350.0
0.19684214890003204,2.59187650680542,-1.1299632787704468,0.713768720626831,5356.0,5354.0
0.17815791070461273,2.483694076538086,-1.127605676651001,0.7135517597198486,5360.0,5358.0
0.20473402738571167,2.4982728958129883,-1.1457605361938477,0.7133345603942871,5364.0,5362.0
0.13589264452457428,2.531130075454712,-1.1292901039123535,0.7131174206733704,5368.0,5366.0
0.16213181614875793,2.751217842102051,-1.1296658515930176,0.7129004001617432,5372.0,5370.0
0.17172670364379883,2.8176488876342773,-1.1301201581954956,0.7126835584640503,5376.0,5374.0
0.17160359025001526,2.883660316467285,-1.1357998847961426,0.7124666571617126,5380.0,5378.0
0.23663315176963806,2.562877893447876,-1.132591962814331,0.7122498750686646,5384.0,5382.0
0.22391864657402039,2.633680820465088,-1.1391946077346802,0.7120331525802612,5388.0,5386.0
0.15720809996128082,2.534900665283203,-1.132604718208313,0.7118165493011475,5392.0,5390.0
0.2224256545305252,2.243539333343506,-1.1396090984344482,0.7115999460220337,5396.0,5394.0
0.15729059278964996,2.645656108856201,-1.1320608854293823,0.711383581161499,5400.0,5398.0
0.1715397834777832,2.732703924179077,-1.1337913274765015,0.7111673355102539,5404.0,5402.0
0.11159852892160416,2.8001794815063477,-1.1370909214019775,0.7109512090682983,5408.0,5406.0
0.20231446623802185,2.713427782058716,-1.1338106393814087,0.7107353210449219,5412.0,5410.0
0.14729557931423187,2.679579257965088,-1.1413071155548096,0.7105194330215454,5416.0,5414.0
1.0142731666564941,2.6802992820739746,-1.1387605667114258,0.7103037238121033,5420.0,5418.0
0.12717106938362122,2.5689754486083984,-1.1359648704528809,0.7100881338119507,5424.0,5422.0
0.23193985223770142,2.6277031898498535,-1.1517796516418457,0.7098725438117981,5428.0,5426.0
0.13891758024692535,2.3627982139587402,-1.1520707607269287,0.709656834602356,5432.0,5430.0
0.22424650192260742,2.6941328048706055,-1.140967845916748,0.7094413042068481,5436.0,5434.0
0.7419213056564331,2.676136016845703,-1.1438841819763184,0.7092258930206299,5440.0,5438.0
0.13415446877479553,2.8940956592559814,-1.1431816816329956,0.7090106010437012,5444.0,5442.0
0.17601627111434937,2.629518985748291,-1.156179428100586,0.7087952494621277,5448.0,5446.0
0.14537116885185242,2.677032947540283,-1.1660473346710205,0.7085796594619751,5452.0,5450.0
0.16568270325660706,2.6242098808288574,-1.1585752964019775,0.7083641290664673,5456.0,5454.0
0.13277581334114075,2.961862802505493,-1.151644229888916,0.7081485986709595,5460.0,5458.0
0.11231528222560883,2.5399680137634277,-1.1664481163024902,0.7079329490661621,5464.0,5462.0
0.9413038492202759,2.9167861938476562,-1.1498762369155884,0.7077175378799438,5468.0,5466.0
0.17582634091377258,2.540203094482422,-1.1635143756866455,0.7075021266937256,5472.0,5470.0
0.18647898733615875,2.7638351917266846,-1.1553986072540283,0.7072867751121521,5476.0,5474.0
1.0338246822357178,2.8481054306030273,-1.155189037322998,0.7070716023445129,5480.0,5478.0
0.1555267572402954,2.5638866424560547,-1.1524430513381958,0.7068566679954529,5484.0,5482.0
0.11540505290031433,2.8138184547424316,-1.152937889099121,0.7066419124603271,5488.0,5486.0
0.15783441066741943,2.603851556777954,-1.1549878120422363,0.7064273357391357,5492.0,5490.0
0.24454590678215027,2.700573682785034,-1.1500494480133057,0.7062130570411682,5496.0,5494.0
0.1445426046848297,2.606503486633301,-1.158738374710083,0.7059988975524902,5500.0,5498.0
0.17241956293582916,2.7790603637695312,-1.1569771766662598,0.7057848572731018,5504.0,5502.0
0.17872601747512817,2.8717758655548096,-1.162640929222107,0.7055708765983582,5508.0,5506.0
0.140062153339386,2.987286329269409,-1.16031813621521,0.705357015132904,5512.0,5510.0
0.14389732480049133,2.792428970336914,-1.1680374145507812,0.7051432132720947,5516.0,5514.0
0.9955617189407349,3.1667258739471436,-1.159021019935608,0.704929530620575,5520.0,5518.0
0.9443746209144592,2.9796946048736572,-1.1727405786514282,0.7047158479690552,5524.0,5522.0
0.1932065486907959,2.7625021934509277,-1.1685130596160889,0.7045021653175354,5528.0,5526.0
0.17580477893352509,2.739607810974121,-1.1826252937316895,0.7042883038520813,5532.0,5530.0
0.16699057817459106,2.9369699954986572,-1.1581354141235352,0.7040748000144958,5536.0,5534.0
0.7861289978027344,2.849435806274414,-1.1576725244522095,0.7038615345954895,5540.0,5538.0
0.21795755624771118,2.799647331237793,-1.1633031368255615,0.7036485075950623,5544.0,5542.0
0.1891070306301117,2.852517604827881,-1.173013687133789,0.703435480594635,5548.0,5546.0
0.18598875403404236,2.573974132537842,-1.1725350618362427,0.7032225131988525,5552.0,5550.0
0.19487887620925903,2.966639280319214,-1.176727294921875,0.7030096054077148,5556.0,5554.0
0.1642540991306305,2.621581792831421,-1.1824464797973633,0.7027965784072876,5560.0,5558.0
0.14531517028808594,2.716681718826294,-1.184691309928894,0.7025834321975708,5564.0,5562.0
1.06362783908844,3.171844720840454,-1.1811283826828003,0.7023703455924988,5568.0,5566.0
0.18290111422538757,2.9952611923217773,-1.175078272819519,0.7021573781967163,5572.0,5570.0
0.1638481467962265,2.822352409362793,-1.1825546026229858,0.7019444704055786,5576.0,5574.0
0.2244894653558731,3.0023348331451416,-1.1919994354248047,0.7017313838005066,5580.0,5578.0
0.22847649455070496,2.958669662475586,-1.19170081615448,0.7015182971954346,5584.0,5582.0
0.14195948839187622,2.806276798248291,-1.197964072227478,0.7013050317764282,5588.0,5586.0
0.16914628446102142,2.7166390419006348,-1.1841540336608887,0.7010918855667114,5592.0,5590.0
0.14703480899333954,2.489686965942383,-1.198432207107544,0.7008785605430603,5596.0,5594.0
0.13151857256889343,2.8577065467834473,-1.192288875579834,0.7006653547286987,5600.0,5598.0
0.1300109326839447,2.77134370803833,-1.184112310409546,0.7004523277282715,5604.0,5602.0
0.14158383011817932,2.922630548477173,-1.1872791051864624,0.7002394199371338,5608.0,5606.0
0.8478266000747681,2.7692809104919434,-1.1909401416778564,0.7000266313552856,5612.0,5610.0
0.13903774321079254,2.7893261909484863,-1.194069743156433,0.6998139023780823,5616.0,5614.0
0.15538692474365234,3.1299374103546143,-1.2035993337631226,0.6996010541915894,5620.0,5618.0
0.18544979393482208,2.862307071685791,-1.1972382068634033,0.6993882656097412,5624.0,5622.0
0.14786943793296814,2.946802854537964,-1.1874759197235107,0.6991757154464722,5628.0,5626.0
0.16496005654335022,2.970182180404663,-1.1933706998825073,0.6989633440971375,5632.0,5630.0
0.14075720310211182,3.07171630859375,-1.1983219385147095,0.6987509727478027,5636.0,5634.0
0.19231891632080078,2.8542869091033936,-1.2028181552886963,0.6985386610031128,5640.0,5638.0
0.1636410802602768,2.809940814971924,-1.1870532035827637,0.698326587677002,5644.0,5642.0
0.1520150899887085,3.0401241779327393,-1.1982539892196655,0.6981146931648254,5648.0,5646.0
0.15549030900001526,2.7936785221099854,-1.1953895092010498,0.6979029178619385,5652.0,5650.0
0.1619439721107483,2.784785747528076,-1.2119872570037842,0.697691023349762,5656.0,5654.0
0.16139832139015198,2.705000162124634,-1.2095361948013306,0.6974790692329407,5660.0,5658.0
0.18396833539009094,2.8447697162628174,-1.1966779232025146,0.6972674131393433,5664.0,5662.0
0.1559467911720276,3.1030900478363037,-1.209784746170044,0.6970556974411011,5668.0,5666.0
0.15537145733833313,2.7574710845947266,-1.210937261581421,0.6968439817428589,5672.0,5670.0
0.9657518863677979,3.0317611694335938,-1.2208092212677002,0.6966320872306824,5676.0,5674.0
0.17141440510749817,2.978154182434082,-1.2032023668289185,0.696420431137085,5680.0,5678.0
0.1339557021856308,2.8990085124969482,-1.2112579345703125,0.6962087750434875,5684.0,5682.0
0.12444774061441422,2.894622802734375,-1.209517240524292,0.6959972381591797,5688.0,5686.0
0.20341601967811584,2.9123716354370117,-1.2120778560638428,0.6957858204841614,5692.0,5690.0
0.22157937288284302,2.9731006622314453,-1.220259189605713,0.6955744028091431,5696.0,5694.0
0.7941373586654663,2.962553024291992,-1.2046009302139282,0.6953631639480591,5700.0,5698.0
0.15085767209529877,2.7395577430725098,-1.2160730361938477,0.6951519250869751,5704.0,5702.0
0.19002331793308258,3.002984046936035,-1.210634708404541,0.6949409246444702,5708.0,5706.0
0.18678458034992218,2.8397302627563477,-1.2237811088562012,0.6947299242019653,5712.0,5710.0
0.16234861314296722,2.8227720260620117,-1.219787359237671,0.6945188641548157,5716.0,5714.0
0.1325618326663971,2.94350266456604,-1.2249648571014404,0.694307804107666,5720.0,5718.0
0.11974218487739563,2.878469467163086,-1.2235076427459717,0.6940968036651611,5724.0,5722.0
0.1859985888004303,2.887357234954834,-1.222322702407837,0.6938859224319458,5728.0,5726.0
0.15255314111709595,3.029907464981079,-1.225042462348938,0.6936749815940857,5732.0,5730.0
0.16386424005031586,3.044220447540283,-1.2312690019607544,0.6934640407562256,5736.0,5734.0
0.8454938530921936,3.205179214477539,-1.2213548421859741,0.6932532787322998,5740.0,5738.0
0.816023051738739,2.9762308597564697,-1.2204859256744385,0.6930426359176636,5744.0,5742.0
0.11987374722957611,3.3704123497009277,-1.222611427307129,0.6928321719169617,5748.0,5746.0
0.15894898772239685,2.8476665019989014,-1.229881763458252,0.6926217079162598,5752.0,5750.0
0.14357686042785645,3.008225917816162,-1.226668119430542,0.6924114227294922,5756.0,5754.0
0.1346200704574585,3.057347297668457,-1.2309496402740479,0.6922011375427246,5760.0,5758.0
0.16007265448570251,3.2152984142303467,-1.2297773361206055,0.6919909119606018,5764.0,5762.0
1.0195178985595703,3.020395517349243,-1.2265223264694214,0.6917808651924133,5768.0,5766.0
0.16412363946437836,3.01823091506958,-1.2336565256118774,0.6915708780288696,5772.0,5770.0
0.17721375823020935,2.8670670986175537,-1.2348639965057373,0.6913609504699707,5776.0,5774.0
0.14720413088798523,3.2344956398010254,-1.233825445175171,0.6911510825157166,5780.0,5778.0
0.11986632645130157,3.1197686195373535,-1.240799903869629,0.6909411549568176,5784.0,5782.0
0.17205530405044556,3.150054931640625,-1.2394200563430786,0.6907312870025635,5788.0,5786.0
0.15226951241493225,3.0915260314941406,-1.2366611957550049,0.6905215382575989,5792.0,5790.0
0.16500282287597656,3.0145890712738037,-1.241758942604065,0.6903117895126343,5796.0,5794.0
0.16439683735370636,3.0756945610046387,-1.2386088371276855,0.6901021003723145,5800.0,5798.0
0.998609721660614,3.033316135406494,-1.2309263944625854,0.6898927092552185,5804.0,5802.0
0.15006358921527863,2.7866358757019043,-1.2439987659454346,0.6896833181381226,5808.0,5806.0
0.13492462038993835,3.0092082023620605,-1.236609935760498,0.6894741058349609,5812.0,5810.0
0.8796124458312988,2.9735960960388184,-1.237280249595642,0.6892650127410889,5816.0,5814.0
0.13824591040611267,3.133981227874756,-1.2308330535888672,0.6890562772750854,5820.0,5818.0
0.16472575068473816,2.9654855728149414,-1.2419813871383667,0.688847541809082,5824.0,5822.0
0.20595711469650269,3.1355319023132324,-1.2437596321105957,0.6886389255523682,5828.0,5826.0
0.13924482464790344,2.7699897289276123,-1.2492775917053223,0.6884303092956543,5832.0,5830.0
0.11792800575494766,2.983585834503174,-1.2509764432907104,0.6882216930389404,5836.0,5834.0
0.23904317617416382,3.1219239234924316,-1.2449352741241455,0.6880131363868713,5840.0,5838.0
0.16277062892913818,2.879525899887085,-1.2452342510223389,0.6878047585487366,5844.0,5842.0
0.12703216075897217,2.8967444896698,-1.254679560661316,0.687596321105957,5848.0,5846.0
0.18884170055389404,2.850526809692383,-1.256219506263733,0.6873878836631775,5852.0,5850.0
0.11606058478355408,3.0870132446289062,-1.2528302669525146,0.6871795058250427,5856.0,5854.0
1.2250216007232666,3.4021401405334473,-1.2518776655197144,0.6869711875915527,5860.0,5858.0
0.1910591870546341,3.1276800632476807,-1.2804336547851562,0.6867625713348389,5864.0,5862.0
0.9380517601966858,2.772897720336914,-1.259540319442749,0.686553955078125,5868.0,5866.0
0.178948312997818,2.8698201179504395,-1.2669785022735596,0.6863452792167664,5872.0,5870.0
0.14379015564918518,2.8648738861083984,-1.2598719596862793,0.6861367225646973,5876.0,5874.0
0.20347139239311218,3.276501178741455,-1.2633224725723267,0.6859281659126282,5880.0,5878.0
0.1207924485206604,3.003319263458252,-1.2653313875198364,0.6857196092605591,5884.0,5882.0
1.2494895458221436,3.1298012733459473,-1.2527910470962524,0.6855113506317139,5888.0,5886.0
0.1667640507221222,3.3613667488098145,-1.2605619430541992,0.685303270816803,5892.0,5890.0
0.16811978816986084,3.4157955646514893,-1.2676141262054443,0.6850951313972473,5896.0,5894.0
0.2579308748245239,3.3953826427459717,-1.2613544464111328,0.684887170791626,5900.0,5898.0
0.16344203054904938,3.134106159210205,-1.2473652362823486,0.6846795678138733,5904.0,5902.0
0.1656348556280136,3.2300984859466553,-1.2541364431381226,0.6844722032546997,5908.0,5906.0
0.17055447399616241,3.025509834289551,-1.2616013288497925,0.6842650175094604,5912.0,5910.0
0.12175539135932922,2.759739398956299,-1.2745357751846313,0.6840577125549316,5916.0,5914.0
0.18969900906085968,3.4849700927734375,-1.2701852321624756,0.6838504672050476,5920.0,5918.0
0.14194001257419586,3.475461483001709,-1.2735356092453003,0.6836432218551636,5924.0,5922.0
1.0513956546783447,3.1634225845336914,-1.2703644037246704,0.6834360361099243,5928.0,5926.0
0.1705084592103958,3.1925950050354004,-1.275917410850525,0.6832288503646851,5932.0,5930.0
0.14200043678283691,2.9956135749816895,-1.279208779335022,0.6830216646194458,5936.0,5934.0
0.16425032913684845,3.407614231109619,-1.2631409168243408,0.6828146576881409,5940.0,5938.0
0.1311873197555542,3.098145008087158,-1.279012680053711,0.6826077103614807,5944.0,5942.0
0.15145613253116608,3.15762996673584,-1.2800726890563965,0.6824007630348206,5948.0,5946.0
0.19378647208213806,3.1280550956726074,-1.273149013519287,0.6821938753128052,5952.0,5950.0
0.14239948987960815,2.8252105712890625,-1.2768234014511108,0.6819871664047241,5956.0,5954.0
0.1517459750175476,3.2812278270721436,-1.2830721139907837,0.6817803978919983,5960.0,5958.0
0.16142895817756653,2.9347407817840576,-1.278543472290039,0.681573748588562,5964.0,5962.0
0.16271604597568512,3.001911163330078,-1.2792689800262451,0.6813672184944153,5968.0,5966.0
0.16456729173660278,3.1201322078704834,-1.2886641025543213,0.6811606287956238,5972.0,5970.0
2.3306326866149902,3.219672203063965,-1.2758030891418457,0.6809542179107666,5976.0,5974.0
0.12680251896381378,3.2890920639038086,-1.2861205339431763,0.6807478666305542,5980.0,5978.0
0.1787034422159195,3.175736904144287,-1.281736135482788,0.6805415749549866,5984.0,5982.0
1.0432738065719604,3.136381149291992,-1.282834768295288,0.6803354620933533,5988.0,5986.0
0.1995430886745453,3.1480867862701416,-1.2915384769439697,0.6801292896270752,5992.0,5990.0
0.14648035168647766,2.946495532989502,-1.2863245010375977,0.6799232363700867,5996.0,5994.0
0.18154844641685486,3.2507870197296143,-1.2890071868896484,0.6797172427177429,6000.0,5998.0
0.21081110835075378,3.1336469650268555,-1.3013163805007935,0.6795111298561096,6004.0,6002.0
0.13687026500701904,3.2151105403900146,-1.287420630455017,0.6793051362037659,6008.0,6006.0
0.16269804537296295,3.011634111404419,-1.288020372390747,0.6790993213653564,6012.0,6010.0
0.1286013126373291,3.1583971977233887,-1.2963134050369263,0.6788934469223022,6016.0,6014.0
0.1497526466846466,3.235727071762085,-1.3059749603271484,0.678687572479248,6020.0,6018.0
0.1404588520526886,3.188648223876953,-1.2980859279632568,0.6784816384315491,6024.0,6022.0
0.18191185593605042,3.2605981826782227,-1.2958431243896484,0.6782758235931396,6028.0,6026.0
0.17413929104804993,3.3153018951416016,-1.2955527305603027,0.6780701875686646,6032.0,6030.0
0.12799647450447083,3.2816247940063477,-1.3032883405685425,0.6778644919395447,6036.0,6034.0
0.1658572554588318,3.1693649291992188,-1.2981988191604614,0.6776589155197144,6040.0,6038.0
0.1759244054555893,3.100306987762451,-1.3094394207000732,0.6774532794952393,6044.0,6042.0
0.14364288747310638,3.2601351737976074,-1.30100417137146,0.6772477626800537,6048.0,6046.0
1.297379493713379,3.3032631874084473,-1.3022774457931519,0.6770423650741577,6052.0,6050.0
0.20225654542446136,3.1245689392089844,-1.3066463470458984,0.6768369674682617,6056.0,6054.0
0.1374429166316986,3.1222586631774902,-1.2981072664260864,0.6766317486763,6060.0,6058.0
0.1945423036813736,3.333860397338867,-1.3131738901138306,0.6764264702796936,6064.0,6062.0
0.1380288004875183,3.0265274047851562,-1.3108162879943848,0.6762212514877319,6068.0,6066.0
0.15947216749191284,3.515164613723755,-1.3217957019805908,0.6760159134864807,6072.0,6070.0
0.18027180433273315,3.4399166107177734,-1.3025803565979004,0.6758107542991638,6076.0,6074.0
0.2441461682319641,3.236713171005249,-1.3087475299835205,0.6756057143211365,6080.0,6078.0
0.2059955894947052,3.2807412147521973,-1.3088656663894653,0.6754007935523987,6084.0,6082.0
0.17184065282344818,3.4708268642425537,-1.3075244426727295,0.6751960515975952,6088.0,6086.0
0.15094450116157532,3.2191014289855957,-1.3087844848632812,0.6749914288520813,6092.0,6090.0
0.13992847502231598,3.2067067623138428,-1.311605453491211,0.6747868657112122,6096.0,6094.0
0.1391223967075348,3.3534796237945557,-1.3100359439849854,0.6745824813842773,6100.0,6098.0
0.15935811400413513,3.20310640335083,-1.3203694820404053,0.6743780970573425,6104.0,6102.0
0.14420628547668457,3.1729230880737305,-1.3182878494262695,0.6741737723350525,6108.0,6106.0
0.17059537768363953,3.341641902923584,-1.3108011484146118,0.673969566822052,6112.0,6110.0
0.17800989747047424,3.3851094245910645,-1.329096794128418,0.6737653017044067,6116.0,6114.0
0.15394896268844604,3.522223472595215,-1.3203487396240234,0.6735610961914062,6120.0,6118.0
1.054775357246399,3.220424175262451,-1.3205162286758423,0.6733569502830505,6124.0,6122.0
0.13633529841899872,3.143357753753662,-1.3172036409378052,0.6731529235839844,6128.0,6126.0
0.15086635947227478,3.07008957862854,-1.3174877166748047,0.6729491353034973,6132.0,6130.0
0.15671783685684204,3.1175613403320312,-1.324181318283081,0.6727453470230103,6136.0,6134.0
0.11159297078847885,3.4085798263549805,-1.339306354522705,0.6725413799285889,6140.0,6138.0
0.13202232122421265,3.6052968502044678,-1.328486442565918,0.6723374724388123,6144.0,6142.0
0.1571352481842041,3.4195170402526855,-1.3233473300933838,0.6721336841583252,6148.0,6146.0
0.15326949954032898,3.2541115283966064,-1.3256288766860962,0.6719300150871277,6152.0,6150.0
0.15520364046096802,3.394545316696167,-1.3308817148208618,0.671726405620575,6156.0,6154.0
0.2096814513206482,3.2891149520874023,-1.3311103582382202,0.671522855758667,6160.0,6158.0
0.16729412972927094,3.2187867164611816,-1.335226058959961,0.671319305896759,6164.0,6162.0
0.14104348421096802,3.208993911743164,-1.3293243646621704,0.6711158752441406,6168.0,6166.0
0.15693728625774384,3.5508923530578613,-1.3304811716079712,0.670912504196167,6172.0,6170.0
0.2311817705631256,3.4211373329162598,-1.3291752338409424,0.6707093715667725,6176.0,6174.0
0.13406717777252197,3.425283193588257,-1.3347458839416504,0.6705062389373779,6180.0,6178.0
0.16778114438056946,3.693305730819702,-1.3140259981155396,0.6703035235404968,6184.0,6182.0
0.15590670704841614,3.3881142139434814,-1.3201494216918945,0.6701010465621948,6188.0,6186.0
0.1920187771320343,3.408552646636963,-1.3251832723617554,0.6698988080024719,6192.0,6190.0
0.15483419597148895,3.3139264583587646,-1.3446711301803589,0.6696964502334595,6196.0,6194.0
0.18455186486244202,3.2023911476135254,-1.334376335144043,0.6694942116737366,6200.0,6198.0
0.13170695304870605,3.1015193462371826,-1.354788064956665,0.6692917346954346,6204.0,6202.0
0.13209441304206848,3.445857286453247,-1.330788016319275,0.6690894961357117,6208.0,6206.0
0.1729581207036972,3.4579334259033203,-1.3420811891555786,0.6688872575759888,6212.0,6210.0
0.1447097212076187,3.5686392784118652,-1.3487638235092163,0.6686850190162659,6216.0,6214.0
1.0806405544281006,3.4300620555877686,-1.3495709896087646,0.6684827208518982,6220.0,6218.0
0.15982668101787567,3.135881185531616,-1.3511765003204346,0.6682803630828857,6224.0,6222.0
0.14259770512580872,3.3416025638580322,-1.3578150272369385,0.6680779457092285,6228.0,6226.0
0.18140172958374023,3.442911148071289,-1.3549025058746338,0.6678754687309265,6232.0,6230.0
0.1357804536819458,3.589125871658325,-1.350403070449829,0.6676730513572693,6236.0,6234.0
0.14454638957977295,3.651845932006836,-1.3573670387268066,0.6674705743789673,6240.0,6238.0
0.19945745170116425,3.336059808731079,-1.3530107736587524,0.6672682762145996,6244.0,6242.0
0.15699639916419983,3.226060628890991,-1.3638291358947754,0.6670657992362976,6248.0,6246.0
0.14251050353050232,3.6268317699432373,-1.363561749458313,0.6668632626533508,6252.0,6250.0
0.1624784916639328,3.546532154083252,-1.3608535528182983,0.6666607856750488,6256.0,6254.0
1.3183945417404175,3.2326815128326416,-1.3579728603363037,0.6664583683013916,6260.0,6258.0
0.17625081539154053,3.355675458908081,-1.3447918891906738,0.6662562489509583,6264.0,6262.0
0.13886988162994385,3.9260566234588623,-1.3605715036392212,0.6660541892051697,6268.0,6266.0
0.17704901099205017,3.423007011413574,-1.3579654693603516,0.6658521890640259,6272.0,6270.0
0.22197407484054565,3.7393510341644287,-1.3704884052276611,0.6656501889228821,6276.0,6274.0
0.14042425155639648,3.137857675552368,-1.3700990676879883,0.6654480695724487,6280.0,6278.0
0.16212984919548035,3.4492969512939453,-1.3575208187103271,0.6652461886405945,6284.0,6282.0
0.1711767315864563,3.3958492279052734,-1.368781328201294,0.6650443077087402,6288.0,6286.0
0.17254093289375305,3.48097562789917,-1.3590404987335205,0.6648426055908203,6292.0,6290.0
0.14243894815444946,3.443925380706787,-1.3682138919830322,0.6646409034729004,6296.0,6294.0
0.16660499572753906,3.7843446731567383,-1.3680025339126587,0.66443932056427,6300.0,6298.0
0.1253877580165863,3.4201297760009766,-1.3594145774841309,0.6642378568649292,6304.0,6302.0
0.21139854192733765,3.410092353820801,-1.3642346858978271,0.6640366315841675,6308.0,6306.0
0.16468967497348785,3.5001845359802246,-1.3761738538742065,0.6638352870941162,6312.0,6310.0
0.19819501042366028,3.414867877960205,-1.366658091545105,0.6636341214179993,6316.0,6314.0
1.4495770931243896,3.7248857021331787,-1.3641799688339233,0.6634331345558167,6320.0,6318.0
0.16116636991500854,3.4227488040924072,-1.3760426044464111,0.663232147693634,6324.0,6322.0
0.12146320194005966,3.3128597736358643,-1.3624906539916992,0.6630313992500305,6328.0,6326.0
0.18066787719726562,3.2503082752227783,-1.3791511058807373,0.6628305912017822,6332.0,6330.0
0.1629714071750641,3.648289442062378,-1.3662230968475342,0.662630021572113,6336.0,6334.0
0.144638329744339,3.622903347015381,-1.369821548461914,0.6624295711517334,6340.0,6338.0
0.13336165249347687,3.3406565189361572,-1.385243535041809,0.662229061126709,6344.0,6342.0
0.14550995826721191,3.614046573638916,-1.3805084228515625,0.6620285511016846,6348.0,6346.0
0.1441701054573059,3.649860382080078,-1.37446928024292,0.6618281602859497,6352.0,6350.0
1.1007025241851807,3.5695278644561768,-1.3848141431808472,0.6616277098655701,6356.0,6354.0
0.1402793526649475,3.355630397796631,-1.379650354385376,0.66142737865448,6360.0,6358.0
0.15585842728614807,3.3053457736968994,-1.386821985244751,0.6612271070480347,6364.0,6362.0
0.15947070717811584,3.8574461936950684,-1.3772032260894775,0.6610268950462341,6368.0,6366.0
0.16706059873104095,3.751894474029541,-1.3776838779449463,0.6608268618583679,6372.0,6370.0
0.1500859409570694,3.482802391052246,-1.380397081375122,0.6606269478797913,6376.0,6374.0
0.14979037642478943,3.809410572052002,-1.3910964727401733,0.6604270339012146,6380.0,6378.0
0.12747076153755188,3.5446043014526367,-1.3936086893081665,0.6602270603179932,6384.0,6382.0
0.17254576086997986,3.5570266246795654,-1.3972082138061523,0.660027027130127,6388.0,6386.0
1.2819609642028809,3.484950542449951,-1.3908615112304688,0.6598269939422607,6392.0,6390.0
0.1254418045282364,3.498340129852295,-1.3969557285308838,0.6596270203590393,6396.0,6394.0
0.16238127648830414,3.6910171508789062,-1.3925881385803223,0.6594271063804626,6400.0,6398.0
0.13836514949798584,3.4169628620147705,-1.3890095949172974,0.6592272520065308,6404.0,6402.0
0.1688936948776245,3.7133092880249023,-1.3970332145690918,0.6590275168418884,6408.0,6406.0
0.16991636157035828,3.739047050476074,-1.394831657409668,0.6588277816772461,6412.0,6410.0
0.14935752749443054,3.7104029655456543,-1.4062886238098145,0.658627986907959,6416.0,6414.0
0.1373794674873352,3.6142430305480957,-1.407568335533142,0.6584281325340271,6420.0,6418.0
0.15248948335647583,3.424480438232422,-1.4017155170440674,0.65822833776474,6424.0,6422.0
0.17553162574768066,3.5696072578430176,-1.4007923603057861,0.6580286026000977,6428.0,6426.0
0.15306206047534943,3.675471544265747,-1.4068667888641357,0.6578289270401001,6432.0,6430.0
0.19713594019412994,3.6401548385620117,-1.3973827362060547,0.6576293110847473,6436.0,6434.0
0.14570960402488708,3.3269801139831543,-1.3981099128723145,0.6574299335479736,6440.0,6438.0
0.15271475911140442,3.481642246246338,-1.4173283576965332,0.6572303771972656,6444.0,6442.0
0.11480657756328583,3.561725616455078,-1.4076730012893677,0.6570309400558472,6448.0,6446.0
0.14986929297447205,4.034113883972168,-1.3944826126098633,0.656831681728363,6452.0,6450.0
0.19669324159622192,3.4777510166168213,-1.4058012962341309,0.6566325426101685,6456.0,6454.0
0.15345539152622223,3.5693607330322266,-1.4131066799163818,0.6564334630966187,6460.0,6458.0
0.1916525959968567,3.8765902519226074,-1.4047831296920776,0.6562344431877136,6464.0,6462.0
0.21246220171451569,3.8132407665252686,-1.4058245420455933,0.6560355424880981,6468.0,6466.0
0.15729287266731262,3.783953905105591,-1.4065451622009277,0.655836820602417,6472.0,6470.0
0.1483229398727417,3.6674275398254395,-1.410284161567688,0.6556382179260254,6476.0,6474.0
0.1448889821767807,3.7707417011260986,-1.4088640213012695,0.6554396152496338,6480.0,6478.0
0.17641404271125793,3.492318630218506,-1.4171168804168701,0.6552411317825317,6484.0,6482.0
0.13720260560512543,3.893111228942871,-1.4171782732009888,0.6550425887107849,6488.0,6486.0
0.15592098236083984,3.759085178375244,-1.4136658906936646,0.6548442244529724,6492.0,6490.0
1.2359192371368408,3.692861557006836,-1.4175715446472168,0.6546458005905151,6496.0,6494.0
1.3023395538330078,3.87741756439209,-1.4156248569488525,0.6544475555419922,6500.0,6498.0
0.1557600051164627,3.713095188140869,-1.4058476686477661,0.6542495489120483,6504.0,6502.0
0.13625755906105042,3.553286075592041,-1.4200730323791504,0.6540515422821045,6508.0,6506.0
0.15790818631649017,3.589371681213379,-1.4170916080474854,0.6538536548614502,6512.0,6510.0
0.14403986930847168,3.597980260848999,-1.4109292030334473,0.6536559462547302,6516.0,6514.0
0.20831550657749176,3.8255462646484375,-1.4200373888015747,0.653458297252655,6520.0,6518.0
0.1566101759672165,3.780308246612549,-1.4185373783111572,0.6532607674598694,6524.0,6522.0
0.16143524646759033,3.715557336807251,-1.4239426851272583,0.6530632376670837,6528.0,6526.0
0.1898314356803894,3.8536202907562256,-1.4098799228668213,0.6528659462928772,6532.0,6530.0
0.190932035446167,4.110158443450928,-1.4289648532867432,0.6526687145233154,6536.0,6534.0
0.13803336024284363,3.8248214721679688,-1.4270823001861572,0.6524714231491089,6540.0,6538.0
0.16795870661735535,3.4579806327819824,-1.4196375608444214,0.6522743105888367,6544.0,6542.0
0.19527843594551086,3.6125433444976807,-1.4314587116241455,0.6520771980285645,6548.0,6546.0
0.19460682570934296,3.9902100563049316,-1.4339666366577148,0.6518800258636475,6552.0,6550.0
0.14493796229362488,4.0521345138549805,-1.425811529159546,0.65168297290802,6556.0,6554.0
0.14650556445121765,3.6080353260040283,-1.4323277473449707,0.6514859795570374,6560.0,6558.0
0.13541854918003082,3.900574207305908,-1.4313209056854248,0.6512890458106995,6564.0,6562.0
0.10533599555492401,3.685896635055542,-1.4311203956604004,0.6510921716690063,6568.0,6566.0
0.13122284412384033,3.9772205352783203,-1.4378780126571655,0.6508952975273132,6572.0,6570.0
1.5150398015975952,3.7361950874328613,-1.4368350505828857,0.6506984233856201,6576.0,6574.0
0.1579587757587433,3.7142860889434814,-1.4345084428787231,0.6505016684532166,6580.0,6578.0
0.17100171744823456,3.6821227073669434,-1.421579122543335,0.6503052115440369,6584.0,6582.0
0.18736547231674194,3.654356002807617,-1.4331361055374146,0.650108814239502,6588.0,6586.0
0.19267648458480835,3.8733208179473877,-1.4437586069107056,0.6499123573303223,6592.0,6590.0
0.16136276721954346,3.690661668777466,-1.4428176879882812,0.6497159600257874,6596.0,6594.0
0.21899068355560303,3.8867154121398926,-1.4392579793930054,0.6495196223258972,6600.0,6598.0
0.1739196479320526,3.8645877838134766,-1.4481239318847656,0.6493232250213623,6604.0,6602.0
0.16765443980693817,3.769528388977051,-1.431810736656189,0.6491270661354065,6608.0,6606.0
0.18986916542053223,3.7864420413970947,-1.4425501823425293,0.6489309072494507,6612.0,6610.0
0.18213596940040588,3.8413805961608887,-1.46409010887146,0.6487346291542053,6616.0,6614.0
0.17156514525413513,3.856673240661621,-1.456686019897461,0.6485382318496704,6620.0,6618.0
0.1422300934791565,3.912971019744873,-1.4502243995666504,0.6483418345451355,6624.0,6622.0
0.16241759061813354,4.095931053161621,-1.4463967084884644,0.6481456160545349,6628.0,6626.0
0.14774835109710693,3.6221976280212402,-1.452843189239502,0.6479493975639343,6632.0,6630.0
1.5717370510101318,3.9741592407226562,-1.4597828388214111,0.647753119468689,6636.0,6634.0
0.14698675274848938,3.887645721435547,-1.4444308280944824,0.6475570201873779,6640.0,6638.0
0.12050783634185791,3.8467013835906982,-1.4585399627685547,0.6473609805107117,6644.0,6642.0
0.15122178196907043,4.2827959060668945,-1.441731333732605,0.6471651196479797,6648.0,6646.0
1.2064013481140137,3.899810552597046,-1.4413106441497803,0.6469695568084717,6652.0,6650.0
0.17577508091926575,3.6085643768310547,-1.462282419204712,0.6467739343643188,6656.0,6654.0
1.5478894710540771,4.152780532836914,-1.448436975479126,0.6465784311294556,6660.0,6658.0
0.15327994525432587,3.7215168476104736,-1.4693408012390137,0.6463828682899475,6664.0,6662.0
1.207334280014038,3.8763625621795654,-1.447374701499939,0.6461874842643738,6668.0,6666.0
0.13854463398456573,3.607164144515991,-1.4531824588775635,0.6459922790527344,6672.0,6670.0
0.14421281218528748,4.022579669952393,-1.4553344249725342,0.6457971334457397,6676.0,6674.0
0.20122815668582916,3.762903928756714,-1.452763557434082,0.6456021666526794,6680.0,6678.0
0.13274416327476501,3.6512913703918457,-1.4651281833648682,0.6454071998596191,6684.0,6682.0
0.16737321019172668,4.000896453857422,-1.4568555355072021,0.6452122926712036,6688.0,6686.0
0.17423728108406067,4.0531907081604,-1.4586422443389893,0.6450176239013672,6692.0,6690.0
0.18241845071315765,3.9262137413024902,-1.464111328125,0.644822895526886,6696.0,6694.0
0.2177804410457611,3.942507743835449,-1.4638309478759766,0.6446282267570496,6700.0,6698.0
0.18546529114246368,4.008734703063965,-1.4699360132217407,0.6444336175918579,6704.0,6702.0
0.21016466617584229,4.0235676765441895,-1.4814504384994507,0.6442388296127319,6708.0,6706.0
0.19621172547340393,3.9792845249176025,-1.4778610467910767,0.6440439820289612,6712.0,6710.0
0.16887380182743073,3.9157652854919434,-1.4667472839355469,0.64384925365448,6716.0,6714.0
0.15549641847610474,3.9464972019195557,-1.4790328741073608,0.643654465675354,6720.0,6718.0
0.11705751717090607,3.8901920318603516,-1.4708096981048584,0.6434597969055176,6724.0,6722.0
0.2029830813407898,3.9662251472473145,-1.4844706058502197,0.6432650685310364,6728.0,6726.0
0.15419073402881622,3.921837329864502,-1.477704644203186,0.6430703401565552,6732.0,6730.0
0.15057440102100372,3.8992245197296143,-1.4731184244155884,0.6428757309913635,6736.0,6734.0
0.16257497668266296,3.873821258544922,-1.4711861610412598,0.6426813006401062,6740.0,6738.0
0.19253462553024292,3.5779190063476562,-1.4650018215179443,0.642487108707428,6744.0,6742.0
0.14597313106060028,3.803786277770996,-1.4778947830200195,0.6422929763793945,6748.0,6746.0
1.3137240409851074,4.029909610748291,-1.4775400161743164,0.6420989036560059,6752.0,6750.0
0.18265101313591003,4.208905220031738,-1.4797810316085815,0.641904890537262,6756.0,6754.0
0.15133771300315857,4.01588249206543,-1.4881596565246582,0.6417108178138733,6760.0,6758.0
0.16414974629878998,4.403377056121826,-1.479454517364502,0.6415168642997742,6764.0,6762.0
0.12283086776733398,3.8833816051483154,-1.4787957668304443,0.6413230299949646,6768.0,6766.0
0.11210425943136215,3.7969672679901123,-1.4957070350646973,0.6411291360855103,6772.0,6770.0
0.21280011534690857,3.750080108642578,-1.4867298603057861,0.6409352421760559,6776.0,6774.0
1.4318903684616089,3.9237797260284424,-1.4745292663574219,0.6407415866851807,6780.0,6778.0
1.3742948770523071,3.986523151397705,-1.4829026460647583,0.640548050403595,6784.0,6782.0
0.19876226782798767,3.838744640350342,-1.4908349514007568,0.6403545141220093,6788.0,6786.0
0.1494668573141098,4.05618953704834,-1.5011574029922485,0.6401609182357788,6792.0,6790.0
0.17329591512680054,3.9279959201812744,-1.505638599395752,0.639967143535614,6796.0,6794.0
0.16894562542438507,3.7812886238098145,-1.4889111518859863,0.6397735476493835,6800.0,6798.0
0.15892136096954346,3.977714776992798,-1.496303677558899,0.6395799517631531,6804.0,6802.0
0.20760774612426758,3.938432455062866,-1.4917900562286377,0.6393864154815674,6808.0,6806.0
0.14528672397136688,3.7194344997406006,-1.492201328277588,0.639193058013916,6812.0,6810.0
0.18263280391693115,3.88444185256958,-1.4944312572479248,0.6389997601509094,6816.0,6814.0
0.1916664093732834,4.086537837982178,-1.4930169582366943,0.6388065814971924,6820.0,6818.0
0.13720479607582092,3.9938409328460693,-1.488405704498291,0.6386135816574097,6824.0,6822.0
0.20727021992206573,4.011543273925781,-1.4930545091629028,0.6384207010269165,6828.0,6826.0
0.19747480750083923,4.01801872253418,-1.491014003753662,0.6382279396057129,6832.0,6830.0
0.17831823229789734,3.84096097946167,-1.4910316467285156,0.6380354166030884,6836.0,6834.0
0.17046497762203217,4.025079250335693,-1.510554552078247,0.6378427743911743,6840.0,6838.0
0.1722596287727356,3.864811420440674,-1.4949103593826294,0.6376502513885498,6844.0,6842.0
0.19176501035690308,4.179932117462158,-1.5074524879455566,0.6374577283859253,6848.0,6846.0
0.16633275151252747,3.8542709350585938,-1.4910101890563965,0.6372654438018799,6852.0,6850.0
0.19308608770370483,3.94209623336792,-1.4951865673065186,0.637073278427124,6856.0,6854.0
0.1342875361442566,3.9560108184814453,-1.5117613077163696,0.6368810534477234,6860.0,6858.0
0.1789754331111908,3.9162464141845703,-1.5102472305297852,0.6366888284683228,6864.0,6862.0
1.652370810508728,4.042431354522705,-1.5144206285476685,0.6364966034889221,6868.0,6866.0
0.19425994157791138,3.9966557025909424,-1.4979265928268433,0.6363045573234558,6872.0,6870.0
0.1486128270626068,4.331173896789551,-1.5101573467254639,0.6361125707626343,6876.0,6874.0
0.17079412937164307,4.2176690101623535,-1.525452733039856,0.6359204053878784,6880.0,6878.0
0.19232651591300964,4.197101593017578,-1.5215942859649658,0.6357281804084778,6884.0,6882.0
0.16868948936462402,4.502708435058594,-1.5090603828430176,0.6355360746383667,6888.0,6886.0
0.1326475590467453,3.6636714935302734,-1.5170924663543701,0.6353440284729004,6892.0,6890.0
0.14366181194782257,3.907836437225342,-1.5155563354492188,0.6351519823074341,6896.0,6894.0
0.179442897439003,3.8289804458618164,-1.5281020402908325,0.6349599361419678,6900.0,6898.0
0.1872333586215973,4.113744258880615,-1.5180039405822754,0.6347678899765015,6904.0,6902.0
0.11775875091552734,3.9504146575927734,-1.504065752029419,0.634576141834259,6908.0,6906.0
1.6995575428009033,3.8790059089660645,-1.5113272666931152,0.6343845725059509,6912.0,6910.0
0.1826259046792984,4.049154281616211,-1.5046842098236084,0.6341931819915771,6916.0,6914.0
0.20985934138298035,4.315642356872559,-1.5164239406585693,0.6340019702911377,6920.0,6918.0
0.18962588906288147,4.096569538116455,-1.540315866470337,0.6338105201721191,6924.0,6922.0
0.1531088948249817,3.963409662246704,-1.520601749420166,0.6336191296577454,6928.0,6926.0
0.17248648405075073,4.056344509124756,-1.5269747972488403,0.6334277391433716,6932.0,6930.0
1.3795664310455322,4.277485370635986,-1.5202966928482056,0.6332365274429321,6936.0,6934.0
0.19302982091903687,4.167076110839844,-1.5338183641433716,0.6330452561378479,6940.0,6938.0
0.17580921947956085,4.270421504974365,-1.5214892625808716,0.6328541040420532,6944.0,6942.0
0.1696339249610901,4.205293655395508,-1.5475249290466309,0.6326627731323242,6948.0,6946.0
0.1779617965221405,4.309545516967773,-1.5321540832519531,0.63247150182724,6952.0,6950.0
1.72281813621521,3.912968158721924,-1.5408895015716553,0.632280170917511,6956.0,6954.0
0.14426478743553162,4.078350067138672,-1.5376741886138916,0.632088840007782,6960.0,6958.0
0.16948208212852478,4.027342319488525,-1.5427119731903076,0.6318974494934082,6964.0,6962.0
0.17086684703826904,4.055008411407471,-1.5361868143081665,0.631706178188324,6968.0,6966.0
1.3160815238952637,3.9573464393615723,-1.5444025993347168,0.6315149068832397,6972.0,6970.0
0.23363091051578522,3.9903812408447266,-1.5424519777297974,0.6313235759735107,6976.0,6974.0
0.18705499172210693,4.35767126083374,-1.5435004234313965,0.6311323642730713,6980.0,6978.0
0.15591484308242798,4.122706890106201,-1.5300812721252441,0.6309413313865662,6984.0,6982.0
0.12890490889549255,4.028902053833008,-1.5506818294525146,0.6307502388954163,6988.0,6986.0
0.175449937582016,4.367344856262207,-1.556602120399475,0.6305590867996216,6992.0,6990.0
0.24566517770290375,4.272737503051758,-1.5560508966445923,0.6303678154945374,6996.0,6994.0
0.19736270606517792,3.9755094051361084,-1.542807936668396,0.6301766633987427,7000.0,6998.0
0.192905992269516,3.9139585494995117,-1.5375967025756836,0.6299857497215271,7004.0,7002.0
0.17385216057300568,4.160770893096924,-1.5483630895614624,0.6297948956489563,7008.0,7006.0
0.16826686263084412,4.1297502517700195,-1.5257114171981812,0.6296043992042542,7012.0,7010.0
0.22420582175254822,4.257761001586914,-1.5228264331817627,0.6294142603874207,7016.0,7014.0
0.19126658141613007,4.510555267333984,-1.525517463684082,0.629224419593811,7020.0,7018.0
0.16506725549697876,3.9560508728027344,-1.547534704208374,0.6290346384048462,7024.0,7022.0
1.4072465896606445,4.13763427734375,-1.5557172298431396,0.6288447976112366,7028.0,7026.0
1.5434976816177368,4.324797630310059,-1.5473012924194336,0.6286550164222717,7032.0,7030.0
0.13331599533557892,4.378430366516113,-1.5450999736785889,0.6284653544425964,7036.0,7034.0
0.17894452810287476,4.182090759277344,-1.551706314086914,0.6282757520675659,7040.0,7038.0
0.1644420027732849,4.146446228027344,-1.5639235973358154,0.6280860304832458,7044.0,7042.0
0.1643516570329666,4.362502098083496,-1.5431678295135498,0.6278964877128601,7048.0,7046.0
0.20690873265266418,4.2105255126953125,-1.5559295415878296,0.6277070045471191,7052.0,7050.0
0.16609615087509155,4.192084312438965,-1.55733323097229,0.6275175213813782,7056.0,7054.0
0.14794370532035828,4.242429256439209,-1.5548818111419678,0.6273281574249268,7060.0,7058.0
0.18388095498085022,4.027071475982666,-1.5554652214050293,0.6271387934684753,7064.0,7062.0
0.17741377651691437,4.230681419372559,-1.5553934574127197,0.6269495487213135,7068.0,7066.0
0.12078654021024704,4.079134464263916,-1.5664911270141602,0.6267603039741516,7072.0,7070.0
1.3623790740966797,4.323051929473877,-1.5603018999099731,0.6265711188316345,7076.0,7074.0
0.15896567702293396,4.219916343688965,-1.5643930435180664,0.6263819336891174,7080.0,7078.0
0.18678343296051025,4.5689802169799805,-1.5622363090515137,0.6261928081512451,7084.0,7082.0
0.17103852331638336,4.270717620849609,-1.5823132991790771,0.6260035037994385,7088.0,7086.0
0.23880571126937866,4.120938777923584,-1.5724679231643677,0.6258141994476318,7092.0,7090.0
1.6214046478271484,4.322468280792236,-1.5814197063446045,0.6256247758865356,7096.0,7094.0
0.15615004301071167,4.0804314613342285,-1.5613254308700562,0.6254355311393738,7100.0,7098.0
0.13149762153625488,4.602682113647461,-1.5704411268234253,0.6252463459968567,7104.0,7102.0
0.15674038231372833,4.13686466217041,-1.5850348472595215,0.6250571012496948,7108.0,7106.0
0.17413091659545898,4.343593120574951,-1.5592820644378662,0.6248680353164673,7112.0,7110.0
1.8131656646728516,4.104555130004883,-1.5656027793884277,0.6246791481971741,7116.0,7114.0
0.16615819931030273,4.091580390930176,-1.580193042755127,0.6244902610778809,7120.0,7118.0
0.13053151965141296,4.056769371032715,-1.5828890800476074,0.6243013143539429,7124.0,7122.0
0.22529388964176178,4.159423828125,-1.5686994791030884,0.6241124868392944,7128.0,7126.0
0.19926106929779053,4.400852203369141,-1.5788511037826538,0.6239237785339355,7132.0,7130.0
0.14815181493759155,4.34153413772583,-1.5884841680526733,0.6237349510192871,7136.0,7134.0
0.16675519943237305,4.311491012573242,-1.5677049160003662,0.6235463619232178,7140.0,7138.0
0.17081379890441895,4.816753387451172,-1.582503318786621,0.6233578324317932,7144.0,7142.0
0.1587885618209839,4.280434608459473,-1.5806159973144531,0.6231693625450134,7148.0,7146.0
1.5851905345916748,4.294055938720703,-1.5752288103103638,0.6229810118675232,7152.0,7150.0
0.2009906768798828,4.098920822143555,-1.5842052698135376,0.6227927207946777,7156.0,7154.0
0.15943849086761475,4.436000823974609,-1.573407530784607,0.6226046085357666,7160.0,7158.0
0.15029296278953552,4.280307769775391,-1.596405267715454,0.6224163770675659,7164.0,7162.0
0.2504941523075104,4.6403303146362305,-1.5881516933441162,0.62222820520401,7168.0,7166.0
0.17550374567508698,4.700796127319336,-1.5773017406463623,0.6220402121543884,7172.0,7170.0
0.18785396218299866,4.2480316162109375,-1.589800238609314,0.6218522191047668,7176.0,7174.0
0.1421951949596405,4.417529106140137,-1.6047728061676025,0.6216641068458557,7180.0,7178.0
1.7388970851898193,4.2912726402282715,-1.5834531784057617,0.6214761734008789,7184.0,7182.0
0.1977740228176117,4.266232013702393,-1.584100604057312,0.6212883591651917,7188.0,7186.0
0.22235062718391418,4.288773059844971,-1.5899170637130737,0.621100664138794,7192.0,7190.0
0.1429341733455658,4.343960285186768,-1.594230055809021,0.6209129691123962,7196.0,7194.0
0.1792343407869339,4.272078990936279,-1.5810763835906982,0.6207254528999329,7200.0,7198.0
0.17495018243789673,4.266717433929443,-1.5871697664260864,0.6205381155014038,7204.0,7200.0
0.16481584310531616,4.520934581756592,-1.5992631912231445,0.6203507781028748,7208.0,7204.0
1.4788494110107422,4.404574871063232,-1.5768038034439087,0.6201636791229248,7212.0,7208.0
0.21792075037956238,4.189969062805176,-1.5913209915161133,0.6199766993522644,7216.0,7212.0
0.21327826380729675,4.252800941467285,-1.5888433456420898,0.6197898387908936,7220.0,7216.0
0.17573243379592896,4.3648786544799805,-1.6029490232467651,0.6196029186248779,7224.0,7220.0
0.31781554222106934,4.404781341552734,-1.580939531326294,0.6194162964820862,7228.0,7224.0
0.11911578476428986,4.1934051513671875,-1.6044296026229858,0.6192296147346497,7232.0,7228.0
0.247502863407135,4.318186283111572,-1.5825369358062744,0.6190431714057922,7236.0,7232.0
0.30407261848449707,4.112611770629883,-1.608604907989502,0.61885666847229,7240.0,7236.0
0.30792975425720215,4.38746976852417,-1.5971572399139404,0.6186702847480774,7244.0,7240.0
0.13238424062728882,4.636679172515869,-1.6213148832321167,0.6184837222099304,7248.0,7244.0
0.23922590911388397,4.470893859863281,-1.5952131748199463,0.618297278881073,7252.0,7248.0
1.49294114112854,4.452805995941162,-1.6208853721618652,0.618110716342926,7256.0,7252.0
0.15520703792572021,4.379758358001709,-1.6185377836227417,0.6179240942001343,7260.0,7256.0
0.22960267961025238,4.583569526672363,-1.6066220998764038,0.6177375316619873,7264.0,7260.0
0.1611112803220749,4.44146203994751,-1.61652672290802,0.6175509095191956,7268.0,7264.0
0.30737924575805664,4.342798233032227,-1.6102172136306763,0.6173644065856934,7272.0,7268.0
0.20871233940124512,4.587388038635254,-1.6216354370117188,0.6171778440475464,7276.0,7272.0
0.22059229016304016,4.436943054199219,-1.61739182472229,0.6169913411140442,7280.0,7276.0
0.26362982392311096,4.292871952056885,-1.6002434492111206,0.6168050169944763,7284.0,7280.0
1.766756534576416,4.552824020385742,-1.5949981212615967,0.6166189908981323,7288.0,7284.0
0.24771995842456818,4.53453254699707,-1.6204497814178467,0.6164329648017883,7292.0,7288.0
0.1724303513765335,4.461899280548096,-1.623189091682434,0.6162468791007996,7296.0,7292.0
0.1854250431060791,4.19534969329834,-1.6165562868118286,0.6160608530044556,7300.0,7296.0
0.2819700837135315,4.391634941101074,-1.6205867528915405,0.6158748865127563,7304.0,7300.0
0.23498758673667908,4.5591912269592285,-1.620941162109375,0.6156889796257019,7308.0,7304.0
0.22125867009162903,4.26286506652832,-1.6215864419937134,0.6155030727386475,7312.0,7308.0
0.21054813265800476,4.587618827819824,-1.6185896396636963,0.6153173446655273,7316.0,7312.0
0.18725189566612244,4.379096984863281,-1.6278460025787354,0.6151314973831177,7320.0,7316.0
0.16512338817119598,4.569067001342773,-1.6133373975753784,0.6149458885192871,7324.0,7320.0
0.24703533947467804,4.264788627624512,-1.6138805150985718,0.6147604584693909,7328.0,7324.0
0.20513296127319336,4.555717468261719,-1.641161322593689,0.6145749092102051,7332.0,7328.0
0.23544222116470337,4.2850751876831055,-1.6217085123062134,0.6143894791603088,7336.0,7332.0
0.15935242176055908,4.389438629150391,-1.6267881393432617,0.6142040491104126,7340.0,7336.0
0.19813327491283417,4.713099002838135,-1.6289788484573364,0.6140186786651611,7344.0,7340.0
0.2849637269973755,4.426901817321777,-1.6113810539245605,0.6138336062431335,7348.0,7344.0
0.21704687178134918,4.706731796264648,-1.6275150775909424,0.6136485934257507,7352.0,7348.0
0.2389414757490158,4.354000091552734,-1.6191043853759766,0.6134637594223022,7356.0,7352.0
0.24307237565517426,4.839780807495117,-1.6224074363708496,0.6132790446281433,7360.0,7356.0
0.194495290517807,4.907022476196289,-1.6300439834594727,0.6130943894386292,7364.0,7360.0
3.314732551574707,4.443955898284912,-1.6284326314926147,0.6129097938537598,7368.0,7364.0
1.7363660335540771,4.351029872894287,-1.6294500827789307,0.6127252578735352,7372.0,7368.0
0.23708432912826538,4.140073299407959,-1.6359715461730957,0.6125407814979553,7376.0,7372.0
0.22898438572883606,4.311225891113281,-1.6473820209503174,0.6123561859130859,7380.0,7376.0
0.19593492150306702,4.487344264984131,-1.6326075792312622,0.6121717095375061,7384.0,7380.0
0.174923375248909,4.376657009124756,-1.6415756940841675,0.6119872331619263,7388.0,7384.0
0.2168251872062683,4.342620372772217,-1.6477978229522705,0.6118026375770569,7392.0,7388.0
0.17546120285987854,4.5405659675598145,-1.656057357788086,0.6116180419921875,7396.0,7392.0
0.16775740683078766,4.354907035827637,-1.6421582698822021,0.6114333868026733,7400.0,7396.0
0.21270851790905,4.200228691101074,-1.6470917463302612,0.6112488508224487,7404.0,7400.0
0.19570985436439514,4.010409832000732,-1.6534478664398193,0.6110641956329346,7408.0,7404.0
0.24220487475395203,4.3587493896484375,-1.6473348140716553,0.61087965965271,7412.0,7408.0
0.1865544468164444,4.539915561676025,-1.63710355758667,0.6106952428817749,7416.0,7412.0
0.22416852414608002,4.476012706756592,-1.6574206352233887,0.6105108261108398,7420.0,7416.0
0.3179972469806671,4.52037239074707,-1.6447263956069946,0.6103265285491943,7424.0,7420.0
0.2820242941379547,4.076265335083008,-1.6408708095550537,0.6101423501968384,7428.0,7424.0
0.21126103401184082,4.434946060180664,-1.6474910974502563,0.609958291053772,7432.0,7428.0
0.21285711228847504,4.370002746582031,-1.6489567756652832,0.6097742915153503,7436.0,7432.0
0.24875585734844208,4.063163757324219,-1.6482062339782715,0.6095904111862183,7440.0,7436.0
0.17269116640090942,4.426331043243408,-1.641385793685913,0.6094067096710205,7444.0,7440.0
0.2349402904510498,4.602510452270508,-1.6364585161209106,0.6092232465744019,7448.0,7444.0
0.19245311617851257,4.55960750579834,-1.6327831745147705,0.6090400218963623,7452.0,7448.0
0.23754574358463287,4.482563018798828,-1.6492674350738525,0.6088569164276123,7456.0,7452.0
0.13581553101539612,4.4179887771606445,-1.6427717208862305,0.6086739301681519,7460.0,7456.0
0.17142567038536072,4.5504961013793945,-1.6466901302337646,0.608491063117981,7464.0,7460.0
0.21225512027740479,4.524789333343506,-1.6513067483901978,0.6083082556724548,7468.0,7464.0
0.1615505814552307,4.693296909332275,-1.6570768356323242,0.6081254482269287,7472.0,7468.0
0.16227351129055023,4.66415548324585,-1.6497371196746826,0.6079427599906921,7476.0,7472.0
0.16672436892986298,4.588366985321045,-1.653505802154541,0.6077601909637451,7480.0,7476.0
0.14940492808818817,4.691484451293945,-1.6592978239059448,0.6075775623321533,7484.0,7480.0
1.5893936157226562,4.455493927001953,-1.6754882335662842,0.6073948740959167,7488.0,7484.0
1.801548957824707,4.6205549240112305,-1.6654249429702759,0.6072121262550354,7492.0,7488.0
0.18309864401817322,4.31313943862915,-1.6676971912384033,0.607029378414154,7496.0,7492.0
0.18686501681804657,4.613005638122559,-1.6649538278579712,0.6068466901779175,7500.0,7496.0
0.2308485507965088,4.505142688751221,-1.6567840576171875,0.6066641211509705,7504.0,7500.0
0.209730327129364,4.618349075317383,-1.6728346347808838,0.6064814925193787,7508.0,7504.0
0.19236671924591064,4.378119468688965,-1.6642104387283325,0.6062989830970764,7512.0,7508.0
0.16502557694911957,4.344766616821289,-1.6722038984298706,0.6061164736747742,7516.0,7512.0
0.17910686135292053,4.258479118347168,-1.6708647012710571,0.6059339642524719,7520.0,7516.0
0.1732509285211563,4.34637451171875,-1.669615626335144,0.6057515144348145,7524.0,7520.0
0.21219024062156677,4.433795928955078,-1.6623497009277344,0.6055692434310913,7528.0,7524.0
0.1897493302822113,4.514927864074707,-1.6879184246063232,0.6053868532180786,7532.0,7528.0
0.2120070457458496,4.530179500579834,-1.675462007522583,0.6052045226097107,7536.0,7532.0
0.1584855616092682,4.401188850402832,-1.6670610904693604,0.6050223112106323,7540.0,7536.0
0.21858052909374237,4.643889427185059,-1.664105772972107,0.6048402190208435,7544.0,7540.0
0.17139503359794617,4.7480645179748535,-1.6853190660476685,0.6046581268310547,7548.0,7544.0
0.17153072357177734,4.239389896392822,-1.666013240814209,0.6044762134552002,7552.0,7548.0
0.20022763311862946,4.308884620666504,-1.6801562309265137,0.6042943000793457,7556.0,7552.0
0.2224617898464203,4.616565227508545,-1.6796388626098633,0.6041123867034912,7560.0,7556.0
0.16327406466007233,4.6102142333984375,-1.6789450645446777,0.6039305925369263,7564.0,7560.0
0.15255045890808105,4.579303741455078,-1.6831910610198975,0.6037487983703613,7568.0,7564.0
1.6440165042877197,4.589707374572754,-1.7008388042449951,0.6035668849945068,7572.0,7568.0
0.1858832836151123,4.443232536315918,-1.6699881553649902,0.6033851504325867,7576.0,7572.0
0.17310693860054016,3.9952480792999268,-1.6799321174621582,0.603203535079956,7580.0,7576.0
1.8230195045471191,4.755577564239502,-1.6712371110916138,0.6030220985412598,7584.0,7580.0
0.13024941086769104,4.46875524520874,-1.6873395442962646,0.6028407216072083,7588.0,7584.0
0.1730489432811737,4.678719997406006,-1.7003023624420166,0.6026592254638672,7592.0,7588.0
0.17185765504837036,4.538736820220947,-1.6942542791366577,0.6024776697158813,7596.0,7592.0
0.16749247908592224,4.367031097412109,-1.6969109773635864,0.6022961735725403,7600.0,7596.0
0.14832136034965515,4.378067970275879,-1.6938778162002563,0.6021146774291992,7604.0,7600.0
0.1523214876651764,4.325079441070557,-1.7072463035583496,0.6019330620765686,7608.0,7604.0
0.2130943387746811,4.002077102661133,-1.7023627758026123,0.601751446723938,7612.0,7608.0
0.22056782245635986,4.5518293380737305,-1.7052412033081055,0.6015698313713074,7616.0,7612.0
2.041969060897827,4.3160858154296875,-1.6876004934310913,0.6013883352279663,7620.0,7616.0
0.18177008628845215,4.5395965576171875,-1.7070600986480713,0.6012068390846252,7624.0,7620.0
0.2137201428413391,4.41583251953125,-1.7051608562469482,0.6010253429412842,7628.0,7624.0
0.18797710537910461,4.396766185760498,-1.6969815492630005,0.6008439660072327,7632.0,7628.0
0.19670119881629944,4.7965898513793945,-1.7008161544799805,0.6006625890731812,7636.0,7632.0
0.15318110585212708,4.4210309982299805,-1.6796879768371582,0.6004815697669983,7640.0,7636.0
0.204255610704422,4.481094837188721,-1.7106897830963135,0.6003005504608154,7644.0,7640.0
1.6154426336288452,4.377416610717773,-1.7176322937011719,0.600119411945343,7648.0,7644.0
0.15238600969314575,4.850799560546875,-1.71126127243042,0.5999382734298706,7652.0,7648.0
0.18490943312644958,4.695890426635742,-1.6966710090637207,0.5997573137283325,7656.0,7652.0
0.18731367588043213,4.821101188659668,-1.7013845443725586,0.599576473236084,7660.0,7656.0
0.13376814126968384,4.4289350509643555,-1.7105557918548584,0.5993956923484802,7664.0,7660.0
0.14704498648643494,4.563780784606934,-1.7146918773651123,0.5992148518562317,7668.0,7664.0
0.16085416078567505,4.412261962890625,-1.7117607593536377,0.5990341305732727,7672.0,7668.0
0.15278474986553192,4.2682671546936035,-1.699479103088379,0.5988535284996033,7676.0,7672.0
0.17668211460113525,4.608437538146973,-1.6869354248046875,0.5986732840538025,7680.0,7676.0
0.2700934410095215,4.42875862121582,-1.7042417526245117,0.5984930992126465,7684.0,7680.0
0.17549169063568115,4.589186668395996,-1.712630033493042,0.59831303358078,7688.0,7684.0
1.8511595726013184,4.498478889465332,-1.7121610641479492,0.5981329679489136,7692.0,7688.0
0.19262951612472534,4.348173141479492,-1.7294892072677612,0.5979527235031128,7696.0,7692.0
0.1766282618045807,4.580475330352783,-1.7121577262878418,0.5977726578712463,7700.0,7696.0
0.1814454346895218,4.565870761871338,-1.713287115097046,0.5975926518440247,7704.0,7700.0
0.22399726510047913,4.872135639190674,-1.7044562101364136,0.5974128246307373,7708.0,7704.0
0.18728268146514893,4.530264854431152,-1.7168309688568115,0.5972330570220947,7712.0,7708.0
0.1544133424758911,4.500452995300293,-1.7330760955810547,0.5970531702041626,7716.0,7712.0
0.20862016081809998,4.374643325805664,-1.727464199066162,0.5968732833862305,7720.0,7716.0
0.2020590752363205,4.1779680252075195,-1.712941288948059,0.5966935157775879,7724.0,7720.0
1.7490723133087158,4.465648651123047,-1.7036149501800537,0.5965140461921692,7728.0,7724.0
1.7399945259094238,4.9364471435546875,-1.7243194580078125,0.5963345766067505,7732.0,7728.0
0.3167448043823242,4.753637313842773,-1.734691858291626,0.596155047416687,7736.0,7732.0
0.488468736410141,4.445898056030273,-1.696953535079956,0.5959758162498474,7740.0,7736.0
0.21544623374938965,4.341707706451416,-1.6915812492370605,0.5957970023155212,7744.0,7740.0
0.17666351795196533,4.624732971191406,-1.7285246849060059,0.5956181287765503,7748.0,7744.0
0.19606339931488037,4.814943313598633,-1.7240936756134033,0.5954393744468689,7752.0,7748.0
0.25310614705085754,4.75107479095459,-1.7143418788909912,0.5952606797218323,7756.0,7752.0
2.653768539428711,4.87583589553833,-1.6970529556274414,0.5950823426246643,7760.0,7756.0
0.23826202750205994,4.305606842041016,-1.747955322265625,0.594903826713562,7764.0,7760.0
0.6589496731758118,4.243573188781738,-1.7213592529296875,0.5947253704071045,7768.0,7764.0
0.4805614948272705,4.525335311889648,-1.7274649143218994,0.5945469737052917,7772.0,7768.0
0.16425228118896484,4.89034366607666,-1.7424490451812744,0.5943684577941895,7776.0,7772.0
0.37516218423843384,4.813055038452148,-1.722858190536499,0.5941900610923767,7780.0,7776.0
0.7976440787315369,4.603753089904785,-1.7169662714004517,0.5940119028091431,7784.0,7780.0
0.8418116569519043,4.621359825134277,-1.7384003400802612,0.5938336253166199,7788.0,7784.0
0.3002142906188965,4.770539283752441,-1.731804609298706,0.5936554670333862,7792.0,7788.0
0.5137215256690979,4.484307765960693,-1.70939040184021,0.5934775471687317,7796.0,7792.0
0.3819506764411926,4.740354537963867,-1.7285045385360718,0.5932997465133667,7800.0,7796.0
0.3781169056892395,4.760153770446777,-1.7175753116607666,0.5931221842765808,7804.0,7800.0
0.7926557064056396,4.568354606628418,-1.7293741703033447,0.5929446220397949,7808.0,7804.0
0.22312715649604797,4.697105407714844,-1.750104308128357,0.5927670001983643,7812.0,7808.0
0.6962652206420898,4.671343803405762,-1.7317007780075073,0.5925894379615784,7816.0,7812.0
0.4043117165565491,4.820703983306885,-1.7420889139175415,0.5924118757247925,7820.0,7816.0
0.48179370164871216,4.342669486999512,-1.753624439239502,0.592234194278717,7824.0,7820.0
0.3045614957809448,4.575850486755371,-1.7514485120773315,0.5920564532279968,7828.0,7824.0
0.30369502305984497,5.008876323699951,-1.7603923082351685,0.5918785929679871,7832.0,7828.0
0.4403553605079651,4.552547931671143,-1.7454631328582764,0.5917007923126221,7836.0,7832.0
0.57057785987854,4.493192672729492,-1.7517411708831787,0.5915229320526123,7840.0,7836.0
0.5558084845542908,4.6401448249816895,-1.7404643297195435,0.5913452506065369,7844.0,7840.0
0.5471287965774536,4.640083312988281,-1.743615746498108,0.5911676287651062,7848.0,7844.0
0.7647852301597595,4.541017532348633,-1.7538938522338867,0.5909900069236755,7852.0,7848.0
0.6237743496894836,4.39089298248291,-1.7584316730499268,0.5908123850822449,7856.0,7852.0
0.45516514778137207,4.5697021484375,-1.7515207529067993,0.5906347632408142,7860.0,7856.0
0.4861128330230713,4.453862190246582,-1.7455849647521973,0.5904573202133179,7864.0,7860.0
0.4485728144645691,5.043309211730957,-1.7366000413894653,0.5902800559997559,7868.0,7864.0
0.5039775371551514,4.787313938140869,-1.7702854871749878,0.5901027321815491,7872.0,7868.0
0.34342414140701294,4.932323455810547,-1.7482538223266602,0.5899254679679871,7876.0,7872.0
0.29297584295272827,4.834795951843262,-1.762314796447754,0.589748203754425,7880.0,7876.0
0.2959604263305664,4.465782642364502,-1.7663624286651611,0.589570939540863,7884.0,7880.0
1.8510159254074097,4.716074466705322,-1.768982172012329,0.5893936157226562,7888.0,7884.0
0.23449724912643433,4.683381080627441,-1.7606242895126343,0.5892163515090942,7892.0,7888.0
0.23118245601654053,4.644845008850098,-1.77558434009552,0.5890389680862427,7896.0,7892.0
0.3376883566379547,4.704231262207031,-1.7324142456054688,0.5888619422912598,7900.0,7896.0
0.2847128212451935,4.662073135375977,-1.7756173610687256,0.5886849164962769,7904.0,7900.0
2.4771604537963867,4.5295796394348145,-1.7740120887756348,0.5885078310966492,7908.0,7904.0
0.2354927659034729,4.367197513580322,-1.7682228088378906,0.5883307456970215,7912.0,7908.0
0.1748790740966797,4.600703716278076,-1.7688887119293213,0.5881537199020386,7916.0,7912.0
0.40584325790405273,4.701666831970215,-1.7702081203460693,0.5879767537117004,7920.0,7916.0
0.24734564125537872,4.88728141784668,-1.7795944213867188,0.5877997279167175,7924.0,7920.0
0.23369348049163818,4.664374828338623,-1.77120041847229,0.5876227617263794,7928.0,7924.0
0.2747771441936493,5.226517200469971,-1.769080400466919,0.587445855140686,7932.0,7928.0
0.27807122468948364,4.909274578094482,-1.7920395135879517,0.5872688293457031,7936.0,7932.0
0.3082827627658844,4.6736741065979,-1.7904434204101562,0.5870917439460754,7940.0,7936.0
0.2678982615470886,4.792392253875732,-1.7567927837371826,0.5869148969650269,7944.0,7940.0
0.3089333772659302,4.525566101074219,-1.7711750268936157,0.5867382287979126,7948.0,7944.0
0.6846884489059448,4.60697603225708,-1.7786316871643066,0.5865615606307983,7952.0,7948.0
0.7847886085510254,4.9260406494140625,-1.7753098011016846,0.5863850116729736,7956.0,7952.0
0.1953607052564621,4.574223518371582,-1.7830561399459839,0.5862084627151489,7960.0,7956.0
2.3786821365356445,5.093286037445068,-1.768185019493103,0.5860320925712585,7964.0,7960.0
0.2515118718147278,4.599560260772705,-1.766014814376831,0.5858559012413025,7968.0,7964.0
2.283682107925415,4.725927352905273,-1.7801977396011353,0.585679829120636,7972.0,7968.0
0.21638131141662598,4.810674667358398,-1.7680943012237549,0.5855039358139038,7976.0,7972.0
0.2979447841644287,4.739991188049316,-1.7947020530700684,0.5853279232978821,7980.0,7976.0
0.23796346783638,5.000174045562744,-1.7941352128982544,0.5851518511772156,7984.0,7980.0
0.2528102993965149,4.732877731323242,-1.7709412574768066,0.5849759578704834,7988.0,7984.0
1.9487998485565186,4.975868225097656,-1.7944519519805908,0.5848000645637512,7992.0,7988.0
2.299069881439209,4.570896148681641,-1.7760921716690063,0.5846242904663086,7996.0,7992.0
0.21691924333572388,4.657101154327393,-1.7741892337799072,0.5844487547874451,8000.0,7996.0
0.24485906958580017,5.137722969055176,-1.7927953004837036,0.5842731595039368,8004.0,8000.0
2.25388765335083,4.714667320251465,-1.7868080139160156,0.5840976238250732,8008.0,8004.0
0.29360923171043396,4.876713752746582,-1.7896913290023804,0.5839221477508545,8012.0,8008.0
0.23381441831588745,4.681853294372559,-1.7780712842941284,0.5837469100952148,8016.0,8012.0
0.37008845806121826,4.7666473388671875,-1.7858328819274902,0.5835716724395752,8020.0,8016.0
0.40803462266921997,4.920239448547363,-1.7633649110794067,0.5833967924118042,8024.0,8020.0
0.22954025864601135,4.7061262130737305,-1.7786352634429932,0.5832220315933228,8028.0,8024.0
0.2806376814842224,4.65628719329834,-1.8149781227111816,0.583047091960907,8032.0,8028.0
2.2597384452819824,4.749497413635254,-1.795106053352356,0.582872211933136,8036.0,8032.0
0.26011013984680176,4.8218584060668945,-1.7912541627883911,0.582697331905365,8040.0,8036.0
0.21758458018302917,4.930460453033447,-1.7808177471160889,0.5825226902961731,8044.0,8040.0
0.3133142292499542,4.963310241699219,-1.788163423538208,0.582348108291626,8048.0,8044.0
0.32081449031829834,4.666207313537598,-1.7952628135681152,0.5821736454963684,8052.0,8048.0
0.4106181263923645,4.75466251373291,-1.7897824048995972,0.5819992423057556,8056.0,8052.0
0.28001782298088074,4.923411846160889,-1.7824064493179321,0.5818250179290771,8060.0,8056.0
0.4038771390914917,5.074576377868652,-1.8123892545700073,0.5816506743431091,8064.0,8060.0
0.2300303429365158,4.846333980560303,-1.8206731081008911,0.5814762115478516,8068.0,8064.0
0.22943419218063354,4.612484455108643,-1.810247778892517,0.5813016891479492,8072.0,8068.0
0.22863318026065826,4.605777263641357,-1.8021583557128906,0.5811272263526917,8076.0,8072.0
0.6403762698173523,4.989718914031982,-1.8165745735168457,0.5809527039527893,8080.0,8076.0
0.2831362187862396,4.954174041748047,-1.8001724481582642,0.5807783007621765,8084.0,8080.0
0.27546292543411255,4.631694793701172,-1.806173324584961,0.5806039571762085,8088.0,8084.0
0.25367772579193115,4.805294513702393,-1.80210280418396,0.58042973279953,8092.0,8088.0
0.3833655118942261,4.819149017333984,-1.7989853620529175,0.5802556276321411,8096.0,8092.0
0.23110702633857727,4.938010215759277,-1.8143396377563477,0.5800815224647522,8100.0,8096.0
0.16764920949935913,4.687397480010986,-1.8106977939605713,0.5799074172973633,8104.0,8100.0
0.19602271914482117,4.706788063049316,-1.8252570629119873,0.5797333121299744,8108.0,8104.0
0.33482998609542847,5.432461738586426,-1.7894446849822998,0.5795594453811646,8112.0,8108.0
0.22954052686691284,5.207010269165039,-1.8142914772033691,0.5793856382369995,8116.0,8112.0
0.4108988642692566,4.95866584777832,-1.7945194244384766,0.5792120099067688,8120.0,8116.0
0.2965778708457947,5.046209335327148,-1.8212299346923828,0.5790383815765381,8124.0,8120.0
0.22626268863677979,4.950871467590332,-1.8267472982406616,0.5788646340370178,8128.0,8124.0
0.29798048734664917,4.982466220855713,-1.814675211906433,0.5786910057067871,8132.0,8128.0
0.27409815788269043,4.900315284729004,-1.804585576057434,0.5785175561904907,8136.0,8132.0
0.27739542722702026,4.452376365661621,-1.8155348300933838,0.5783441662788391,8140.0,8136.0
0.39495790004730225,4.8566365242004395,-1.806778907775879,0.5781709551811218,8144.0,8140.0
0.20758427679538727,4.538105487823486,-1.8002785444259644,0.5779979228973389,8148.0,8144.0
0.2682505249977112,5.037163734436035,-1.8147914409637451,0.5778249502182007,8152.0,8148.0
0.5679945945739746,5.317651748657227,-1.8285949230194092,0.5776519179344177,8156.0,8152.0
0.2158738672733307,4.59592342376709,-1.831207036972046,0.5774788856506348,8160.0,8156.0
0.17829112708568573,5.0743303298950195,-1.8181400299072266,0.5773059129714966,8164.0,8160.0
0.22752007842063904,4.8385162353515625,-1.8323664665222168,0.5771328806877136,8168.0,8164.0
0.2196582704782486,5.010746002197266,-1.8213088512420654,0.5769599676132202,8172.0,8168.0
0.1856975555419922,4.9817376136779785,-1.8393685817718506,0.5767869353294373,8176.0,8172.0
0.18022142350673676,5.199094295501709,-1.8489530086517334,0.5766137838363647,8180.0,8176.0
0.3053331971168518,4.824856758117676,-1.8246262073516846,0.5764407515525818,8184.0,8180.0
0.21417240798473358,4.859860420227051,-1.8398531675338745,0.576267659664154,8188.0,8184.0
0.21492142975330353,4.973546981811523,-1.8537569046020508,0.5760944485664368,8192.0,8188.0
0.15610149502754211,5.50633430480957,-1.8418595790863037,0.5759212374687195,8196.0,8192.0
0.19121849536895752,4.963467121124268,-1.846407413482666,0.5757479667663574,8200.0,8196.0
0.17596913874149323,4.766861438751221,-1.848466157913208,0.5755746960639954,8204.0,8200.0
0.24551652371883392,4.6189141273498535,-1.8576534986495972,0.5754013061523438,8208.0,8204.0
0.20669123530387878,4.986030578613281,-1.8482507467269897,0.5752279758453369,8212.0,8208.0
2.523888111114502,4.742049694061279,-1.8136779069900513,0.575054943561554,8216.0,8212.0
0.20251676440238953,5.417705535888672,-1.8415944576263428,0.5748820304870605,8220.0,8216.0
0.2357308566570282,4.971208572387695,-1.8322174549102783,0.5747092366218567,8224.0,8220.0
0.22740784287452698,5.307642936706543,-1.817193865776062,0.5745367407798767,8228.0,8224.0
0.3428155183792114,5.0537848472595215,-1.8195979595184326,0.5743645429611206,8232.0,8228.0
0.24965326488018036,5.1661787033081055,-1.8315894603729248,0.574192464351654,8236.0,8232.0
0.20155659317970276,4.970920085906982,-1.8367981910705566,0.5740204453468323,8240.0,8236.0
0.21941670775413513,5.150717258453369,-1.8371866941452026,0.5738485455513,8244.0,8240.0
0.16337472200393677,4.849409580230713,-1.8554950952529907,0.573676586151123,8248.0,8244.0
2.38783597946167,4.917265892028809,-1.8474880456924438,0.573504626750946,8252.0,8248.0
0.3699081540107727,4.673951148986816,-1.85457181930542,0.573332667350769,8256.0,8252.0
0.72099769115448,4.829412460327148,-1.8540990352630615,0.5731606483459473,8260.0,8256.0
0.27623316645622253,5.09821081161499,-1.8606977462768555,0.5729886293411255,8264.0,8260.0
0.21576836705207825,5.265990734100342,-1.8536558151245117,0.5728166103363037,8268.0,8264.0
0.2499752640724182,4.9003190994262695,-1.8471709489822388,0.5726447105407715,8272.0,8268.0
0.4178008437156677,5.005765438079834,-1.8743970394134521,0.5724726915359497,8276.0,8272.0
1.9473412036895752,4.970361709594727,-1.8470323085784912,0.5723007321357727,8280.0,8276.0
0.20562270283699036,4.727328777313232,-1.8467106819152832,0.5721290111541748,8284.0,8280.0
0.22226262092590332,4.8311872482299805,-1.8457322120666504,0.5719574093818665,8288.0,8284.0
1.9171142578125,4.959195137023926,-1.8770891427993774,0.5717856287956238,8292.0,8288.0
0.19113107025623322,5.237037658691406,-1.861666202545166,0.5716139078140259,8296.0,8292.0
0.13929414749145508,5.176072120666504,-1.8609824180603027,0.571442186832428,8300.0,8296.0
0.31137585639953613,4.7884368896484375,-1.8590829372406006,0.5712705850601196,8304.0,8300.0
0.19252440333366394,5.031530857086182,-1.872748851776123,0.5710989236831665,8308.0,8304.0
0.20031334459781647,4.841601848602295,-1.872023105621338,0.5709272623062134,8312.0,8308.0
0.3575272858142853,4.9759979248046875,-1.865461826324463,0.570755660533905,8316.0,8312.0
0.19672922790050507,4.957402229309082,-1.885443925857544,0.5705839395523071,8320.0,8316.0
0.27532726526260376,4.979447364807129,-1.8702154159545898,0.570412278175354,8324.0,8320.0
0.1715034544467926,5.2162322998046875,-1.8812718391418457,0.5702405571937561,8328.0,8324.0
0.2041281908750534,5.080523490905762,-1.874906301498413,0.5700688362121582,8332.0,8328.0
0.20390236377716064,4.957961082458496,-1.88170325756073,0.5698971748352051,8336.0,8332.0
0.2282577008008957,5.181382179260254,-1.8721243143081665,0.569725513458252,8340.0,8336.0
0.16560137271881104,5.018784999847412,-1.8764722347259521,0.5695539712905884,8344.0,8340.0
0.3113456964492798,5.133759498596191,-1.8626453876495361,0.5693826079368591,8348.0,8344.0
0.412474125623703,4.893157958984375,-1.8658347129821777,0.5692113637924194,8352.0,8348.0
0.37453362345695496,4.616318225860596,-1.9049451351165771,0.5690399408340454,8356.0,8352.0
0.2100147306919098,5.061222553253174,-1.8588861227035522,0.5688688158988953,8360.0,8356.0
0.33036959171295166,5.164822101593018,-1.8803210258483887,0.5686976909637451,8364.0,8360.0
0.1578265130519867,5.313608169555664,-1.8789048194885254,0.5685266256332397,8368.0,8364.0
0.1999712586402893,5.518455982208252,-1.8813185691833496,0.5683556199073792,8372.0,8368.0
0.17305994033813477,5.06931734085083,-1.8807814121246338,0.5681847333908081,8376.0,8372.0
0.21228086948394775,5.272716999053955,-1.8752330541610718,0.5680139064788818,8380.0,8376.0
0.1879543513059616,5.003993988037109,-1.8944873809814453,0.5678430795669556,8384.0,8380.0
0.41618096828460693,5.4014387130737305,-1.8897956609725952,0.5676722526550293,8388.0,8384.0
0.337994247674942,4.856694221496582,-1.904256820678711,0.5675013065338135,8392.0,8388.0
0.1866128295660019,4.97459602355957,-1.8825687170028687,0.5673304796218872,8396.0,8392.0
0.22899287939071655,5.356839179992676,-1.8811752796173096,0.5671597719192505,8400.0,8396.0
0.27242276072502136,5.097857475280762,-1.8932385444641113,0.5669891238212585,8404.0,8400.0
0.17684772610664368,5.072772979736328,-1.89579439163208,0.5668184757232666,8408.0,8404.0
0.22531525790691376,4.926541328430176,-1.8956332206726074,0.5666478872299194,8412.0,8408.0
0.15662741661071777,5.264887809753418,-1.8716269731521606,0.5664775371551514,8416.0,8412.0
0.17377647757530212,4.999229431152344,-1.892003059387207,0.5663071870803833,8420.0,8416.0
0.204796701669693,5.5001935958862305,-1.8749492168426514,0.5661370754241943,8424.0,8420.0
0.19054123759269714,4.705819129943848,-1.8865101337432861,0.5659671425819397,8428.0,8424.0
0.34414011240005493,5.116787910461426,-1.8985843658447266,0.5657971501350403,8432.0,8428.0
0.22325241565704346,4.969844341278076,-1.9046711921691895,0.5656270980834961,8436.0,8432.0
0.21844834089279175,5.074204444885254,-1.9119181632995605,0.5654570460319519,8440.0,8436.0
0.2040882557630539,4.9669694900512695,-1.8842816352844238,0.5652871131896973,8444.0,8440.0
4.106991767883301,4.931085586547852,-1.8829264640808105,0.565117359161377,8448.0,8444.0
0.2369890809059143,5.246798515319824,-1.9051856994628906,0.5649476647377014,8452.0,8448.0
0.2897253930568695,5.3449602127075195,-1.901381492614746,0.5647779703140259,8456.0,8452.0
0.3080224394798279,4.992006301879883,-1.9206464290618896,0.5646081566810608,8460.0,8456.0
0.155535027384758,5.259848117828369,-1.90971040725708,0.5644383430480957,8464.0,8460.0
0.17383098602294922,5.262542724609375,-1.9038667678833008,0.5642685890197754,8468.0,8464.0
0.22459006309509277,5.121860980987549,-1.8962634801864624,0.5640989542007446,8472.0,8468.0
0.2029714286327362,5.11467170715332,-1.9111195802688599,0.5639293789863586,8476.0,8472.0
2.2786011695861816,5.0379838943481445,-1.91135835647583,0.5637598037719727,8480.0,8476.0
2.2948825359344482,4.70226526260376,-1.9330534934997559,0.5635900497436523,8484.0,8480.0
0.30280762910842896,5.000322341918945,-1.9164423942565918,0.5634203553199768,8488.0,8484.0
0.25246503949165344,5.563632965087891,-1.915634274482727,0.5632506608963013,8492.0,8488.0
2.02020525932312,5.365191459655762,-1.9232980012893677,0.5630809664726257,8496.0,8492.0
2.252908229827881,5.069528102874756,-1.9105894565582275,0.5629113912582397,8500.0,8496.0
0.2059224247932434,5.212047100067139,-1.909102439880371,0.5627418756484985,8504.0,8500.0
0.24277596175670624,5.060184478759766,-1.930617332458496,0.5625723600387573,8508.0,8504.0
0.29349684715270996,5.458620071411133,-1.8981205224990845,0.5624030828475952,8512.0,8508.0
2.022451400756836,5.293933391571045,-1.9150586128234863,0.5622339248657227,8516.0,8512.0
0.22319871187210083,5.088988304138184,-1.9275954961776733,0.5620647072792053,8520.0,8516.0
0.29486000537872314,5.645332336425781,-1.9356837272644043,0.5618954300880432,8524.0,8520.0
0.27006450295448303,5.797017574310303,-1.932744026184082,0.5617260932922363,8528.0,8524.0
0.22308771312236786,5.377890586853027,-1.948256254196167,0.5615565776824951,8532.0,8528.0
0.4602050185203552,5.329806804656982,-1.9371696710586548,0.5613871216773987,8536.0,8532.0
0.2831493616104126,5.474343299865723,-1.9146040678024292,0.5612177848815918,8540.0,8536.0
0.22931157052516937,5.2425079345703125,-1.9447686672210693,0.5610484480857849,8544.0,8540.0
0.2368098795413971,5.0858001708984375,-1.9184709787368774,0.5608792304992676,8548.0,8544.0
0.19486075639724731,5.254934310913086,-1.9299331903457642,0.5607101321220398,8552.0,8548.0
0.24537523090839386,5.337900161743164,-1.9458975791931152,0.5605409145355225,8556.0,8552.0
0.23039957880973816,5.06951904296875,-1.9378600120544434,0.5603717565536499,8560.0,8556.0
0.228068009018898,5.748950958251953,-1.914241909980774,0.5602028369903564,8564.0,8560.0
0.23615947365760803,5.209472179412842,-1.899820327758789,0.5600342750549316,8568.0,8564.0
0.2570088505744934,5.371713161468506,-1.9178155660629272,0.5598658919334412,8572.0,8568.0
0.25805193185806274,5.124991416931152,-1.93507719039917,0.5596975684165955,8576.0,8572.0
0.32052794098854065,5.559384346008301,-1.9324872493743896,0.5595292448997498,8580.0,8576.0
0.21387869119644165,5.510021209716797,-1.929985761642456,0.5593611001968384,8584.0,8580.0
0.32661187648773193,5.173307418823242,-1.920490026473999,0.5591930747032166,8588.0,8584.0
2.067228317260742,5.6236042976379395,-1.9415380954742432,0.5590250492095947,8592.0,8588.0
0.21275439858436584,5.307003021240234,-1.923653483390808,0.5588571429252625,8596.0,8592.0
0.22354930639266968,5.197844982147217,-1.9432377815246582,0.5586892366409302,8600.0,8596.0
0.21977084875106812,5.116334915161133,-1.9366858005523682,0.5585213899612427,8604.0,8600.0
0.12808912992477417,5.239740371704102,-1.9390616416931152,0.5583536028862,8608.0,8604.0
0.28320157527923584,5.381415367126465,-1.9564533233642578,0.5581857562065125,8612.0,8608.0
0.1808037906885147,5.545042037963867,-1.9354674816131592,0.5580179691314697,8616.0,8612.0
0.14806802570819855,5.365603923797607,-1.9445205926895142,0.5578502416610718,8620.0,8616.0
2.277970552444458,5.393332481384277,-1.9418892860412598,0.5576825737953186,8624.0,8620.0
0.1592811793088913,5.082556247711182,-1.9585115909576416,0.5575148463249207,8628.0,8624.0
0.13986438512802124,5.269572734832764,-1.9727892875671387,0.5573469400405884,8632.0,8628.0
0.22472380101680756,5.406448841094971,-1.9519765377044678,0.5571790933609009,8636.0,8632.0
0.1751050502061844,5.552527904510498,-1.946132779121399,0.5570113658905029,8640.0,8636.0
0.24719667434692383,5.284181594848633,-1.975416660308838,0.5568434596061707,8644.0,8640.0
0.27028489112854004,5.2329301834106445,-1.9727485179901123,0.5566754341125488,8648.0,8644.0
0.300872266292572,5.761014461517334,-1.9391493797302246,0.5565076470375061,8652.0,8648.0
0.23695941269397736,5.174283981323242,-1.961510181427002,0.5563398599624634,8656.0,8652.0
0.2036319375038147,5.482089042663574,-1.9514672756195068,0.5561721920967102,8660.0,8656.0
0.1541171371936798,5.156368255615234,-1.9535388946533203,0.5560046434402466,8664.0,8660.0
0.16820581257343292,5.411927223205566,-1.9557932615280151,0.5558372139930725,8668.0,8664.0
0.25360241532325745,5.579421043395996,-1.9496619701385498,0.5556698441505432,8672.0,8668.0
2.6539673805236816,5.294668674468994,-1.933569312095642,0.5555027723312378,8676.0,8672.0
0.1645275354385376,5.418412685394287,-1.9564404487609863,0.5553357601165771,8680.0,8676.0
0.27352988719940186,5.661341667175293,-1.9378219842910767,0.5551689863204956,8684.0,8680.0
0.25646787881851196,5.528139114379883,-1.9657769203186035,0.5550022125244141,8688.0,8684.0
0.1291506290435791,5.630251884460449,-1.971038818359375,0.5548353791236877,8692.0,8688.0
0.2021825611591339,5.34555196762085,-1.9859387874603271,0.5546684265136719,8696.0,8692.0
0.1963880956172943,5.134842872619629,-1.9884517192840576,0.5545012950897217,8700.0,8696.0
0.2232760488986969,5.924174785614014,-1.9583570957183838,0.5543343424797058,8704.0,8700.0
0.17779719829559326,5.566293716430664,-1.9676741361618042,0.5541673898696899,8708.0,8704.0
0.20856712758541107,5.520720481872559,-1.9458715915679932,0.554000735282898,8712.0,8708.0
0.21360574662685394,5.108896255493164,-1.9509190320968628,0.5538342595100403,8716.0,8712.0
0.19265641272068024,5.210873603820801,-1.945672631263733,0.5536680221557617,8720.0,8716.0
0.21034619212150574,5.438389301300049,-1.9845805168151855,0.5535016655921936,8724.0,8720.0
0.21171149611473083,5.761137008666992,-1.9441674947738647,0.5533356070518494,8728.0,8724.0
0.3029661476612091,5.504587173461914,-1.9769023656845093,0.5531694889068604,8732.0,8728.0
0.2858668267726898,5.412848472595215,-1.9753074645996094,0.5530033707618713,8736.0,8732.0
0.1898970901966095,5.5073723793029785,-1.957905888557434,0.5528374314308167,8740.0,8736.0
0.2591474652290344,5.399277687072754,-1.9638603925704956,0.5526715517044067,8744.0,8740.0
0.22824612259864807,6.002015590667725,-1.9578256607055664,0.5525059103965759,8748.0,8744.0
0.15670982003211975,5.446146011352539,-1.964234709739685,0.5523403286933899,8752.0,8748.0
0.290545254945755,5.4970316886901855,-1.9964405298233032,0.5521745681762695,8756.0,8752.0
0.20351818203926086,5.462939262390137,-1.987175703048706,0.5520088076591492,8760.0,8756.0
0.21769458055496216,5.191626071929932,-1.9913489818572998,0.5518429279327393,8764.0,8760.0
0.1607072651386261,5.701330184936523,-1.998054027557373,0.5516769886016846,8768.0,8764.0
0.20836718380451202,6.073541641235352,-1.9889397621154785,0.5515109896659851,8772.0,8768.0
0.18101903796195984,5.075000762939453,-1.9856855869293213,0.5513450503349304,8776.0,8772.0
0.17664718627929688,5.736113548278809,-1.9740147590637207,0.5511792302131653,8780.0,8776.0
0.2663988471031189,5.495936393737793,-1.9847023487091064,0.5510135293006897,8784.0,8780.0
0.22613340616226196,5.611852169036865,-1.9848906993865967,0.5508478283882141,8788.0,8784.0
0.1689816415309906,5.320075035095215,-1.9924237728118896,0.5506821274757385,8792.0,8788.0
0.14373043179512024,5.577837944030762,-1.987323522567749,0.5505165457725525,8796.0,8792.0
0.22287499904632568,5.457341194152832,-1.980368971824646,0.5503510236740112,8800.0,8796.0
0.17264434695243835,5.571994304656982,-1.981056571006775,0.5501856803894043,8804.0,8800.0
0.32205572724342346,5.49138879776001,-2.00996732711792,0.550020158290863,8808.0,8804.0
0.2685813009738922,5.780993461608887,-2.0083208084106445,0.5498546361923218,8812.0,8808.0
0.17216263711452484,5.528655052185059,-1.9820679426193237,0.5496891736984253,8816.0,8812.0
0.2226574420928955,5.604310035705566,-1.9697226285934448,0.5495240092277527,8820.0,8816.0
0.2186741828918457,5.325717926025391,-2.015136957168579,0.5493587255477905,8824.0,8820.0
0.25161266326904297,5.432507038116455,-1.9889286756515503,0.5491935610771179,8828.0,8824.0
0.21893887221813202,5.408260822296143,-2.002011775970459,0.5490283966064453,8832.0,8828.0
2.5777652263641357,5.454812049865723,-1.9975064992904663,0.5488632917404175,8836.0,8832.0
0.19912326335906982,5.366944313049316,-2.006019353866577,0.5486981868743896,8840.0,8836.0
0.24245479702949524,5.707424163818359,-2.01139760017395,0.5485330820083618,8844.0,8840.0
0.24883508682250977,5.354226112365723,-1.997275471687317,0.548367977142334,8848.0,8844.0
0.15781691670417786,5.663488388061523,-2.0046305656433105,0.5482029914855957,8852.0,8848.0
2.3231918811798096,5.719240188598633,-2.009713649749756,0.5480380058288574,8856.0,8852.0
0.44171804189682007,5.368628978729248,-1.9890263080596924,0.5478731989860535,8860.0,8856.0
2.8373918533325195,5.341289520263672,-2.0035452842712402,0.5477083921432495,8864.0,8860.0
2.4697909355163574,5.4459919929504395,-2.0124807357788086,0.5475437045097351,8868.0,8864.0
0.2603643536567688,5.501777648925781,-2.0287139415740967,0.5473787784576416,8872.0,8868.0
2.3033580780029297,5.798933982849121,-2.0093796253204346,0.5472139716148376,8876.0,8872.0
0.27163124084472656,5.733782768249512,-2.0156502723693848,0.5470492243766785,8880.0,8876.0
2.55739164352417,5.750767707824707,-2.019895076751709,0.5468844175338745,8884.0,8880.0
0.4836200475692749,5.337386131286621,-1.9964563846588135,0.5467197895050049,8888.0,8884.0
2.8087310791015625,5.5687713623046875,-2.006873607635498,0.5465553402900696,8892.0,8888.0
0.33127570152282715,5.427977085113525,-2.019721746444702,0.5463908314704895,8896.0,8892.0
0.29803305864334106,5.203483581542969,-2.0173134803771973,0.5462263822555542,8900.0,8896.0
0.2791893482208252,5.739021301269531,-2.0075905323028564,0.5460621118545532,8904.0,8900.0
0.4136212170124054,5.508233070373535,-2.037593126296997,0.5458976626396179,8908.0,8904.0
0.2651808261871338,5.589636325836182,-2.009441375732422,0.5457333326339722,8912.0,8908.0
0.3036772608757019,5.741660118103027,-2.0190296173095703,0.545569121837616,8916.0,8912.0
0.3075709939002991,5.323859214782715,-2.008946657180786,0.5454050302505493,8920.0,8916.0
2.610447645187378,5.519989013671875,-2.0235042572021484,0.5452409386634827,8924.0,8920.0
0.38501811027526855,5.915048599243164,-2.041548728942871,0.5450767874717712,8928.0,8924.0
0.26101022958755493,5.4340667724609375,-2.0141258239746094,0.5449126958847046,8932.0,8928.0
0.2841777801513672,5.709770202636719,-2.0182087421417236,0.5447487831115723,8936.0,8932.0
0.32374441623687744,6.027010440826416,-2.0166358947753906,0.5445849895477295,8940.0,8936.0
0.2652800679206848,5.601319789886475,-2.0129599571228027,0.5444213151931763,8944.0,8940.0
4.664428234100342,5.956267833709717,-2.015063524246216,0.5442577600479126,8948.0,8944.0
0.4216347336769104,5.331308364868164,-1.998889446258545,0.5440945029258728,8952.0,8948.0
0.2701590657234192,5.357895851135254,-2.020979166030884,0.5439313054084778,8956.0,8952.0
0.29490023851394653,5.686706066131592,-2.031121015548706,0.5437681078910828,8960.0,8956.0
0.29811739921569824,5.6189374923706055,-2.042375326156616,0.5436047911643982,8964.0,8960.0
0.26262569427490234,5.521651268005371,-2.029496431350708,0.5434415340423584,8968.0,8964.0
0.21429765224456787,5.554127216339111,-2.0109386444091797,0.5432785153388977,8972.0,8968.0
0.2539687752723694,5.848378658294678,-2.039180040359497,0.5431154370307922,8976.0,8972.0
2.333454132080078,5.981708526611328,-2.027710437774658,0.5429524183273315,8980.0,8976.0
0.20985352993011475,5.840068340301514,-2.040329933166504,0.5427893996238708,8984.0,8980.0
0.20414528250694275,5.570079803466797,-2.033456802368164,0.5426264405250549,8988.0,8984.0
0.27047598361968994,5.858295917510986,-2.0416488647460938,0.542463481426239,8992.0,8988.0
0.27464914321899414,6.148890018463135,-2.0224483013153076,0.5423006415367126,8996.0,8992.0
0.1691107451915741,5.60018253326416,-2.044445276260376,0.5421377420425415,9000.0,8996.0
0.30279675126075745,6.198523044586182,-2.0347142219543457,0.5419750213623047,9004.0,9000.0
0.2841101586818695,5.571416854858398,-2.0360491275787354,0.5418123006820679,9008.0,9004.0
2.4523229598999023,5.644110679626465,-2.0576138496398926,0.5416494607925415,9012.0,9008.0
0.2837522625923157,5.540834426879883,-2.049482822418213,0.5414866209030151,9016.0,9012.0
0.21323776245117188,5.728487491607666,-2.035975217819214,0.5413239598274231,9020.0,9016.0
0.23045551776885986,5.787051200866699,-2.05163311958313,0.5411612391471863,9024.0,9020.0
0.2985043525695801,5.826084136962891,-2.0483522415161133,0.5409985184669495,9028.0,9024.0
0.2645133137702942,6.062309741973877,-2.04276180267334,0.5408358573913574,9032.0,9028.0
0.24374422430992126,5.8558244705200195,-2.0497756004333496,0.5406733155250549,9036.0,9032.0
0.22735826671123505,5.7439165115356445,-2.041735887527466,0.5405108332633972,9040.0,9036.0
0.2943018078804016,5.712298393249512,-2.0416958332061768,0.540348470211029,9044.0,9040.0
0.23137220740318298,5.3935112953186035,-2.040473222732544,0.5401862263679504,9048.0,9044.0
0.17834167182445526,5.738437175750732,-2.05136775970459,0.5400240421295166,9052.0,9048.0
0.22085168957710266,5.569457054138184,-2.0611307621002197,0.539861798286438,9056.0,9052.0
2.346010684967041,5.964163303375244,-2.0686635971069336,0.5396994352340698,9060.0,9056.0
2.3433587551116943,5.94809103012085,-2.051443099975586,0.539537250995636,9064.0,9060.0
0.21049052476882935,5.597108364105225,-2.0522682666778564,0.5393750667572021,9068.0,9064.0
0.21838369965553284,5.449699401855469,-2.053964853286743,0.5392129421234131,9072.0,9068.0
0.24628816545009613,5.706777095794678,-2.0635828971862793,0.5390508770942688,9076.0,9072.0
0.24409347772598267,6.099637031555176,-2.079319477081299,0.538888692855835,9080.0,9076.0
0.21420633792877197,5.838807106018066,-2.064042568206787,0.5387265086174011,9084.0,9080.0
0.24134933948516846,5.71388053894043,-2.0562729835510254,0.5385644435882568,9088.0,9084.0
0.22056987881660461,5.814923286437988,-2.045283079147339,0.5384025573730469,9092.0,9088.0
2.659430503845215,5.944317817687988,-2.0681238174438477,0.5382406711578369,9096.0,9092.0
0.2794419527053833,5.758493900299072,-2.06103515625,0.5380788445472717,9100.0,9096.0
0.22262579202651978,5.983462810516357,-2.057873249053955,0.5379171967506409,9104.0,9100.0
0.2167454957962036,5.7400803565979,-2.0781290531158447,0.5377554297447205,9108.0,9104.0
0.23200415074825287,5.988070964813232,-2.064997673034668,0.5375937223434448,9112.0,9108.0
0.18762165307998657,5.633934020996094,-2.0429933071136475,0.5374323129653931,9116.0,9112.0
0.25370174646377563,5.9951395988464355,-2.0847930908203125,0.5372707843780518,9120.0,9116.0
0.3044126331806183,6.100176811218262,-2.079854965209961,0.5371091961860657,9124.0,9120.0
0.24270614981651306,6.034154891967773,-2.057007074356079,0.5369478464126587,9128.0,9124.0
0.2818225622177124,6.453110694885254,-2.0778212547302246,0.5367864370346069,9132.0,9128.0
0.22302642464637756,5.684694766998291,-2.0698773860931396,0.5366250872612,9136.0,9132.0
2.5388503074645996,5.638412952423096,-2.0534892082214355,0.5364639759063721,9140.0,9136.0
0.22449123859405518,5.9354448318481445,-2.0547947883605957,0.5363030433654785,9144.0,9140.0
2.6029820442199707,6.36700439453125,-2.0690019130706787,0.5361421704292297,9148.0,9144.0
0.20821046829223633,6.17061710357666,-2.061757802963257,0.5359814167022705,9152.0,9148.0
0.2338918000459671,5.823901653289795,-2.0671169757843018,0.5358207821846008,9156.0,9152.0
0.1515347957611084,5.972781181335449,-2.0797107219696045,0.5356601476669312,9160.0,9156.0
0.22155550122261047,5.838706970214844,-2.0778920650482178,0.5354995131492615,9164.0,9160.0
0.24610358476638794,5.748354911804199,-2.0904576778411865,0.535338819026947,9168.0,9164.0
0.250691294670105,5.90125036239624,-2.088535785675049,0.5351780652999878,9172.0,9168.0
0.3853198289871216,5.672882080078125,-2.090447187423706,0.5350173115730286,9176.0,9172.0
0.22406326234340668,5.875680923461914,-2.083430528640747,0.5348566174507141,9180.0,9176.0
0.18896716833114624,5.670511245727539,-2.08455228805542,0.5346959233283997,9184.0,9180.0
0.1685618907213211,6.083977699279785,-2.0938720703125,0.5345352292060852,9188.0,9184.0
0.19970539212226868,5.913248538970947,-2.088235378265381,0.5343745350837708,9192.0,9188.0
0.19449305534362793,6.390105724334717,-2.061110734939575,0.5342141389846802,9196.0,9192.0
0.2201496660709381,6.179720878601074,-2.0701236724853516,0.5340539216995239,9200.0,9196.0
0.24244660139083862,5.926931381225586,-2.062596559524536,0.533893883228302,9204.0,9200.0
0.20304915308952332,5.877455711364746,-2.0876669883728027,0.5337339043617249,9208.0,9204.0
0.21112565696239471,5.757414817810059,-2.072599172592163,0.5335739850997925,9212.0,9208.0
0.2401796281337738,5.792311668395996,-2.085875988006592,0.5334141850471497,9216.0,9212.0
0.22593072056770325,6.2991557121276855,-2.0890016555786133,0.5332543849945068,9220.0,9216.0
0.27056723833084106,5.5105767250061035,-2.0888237953186035,0.5330946445465088,9224.0,9220.0
2.6422131061553955,6.431478023529053,-2.059375047683716,0.5329351425170898,9228.0,9224.0
0.18365135788917542,5.806815147399902,-2.0986804962158203,0.5327756404876709,9232.0,9228.0
0.2630758583545685,6.4062089920043945,-2.0932438373565674,0.532616138458252,9236.0,9232.0
0.36889052391052246,5.904992580413818,-2.076760768890381,0.5324567556381226,9240.0,9236.0
0.23359224200248718,5.970024108886719,-2.102747917175293,0.5322973728179932,9244.0,9240.0
0.4045877158641815,6.048912048339844,-2.116438627243042,0.5321378111839294,9248.0,9244.0
0.20747238397598267,5.9531168937683105,-2.1050233840942383,0.5319782495498657,9252.0,9248.0
0.1803908795118332,5.839912414550781,-2.1031272411346436,0.531818687915802,9256.0,9252.0
0.22576764225959778,5.8499650955200195,-2.09897518157959,0.5316591858863831,9260.0,9256.0
0.16147758066654205,5.901907920837402,-2.1211228370666504,0.5314995646476746,9264.0,9260.0
0.28301113843917847,5.595953941345215,-2.105433225631714,0.5313400030136108,9268.0,9264.0
0.21881155669689178,6.126716613769531,-2.132930040359497,0.5311802625656128,9272.0,9268.0
0.17535176873207092,6.045586585998535,-2.107485771179199,0.5310205221176147,9276.0,9272.0
0.21377664804458618,6.144744873046875,-2.1175808906555176,0.5308607816696167,9280.0,9276.0
0.1741180270910263,5.879842758178711,-2.1210005283355713,0.5307011008262634,9284.0,9280.0
0.3096652030944824,5.844062328338623,-2.123433828353882,0.5305413007736206,9288.0,9284.0
0.23358723521232605,6.174325942993164,-2.1138274669647217,0.5303815603256226,9292.0,9288.0
0.2342216968536377,6.275144577026367,-2.1025583744049072,0.5302220582962036,9296.0,9292.0
0.2013365477323532,5.890503883361816,-2.097891092300415,0.5300626158714294,9300.0,9296.0
0.21355465054512024,6.119646072387695,-2.1177945137023926,0.5299032926559448,9304.0,9300.0
0.2776997685432434,5.8486785888671875,-2.111107110977173,0.529744029045105,9308.0,9304.0
0.23683759570121765,6.177541732788086,-2.110269546508789,0.5295848250389099,9312.0,9308.0
0.3113018870353699,5.877625465393066,-2.121335506439209,0.5294256806373596,9316.0,9312.0
0.2102944552898407,6.353263854980469,-2.1001076698303223,0.5292667150497437,9320.0,9316.0
0.1964796483516693,6.117798805236816,-2.0954227447509766,0.5291079878807068,9324.0,9320.0
0.24420784413814545,5.765417575836182,-2.1075246334075928,0.5289493203163147,9328.0,9324.0
0.16564227640628815,6.143603324890137,-2.111581325531006,0.5287907719612122,9332.0,9328.0
0.22361254692077637,5.61102819442749,-2.127694606781006,0.5286321640014648,9336.0,9332.0
0.18804222345352173,6.199090957641602,-2.118610382080078,0.5284736156463623,9340.0,9336.0
0.18212412297725677,6.011026382446289,-2.090700626373291,0.5283153653144836,9344.0,9340.0
0.40936318039894104,6.028432846069336,-2.126410722732544,0.5281570553779602,9348.0,9344.0
0.17626404762268066,6.008083820343018,-2.1316022872924805,0.5279987454414368,9352.0,9348.0
0.2369108647108078,5.894855499267578,-2.1403586864471436,0.5278403162956238,9356.0,9352.0
0.17068767547607422,6.251231670379639,-2.119596481323242,0.5276820063591003,9360.0,9356.0
0.2543586492538452,6.254927158355713,-2.1246495246887207,0.5275236964225769,9364.0,9360.0
0.19981315732002258,5.91536808013916,-2.1436593532562256,0.5273653268814087,9368.0,9364.0
0.20093859732151031,6.304497718811035,-2.134650707244873,0.5272070169448853,9372.0,9368.0
0.2533673644065857,6.087334156036377,-2.097257137298584,0.5270489454269409,9376.0,9372.0
0.20927219092845917,6.140915870666504,-2.1244242191314697,0.5268909335136414,9380.0,9376.0
0.19604310393333435,5.905002593994141,-2.123145580291748,0.5267330408096313,9384.0,9380.0
0.19719496369361877,6.071215629577637,-2.118886947631836,0.5265753269195557,9388.0,9384.0
0.23602189123630524,6.066474914550781,-2.110354423522949,0.5264176726341248,9392.0,9388.0
0.16494327783584595,6.070056915283203,-2.159238338470459,0.5262598991394043,9396.0,9392.0
0.2015138566493988,6.088885307312012,-2.127666711807251,0.5261022448539734,9400.0,9396.0
0.19100907444953918,5.826237678527832,-2.134059190750122,0.5259445905685425,9404.0,9400.0
0.3344355821609497,6.001363754272461,-2.1519546508789062,0.5257868766784668,9408.0,9404.0
0.248384490609169,6.070278167724609,-2.140549421310425,0.5256291627883911,9412.0,9408.0
0.26459020376205444,6.046332836151123,-2.1554934978485107,0.5254713892936707,9416.0,9412.0
0.25327247381210327,5.937795639038086,-2.143275737762451,0.5253136157989502,9420.0,9416.0
0.2537477910518646,6.068655967712402,-2.145669460296631,0.5251559019088745,9424.0,9420.0
0.17501960694789886,5.868852615356445,-2.163942813873291,0.5249980688095093,9428.0,9424.0
0.1862504482269287,6.349724292755127,-2.155374050140381,0.524840235710144,9432.0,9428.0
0.18262439966201782,5.957900047302246,-2.1302268505096436,0.5246825218200684,9436.0,9432.0
0.19717837870121002,6.06453800201416,-2.1582846641540527,0.5245248675346375,9440.0,9436.0
5.538687705993652,6.308384895324707,-2.1191749572753906,0.5243674516677856,9444.0,9440.0
0.21405890583992004,6.062106132507324,-2.1352529525756836,0.5242101550102234,9448.0,9444.0
0.1913456916809082,5.76584529876709,-2.157761812210083,0.5240527987480164,9452.0,9448.0
0.2133929580450058,6.122176170349121,-2.1606130599975586,0.5238954424858093,9456.0,9452.0
0.2496682107448578,6.143111228942871,-2.140336751937866,0.5237382650375366,9460.0,9456.0
2.812429428100586,6.207549571990967,-2.1571707725524902,0.5235810279846191,9464.0,9460.0
0.21965783834457397,6.712791919708252,-2.138315439224243,0.523423969745636,9468.0,9464.0
0.295110285282135,6.114106178283691,-2.137080430984497,0.5232670307159424,9472.0,9468.0
0.26614826917648315,6.071340084075928,-2.1430702209472656,0.5231102705001831,9476.0,9472.0
0.14278286695480347,6.21728515625,-2.127657890319824,0.5229536890983582,9480.0,9476.0
0.21916630864143372,6.040266513824463,-2.1534714698791504,0.5227971076965332,9484.0,9480.0
0.2581138610839844,6.075055122375488,-2.1637024879455566,0.5226405262947083,9488.0,9484.0
0.2342683970928192,5.900339126586914,-2.142637014389038,0.5224840641021729,9492.0,9488.0
0.24627825617790222,6.458494186401367,-2.1706295013427734,0.5223275423049927,9496.0,9492.0
0.3485495448112488,6.942267894744873,-2.1537375450134277,0.5221710801124573,9500.0,9496.0
0.22163379192352295,6.23646879196167,-2.15763258934021,0.5220146775245667,9504.0,9500.0
0.27822113037109375,6.348074913024902,-2.1438565254211426,0.5218583941459656,9508.0,9504.0
0.19070303440093994,6.326099395751953,-2.1539978981018066,0.521702229976654,9512.0,9508.0
0.1834479719400406,5.971070289611816,-2.17537260055542,0.521545946598053,9516.0,9512.0
0.21176692843437195,6.3651933670043945,-2.1653051376342773,0.5213897228240967,9520.0,9516.0
0.2814045548439026,6.028585910797119,-2.1762893199920654,0.5212334394454956,9524.0,9520.0
0.23610739409923553,6.551506996154785,-2.1694226264953613,0.5210771560668945,9528.0,9524.0
0.30515819787979126,6.1798882484436035,-2.170257091522217,0.5209208726882935,9532.0,9528.0
0.19812995195388794,6.476990699768066,-2.17930269241333,0.5207645893096924,9536.0,9532.0
0.24611377716064453,6.0389862060546875,-2.1792612075805664,0.5206082463264465,9540.0,9536.0
0.22555065155029297,6.200650215148926,-2.1526975631713867,0.520452082157135,9544.0,9540.0
0.25559890270233154,6.239748954772949,-2.158900260925293,0.5202960968017578,9548.0,9544.0
2.683253049850464,6.345325469970703,-2.159156322479248,0.5201401710510254,9552.0,9548.0
0.24227899312973022,6.548702716827393,-2.185804605484009,0.519984245300293,9556.0,9552.0
0.26752614974975586,6.092041015625,-2.1710989475250244,0.5198283791542053,9560.0,9556.0
0.22322580218315125,6.161038875579834,-2.1691031455993652,0.5196725726127625,9564.0,9560.0
0.2445039600133896,6.573780059814453,-2.1828508377075195,0.5195167660713196,9568.0,9564.0
0.2557896077632904,6.342331886291504,-2.1880531311035156,0.5193608999252319,9572.0,9568.0
0.2738505005836487,6.494523525238037,-2.1890416145324707,0.5192050337791443,9576.0,9572.0
0.19161711633205414,6.3487701416015625,-2.190600633621216,0.5190491080284119,9580.0,9576.0
0.20586401224136353,6.121563911437988,-2.1690263748168945,0.5188933610916138,9584.0,9580.0
0.2852095067501068,6.05440616607666,-2.1840944290161133,0.5187376141548157,9588.0,9584.0
0.2813853621482849,6.341039657592773,-2.206282138824463,0.5185818076133728,9592.0,9588.0
0.26129528880119324,6.406806945800781,-2.191812515258789,0.5184259414672852,9596.0,9592.0
0.24368107318878174,6.239537715911865,-2.1998109817504883,0.5182700753211975,9600.0,9596.0
0.21551752090454102,6.488264560699463,-2.1785998344421387,0.5181143879890442,9604.0,9600.0
0.20685067772865295,6.40455436706543,-2.1839895248413086,0.5179587006568909,9608.0,9604.0
0.1718289852142334,6.083968162536621,-2.1812937259674072,0.5178031921386719,9612.0,9608.0
0.2389698326587677,6.139867782592773,-2.1675474643707275,0.5176478028297424,9616.0,9612.0
0.16556215286254883,6.408412933349609,-2.187546730041504,0.5174925327301025,9620.0,9616.0
0.18948665261268616,6.273036003112793,-2.2016801834106445,0.5173372626304626,9624.0,9620.0
0.23421096801757812,5.998638153076172,-2.1851015090942383,0.5171820521354675,9628.0,9624.0
0.2448025494813919,6.419071674346924,-2.179239511489868,0.517026960849762,9632.0,9628.0
0.24252307415008545,6.366276741027832,-2.164170980453491,0.5168721675872803,9636.0,9632.0
0.20014920830726624,6.171664237976074,-2.167804002761841,0.5167174935340881,9640.0,9636.0
0.22808629274368286,6.210968971252441,-2.164588451385498,0.5165631175041199,9644.0,9640.0
0.24893802404403687,6.142121315002441,-2.172884464263916,0.5164088606834412,9648.0,9644.0
0.21140412986278534,6.390539169311523,-2.181767463684082,0.5162546634674072,9652.0,9648.0
0.2091638743877411,6.293239116668701,-2.1806845664978027,0.5161005854606628,9656.0,9652.0
0.2676849961280823,6.233096599578857,-2.165391206741333,0.5159466862678528,9660.0,9656.0
0.22950664162635803,5.882972717285156,-2.170762777328491,0.515792965888977,9664.0,9660.0
0.23205900192260742,6.172634124755859,-2.2162680625915527,0.5156391263008118,9668.0,9664.0
0.21492475271224976,6.2582597732543945,-2.191537380218506,0.5154852271080017,9672.0,9668.0
0.24326752126216888,6.3676629066467285,-2.179872989654541,0.515331506729126,9676.0,9672.0
0.2109871208667755,6.2329888343811035,-2.2136597633361816,0.5151776671409607,9680.0,9676.0
2.7458510398864746,6.318615436553955,-2.208374500274658,0.5150238275527954,9684.0,9680.0
0.2114434838294983,6.009531497955322,-2.2194700241088867,0.5148698091506958,9688.0,9684.0
0.20851606130599976,5.913042068481445,-2.2187867164611816,0.5147156715393066,9692.0,9688.0
0.1981954574584961,6.187470436096191,-2.2221853733062744,0.5145615339279175,9696.0,9692.0
0.21808110177516937,6.325483322143555,-2.2084779739379883,0.5144073367118835,9700.0,9696.0
0.3354891240596771,6.420176982879639,-2.212587594985962,0.5142531991004944,9704.0,9700.0
0.2954569458961487,6.809410095214844,-2.2160592079162598,0.5140990614891052,9708.0,9704.0
0.17357422411441803,6.435667037963867,-2.190152406692505,0.5139451026916504,9712.0,9708.0
0.26925399899482727,6.489408493041992,-2.2355868816375732,0.513791024684906,9716.0,9712.0
0.31931522488594055,6.692330360412598,-2.222707986831665,0.5136368870735168,9720.0,9716.0
0.25829464197158813,6.648047924041748,-2.196957588195801,0.5134829878807068,9724.0,9720.0
0.18842853605747223,6.431509971618652,-2.18998384475708,0.5133292078971863,9728.0,9724.0
0.23266126215457916,6.371129989624023,-2.2325334548950195,0.5131754279136658,9732.0,9728.0
0.18531550467014313,6.412614822387695,-2.22067928314209,0.5130215883255005,9736.0,9732.0
0.19504694640636444,6.320650100708008,-2.1865365505218506,0.5128680467605591,9740.0,9736.0
0.2265893518924713,6.316617488861084,-2.183776378631592,0.5127147436141968,9744.0,9740.0
0.22262974083423615,6.275578022003174,-2.225921630859375,0.5125613808631897,9748.0,9744.0
0.19539695978164673,6.802694320678711,-2.2180991172790527,0.5124080777168274,9752.0,9748.0
0.1637631356716156,6.228739261627197,-2.2206192016601562,0.5122547745704651,9756.0,9752.0
0.18206730484962463,6.438459873199463,-2.2002720832824707,0.5121016502380371,9760.0,9756.0
3.4422903060913086,6.376442909240723,-2.211905002593994,0.5119485855102539,9764.0,9760.0
2.8086321353912354,6.806114196777344,-2.193460702896118,0.511795699596405,9768.0,9764.0
0.23201218247413635,6.455332279205322,-2.2138004302978516,0.5116429328918457,9772.0,9768.0
0.2476518452167511,6.2870049476623535,-2.2274298667907715,0.5114901065826416,9776.0,9772.0
0.17426979541778564,6.176547050476074,-2.2391366958618164,0.5113372206687927,9780.0,9776.0
0.2110995054244995,6.428595542907715,-2.2422354221343994,0.5111842155456543,9784.0,9780.0
0.19527137279510498,6.790732383728027,-2.241244077682495,0.5110311508178711,9788.0,9784.0
0.22460097074508667,6.366728782653809,-2.2496676445007324,0.5108779668807983,9792.0,9788.0
0.32599198818206787,6.597987651824951,-2.2266178131103516,0.5107249021530151,9796.0,9792.0
0.33329424262046814,6.50230598449707,-2.2153480052948,0.5105719566345215,9800.0,9796.0
0.19094154238700867,6.360945701599121,-2.24593186378479,0.5104189515113831,9804.0,9800.0
0.28248000144958496,6.360448360443115,-2.2357265949249268,0.5102660059928894,9808.0,9804.0
0.2290571928024292,6.564797878265381,-2.2462568283081055,0.510113000869751,9812.0,9808.0
0.25152987241744995,6.496778964996338,-2.258228063583374,0.5099599361419678,9816.0,9812.0
0.21804696321487427,6.5829644203186035,-2.221766948699951,0.5098069906234741,9820.0,9816.0
0.21581295132637024,6.3250603675842285,-2.224976062774658,0.50965416431427,9824.0,9820.0
0.4382871985435486,6.537666320800781,-2.219027519226074,0.509501576423645,9828.0,9824.0
0.2501470148563385,6.374917984008789,-2.226233959197998,0.5093491077423096,9832.0,9828.0
0.39339280128479004,6.280301094055176,-2.2525644302368164,0.5091965794563293,9836.0,9832.0
0.2775525748729706,6.7572736740112305,-2.190553665161133,0.5090444087982178,9840.0,9836.0
0.32481831312179565,6.892096519470215,-2.1923880577087402,0.5088925957679749,9844.0,9840.0
0.1860852837562561,6.649679660797119,-2.2517285346984863,0.5087406635284424,9848.0,9844.0
0.29461896419525146,6.715276718139648,-2.2304654121398926,0.5085888504981995,9852.0,9848.0
0.25941407680511475,6.745842933654785,-2.2355141639709473,0.5084370374679565,9856.0,9852.0
0.25175750255584717,6.563786506652832,-2.2621688842773438,0.5082851648330688,9860.0,9856.0
4.226186752319336,6.624077320098877,-2.178053140640259,0.5081337094306946,9864.0,9860.0
0.28442564606666565,6.577877044677734,-2.2302908897399902,0.5079823136329651,9868.0,9864.0
0.19836997985839844,6.331825256347656,-2.258359432220459,0.507830798625946,9872.0,9868.0
3.189997434616089,6.590512275695801,-2.245810031890869,0.5076793432235718,9876.0,9872.0
0.8736712336540222,6.255335807800293,-2.200984477996826,0.5075281858444214,9880.0,9876.0
0.22916297614574432,6.5916595458984375,-2.2388253211975098,0.507377028465271,9884.0,9880.0
0.7418824434280396,7.10098123550415,-2.1589672565460205,0.5072264671325684,9888.0,9884.0
0.7846231460571289,6.491525650024414,-2.2062339782714844,0.5070761442184448,9892.0,9888.0
0.4997188448905945,6.792037010192871,-2.2185521125793457,0.5069258809089661,9896.0,9892.0
3.0763444900512695,6.96377420425415,-2.2017412185668945,0.5067759156227112,9900.0,9896.0
0.4359758794307709,6.440695285797119,-2.1852927207946777,0.5066262483596802,9904.0,9900.0
0.5639830827713013,6.839079856872559,-2.179952621459961,0.5064769387245178,9908.0,9904.0
0.3492202162742615,6.339459419250488,-2.2443559169769287,0.5063275098800659,9912.0,9908.0
0.8031017780303955,7.011753559112549,-2.2387232780456543,0.5061780214309692,9916.0,9912.0
0.5117168426513672,6.800666809082031,-2.2269840240478516,0.5060285329818726,9920.0,9916.0
0.2999601364135742,6.842777729034424,-2.23117733001709,0.5058791041374207,9924.0,9920.0
0.7969292402267456,6.68194580078125,-2.1773624420166016,0.5057300925254822,9928.0,9924.0
0.27899420261383057,6.5546088218688965,-2.267533779144287,0.5055807828903198,9932.0,9928.0
2.8552050590515137,6.707087993621826,-2.2264976501464844,0.505431592464447,9936.0,9932.0
0.5096449255943298,6.603650093078613,-2.2285640239715576,0.5052824020385742,9940.0,9936.0
3.651299476623535,6.984951496124268,-2.244173526763916,0.5051332116127014,9944.0,9940.0
1.1315046548843384,7.072977066040039,-2.2265210151672363,0.5049841403961182,9948.0,9944.0
1.235663890838623,7.4109787940979,-2.1918580532073975,0.504835307598114,9952.0,9948.0
0.4731220602989197,7.038093566894531,-2.2617931365966797,0.5046863555908203,9956.0,9952.0
1.0617234706878662,6.921118259429932,-2.1887588500976562,0.5045377612113953,9960.0,9956.0
0.458692729473114,6.286797046661377,-2.2283077239990234,0.5043891668319702,9964.0,9960.0
0.9018234014511108,6.481327533721924,-2.199967861175537,0.504240870475769,9968.0,9964.0
3.129580497741699,6.982601642608643,-2.219082832336426,0.5040926933288574,9972.0,9968.0
2.3307995796203613,6.493505477905273,-2.2049403190612793,0.5039446949958801,9976.0,9972.0
0.22910043597221375,6.764522552490234,-2.2475223541259766,0.5037966370582581,9980.0,9976.0
0.9059429168701172,6.940718650817871,-2.1690621376037598,0.5036489963531494,9984.0,9980.0
0.3015098571777344,6.673396110534668,-2.207378387451172,0.5035015344619751,9988.0,9984.0
0.4008803367614746,6.898025035858154,-2.1949524879455566,0.5033542513847351,9992.0,9988.0
0.38995522260665894,6.86368465423584,-2.2126638889312744,0.5032071471214294,9996.0,9992.0
0.2632378339767456,6.814457893371582,-2.1330647468566895,0.5030606389045715,10000.0,9996.0
0.45243990421295166,6.68934440612793,-2.2125141620635986,0.5029141902923584,10004.0,10000.0
0.9635934829711914,6.526851177215576,-2.205531597137451,0.5027678608894348,10008.0,10004.0
0.282665491104126,6.747340202331543,-2.2079811096191406,0.5026215314865112,10012.0,10008.0
0.3845154643058777,6.769941329956055,-2.208231210708618,0.502475380897522,10016.0,10012.0
0.41660135984420776,7.175335884094238,-2.1881580352783203,0.502329409122467,10020.0,10016.0
2.018233060836792,7.024868011474609,-2.2030844688415527,0.5021835565567017,10024.0,10020.0
0.26160281896591187,6.941423416137695,-2.2317075729370117,0.5020376443862915,10028.0,10024.0
0.32562458515167236,6.868927478790283,-2.2151451110839844,0.5018917322158813,10032.0,10028.0
0.3612966537475586,6.86082649230957,-2.2271132469177246,0.501745879650116,10036.0,10032.0
3.0424842834472656,6.950995445251465,-2.23913836479187,0.5015998482704163,10040.0,10036.0
2.2997679710388184,6.367444038391113,-2.261307716369629,0.5014535784721375,10044.0,10040.0
0.2909473478794098,7.457132816314697,-2.2653677463531494,0.5013071894645691,10048.0,10044.0
0.2062406837940216,6.924741268157959,-2.271270751953125,0.5011605024337769,10052.0,10048.0
1.6249924898147583,6.918798923492432,-2.2443060874938965,0.5010138154029846,10056.0,10052.0
0.38627690076828003,6.692817687988281,-2.277991533279419,0.5008669495582581,10060.0,10056.0
1.1826026439666748,6.680682182312012,-2.2274136543273926,0.500720202922821,10064.0,10060.0
0.4471500515937805,6.91402006149292,-2.2553696632385254,0.5005733966827393,10068.0,10064.0
0.7484956383705139,6.598983287811279,-2.261836528778076,0.5004265904426575,10072.0,10068.0
0.2692924737930298,6.4998555183410645,-2.2591447830200195,0.5002796649932861,10076.0,10072.0
0.5465883612632751,6.5284552574157715,-2.2238616943359375,0.5001329779624939,10080.0,10076.0
3.707320213317871,6.769128799438477,-2.2387876510620117,0.4999864101409912,10084.0,10080.0
0.282757967710495,6.623418807983398,-2.2203660011291504,0.49984005093574524,10088.0,10084.0
0.33435124158859253,6.557667255401611,-2.275383710861206,0.49969354271888733,10092.0,10088.0
0.45875245332717896,6.3891448974609375,-2.251607656478882,0.4995470643043518,10096.0,10092.0
0.2964451313018799,6.67510461807251,-2.2749743461608887,0.49940046668052673,10100.0,10096.0
3.642475128173828,6.666537284851074,-2.2654826641082764,0.4992538392543793,10104.0,10100.0
4.361860752105713,6.817512035369873,-2.2786107063293457,0.49910709261894226,10108.0,10104.0
3.964430332183838,7.062746524810791,-2.2941577434539795,0.4989601671695709,10112.0,10108.0
1.2102763652801514,6.605330944061279,-2.2487754821777344,0.4988133907318115,10116.0,10112.0
0.7772505283355713,6.797277450561523,-2.237295150756836,0.4986668527126312,10120.0,10116.0
0.2673776149749756,6.632071495056152,-2.2619824409484863,0.4985203444957733,10124.0,10120.0
3.2370080947875977,6.899588584899902,-2.307664155960083,0.4983735680580139,10128.0,10124.0
0.5438432693481445,6.635378837585449,-2.2817625999450684,0.49822676181793213,10132.0,10128.0
0.40152400732040405,6.706961154937744,-2.259434223175049,0.4980800449848175,10136.0,10132.0
0.36006927490234375,6.605922222137451,-2.3103556632995605,0.49793311953544617,10140.0,10136.0
1.1287124156951904,6.893370628356934,-2.2934927940368652,0.49778610467910767,10144.0,10140.0
0.3279082775115967,6.947900772094727,-2.3194656372070312,0.49763888120651245,10148.0,10144.0
0.32129740715026855,7.208062171936035,-2.3118739128112793,0.4974915087223053,10152.0,10148.0
1.8921616077423096,6.893644332885742,-2.327589750289917,0.49734392762184143,10156.0,10152.0
0.5920543670654297,6.7397003173828125,-2.3146255016326904,0.4971962571144104,10160.0,10156.0
0.42061036825180054,6.5301361083984375,-2.3015639781951904,0.497048556804657,10164.0,10160.0
0.2880387604236603,6.62883996963501,-2.3076424598693848,0.49690088629722595,10168.0,10164.0
0.295306921005249,6.3662872314453125,-2.30332088470459,0.49675318598747253,10172.0,10168.0
0.5011457800865173,6.9737958908081055,-2.3022053241729736,0.4966055154800415,10176.0,10172.0
1.0641331672668457,6.673434734344482,-2.2953550815582275,0.4964579641819,10180.0,10176.0
0.7655781507492065,6.823512077331543,-2.3127121925354004,0.49631035327911377,10184.0,10180.0
0.3287983536720276,6.761869430541992,-2.293065071105957,0.49616289138793945,10188.0,10184.0
0.26246875524520874,6.626181602478027,-2.3133811950683594,0.49601539969444275,10192.0,10188.0
0.3424074649810791,7.191019058227539,-2.30411696434021,0.49586793780326843,10196.0,10192.0
0.23505131900310516,6.729872703552246,-2.277509927749634,0.4957207143306732,10200.0,10196.0
0.23318251967430115,6.776834964752197,-2.2492735385894775,0.49557387828826904,10204.0,10200.0
0.4916641116142273,6.89616584777832,-2.2870945930480957,0.4954271614551544,10208.0,10204.0
0.8607768416404724,7.189000129699707,-2.2744572162628174,0.4952806532382965,10212.0,10208.0
1.0312424898147583,7.06278657913208,-2.324392795562744,0.49513402581214905,10216.0,10212.0
0.37093907594680786,7.139091491699219,-2.3219385147094727,0.4949873089790344,10220.0,10216.0
0.4426825940608978,7.284447193145752,-2.2927286624908447,0.49484068155288696,10224.0,10220.0
0.2591058313846588,7.1012959480285645,-2.319607734680176,0.4946940243244171,10228.0,10224.0
1.2861499786376953,7.421510696411133,-2.3281073570251465,0.4945472776889801,10232.0,10228.0
3.631298065185547,7.280460834503174,-2.3362112045288086,0.49440041184425354,10236.0,10232.0
0.6387814283370972,6.613517761230469,-2.3199832439422607,0.494253545999527,10240.0,10236.0
1.2449836730957031,6.553715705871582,-2.311901330947876,0.4941067397594452,10244.0,10240.0
0.24269914627075195,6.612514019012451,-2.3519034385681152,0.4939597249031067,10248.0,10244.0
0.3597499132156372,7.309769630432129,-2.34151029586792,0.4938126504421234,10252.0,10248.0
0.253878653049469,6.793159008026123,-2.3418374061584473,0.49366551637649536,10256.0,10252.0
0.237784281373024,6.613337993621826,-2.337430000305176,0.4935183525085449,10260.0,10256.0
1.0761747360229492,7.417932033538818,-2.3209447860717773,0.49337127804756165,10264.0,10260.0
3.063650131225586,6.960733413696289,-2.3361217975616455,0.49322420358657837,10268.0,10264.0
0.2488168478012085,6.835513114929199,-2.3240370750427246,0.49307718873023987,10272.0,10268.0
0.26204270124435425,6.46737813949585,-2.327831745147705,0.49293023347854614,10276.0,10272.0
0.25687354803085327,6.964365005493164,-2.3475160598754883,0.49278324842453003,10280.0,10276.0
1.172461748123169,6.8766770362854,-2.3338234424591064,0.4926362633705139,10284.0,10280.0
0.8048226237297058,6.911441802978516,-2.321873664855957,0.49248945713043213,10288.0,10284.0
0.32981207966804504,7.246318817138672,-2.326226234436035,0.4923427402973175,10292.0,10288.0
0.6752490401268005,6.734267234802246,-2.3138484954833984,0.4921961724758148,10296.0,10292.0
0.24714946746826172,6.338770866394043,-2.313546657562256,0.49204978346824646,10300.0,10296.0
1.1311230659484863,6.781621932983398,-2.328665256500244,0.4919034540653229,10304.0,10300.0
3.640475273132324,6.750918865203857,-2.3461530208587646,0.4917570650577545,10308.0,10304.0
0.30365949869155884,6.460272789001465,-2.3281078338623047,0.4916107952594757,10312.0,10308.0
0.32401043176651,7.2774505615234375,-2.3750860691070557,0.4914643168449402,10316.0,10312.0
0.3262709379196167,6.684179782867432,-2.3410043716430664,0.49131786823272705,10320.0,10316.0
0.38317427039146423,6.859982013702393,-2.3558506965637207,0.49117138981819153,10324.0,10320.0
0.21958433091640472,7.608027458190918,-2.3655309677124023,0.49102482199668884,10328.0,10324.0
0.29197007417678833,7.205092906951904,-2.357492208480835,0.4908781945705414,10332.0,10328.0
3.9405436515808105,7.0945258140563965,-2.338677167892456,0.49073171615600586,10336.0,10332.0
1.273669719696045,6.962724685668945,-2.349830150604248,0.4905852675437927,10340.0,10336.0
0.24318045377731323,6.94940185546875,-2.3376100063323975,0.49043893814086914,10344.0,10340.0
0.23343074321746826,6.9076642990112305,-2.3416330814361572,0.4902926981449127,10348.0,10344.0
0.1927700638771057,6.884885787963867,-2.343177080154419,0.49014654755592346,10352.0,10348.0
0.2678918242454529,7.463489532470703,-2.381406784057617,0.49000027775764465,10356.0,10352.0
0.2849593162536621,7.112044334411621,-2.3433008193969727,0.489854097366333,10360.0,10356.0
0.8002833127975464,6.966596603393555,-2.3831379413604736,0.4897077679634094,10364.0,10360.0
0.2366536259651184,7.193962097167969,-2.3648111820220947,0.48956143856048584,10368.0,10364.0
0.42311030626296997,7.13953161239624,-2.3602120876312256,0.48941513895988464,10372.0,10368.0
0.273019403219223,6.983709335327148,-2.3642303943634033,0.4892688989639282,10376.0,10372.0
0.3935279846191406,6.900068759918213,-2.36368465423584,0.4891226887702942,10380.0,10376.0
0.7677602767944336,6.8013763427734375,-2.3803658485412598,0.488976389169693,10384.0,10380.0
0.2136942744255066,7.158445835113525,-2.398653984069824,0.48882997035980225,10388.0,10384.0
0.23567724227905273,7.1403608322143555,-2.393761157989502,0.48868343234062195,10392.0,10388.0
3.7298998832702637,6.854659080505371,-2.3873143196105957,0.48853686451911926,10396.0,10392.0
0.21651476621627808,7.249051094055176,-2.3933825492858887,0.4883902072906494,10400.0,10396.0
1.2444220781326294,6.963131904602051,-2.367093324661255,0.4882436990737915,10404.0,10400.0
4.513873100280762,7.242833614349365,-2.3522329330444336,0.4880973696708679,10408.0,10404.0
0.3125781714916229,7.026816368103027,-2.379363536834717,0.4879510700702667,10412.0,10408.0
0.37994861602783203,7.207512855529785,-2.337857484817505,0.4878050684928894,10416.0,10412.0
0.48555928468704224,7.271292686462402,-2.3851494789123535,0.4876590371131897,10420.0,10416.0
0.30310899019241333,6.8308515548706055,-2.3849101066589355,0.4875130355358124,10424.0,10420.0
0.6661466360092163,7.253562927246094,-2.3608548641204834,0.4873671531677246,10428.0,10424.0
0.3530285954475403,6.984080791473389,-2.370044708251953,0.487221360206604,10432.0,10428.0
0.4593639671802521,6.837370872497559,-2.375063896179199,0.48707565665245056,10436.0,10432.0
1.0813697576522827,6.847626686096191,-2.346092700958252,0.4869301915168762,10440.0,10436.0
1.5840353965759277,7.165918350219727,-2.3543789386749268,0.4867848753929138,10444.0,10440.0
0.24417075514793396,6.8511176109313965,-2.383452892303467,0.4866395592689514,10448.0,10444.0
0.23979690670967102,7.046164512634277,-2.3515992164611816,0.4864944815635681,10452.0,10448.0
3.133169651031494,7.572018146514893,-2.386544942855835,0.48634934425354004,10456.0,10452.0
3.5811753273010254,7.447588920593262,-2.3817954063415527,0.48620420694351196,10460.0,10456.0
0.4125615358352661,7.244668960571289,-2.37648344039917,0.48605915904045105,10464.0,10460.0
0.5328890681266785,7.311368942260742,-2.389491319656372,0.48591408133506775,10468.0,10464.0
0.21415328979492188,7.317654609680176,-2.3725547790527344,0.485769122838974,10472.0,10468.0
0.18213552236557007,7.127742767333984,-2.4148991107940674,0.4856240153312683,10476.0,10472.0
0.23636490106582642,7.149412631988525,-2.368500232696533,0.4854790270328522,10480.0,10476.0
0.3371809720993042,7.5536723136901855,-2.389444589614868,0.4853340685367584,10484.0,10480.0
0.24352432787418365,7.241976737976074,-2.37465763092041,0.4851892292499542,10488.0,10484.0
0.34073197841644287,7.217898368835449,-2.376136302947998,0.4850444793701172,10492.0,10488.0
0.24745458364486694,6.991148948669434,-2.41615629196167,0.4848996102809906,10496.0,10492.0
0.3117109537124634,7.676218032836914,-2.3869290351867676,0.4847548007965088,10500.0,10496.0
0.643375039100647,7.641368865966797,-2.3882734775543213,0.48461002111434937,10504.0,10500.0
1.1668696403503418,7.926980972290039,-2.3827004432678223,0.4844653606414795,10508.0,10504.0
0.3040609359741211,7.252553939819336,-2.427196502685547,0.4843205511569977,10512.0,10508.0
0.23701393604278564,7.115258693695068,-2.411496639251709,0.4841756820678711,10516.0,10512.0
0.25513508915901184,7.352489471435547,-2.3842110633850098,0.48403093218803406,10520.0,10516.0
1.028085708618164,7.273576736450195,-2.4089558124542236,0.483886182308197,10524.0,10520.0
0.24930734932422638,7.2460713386535645,-2.4030368328094482,0.4837414622306824,10528.0,10524.0
0.23002198338508606,7.219850540161133,-2.397660970687866,0.4835968017578125,10532.0,10528.0
0.2892460227012634,7.153585910797119,-2.3844141960144043,0.4834522604942322,10536.0,10532.0
0.3414441645145416,7.363185882568359,-2.4299802780151367,0.4833076298236847,10540.0,10536.0
0.3323668837547302,7.283997058868408,-2.377744436264038,0.48316317796707153,10544.0,10540.0
0.22939927875995636,7.241641044616699,-2.3915672302246094,0.4830188751220703,10548.0,10544.0
0.286355197429657,7.889764785766602,-2.4093501567840576,0.4828745126724243,10552.0,10548.0
3.8636696338653564,7.626682281494141,-2.4264094829559326,0.48273012042045593,10556.0,10552.0
0.27143481373786926,6.985118389129639,-2.361062526702881,0.4825860559940338,10560.0,10556.0
0.2396894246339798,7.227602005004883,-2.4121766090393066,0.4824419617652893,10564.0,10560.0
3.3122873306274414,7.322514533996582,-2.369943618774414,0.4822981059551239,10568.0,10564.0
0.20681007206439972,7.0536932945251465,-2.4011242389678955,0.48215433955192566,10572.0,10568.0
0.2894875705242157,7.447908401489258,-2.367546796798706,0.4820108115673065,10576.0,10572.0
1.1721954345703125,7.572763442993164,-2.4072322845458984,0.48186731338500977,10580.0,10576.0
0.2863692045211792,7.237074851989746,-2.4097647666931152,0.481723815202713,10584.0,10580.0
0.22270873188972473,7.509819030761719,-2.4574947357177734,0.4815800189971924,10588.0,10584.0
0.25484901666641235,7.6284308433532715,-2.4059977531433105,0.4814363420009613,10592.0,10588.0
1.1834368705749512,7.60497522354126,-2.3863110542297363,0.48129281401634216,10596.0,10592.0
0.27034991979599,7.398428916931152,-2.417570114135742,0.481149286031723,10600.0,10596.0
1.2644319534301758,6.990097522735596,-2.365278482437134,0.48100608587265015,10604.0,10600.0
0.25077104568481445,6.927774906158447,-2.3930487632751465,0.4808630049228668,10608.0,10604.0
0.8466778993606567,7.480090141296387,-2.4231765270233154,0.4807198941707611,10612.0,10608.0
0.28449198603630066,7.965699195861816,-2.411890983581543,0.4805767834186554,10616.0,10612.0
0.24240581691265106,7.265109062194824,-2.4314842224121094,0.4804336130619049,10620.0,10616.0
1.194035530090332,7.269524574279785,-2.3957953453063965,0.48029059171676636,10624.0,10620.0
0.3367404043674469,7.376081466674805,-2.4279069900512695,0.4801475405693054,10628.0,10624.0
0.3289094567298889,7.335141181945801,-2.4413790702819824,0.4800044000148773,10632.0,10628.0
0.2040434628725052,7.048183917999268,-2.4598560333251953,0.4798610210418701,10636.0,10632.0
0.24287980794906616,7.569218635559082,-2.4337353706359863,0.4797176122665405,10640.0,10636.0
0.5963802337646484,7.177887916564941,-2.413752794265747,0.4795743525028229,10644.0,10640.0
0.2533140778541565,7.120639801025391,-2.4442853927612305,0.47943103313446045,10648.0,10644.0
0.3143004775047302,7.753096103668213,-2.429527997970581,0.4792877435684204,10652.0,10648.0
0.744732677936554,7.697238922119141,-2.4329240322113037,0.47914445400238037,10656.0,10652.0
0.2780924439430237,7.211212158203125,-2.422184467315674,0.4790012836456299,10660.0,10656.0
0.5300625562667847,7.386609077453613,-2.414144515991211,0.4788582921028137,10664.0,10660.0
1.0987781286239624,7.390908718109131,-2.4235243797302246,0.47871533036231995,10668.0,10664.0
1.3480510711669922,7.698646068572998,-2.4413185119628906,0.47857236862182617,10672.0,10668.0
0.7447455525398254,7.63012170791626,-2.4537744522094727,0.47842931747436523,10676.0,10672.0
0.2050895094871521,7.492927551269531,-2.415989398956299,0.4782864451408386,10680.0,10676.0
0.6448944807052612,7.275526523590088,-2.4611189365386963,0.4781434237957001,10684.0,10680.0
0.25521010160446167,7.340179443359375,-2.4696977138519287,0.478000283241272,10688.0,10684.0
0.22328154742717743,7.120482921600342,-2.4264492988586426,0.4778572916984558,10692.0,10688.0
0.2625328004360199,7.528992652893066,-2.398285388946533,0.4777145981788635,10696.0,10692.0
0.2930038571357727,7.18562126159668,-2.435910224914551,0.477571964263916,10700.0,10696.0
0.527882993221283,7.564635753631592,-2.4337751865386963,0.4774293899536133,10704.0,10700.0
0.28385886549949646,7.249961853027344,-2.4417483806610107,0.47728684544563293,10708.0,10704.0
0.3219420909881592,7.6739888191223145,-2.426006555557251,0.47714442014694214,10712.0,10708.0
0.2514931857585907,7.368813514709473,-2.436692953109741,0.4770020842552185,10716.0,10712.0
0.876427948474884,7.545210838317871,-2.463690996170044,0.4768596291542053,10720.0,10716.0
0.4164833426475525,7.760392189025879,-2.4733853340148926,0.4767170548439026,10724.0,10720.0
0.3477690815925598,7.248325347900391,-2.4359493255615234,0.4765745997428894,10728.0,10724.0
1.366805911064148,7.475785732269287,-2.4662489891052246,0.47643208503723145,10732.0,10728.0
0.36797815561294556,7.311388969421387,-2.4752535820007324,0.47628945112228394,10736.0,10732.0
0.6592139601707458,7.138156890869141,-2.449202537536621,0.4761469066143036,10740.0,10736.0
1.3860900402069092,7.64583158493042,-2.4489784240722656,0.476004421710968,10744.0,10740.0
0.6541728973388672,7.37895393371582,-2.4195430278778076,0.4758622348308563,10748.0,10744.0
0.24282434582710266,7.605093002319336,-2.4264209270477295,0.47572019696235657,10752.0,10748.0
0.5809797048568726,7.580008506774902,-2.4561991691589355,0.4755781888961792,10756.0,10752.0
0.35375940799713135,7.2882466316223145,-2.4455454349517822,0.4754362404346466,10760.0,10756.0
0.23999974131584167,7.682706832885742,-2.421128988265991,0.4752945303916931,10764.0,10760.0
0.23507612943649292,7.328246116638184,-2.442460060119629,0.4751529097557068,10768.0,10764.0
0.16851675510406494,7.299080848693848,-2.463261842727661,0.4750112295150757,10772.0,10768.0
0.21240940690040588,7.589780807495117,-2.4524502754211426,0.47486963868141174,10776.0,10772.0
1.4192883968353271,7.736452102661133,-2.452971935272217,0.4747280776500702,10780.0,10776.0
0.27267253398895264,7.243044853210449,-2.5004653930664062,0.47458627820014954,10784.0,10780.0
0.311840295791626,7.7006988525390625,-2.443828582763672,0.4744446277618408,10788.0,10784.0
0.2250051200389862,7.284221649169922,-2.4623584747314453,0.4743030071258545,10792.0,10788.0
0.6031576991081238,7.698141574859619,-2.471482276916504,0.4741613566875458,10796.0,10792.0
0.38168227672576904,7.779893398284912,-2.4587247371673584,0.4740197956562042,10800.0,10796.0
0.251443088054657,7.63340425491333,-2.455270767211914,0.47387829422950745,10804.0,10800.0
0.37323564291000366,7.539159297943115,-2.475039005279541,0.4737367630004883,10808.0,10804.0
3.724041700363159,7.606369972229004,-2.4790048599243164,0.47359520196914673,10812.0,10808.0
0.47827214002609253,7.250779151916504,-2.4636757373809814,0.47345373034477234,10816.0,10812.0
0.5670524835586548,7.623724937438965,-2.503777503967285,0.4733120799064636,10820.0,10816.0
0.22418582439422607,7.6608710289001465,-2.4422476291656494,0.4731706380844116,10824.0,10820.0
0.25281423330307007,7.95906400680542,-2.4640417098999023,0.47302931547164917,10828.0,10824.0
0.28025418519973755,7.74876594543457,-2.495300769805908,0.47288787364959717,10832.0,10828.0
3.5577640533447266,7.9704766273498535,-2.4665465354919434,0.4727465510368347,10836.0,10832.0
0.2284170538187027,7.357977867126465,-2.4891810417175293,0.4726051688194275,10840.0,10836.0
0.2877662777900696,7.171507835388184,-2.4838223457336426,0.47246378660202026,10844.0,10840.0
0.307405948638916,7.586549282073975,-2.4836599826812744,0.47232240438461304,10848.0,10844.0
0.2921612858772278,7.771681308746338,-2.4683589935302734,0.47218117117881775,10852.0,10848.0
0.24997681379318237,7.882561683654785,-2.4850053787231445,0.47203993797302246,10856.0,10852.0
0.2857503592967987,7.7941083908081055,-2.4565622806549072,0.4718988835811615,10860.0,10856.0
0.26509374380111694,7.880289077758789,-2.4862875938415527,0.47175782918930054,10864.0,10860.0
0.32919812202453613,7.773253440856934,-2.4995625019073486,0.4716167151927948,10868.0,10864.0
0.27201586961746216,7.294386386871338,-2.468316078186035,0.471475750207901,10872.0,10868.0
0.3049360513687134,7.086854934692383,-2.5080244541168213,0.47133466601371765,10876.0,10872.0
0.25222843885421753,7.776647567749023,-2.4724888801574707,0.47119370102882385,10880.0,10876.0
0.3768766522407532,7.682008266448975,-2.4670376777648926,0.4710529148578644,10884.0,10880.0
0.6157341003417969,7.9160919189453125,-2.4866552352905273,0.4709121584892273,10888.0,10884.0
0.23813247680664062,8.05227279663086,-2.5020456314086914,0.4707713723182678,10892.0,10888.0
0.31094953417778015,7.982446193695068,-2.4959235191345215,0.47063058614730835,10896.0,10892.0
0.25020384788513184,7.929520606994629,-2.505563259124756,0.4704897403717041,10900.0,10896.0
0.2746348977088928,7.58889627456665,-2.4798238277435303,0.4703490436077118,10904.0,10900.0
0.30490240454673767,7.400424957275391,-2.4963831901550293,0.4702083468437195,10908.0,10904.0
0.22563424706459045,7.954294204711914,-2.5064592361450195,0.4700676202774048,10912.0,10908.0
0.22942401468753815,7.635234832763672,-2.482701063156128,0.46992701292037964,10916.0,10912.0
0.5013160705566406,7.391526222229004,-2.506378412246704,0.4697864055633545,10920.0,10916.0
0.2646433115005493,8.012120246887207,-2.4780972003936768,0.4696459472179413,10924.0,10920.0
0.2638779282569885,7.8623504638671875,-2.5406010150909424,0.46950531005859375,10928.0,10924.0
0.24330012500286102,8.132323265075684,-2.5395853519439697,0.4693644940853119,10932.0,10928.0
1.215315341949463,8.170891761779785,-2.4879958629608154,0.4692237973213196,10936.0,10932.0
1.2338578701019287,7.952594757080078,-2.5166361331939697,0.46908313035964966,10940.0,10936.0
0.27781158685684204,7.922683238983154,-2.5244946479797363,0.46894240379333496,10944.0,10940.0
0.31982192397117615,8.065481185913086,-2.5185070037841797,0.4688016474246979,10948.0,10944.0
0.2729799151420593,7.8719482421875,-2.4830195903778076,0.4686611294746399,10952.0,10948.0
0.24399423599243164,8.242225646972656,-2.491330623626709,0.46852076053619385,10956.0,10952.0
1.622288465499878,8.022454261779785,-2.5023252964019775,0.4683804512023926,10960.0,10956.0
0.34832170605659485,7.988105773925781,-2.4970827102661133,0.46824026107788086,10964.0,10960.0
0.45307207107543945,7.716892242431641,-2.4992733001708984,0.4681001901626587,10968.0,10964.0
0.3257220983505249,7.886960983276367,-2.514662981033325,0.4679601192474365,10972.0,10968.0
0.30558645725250244,7.827893257141113,-2.502194881439209,0.4678201377391815,10976.0,10972.0
0.6674794554710388,8.008953094482422,-2.4910316467285156,0.46768030524253845,10980.0,10976.0
0.25978806614875793,7.809610366821289,-2.5202133655548096,0.4675404727458954,10984.0,10980.0
0.3157479763031006,7.856558799743652,-2.4958913326263428,0.46740078926086426,10988.0,10984.0
0.28328651189804077,7.686872482299805,-2.502964973449707,0.4672611653804779,10992.0,10988.0
0.28792840242385864,8.321403503417969,-2.5193958282470703,0.46712154150009155,10996.0,10992.0
0.27227139472961426,7.954440116882324,-2.49613356590271,0.46698203682899475,11000.0,10996.0
3.864999294281006,7.771980285644531,-2.5091729164123535,0.4668426215648651,11004.0,11000.0
0.2640151381492615,7.744134902954102,-2.500199556350708,0.46670329570770264,11008.0,11004.0
0.3629542887210846,8.45787239074707,-2.5268898010253906,0.46656396985054016,11012.0,11008.0
0.2399880439043045,7.639385223388672,-2.525404214859009,0.4664246141910553,11016.0,11012.0
0.2747393250465393,7.734640598297119,-2.5453338623046875,0.4662851095199585,11020.0,11016.0
1.575413703918457,7.764246940612793,-2.522061824798584,0.46614566445350647,11024.0,11020.0
4.0048322677612305,8.096658706665039,-2.550560474395752,0.4660061299800873,11028.0,11024.0
0.31627845764160156,7.902209281921387,-2.528043031692505,0.4658666253089905,11032.0,11028.0
1.0465751886367798,7.785226821899414,-2.4916982650756836,0.4657273292541504,11036.0,11032.0
3.4831864833831787,7.815664768218994,-2.5163791179656982,0.46558812260627747,11040.0,11036.0
3.436347484588623,7.835756301879883,-2.530988931655884,0.46544894576072693,11044.0,11040.0
0.24779188632965088,7.421684741973877,-2.527092695236206,0.4653097689151764,11048.0,11044.0
0.39226245880126953,8.075855255126953,-2.513169765472412,0.4651707410812378,11052.0,11048.0
0.3164525032043457,7.767629623413086,-2.519235610961914,0.46503180265426636,11056.0,11052.0
0.41383785009384155,8.250349044799805,-2.5464611053466797,0.46489277482032776,11060.0,11056.0
0.5189089179039001,7.8615641593933105,-2.554422378540039,0.4647536873817444,11064.0,11060.0
0.3879362940788269,7.853104114532471,-2.552030086517334,0.46461451053619385,11068.0,11064.0
0.3991786241531372,8.248590469360352,-2.544585943222046,0.4644753634929657,11072.0,11068.0
0.6615415215492249,7.403596878051758,-2.5255630016326904,0.4643362760543823,11076.0,11072.0
0.3885685205459595,7.850063323974609,-2.55661678314209,0.46419718861579895,11080.0,11076.0
1.1702392101287842,8.388075828552246,-2.536421775817871,0.46405813097953796,11084.0,11080.0
0.3236319422721863,7.786710739135742,-2.5463438034057617,0.46391910314559937,11088.0,11084.0
0.7091142535209656,7.871123790740967,-2.537940502166748,0.46378016471862793,11092.0,11088.0
0.6333478093147278,8.108633041381836,-2.549668312072754,0.4636411964893341,11096.0,11092.0
1.3232166767120361,8.285991668701172,-2.529315948486328,0.46350234746932983,11100.0,11096.0
0.286642849445343,8.393877983093262,-2.508955478668213,0.46336373686790466,11104.0,11100.0
0.27893298864364624,8.262060165405273,-2.523904800415039,0.46322527527809143,11108.0,11104.0
3.540286064147949,8.334212303161621,-2.534170627593994,0.463086873292923,11112.0,11108.0
0.3110847473144531,7.861854076385498,-2.540532350540161,0.4629485309123993,11116.0,11112.0
3.696215867996216,7.973694801330566,-2.5690841674804688,0.46281009912490845,11120.0,11116.0
0.3041872978210449,7.828672409057617,-2.519867181777954,0.46267181634902954,11124.0,11120.0
1.2123918533325195,8.123016357421875,-2.5222294330596924,0.46253371238708496,11128.0,11124.0
0.3223186135292053,8.23122787475586,-2.570939064025879,0.46239548921585083,11132.0,11128.0
0.38543057441711426,7.702880859375,-2.5413784980773926,0.46225735545158386,11136.0,11132.0
0.23610930144786835,7.831490993499756,-2.5621931552886963,0.4621191620826721,11140.0,11136.0
4.530364513397217,7.9531474113464355,-2.4927849769592285,0.46198132634162903,11144.0,11140.0
0.2883433699607849,7.8864970207214355,-2.524998664855957,0.4618436396121979,11148.0,11144.0
0.3078661859035492,7.8738555908203125,-2.5225377082824707,0.46170610189437866,11152.0,11148.0
0.349773645401001,7.9716901779174805,-2.5235202312469482,0.4615687131881714,11156.0,11152.0
1.3659249544143677,7.862851619720459,-2.565830945968628,0.46143123507499695,11160.0,11156.0
0.7148585915565491,8.144063949584961,-2.5069961547851562,0.4612939953804016,11164.0,11160.0
4.220497131347656,8.281137466430664,-2.5308120250701904,0.46115684509277344,11168.0,11164.0
1.2767045497894287,8.169891357421875,-2.5400266647338867,0.4610197842121124,11172.0,11168.0
0.2571183443069458,7.712470531463623,-2.5323848724365234,0.4608827829360962,11176.0,11172.0
0.23808763921260834,7.895206451416016,-2.5362930297851562,0.4607458710670471,11180.0,11176.0
0.6308789849281311,8.18425178527832,-2.5848464965820312,0.46060875058174133,11184.0,11180.0
1.0597591400146484,8.225320816040039,-2.5629172325134277,0.46047163009643555,11188.0,11184.0
0.2557108998298645,8.03581428527832,-2.5652313232421875,0.460334450006485,11192.0,11188.0
0.2582322955131531,7.824347972869873,-2.5532844066619873,0.4601972997188568,11196.0,11192.0
0.7928501963615417,8.549551010131836,-2.5518887042999268,0.4600602090358734,11200.0,11196.0
0.3745618462562561,8.345460891723633,-2.5567283630371094,0.4599231481552124,11204.0,11200.0
0.2640627920627594,8.23204231262207,-2.560849189758301,0.45978614687919617,11208.0,11204.0
0.32671016454696655,7.998941898345947,-2.5088586807250977,0.4596494138240814,11212.0,11208.0
1.436657190322876,8.223560333251953,-2.5497021675109863,0.45951274037361145,11216.0,11212.0
3.692976951599121,8.400464057922363,-2.5116126537323,0.45937633514404297,11220.0,11216.0
0.3470137119293213,8.140656471252441,-2.5744965076446533,0.4592398405075073,11224.0,11220.0
0.35987389087677,8.249937057495117,-2.55716609954834,0.45910337567329407,11228.0,11224.0
0.33162301778793335,8.31803035736084,-2.518537998199463,0.4589671492576599,11232.0,11228.0
0.2972182631492615,8.183897018432617,-2.5321555137634277,0.4588310718536377,11236.0,11232.0
0.23971334099769592,8.443254470825195,-2.599618911743164,0.4586947560310364,11240.0,11236.0
0.3233198821544647,8.178714752197266,-2.579369068145752,0.4585583806037903,11244.0,11240.0
0.7512619495391846,8.476720809936523,-2.5487918853759766,0.45842209458351135,11248.0,11244.0
0.329161137342453,8.238492965698242,-2.529625177383423,0.45828601717948914,11252.0,11248.0
4.101360321044922,8.198322296142578,-2.5388736724853516,0.45815008878707886,11256.0,11252.0
0.28596311807632446,8.068914413452148,-2.5567591190338135,0.45801419019699097,11260.0,11256.0
0.4793606996536255,7.926474571228027,-2.5387299060821533,0.457878440618515,11264.0,11260.0
0.3963651657104492,8.05483627319336,-2.5740838050842285,0.4577426314353943,11268.0,11264.0
0.3117847144603729,8.578401565551758,-2.5783236026763916,0.45760679244995117,11272.0,11268.0
0.6483371257781982,7.9383063316345215,-2.5562632083892822,0.45747101306915283,11276.0,11272.0
0.41769805550575256,8.054348945617676,-2.5625455379486084,0.4573352634906769,11280.0,11276.0
0.7883695363998413,8.116649627685547,-2.57374906539917,0.45719948410987854,11284.0,11280.0
0.42118439078330994,7.956172466278076,-2.502401113510132,0.45706409215927124,11288.0,11284.0
0.34483087062835693,8.515692710876465,-2.5970849990844727,0.456928551197052,11292.0,11288.0
0.4958454370498657,8.077167510986328,-2.5823652744293213,0.4567929804325104,11296.0,11292.0
0.36306411027908325,8.442296981811523,-2.5527431964874268,0.4566575288772583,11300.0,11296.0
0.3337082266807556,8.291150093078613,-2.5577187538146973,0.456522136926651,11304.0,11300.0
0.2449805587530136,7.98795747756958,-2.587803363800049,0.45638665556907654,11308.0,11304.0
0.3753765821456909,8.278392791748047,-2.6059508323669434,0.4562510848045349,11312.0,11308.0
0.24882960319519043,8.2890625,-2.528515577316284,0.4561157524585724,11316.0,11312.0
0.32143592834472656,8.338174819946289,-2.548060894012451,0.4559805989265442,11320.0,11316.0
0.32098668813705444,7.9678955078125,-2.5334486961364746,0.4558456838130951,11324.0,11320.0
0.3148641586303711,7.8177337646484375,-2.5528228282928467,0.45571085810661316,11328.0,11324.0
0.4461018443107605,8.697057723999023,-2.507465362548828,0.4555763900279999,11332.0,11328.0
0.3160194158554077,8.156357765197754,-2.5670979022979736,0.455441951751709,11336.0,11332.0
0.37561270594596863,8.388631820678711,-2.591075897216797,0.45530736446380615,11340.0,11336.0
0.4428766071796417,8.087648391723633,-2.5755696296691895,0.4551727771759033,11344.0,11340.0
0.23414470255374908,8.269853591918945,-2.574105739593506,0.4550381898880005,11348.0,11344.0
2.0279574394226074,8.442317008972168,-2.6074776649475098,0.4549034833908081,11352.0,11348.0
0.30075711011886597,7.900178909301758,-2.5877037048339844,0.45476874709129333,11356.0,11352.0
0.28740593791007996,8.897643089294434,-2.5733642578125,0.45463404059410095,11360.0,11356.0
0.358224093914032,8.002883911132812,-2.6201601028442383,0.45449915528297424,11364.0,11360.0
0.4007619023323059,8.58434009552002,-2.588860273361206,0.4543642997741699,11368.0,11364.0
0.627501368522644,8.79347038269043,-2.577974557876587,0.4542295038700104,11372.0,11368.0
0.3556598424911499,8.455035209655762,-2.6101043224334717,0.45409461855888367,11376.0,11372.0
0.2730769217014313,8.173135757446289,-2.6179986000061035,0.4539596438407898,11380.0,11376.0
0.2777668535709381,8.326303482055664,-2.612096071243286,0.45382457971572876,11384.0,11380.0
0.2976886034011841,8.334427833557129,-2.6260504722595215,0.4536893963813782,11388.0,11384.0
0.2246399074792862,8.239977836608887,-2.6114234924316406,0.4535542130470276,11392.0,11388.0
1.1631098985671997,7.918853282928467,-2.6053757667541504,0.453419029712677,11396.0,11392.0
0.6073117256164551,8.211009979248047,-2.596497058868408,0.4532839357852936,11400.0,11396.0
1.2820804119110107,8.065418243408203,-2.5899899005889893,0.4531489312648773,11404.0,11400.0
0.36672472953796387,8.052702903747559,-2.5941038131713867,0.4530140161514282,11408.0,11404.0
0.5816642045974731,8.427486419677734,-2.6177899837493896,0.45287907123565674,11412.0,11408.0
0.1974869668483734,8.181510925292969,-2.6171646118164062,0.4527440667152405,11416.0,11412.0
0.23555441200733185,8.411262512207031,-2.5900039672851562,0.45260924100875854,11420.0,11416.0
0.21491394937038422,8.440279006958008,-2.5995514392852783,0.4524744749069214,11424.0,11420.0
0.33923423290252686,8.337359428405762,-2.602457046508789,0.452339768409729,11428.0,11424.0
0.292707622051239,8.424041748046875,-2.587186098098755,0.45220521092414856,11432.0,11428.0
0.6649487018585205,7.837886810302734,-2.575636148452759,0.45207083225250244,11436.0,11432.0
0.2971227169036865,8.317110061645508,-2.599410057067871,0.4519365429878235,11440.0,11436.0
0.7672046422958374,8.31674575805664,-2.599294900894165,0.4518022835254669,11444.0,11440.0
0.29700183868408203,8.234968185424805,-2.5655407905578613,0.45166832208633423,11448.0,11444.0
0.3130817413330078,8.442709922790527,-2.611133337020874,0.45153433084487915,11452.0,11448.0
0.3184511661529541,8.688587188720703,-2.607362985610962,0.4514003396034241,11456.0,11452.0
0.44865599274635315,8.236024856567383,-2.608818531036377,0.451266348361969,11460.0,11456.0
0.3784986436367035,8.394783973693848,-2.658606767654419,0.4511321783065796,11464.0,11460.0
0.31265687942504883,8.567370414733887,-2.630610466003418,0.4509979486465454,11468.0,11464.0
0.23121577501296997,8.24399185180664,-2.6347947120666504,0.45086365938186646,11472.0,11468.0
0.27257296442985535,7.7441840171813965,-2.594892978668213,0.4507295489311218,11476.0,11472.0
0.3164932429790497,8.398772239685059,-2.6549105644226074,0.45059525966644287,11480.0,11476.0
0.2794472575187683,8.690828323364258,-2.6354990005493164,0.45046094059944153,11484.0,11480.0
0.32062822580337524,8.763361930847168,-2.646334648132324,0.4503265619277954,11488.0,11484.0
0.3266344964504242,8.10003662109375,-2.6578757762908936,0.45019203424453735,11492.0,11488.0
0.36794403195381165,8.950960159301758,-2.6056787967681885,0.4500576853752136,11496.0,11492.0
1.1892211437225342,8.297127723693848,-2.6020655632019043,0.4499235451221466,11500.0,11496.0
0.30612534284591675,8.253999710083008,-2.616185188293457,0.44978946447372437,11504.0,11500.0
0.5334304571151733,8.392760276794434,-2.600283145904541,0.44965559244155884,11508.0,11504.0
0.25390660762786865,8.950693130493164,-2.6310951709747314,0.4495217502117157,11512.0,11508.0
0.17694488167762756,8.03927230834961,-2.6062393188476562,0.4493880569934845,11516.0,11512.0
0.2847318649291992,8.66262435913086,-2.6213841438293457,0.4492543935775757,11520.0,11516.0
0.22714228928089142,8.291712760925293,-2.6698989868164062,0.44912055134773254,11524.0,11520.0
0.5515923500061035,9.095268249511719,-2.651418685913086,0.448986679315567,11528.0,11524.0
0.3542909026145935,8.211175918579102,-2.627694606781006,0.44885286688804626,11532.0,11528.0
0.36876046657562256,8.158056259155273,-2.6438050270080566,0.4487190246582031,11536.0,11532.0
0.5067223310470581,8.543890953063965,-2.6351795196533203,0.44858527183532715,11540.0,11536.0
1.3099915981292725,8.803812980651855,-2.6825575828552246,0.44845131039619446,11544.0,11540.0
0.3679284453392029,8.247432708740234,-2.674586534500122,0.4483172595500946,11548.0,11544.0
0.2762910723686218,8.615407943725586,-2.6255812644958496,0.4481833577156067,11552.0,11548.0
0.2849748134613037,8.362911224365234,-2.676339864730835,0.44804930686950684,11556.0,11552.0
8.422401428222656,8.94095230102539,-2.6495890617370605,0.44791531562805176,11560.0,11556.0
4.888646125793457,7.938228607177734,-2.6324095726013184,0.4477814733982086,11564.0,11560.0
1.2916977405548096,8.476200103759766,-2.664095163345337,0.4476476013660431,11568.0,11564.0
0.9015774130821228,8.209372520446777,-2.598459482192993,0.44751402735710144,11572.0,11568.0
4.127018928527832,8.58457088470459,-2.6523571014404297,0.4473804533481598,11576.0,11572.0
0.4472668468952179,8.428342819213867,-2.656430959701538,0.4472469091415405,11580.0,11576.0
0.29022449254989624,8.264107704162598,-2.6073927879333496,0.44711360335350037,11584.0,11580.0
0.2653401792049408,8.37830638885498,-2.647109031677246,0.446980357170105,11588.0,11584.0
0.9844436645507812,8.545001983642578,-2.703784465789795,0.4468468725681305,11592.0,11588.0
0.6365512609481812,8.319347381591797,-2.6493124961853027,0.4467134475708008,11596.0,11592.0
0.31796202063560486,8.71824836730957,-2.6394221782684326,0.446580171585083,11600.0,11596.0
0.4077852964401245,8.430587768554688,-2.665538787841797,0.44644683599472046,11604.0,11600.0
0.35855913162231445,8.497904777526855,-2.665241241455078,0.4463135600090027,11608.0,11604.0
0.35955190658569336,8.207921981811523,-2.6178696155548096,0.44618046283721924,11612.0,11608.0
0.22937411069869995,8.027437210083008,-2.659750461578369,0.44604742527008057,11616.0,11612.0
0.7093133926391602,8.376077651977539,-2.650120735168457,0.44591444730758667,11620.0,11616.0
0.32378089427948,8.029661178588867,-2.6285037994384766,0.4457816481590271,11624.0,11620.0
0.3408006429672241,8.653438568115234,-2.6751651763916016,0.44564878940582275,11628.0,11624.0
1.3572173118591309,8.861006736755371,-2.649618625640869,0.44551602005958557,11632.0,11628.0
0.40395987033843994,8.376937866210938,-2.684292793273926,0.4453831613063812,11636.0,11632.0
0.47464123368263245,8.572351455688477,-2.6266188621520996,0.445250540971756,11640.0,11636.0
0.28957557678222656,8.156841278076172,-2.674567222595215,0.44511786103248596,11644.0,11640.0
0.4063733220100403,8.816896438598633,-2.644656181335449,0.4449853003025055,11648.0,11644.0
0.2367004156112671,8.019201278686523,-2.661489486694336,0.4448527991771698,11652.0,11648.0
4.576642036437988,9.158990859985352,-2.6353092193603516,0.44472044706344604,11656.0,11652.0
0.3092014193534851,8.873387336730957,-2.669501543045044,0.4445880949497223,11660.0,11656.0
0.3014994263648987,8.292957305908203,-2.6591947078704834,0.4444558024406433,11664.0,11660.0
0.3193973898887634,8.282881736755371,-2.6573004722595215,0.4443235695362091,11668.0,11664.0
0.3677905797958374,9.213833808898926,-2.623262882232666,0.444191575050354,11672.0,11668.0
0.39367663860321045,8.589025497436523,-2.65500545501709,0.4440596401691437,11676.0,11672.0
0.3560541272163391,8.823762893676758,-2.6764638423919678,0.4439276456832886,11680.0,11676.0
0.42357897758483887,8.258783340454102,-2.667966842651367,0.44379568099975586,11684.0,11680.0
1.1844561100006104,8.532271385192871,-2.635862350463867,0.44366392493247986,11688.0,11684.0
0.47811567783355713,8.0573148727417,-2.6415841579437256,0.4435322880744934,11692.0,11688.0
0.275399386882782,8.216402053833008,-2.6718122959136963,0.44340065121650696,11696.0,11692.0
0.3432200849056244,8.162568092346191,-2.7004237174987793,0.44326886534690857,11700.0,11696.0
0.32656699419021606,8.672544479370117,-2.6969873905181885,0.44313696026802063,11704.0,11700.0
0.3710234761238098,8.478175163269043,-2.681833267211914,0.4430050849914551,11708.0,11704.0
0.3712828755378723,8.689577102661133,-2.709965705871582,0.4428730309009552,11712.0,11708.0
0.24566546082496643,8.962300300598145,-2.6815385818481445,0.4427410364151001,11716.0,11712.0
0.27444231510162354,8.390775680541992,-2.688892364501953,0.4426090121269226,11720.0,11716.0
1.7342088222503662,8.513991355895996,-2.673774242401123,0.4424770772457123,11724.0,11720.0
0.78495192527771,8.574295043945312,-2.6608846187591553,0.4423452913761139,11728.0,11724.0
0.3687201142311096,8.212651252746582,-2.6664788722991943,0.44221359491348267,11732.0,11728.0
1.4486167430877686,8.793109893798828,-2.655550479888916,0.44208207726478577,11736.0,11732.0
0.33429956436157227,8.813776016235352,-2.7053544521331787,0.4419504404067993,11740.0,11736.0
0.2977290749549866,8.568365097045898,-2.6332573890686035,0.44181910157203674,11744.0,11740.0
0.3147253692150116,8.749017715454102,-2.700671672821045,0.441687673330307,11748.0,11744.0
0.38273561000823975,8.526451110839844,-2.6693990230560303,0.4415563642978668,11752.0,11748.0
0.48656758666038513,8.814387321472168,-2.6859941482543945,0.44142505526542664,11756.0,11752.0
0.3226812481880188,8.584382057189941,-2.6897528171539307,0.44129377603530884,11760.0,11756.0
0.4994146525859833,8.57550048828125,-2.7171802520751953,0.4411623477935791,11764.0,11760.0
2.22678542137146,8.769241333007812,-2.6324925422668457,0.44103124737739563,11768.0,11764.0
1.4222221374511719,8.345934867858887,-2.657560348510742,0.4409002959728241,11772.0,11768.0
0.30324864387512207,8.208359718322754,-2.7257916927337646,0.44076916575431824,11776.0,11772.0
0.3345971703529358,8.651056289672852,-2.698359727859497,0.4406380355358124,11780.0,11776.0
1.1490843296051025,8.540600776672363,-2.6970860958099365,0.4405069351196289,11784.0,11780.0
1.2033281326293945,8.727132797241211,-2.707989454269409,0.44037577509880066,11788.0,11784.0
0.3590977191925049,8.50360107421875,-2.6716761589050293,0.44024476408958435,11792.0,11788.0
0.2888795733451843,8.499959945678711,-2.6790313720703125,0.4401138424873352,11796.0,11792.0
1.2502646446228027,8.740571022033691,-2.691012144088745,0.43998298048973083,11800.0,11796.0
0.3575655221939087,8.277654647827148,-2.6845364570617676,0.43985217809677124,11804.0,11800.0
0.7735797762870789,8.66421127319336,-2.6996665000915527,0.43972140550613403,11808.0,11804.0
0.36062055826187134,8.764053344726562,-2.6400842666625977,0.4395909309387207,11812.0,11808.0
0.32724514603614807,8.745156288146973,-2.7138311862945557,0.4394603967666626,11816.0,11812.0
0.2780277132987976,8.77617073059082,-2.6809325218200684,0.43932995200157166,11820.0,11816.0
1.077636957168579,9.005819320678711,-2.69277286529541,0.4391995370388031,11824.0,11820.0
5.337952613830566,8.952142715454102,-2.7158470153808594,0.4390690326690674,11828.0,11824.0
0.31891578435897827,8.342694282531738,-2.6937005519866943,0.43893861770629883,11832.0,11828.0
0.47190526127815247,9.085912704467773,-2.7590928077697754,0.43880796432495117,11836.0,11832.0
0.41465064883232117,8.662618637084961,-2.6848232746124268,0.43867743015289307,11840.0,11836.0
0.3050832152366638,8.593209266662598,-2.696669101715088,0.43854695558547974,11844.0,11840.0
0.4071703851222992,8.9700288772583,-2.727565288543701,0.43841642141342163,11848.0,11844.0
0.7150794267654419,9.107914924621582,-2.7277092933654785,0.43828582763671875,11852.0,11848.0
0.6227821707725525,8.763938903808594,-2.707037925720215,0.43815529346466064,11856.0,11852.0
0.6819638609886169,9.252943992614746,-2.7482762336730957,0.4380245804786682,11860.0,11856.0
0.3307642340660095,8.60464096069336,-2.7184104919433594,0.43789392709732056,11864.0,11860.0
1.146780014038086,8.59294605255127,-2.6934871673583984,0.43776342272758484,11868.0,11864.0
1.0839171409606934,8.614337921142578,-2.7151246070861816,0.4376329779624939,11872.0,11868.0
1.3331674337387085,8.400337219238281,-2.7246086597442627,0.43750250339508057,11876.0,11872.0
0.388353168964386,8.421958923339844,-2.7224016189575195,0.4373720586299896,11880.0,11876.0
0.3805866241455078,8.833301544189453,-2.7331793308258057,0.4372416138648987,11884.0,11880.0
0.38031020760536194,8.985224723815918,-2.713984966278076,0.4371111989021301,11888.0,11884.0
1.2245272397994995,8.960076332092285,-2.6837856769561768,0.4369810223579407,11892.0,11888.0
0.33232733607292175,8.629430770874023,-2.7191860675811768,0.436850905418396,11896.0,11892.0
0.3707984387874603,8.154829978942871,-2.749177932739258,0.43672066926956177,11900.0,11896.0
0.3204611837863922,8.501955032348633,-2.74287486076355,0.43659037351608276,11904.0,11900.0
1.126410961151123,9.200124740600586,-2.7075257301330566,0.4364602565765381,11908.0,11904.0
0.3428525924682617,8.467996597290039,-2.7596120834350586,0.4363299608230591,11912.0,11908.0
0.40867188572883606,8.776469230651855,-2.6974947452545166,0.4361999034881592,11916.0,11912.0
0.6559529900550842,9.073777198791504,-2.7403712272644043,0.4360697865486145,11920.0,11916.0
0.9721255898475647,8.75489330291748,-2.733201742172241,0.4359397292137146,11924.0,11920.0
4.099430084228516,9.047529220581055,-2.7021331787109375,0.43580982089042664,11928.0,11924.0
0.2525334060192108,8.475725173950195,-2.7505383491516113,0.4356798529624939,11932.0,11928.0
0.38990044593811035,8.393420219421387,-2.7531495094299316,0.43554985523223877,11936.0,11932.0
0.38011467456817627,8.463385581970215,-2.7329063415527344,0.43541988730430603,11940.0,11936.0
0.2788652181625366,8.410879135131836,-2.7303593158721924,0.43528997898101807,11944.0,11940.0
0.6025429368019104,9.672048568725586,-2.7607946395874023,0.4351600408554077,11948.0,11944.0
0.3823994994163513,9.11671257019043,-2.7186622619628906,0.4350301921367645,11952.0,11948.0
0.38872528076171875,8.319215774536133,-2.768223762512207,0.4349002540111542,11956.0,11952.0
0.5197540521621704,8.84416389465332,-2.667600393295288,0.43477070331573486,11960.0,11956.0
0.2301805466413498,9.099968910217285,-2.6906914710998535,0.43464142084121704,11964.0,11960.0
0.3459605574607849,8.561440467834473,-2.767498254776001,0.43451201915740967,11968.0,11964.0
4.434528350830078,8.495880126953125,-2.7348880767822266,0.4343826472759247,11972.0,11968.0
0.30371442437171936,8.484325408935547,-2.7095913887023926,0.434253454208374,11976.0,11972.0
0.43794238567352295,8.918252944946289,-2.7398879528045654,0.43412429094314575,11980.0,11976.0
1.0853416919708252,9.144782066345215,-2.7086305618286133,0.4339952766895294,11984.0,11980.0
0.2869541049003601,8.562313079833984,-2.7493324279785156,0.4338662326335907,11988.0,11984.0
0.33197855949401855,8.741597175598145,-2.7331957817077637,0.43373727798461914,11992.0,11988.0
0.24554985761642456,9.002927780151367,-2.6973671913146973,0.4336085319519043,11996.0,11992.0
0.5873402953147888,8.870646476745605,-2.7133889198303223,0.433479905128479,12000.0,11996.0
0.3146754503250122,8.688426971435547,-2.7286763191223145,0.4333513379096985,12004.0,12000.0
0.3465798497200012,8.833535194396973,-2.740628480911255,0.43322283029556274,12008.0,12004.0
0.34605520963668823,8.868219375610352,-2.7167136669158936,0.43309444189071655,12012.0,12008.0
0.37703847885131836,8.850578308105469,-2.726503372192383,0.43296611309051514,12016.0,12012.0
1.1437032222747803,8.80461597442627,-2.746511697769165,0.43283775448799133,12020.0,12016.0
0.5144748687744141,8.763483047485352,-2.755789279937744,0.43270936608314514,12024.0,12020.0
0.7886377573013306,8.360419273376465,-2.7616848945617676,0.4325809180736542,12028.0,12024.0
0.7382967472076416,9.073020935058594,-2.7638750076293945,0.43245241045951843,12032.0,12028.0
0.4688962697982788,9.014542579650879,-2.7717740535736084,0.4323238134384155,12036.0,12032.0
0.5560730695724487,8.946456909179688,-2.7747364044189453,0.43219512701034546,12040.0,12036.0
0.6766088604927063,8.631622314453125,-2.742100715637207,0.43206655979156494,12044.0,12040.0
0.6837051510810852,8.722430229187012,-2.788329839706421,0.4319378435611725,12048.0,12044.0
2.105103015899658,8.420845031738281,-2.7607343196868896,0.4318091571331024,12052.0,12048.0
0.4220568835735321,8.649225234985352,-2.741635799407959,0.4316805899143219,12056.0,12052.0
0.38158878684043884,8.595649719238281,-2.741788148880005,0.43155214190483093,12060.0,12056.0
0.440065860748291,8.967110633850098,-2.7442164421081543,0.43142378330230713,12064.0,12060.0
4.188902378082275,9.2193021774292,-2.743072271347046,0.4312955141067505,12068.0,12064.0
0.28714436292648315,9.160497665405273,-2.7957162857055664,0.4311670660972595,12072.0,12068.0
0.3353566825389862,8.546285629272461,-2.7601964473724365,0.4310387372970581,12076.0,12072.0
1.1923216581344604,9.048486709594727,-2.764188051223755,0.4309104084968567,12080.0,12076.0
0.25312861800193787,9.122772216796875,-2.77905011177063,0.4307820498943329,12084.0,12080.0
1.2028217315673828,8.65906047821045,-2.7704474925994873,0.4306536912918091,12088.0,12084.0
0.3133273124694824,8.230457305908203,-2.7488455772399902,0.4305254817008972,12092.0,12088.0
0.3474454879760742,8.657301902770996,-2.771786689758301,0.43039727210998535,12096.0,12092.0
0.24898989498615265,8.910581588745117,-2.7224159240722656,0.4302693009376526,12100.0,12096.0
0.39381667971611023,9.160196304321289,-2.721100330352783,0.4301415681838989,12104.0,12100.0
0.34866127371788025,9.457159042358398,-2.754974126815796,0.4300139248371124,12108.0,12104.0
1.1563810110092163,8.656780242919922,-2.7406322956085205,0.4298864006996155,12112.0,12108.0
0.35716432332992554,8.823103904724121,-2.780885696411133,0.42975881695747375,12116.0,12112.0
0.26340699195861816,8.910051345825195,-2.775949239730835,0.42963123321533203,12120.0,12116.0
0.4729340076446533,8.495137214660645,-2.773897409439087,0.4295036196708679,12124.0,12120.0
0.6608938574790955,9.138242721557617,-2.7785463333129883,0.4293759763240814,12128.0,12124.0
5.299281597137451,9.323165893554688,-2.7781200408935547,0.4292483329772949,12132.0,12128.0
1.3999357223510742,8.982184410095215,-2.763033628463745,0.4291207790374756,12136.0,12132.0
0.27191728353500366,8.571682929992676,-2.7956533432006836,0.4289931654930115,12140.0,12136.0
0.21848422288894653,8.873624801635742,-2.794764280319214,0.4288654923439026,12144.0,12140.0
0.8717834949493408,8.90622615814209,-2.765564441680908,0.42873790860176086,12148.0,12144.0
0.8928791284561157,9.126104354858398,-2.8087034225463867,0.428610235452652,12152.0,12148.0
0.7058658599853516,9.001845359802246,-2.7916438579559326,0.4284825325012207,12156.0,12152.0
0.3366035521030426,9.205219268798828,-2.7834877967834473,0.4283548891544342,12160.0,12156.0
0.6596766710281372,9.073286056518555,-2.821168899536133,0.42822709679603577,12164.0,12160.0
0.35673820972442627,8.761027336120605,-2.7924981117248535,0.4280993342399597,12168.0,12164.0
0.3666139841079712,9.336076736450195,-2.841830015182495,0.42797136306762695,12172.0,12168.0
0.3044815957546234,9.064594268798828,-2.785963535308838,0.42784348130226135,12176.0,12172.0
0.3544817566871643,8.907317161560059,-2.8100223541259766,0.42771559953689575,12180.0,12176.0
0.5866016149520874,9.148188591003418,-2.7685694694519043,0.4275878667831421,12184.0,12180.0
0.8106558322906494,8.460233688354492,-2.7841238975524902,0.427460253238678,12188.0,12184.0
5.148499488830566,8.463550567626953,-2.7761898040771484,0.4273327589035034,12192.0,12188.0
0.6392773389816284,9.05950927734375,-2.762467384338379,0.4272054433822632,12196.0,12192.0
0.38283485174179077,8.819361686706543,-2.781341791152954,0.4270782172679901,12200.0,12196.0
1.0832316875457764,8.897045135498047,-2.740233898162842,0.42695125937461853,12204.0,12200.0
0.34873977303504944,8.899189949035645,-2.771944522857666,0.4268244206905365,12208.0,12204.0
0.326285183429718,9.294795989990234,-2.7457780838012695,0.42669782042503357,12212.0,12208.0
0.2566465437412262,9.182058334350586,-2.733215808868408,0.42657148838043213,12216.0,12212.0
0.32876139879226685,8.783164024353027,-2.7250025272369385,0.4264454245567322,12220.0,12216.0
0.60704106092453,9.106173515319824,-2.711066722869873,0.4263196885585785,12224.0,12220.0
0.2873285412788391,9.286401748657227,-2.6665594577789307,0.4261944591999054,12228.0,12224.0
0.3019965887069702,8.572074890136719,-2.7340409755706787,0.42606937885284424,12232.0,12228.0
0.3784967064857483,8.596487998962402,-2.808046579360962,0.42594414949417114,12236.0,12232.0
0.2685275673866272,9.040027618408203,-2.7793240547180176,0.4258188307285309,12240.0,12236.0
0.3380199670791626,9.48773193359375,-2.8115127086639404,0.4256933927536011,12244.0,12240.0
0.24504072964191437,9.206409454345703,-2.757551670074463,0.4255680441856384,12248.0,12244.0
0.6694844961166382,8.950180053710938,-2.822735071182251,0.42544251680374146,12252.0,12248.0
0.6134927272796631,8.727496147155762,-2.82016658782959,0.42531681060791016,12256.0,12252.0
0.560740053653717,9.664138793945312,-2.8229453563690186,0.4251909852027893,12260.0,12256.0
1.0942273139953613,8.870552062988281,-2.8523144721984863,0.42506492137908936,12264.0,12260.0
0.3979155421257019,8.779936790466309,-2.790463447570801,0.4249388873577118,12268.0,12264.0
0.39065730571746826,9.41723346710205,-2.823993444442749,0.42481276392936707,12272.0,12268.0
0.31547224521636963,8.978256225585938,-2.810471534729004,0.42468664050102234,12276.0,12272.0
0.333871066570282,8.946174621582031,-2.8260037899017334,0.42456042766571045,12280.0,12276.0
5.157761573791504,8.938985824584961,-2.8204989433288574,0.42443421483039856,12284.0,12280.0
0.7441676259040833,8.960793495178223,-2.859896659851074,0.42430779337882996,12288.0,12284.0
1.427628993988037,8.930845260620117,-2.804044485092163,0.4241814613342285,12292.0,12288.0
0.317402720451355,8.730897903442383,-2.79488468170166,0.42405521869659424,12296.0,12292.0
0.3889191746711731,9.09286880493164,-2.834458351135254,0.4239289462566376,12300.0,12296.0
0.486890971660614,8.846077919006348,-2.8219215869903564,0.4238026738166809,12304.0,12300.0
0.2851217985153198,9.088883399963379,-2.803903579711914,0.4236765205860138,12308.0,12304.0
0.39800190925598145,8.841033935546875,-2.792983055114746,0.42355048656463623,12312.0,12308.0
0.5285129547119141,9.000615119934082,-2.7622790336608887,0.42342475056648254,12316.0,12312.0
0.3864167630672455,9.267692565917969,-2.7865490913391113,0.4232991635799408,12320.0,12316.0
0.40920335054397583,9.248931884765625,-2.7140016555786133,0.42317402362823486,12324.0,12320.0
0.5762660503387451,8.935611724853516,-2.7918272018432617,0.4230489432811737,12328.0,12324.0
0.3393934369087219,8.925393104553223,-2.8076839447021484,0.42292389273643494,12332.0,12328.0
0.4150025248527527,8.73488712310791,-2.7863056659698486,0.4227989614009857,12336.0,12332.0
0.38777440786361694,9.167076110839844,-2.764103412628174,0.4226742088794708,12340.0,12336.0
4.955078125,8.847467422485352,-2.7599332332611084,0.42254966497421265,12344.0,12340.0
0.5713837146759033,9.403983116149902,-2.815162181854248,0.4224250912666321,12348.0,12344.0
0.5606593489646912,9.49343490600586,-2.7713263034820557,0.42230063676834106,12352.0,12348.0
0.3765542507171631,8.97929573059082,-2.779501438140869,0.422176331281662,12356.0,12352.0
0.30194342136383057,9.061206817626953,-2.8347816467285156,0.42205187678337097,12360.0,12356.0
0.5980994701385498,10.357542991638184,-2.8097596168518066,0.42192742228507996,12364.0,12360.0
0.8884176015853882,9.109938621520996,-2.77888822555542,0.4218031167984009,12368.0,12364.0
1.8024535179138184,9.265912055969238,-2.7937564849853516,0.4216788411140442,12372.0,12368.0
0.3760022521018982,9.181695938110352,-2.884721279144287,0.4215542674064636,12376.0,12372.0
0.9707255959510803,8.886800765991211,-2.861661195755005,0.42142951488494873,12380.0,12376.0
0.45068565011024475,9.217748641967773,-2.857513666152954,0.4213046133518219,12384.0,12380.0
0.3179851472377777,9.405282974243164,-2.7973313331604004,0.421179860830307,12388.0,12384.0
1.1339384317398071,9.554678916931152,-2.8821654319763184,0.421054869890213,12392.0,12388.0
0.9153521060943604,9.605840682983398,-2.8485944271087646,0.42092981934547424,12396.0,12392.0
0.37396717071533203,9.084675788879395,-2.7910268306732178,0.4208050072193146,12400.0,12396.0
4.459072589874268,9.130834579467773,-2.8763699531555176,0.4206799864768982,12404.0,12400.0
4.525112628936768,9.756681442260742,-2.890104293823242,0.4205547571182251,12408.0,12404.0
0.38175666332244873,8.921294212341309,-2.8428337574005127,0.4204295575618744,12412.0,12408.0
0.5142598748207092,8.969245910644531,-2.8419997692108154,0.42030438780784607,12416.0,12412.0
0.32162290811538696,9.266691207885742,-2.8697867393493652,0.4201791286468506,12420.0,12416.0
0.9161088466644287,8.942014694213867,-2.8581180572509766,0.4200538992881775,12424.0,12420.0
0.44377073645591736,9.299997329711914,-2.832815170288086,0.41992872953414917,12428.0,12424.0
0.3168871998786926,9.465280532836914,-2.856192111968994,0.41980355978012085,12432.0,12428.0
0.4025026261806488,10.181264877319336,-2.851855993270874,0.4196784198284149,12436.0,12432.0
1.0470631122589111,9.151082992553711,-2.8737614154815674,0.4195532202720642,12440.0,12436.0
0.4856828451156616,9.05142593383789,-2.846566677093506,0.41942811012268066,12444.0,12440.0
0.3037663400173187,9.124704360961914,-2.90234375,0.4193027913570404,12448.0,12444.0
0.834352970123291,9.22256088256836,-2.861112594604492,0.4191775321960449,12452.0,12448.0
0.35251593589782715,9.427513122558594,-2.8502769470214844,0.4190523624420166,12456.0,12452.0
0.424593448638916,9.676542282104492,-2.8089518547058105,0.4189274311065674,12460.0,12456.0
0.43543893098831177,9.270198822021484,-2.8633666038513184,0.41880252957344055,12464.0,12460.0
0.3243650794029236,9.34838581085205,-2.8516154289245605,0.4186776876449585,12468.0,12464.0
0.4223814010620117,9.136186599731445,-2.8441948890686035,0.4185529351234436,12472.0,12468.0
1.0009032487869263,9.281501770019531,-2.8719375133514404,0.4184281527996063,12476.0,12472.0
0.25171372294425964,8.825157165527344,-2.822248935699463,0.41830360889434814,12480.0,12476.0
0.5256778001785278,8.79458236694336,-2.874140977859497,0.4181790053844452,12484.0,12480.0
0.4197670817375183,9.516258239746094,-2.870070219039917,0.41805440187454224,12488.0,12484.0
0.32784515619277954,9.398117065429688,-2.8403873443603516,0.41792991757392883,12492.0,12488.0
0.9153369665145874,9.430143356323242,-2.8558454513549805,0.4178054928779602,12496.0,12492.0
0.3954550623893738,9.098831176757812,-2.825063943862915,0.4176812767982483,12500.0,12496.0
0.3192961513996124,9.046489715576172,-2.908737897872925,0.41755688190460205,12504.0,12500.0
0.4147607088088989,9.688427925109863,-2.8880257606506348,0.41743239760398865,12508.0,12504.0
0.35828134417533875,9.387374877929688,-2.8948311805725098,0.41730785369873047,12512.0,12508.0
1.5043667554855347,9.374896049499512,-2.8511266708374023,0.41718342900276184,12516.0,12512.0
0.36894047260284424,8.912912368774414,-2.863480567932129,0.417059063911438,12520.0,12516.0
0.3567899465560913,9.338967323303223,-2.881134033203125,0.4169347286224365,12524.0,12520.0
5.112611770629883,9.130477905273438,-2.8849544525146484,0.4168103337287903,12528.0,12524.0
0.4198989272117615,9.329463005065918,-2.9067392349243164,0.41668587923049927,12532.0,12528.0
5.22189998626709,9.430331230163574,-2.85945200920105,0.4165615141391754,12536.0,12532.0
0.5173252820968628,8.717351913452148,-2.8271336555480957,0.41643738746643066,12540.0,12536.0
0.4147653579711914,9.43250846862793,-2.837639093399048,0.416313499212265,12544.0,12540.0
1.5589218139648438,9.309874534606934,-2.8520658016204834,0.41618970036506653,12548.0,12544.0
1.530824065208435,9.199088096618652,-2.8845632076263428,0.41606590151786804,12552.0,12548.0
0.3668626546859741,9.449710845947266,-2.880530595779419,0.41594207286834717,12556.0,12552.0
0.39170730113983154,9.373464584350586,-2.889136791229248,0.4158182442188263,12560.0,12556.0
0.4286976158618927,9.217453002929688,-2.902710437774658,0.41569435596466064,12564.0,12560.0
0.574404239654541,9.680397033691406,-2.867178201675415,0.41557052731513977,12568.0,12564.0
0.30713921785354614,9.094966888427734,-2.877978563308716,0.41544675827026367,12572.0,12568.0
0.8945143818855286,9.639913558959961,-2.8498575687408447,0.4153231680393219,12576.0,12572.0
0.3767756521701813,9.260722160339355,-2.876164674758911,0.4151996076107025,12580.0,12576.0
0.48274850845336914,9.775327682495117,-2.896969795227051,0.41507601737976074,12584.0,12580.0
0.35199469327926636,9.347562789916992,-2.919623374938965,0.4149523079395294,12588.0,12584.0
4.7436981201171875,9.354223251342773,-2.909834623336792,0.4148285388946533,12592.0,12588.0
4.7016143798828125,9.186067581176758,-2.8835651874542236,0.414704829454422,12596.0,12592.0
4.508018493652344,9.729329109191895,-2.8411335945129395,0.4145813584327698,12600.0,12596.0
0.38843798637390137,8.691610336303711,-2.846958637237549,0.41445809602737427,12604.0,12600.0
5.156973361968994,9.116765975952148,-2.856966018676758,0.4143349826335907,12608.0,12604.0
0.41714632511138916,8.993644714355469,-2.879337787628174,0.4142118990421295,12612.0,12608.0
0.3785727620124817,9.129874229431152,-2.885282516479492,0.4140888750553131,12616.0,12612.0
0.34901201725006104,9.750944137573242,-2.8994863033294678,0.4139658212661743,12620.0,12616.0
0.5391209125518799,9.95712661743164,-2.9134786128997803,0.41384264826774597,12624.0,12620.0
1.1344971656799316,9.545547485351562,-2.9086861610412598,0.4137194752693176,12628.0,12624.0
0.3888969421386719,9.376712799072266,-2.9713854789733887,0.413595974445343,12632.0,12628.0
0.5518478155136108,9.42486572265625,-2.894742012023926,0.4134725332260132,12636.0,12632.0
0.9947617053985596,9.330522537231445,-2.8915059566497803,0.4133491814136505,12640.0,12636.0
0.556499183177948,9.349610328674316,-2.9047741889953613,0.4132258892059326,12644.0,12640.0
0.39871886372566223,9.79261589050293,-2.873847484588623,0.4131027162075043,12648.0,12644.0
0.48169732093811035,9.805608749389648,-2.903963327407837,0.4129795730113983,12652.0,12648.0
0.5571163296699524,9.397893905639648,-2.8795504570007324,0.4128565788269043,12656.0,12652.0
0.4245382249355316,9.312122344970703,-2.8335328102111816,0.41273388266563416,12660.0,12656.0
0.4052649140357971,9.423988342285156,-2.886073112487793,0.4126112759113312,12664.0,12660.0
0.3105904757976532,9.603818893432617,-2.929194927215576,0.41248857975006104,12668.0,12664.0
0.3979112505912781,9.36544418334961,-2.8306970596313477,0.4123661518096924,12672.0,12668.0
0.55812668800354,9.183938980102539,-2.896134376525879,0.4122438132762909,12676.0,12672.0
0.5525587797164917,9.501354217529297,-2.831540822982788,0.4121217429637909,12680.0,12676.0
0.4673439562320709,9.748747825622559,-2.8559188842773438,0.4119998514652252,12684.0,12680.0
0.3449150621891022,9.755317687988281,-2.844419002532959,0.41187816858291626,12688.0,12684.0
0.33780771493911743,9.438297271728516,-2.855184555053711,0.41175663471221924,12692.0,12688.0
4.753149509429932,9.547245025634766,-2.948524236679077,0.4116348624229431,12696.0,12692.0
5.000535011291504,9.781171798706055,-2.882239818572998,0.41151317954063416,12700.0,12696.0
1.0756500959396362,8.978230476379395,-2.913637161254883,0.41139140725135803,12704.0,12700.0
0.5036377906799316,9.869901657104492,-2.883584499359131,0.4112697243690491,12708.0,12704.0
0.44787949323654175,9.709823608398438,-2.942847490310669,0.4111478328704834,12712.0,12708.0
0.3826907277107239,9.802568435668945,-2.923201560974121,0.41102591156959534,12716.0,12712.0
0.8342254161834717,9.968334197998047,-2.910782814025879,0.4109039902687073,12720.0,12716.0
0.9156133532524109,10.116870880126953,-2.925872802734375,0.41078200936317444,12724.0,12720.0
0.4505852460861206,9.701739311218262,-2.910001516342163,0.4106600284576416,12728.0,12724.0
0.9560144543647766,9.949078559875488,-2.912630319595337,0.41053807735443115,12732.0,12728.0
1.6661293506622314,9.398012161254883,-2.9258716106414795,0.4104161262512207,12736.0,12732.0
0.5692326426506042,9.31123161315918,-2.9031643867492676,0.41029423475265503,12740.0,12736.0
0.3673502206802368,9.782529830932617,-2.9625163078308105,0.41017216444015503,12744.0,12740.0
0.7332750558853149,9.700873374938965,-2.902541160583496,0.4100501835346222,12748.0,12744.0
0.9732814431190491,9.589195251464844,-2.942600727081299,0.4099281430244446,12752.0,12748.0
0.3329644203186035,9.813583374023438,-2.887871742248535,0.4098062813282013,12756.0,12752.0
0.430189847946167,9.196752548217773,-2.9385228157043457,0.40968436002731323,12760.0,12756.0
0.3740972876548767,9.78223705291748,-2.936985731124878,0.40956243872642517,12764.0,12760.0
1.3777148723602295,9.516155242919922,-2.924983263015747,0.4094405472278595,12768.0,12764.0
0.9241019487380981,9.657088279724121,-2.9388341903686523,0.40931862592697144,12772.0,12768.0
0.3887465298175812,9.424415588378906,-2.9373722076416016,0.409196674823761,12776.0,12772.0
0.41588065028190613,9.146291732788086,-2.9217634201049805,0.4090748429298401,12780.0,12776.0
0.4004208743572235,9.436786651611328,-2.9465179443359375,0.4089529514312744,12784.0,12780.0
0.640226423740387,10.216416358947754,-2.912088632583618,0.4088311791419983,12788.0,12784.0
0.9050285816192627,9.979192733764648,-2.923206090927124,0.40870946645736694,12792.0,12788.0
4.7355804443359375,9.488024711608887,-2.883910894393921,0.4085879921913147,12796.0,12792.0
0.40513449907302856,9.224538803100586,-2.8626058101654053,0.4084668457508087,12800.0,12796.0
0.33567798137664795,9.799897193908691,-2.8566532135009766,0.4083459675312042,12804.0,12800.0
0.526404619216919,9.679636001586914,-2.8846652507781982,0.40822526812553406,12808.0,12804.0
0.3798263370990753,9.860149383544922,-2.9303781986236572,0.4081045389175415,12812.0,12808.0
0.6407685279846191,9.032785415649414,-2.869710922241211,0.40798404812812805,12816.0,12812.0
0.47627848386764526,9.53558349609375,-2.9860944747924805,0.4078632593154907,12820.0,12816.0
0.7335119247436523,9.26980209350586,-2.9130916595458984,0.40774255990982056,12824.0,12820.0
0.2157157063484192,9.646492958068848,-2.9323902130126953,0.407621830701828,12828.0,12824.0
5.453988075256348,10.020513534545898,-2.9202687740325928,0.4075011610984802,12832.0,12828.0
0.328263521194458,9.426827430725098,-2.9338631629943848,0.40738052129745483,12836.0,12832.0
1.054901361465454,9.72062873840332,-2.925480842590332,0.40725988149642944,12840.0,12836.0
5.552513599395752,10.0200834274292,-2.940732002258301,0.40713921189308167,12844.0,12840.0
4.574865341186523,9.550682067871094,-2.972499370574951,0.40701842308044434,12848.0,12844.0
0.4418010413646698,9.867267608642578,-2.996699571609497,0.4068974256515503,12852.0,12848.0
0.31104034185409546,9.568016052246094,-2.924865245819092,0.406776487827301,12856.0,12852.0
0.7195577621459961,10.01919174194336,-2.9405007362365723,0.4066556394100189,12860.0,12856.0
0.3968861997127533,9.80037784576416,-2.88834547996521,0.4065350294113159,12864.0,12860.0
0.3641572594642639,9.866938591003418,-2.9415173530578613,0.4064144194126129,12868.0,12864.0
0.8768446445465088,10.004044532775879,-2.97975492477417,0.40629369020462036,12872.0,12868.0
0.4967048168182373,9.706010818481445,-2.9571352005004883,0.4061729311943054,12876.0,12872.0
0.3692470192909241,9.966968536376953,-2.961325168609619,0.4060521721839905,12880.0,12876.0
0.7042883634567261,9.703227996826172,-2.950611114501953,0.40593141317367554,12884.0,12880.0
0.29150640964508057,9.550830841064453,-2.922886848449707,0.40581080317497253,12888.0,12884.0
0.2578980028629303,9.312028884887695,-2.9625539779663086,0.40569016337394714,12892.0,12888.0
0.2876053750514984,9.586695671081543,-2.945906162261963,0.4055696129798889,12896.0,12892.0
0.3137173652648926,9.965752601623535,-2.9607315063476562,0.4054490327835083,12900.0,12896.0
5.2682294845581055,10.373842239379883,-2.98085880279541,0.4053283631801605,12904.0,12900.0
0.3065826892852783,9.622076034545898,-2.9664478302001953,0.40520769357681274,12908.0,12904.0
0.7931430339813232,9.6077299118042,-2.9637985229492188,0.40508705377578735,12912.0,12908.0
0.3040252923965454,9.78874397277832,-2.957627534866333,0.40496647357940674,12916.0,12912.0
1.4514431953430176,10.002717018127441,-2.9784350395202637,0.40484586358070374,12920.0,12916.0
0.4347008466720581,9.785564422607422,-2.9667258262634277,0.40472525358200073,12924.0,12920.0
0.3850269317626953,9.68365478515625,-2.9820337295532227,0.40460458397865295,12928.0,12924.0
0.4307672381401062,9.947199821472168,-2.983738899230957,0.4044839143753052,12932.0,12928.0
0.386646568775177,9.785079956054688,-2.9715576171875,0.4043632745742798,12936.0,12932.0
0.729704737663269,9.493440628051758,-2.972846031188965,0.4042426347732544,12940.0,12936.0
0.31808793544769287,9.497206687927246,-2.933166980743408,0.4041222333908081,12944.0,12940.0
0.42556583881378174,9.518234252929688,-2.9787003993988037,0.40400180220603943,12948.0,12944.0
0.35568666458129883,9.699178695678711,-2.9414005279541016,0.4038815498352051,12952.0,12948.0
0.40146687626838684,10.141458511352539,-2.9889888763427734,0.40376123785972595,12956.0,12952.0
0.2803885042667389,10.24523639678955,-2.96799898147583,0.4036409854888916,12960.0,12956.0
0.32150593400001526,9.854401588439941,-2.988007068634033,0.40352070331573486,12964.0,12960.0
1.6084647178649902,9.899742126464844,-2.965308427810669,0.4034004807472229,12968.0,12964.0
0.3011181652545929,9.979768753051758,-3.002131700515747,0.40328019857406616,12972.0,12968.0
0.4234846234321594,10.167978286743164,-2.969012975692749,0.4031599760055542,12976.0,12972.0
0.7781164050102234,10.152412414550781,-2.9816415309906006,0.403039813041687,12980.0,12976.0
0.4505488872528076,9.984180450439453,-2.9832582473754883,0.4029196500778198,12984.0,12980.0
0.28856799006462097,9.917262077331543,-2.9517083168029785,0.4027996063232422,12988.0,12984.0
0.30325454473495483,9.669537544250488,-2.932495594024658,0.40267983078956604,12992.0,12988.0
0.3991508483886719,10.423908233642578,-2.9284372329711914,0.402560293674469,12996.0,12992.0
0.8286859393119812,9.879751205444336,-2.9681687355041504,0.40244078636169434,13000.0,12996.0
0.28793781995773315,10.046483039855957,-2.986625909805298,0.4023212492465973,13004.0,13000.0
0.25999221205711365,9.543815612792969,-2.9493894577026367,0.4022018313407898,13008.0,13004.0
0.3041723966598511,9.617949485778809,-2.9644248485565186,0.40208250284194946,13012.0,13008.0
0.9918698072433472,9.825544357299805,-3.009816884994507,0.40196308493614197,13016.0,13012.0
0.3393806517124176,9.986248016357422,-2.9259800910949707,0.4018439054489136,13020.0,13016.0
5.4944376945495605,10.481578826904297,-2.977097988128662,0.4017247259616852,13024.0,13020.0
0.3382052481174469,9.887533187866211,-2.9555163383483887,0.40160566568374634,13028.0,13024.0
0.30715110898017883,10.394413948059082,-2.976611614227295,0.4014866054058075,13032.0,13028.0
1.7080795764923096,10.105649948120117,-3.0529327392578125,0.40136730670928955,13036.0,13032.0
0.4492884874343872,9.801054954528809,-2.996890068054199,0.40124794840812683,13040.0,13036.0
0.3558501899242401,10.32737922668457,-2.9567372798919678,0.40112876892089844,13044.0,13040.0
0.481235146522522,10.15754508972168,-2.9824538230895996,0.40100961923599243,13048.0,13044.0
5.083357810974121,9.774527549743652,-2.9844717979431152,0.4008905291557312,13052.0,13048.0
1.1052436828613281,10.029349327087402,-2.9750804901123047,0.40077149868011475,13056.0,13052.0
0.3556799292564392,9.704198837280273,-2.9603772163391113,0.40065258741378784,13060.0,13056.0
0.8752849102020264,9.95843505859375,-3.0004353523254395,0.40053367614746094,13064.0,13060.0
0.682375431060791,10.085872650146484,-2.9930419921875,0.4004147946834564,13068.0,13064.0
0.3442143499851227,10.107208251953125,-2.9824373722076416,0.4002959430217743,13072.0,13068.0
0.512263298034668,10.262279510498047,-3.0352652072906494,0.4001769423484802,13076.0,13072.0
5.452841758728027,10.167198181152344,-2.974567174911499,0.4000580906867981,13080.0,13076.0
0.416897714138031,9.828611373901367,-3.014186382293701,0.3999391496181488,13084.0,13080.0
0.4954321086406708,9.91112995147705,-3.017503023147583,0.39982014894485474,13088.0,13084.0
0.4637593626976013,9.919303894042969,-3.0194976329803467,0.39970114827156067,13092.0,13088.0
0.5808807611465454,10.211437225341797,-2.9750723838806152,0.39958226680755615,13096.0,13092.0
5.555799961090088,10.409391403198242,-3.0160951614379883,0.39946335554122925,13100.0,13096.0
0.5667332410812378,9.639933586120605,-2.99422550201416,0.3993445038795471,13104.0,13100.0
0.4944806694984436,10.546783447265625,-3.0040884017944336,0.39922571182250977,13108.0,13104.0
5.50212287902832,10.196037292480469,-2.974384307861328,0.39910706877708435,13112.0,13108.0
0.4095379114151001,9.826709747314453,-3.0008058547973633,0.39898842573165894,13116.0,13112.0
0.3445134460926056,9.232962608337402,-3.003324508666992,0.3988698720932007,13120.0,13116.0
0.28851020336151123,10.01028823852539,-2.9759955406188965,0.398751437664032,13124.0,13120.0
0.3564806282520294,10.463042259216309,-3.0471303462982178,0.39863285422325134,13128.0,13124.0
0.4787508547306061,10.366986274719238,-3.0206403732299805,0.3985142707824707,13132.0,13128.0
0.8109630346298218,10.726131439208984,-2.9303221702575684,0.39839601516723633,13136.0,13132.0
0.36273738741874695,9.871088027954102,-2.993218183517456,0.3982778489589691,13140.0,13136.0
0.43560144305229187,10.189668655395508,-3.011584520339966,0.3981596529483795,13144.0,13140.0
0.41900888085365295,9.667864799499512,-2.947328567504883,0.3980417251586914,13148.0,13144.0
0.31619030237197876,10.159444808959961,-3.050360918045044,0.39792364835739136,13152.0,13148.0
0.4127952456474304,10.068489074707031,-3.0439600944519043,0.39780545234680176,13156.0,13152.0
0.7888481616973877,10.333166122436523,-2.9975688457489014,0.3976873457431793,13160.0,13156.0
0.4146195650100708,9.881000518798828,-3.00303316116333,0.39756929874420166,13164.0,13160.0
0.32478249073028564,10.195520401000977,-2.9718313217163086,0.39745140075683594,13168.0,13164.0
1.0037970542907715,10.61529541015625,-3.054213047027588,0.39733341336250305,13172.0,13168.0
0.3814437985420227,9.982519149780273,-3.060410499572754,0.39721524715423584,13176.0,13172.0
4.75661563873291,9.750574111938477,-3.003694534301758,0.3970972001552582,13180.0,13176.0
5.316305160522461,10.077027320861816,-3.026063919067383,0.39697912335395813,13184.0,13180.0
0.5904292464256287,10.254514694213867,-3.039046287536621,0.3968610167503357,13188.0,13184.0
0.573452353477478,10.27358341217041,-3.023277997970581,0.39674293994903564,13192.0,13188.0
0.4003596901893616,10.30810260772705,-3.0097105503082275,0.39662498235702515,13196.0,13192.0
5.4053215980529785,10.133156776428223,-3.058377265930176,0.3965069055557251,13200.0,13196.0
0.527346134185791,10.575422286987305,-3.001415252685547,0.396388977766037,13204.0,13200.0
0.3606269359588623,10.104511260986328,-3.023294448852539,0.3962710499763489,13208.0,13204.0
1.2201004028320312,10.403043746948242,-3.016629695892334,0.3961532413959503,13212.0,13208.0
1.100180983543396,10.606374740600586,-2.9897236824035645,0.3960356116294861,13216.0,13212.0
0.9134038090705872,9.885931015014648,-3.0371603965759277,0.39591795206069946,13220.0,13216.0
0.3592630624771118,9.961669921875,-3.059448719024658,0.3958002030849457,13224.0,13220.0
0.5030684471130371,10.581145286560059,-3.0039889812469482,0.39568260312080383,13228.0,13224.0
0.42065706849098206,10.6007080078125,-3.011439323425293,0.39556509256362915,13232.0,13228.0
1.19566011428833,10.056915283203125,-3.0432896614074707,0.3954475522041321,13236.0,13232.0
0.8877899646759033,9.945070266723633,-3.0871775150299072,0.3953298330307007,13240.0,13236.0
1.081790804862976,10.052419662475586,-3.0403518676757812,0.3952121138572693,13244.0,13240.0
0.4391768276691437,10.389799118041992,-3.044121503829956,0.3950944244861603,13248.0,13244.0
0.8367059230804443,10.370923042297363,-3.0127406120300293,0.3949768841266632,13252.0,13248.0
0.5642797946929932,10.38570785522461,-3.0482265949249268,0.39485934376716614,13256.0,13252.0
0.5291327834129333,10.018425941467285,-2.992734432220459,0.3947420120239258,13260.0,13256.0
0.5507313013076782,10.817326545715332,-3.025987148284912,0.3946247696876526,13264.0,13260.0
3.2004146575927734,10.356040954589844,-3.036881446838379,0.3945075273513794,13268.0,13264.0
0.30004191398620605,10.619114875793457,-3.03657865524292,0.394390344619751,13272.0,13268.0
0.7279636263847351,10.14284610748291,-2.9903054237365723,0.3942733705043793,13276.0,13272.0
0.40012967586517334,9.693615913391113,-3.0398130416870117,0.39415639638900757,13280.0,13276.0
0.6383824944496155,10.554681777954102,-3.0212199687957764,0.3940395414829254,13284.0,13280.0
0.42732417583465576,10.432920455932617,-3.0293331146240234,0.39392274618148804,13288.0,13284.0
0.4511357545852661,10.62954330444336,-3.0221266746520996,0.39380601048469543,13292.0,13288.0
0.8201820254325867,10.483918190002441,-2.9749550819396973,0.3936895430088043,13296.0,13292.0
5.742280006408691,10.346652030944824,-3.012523651123047,0.39357316493988037,13300.0,13296.0
0.6167927980422974,10.524371147155762,-3.057314872741699,0.39345675706863403,13304.0,13300.0
0.40560466051101685,10.143119812011719,-3.064220428466797,0.39334022998809814,13308.0,13304.0
0.5860023498535156,10.498187065124512,-3.041515827178955,0.39322373270988464,13312.0,13308.0
0.466085284948349,10.28354263305664,-3.065044403076172,0.39310717582702637,13316.0,13312.0
0.3419519066810608,10.053050994873047,-3.1023411750793457,0.3929904103279114,13320.0,13316.0
0.3741718828678131,10.387937545776367,-3.076849937438965,0.3928735554218292,13324.0,13320.0
0.6816399693489075,10.611124992370605,-3.0784759521484375,0.3927566409111023,13328.0,13324.0
0.6091684699058533,10.842156410217285,-3.005082845687866,0.39263999462127686,13332.0,13328.0
0.34177249670028687,10.844072341918945,-3.0966153144836426,0.3925231695175171,13336.0,13332.0
0.4113006591796875,9.979898452758789,-3.041372060775757,0.3924064636230469,13340.0,13336.0
0.7732732892036438,10.199681282043457,-3.055028200149536,0.39228981733322144,13344.0,13340.0
0.646500289440155,10.321454048156738,-3.070660352706909,0.3921731114387512,13348.0,13344.0
1.1774370670318604,10.508094787597656,-3.0766983032226562,0.392056405544281,13352.0,13348.0
0.32407137751579285,10.410625457763672,-3.0550434589385986,0.39193975925445557,13356.0,13352.0
0.2978127896785736,10.104695320129395,-3.043020486831665,0.3918232321739197,13360.0,13356.0
5.66872501373291,9.991958618164062,-3.0581116676330566,0.3917067348957062,13364.0,13360.0
5.552152633666992,10.588335037231445,-3.039832353591919,0.3915903568267822,13368.0,13364.0
0.9978533983230591,10.25488567352295,-3.0808165073394775,0.3914739489555359,13372.0,13368.0
0.5421329140663147,10.01881217956543,-3.0243611335754395,0.3913577198982239,13376.0,13372.0
0.35371097922325134,10.159073829650879,-3.0632779598236084,0.39124152064323425,13380.0,13376.0
0.8476718664169312,9.842774391174316,-3.0531294345855713,0.3911253809928894,13384.0,13380.0
0.6736799478530884,10.406228065490723,-3.023256778717041,0.3910094201564789,13388.0,13384.0
0.4497614800930023,10.197896957397461,-3.0774426460266113,0.39089342951774597,13392.0,13388.0
5.841326713562012,10.60611343383789,-3.084526538848877,0.3907773792743683,13396.0,13392.0
0.29656681418418884,10.16064167022705,-3.045847177505493,0.39066144824028015,13400.0,13396.0
0.49648988246917725,10.299531936645508,-3.0769479274749756,0.390545517206192,13404.0,13400.0
0.6611893177032471,10.286201477050781,-3.0726776123046875,0.3904295861721039,13408.0,13404.0
0.45639413595199585,10.243551254272461,-3.0226497650146484,0.39031386375427246,13412.0,13408.0
0.29651540517807007,10.072408676147461,-3.0676350593566895,0.39019811153411865,13416.0,13412.0
0.374541699886322,10.447765350341797,-3.0878543853759766,0.39008235931396484,13420.0,13416.0
0.5285910964012146,10.647069931030273,-3.076916456222534,0.38996660709381104,13424.0,13420.0
0.4535709619522095,10.651995658874512,-3.063887119293213,0.389850914478302,13428.0,13424.0
0.6453696489334106,10.454153060913086,-3.1007778644561768,0.3897351622581482,13432.0,13428.0
1.2221014499664307,10.522928237915039,-3.0752203464508057,0.3896194100379944,13436.0,13432.0
0.4320506751537323,10.244264602661133,-3.074796438217163,0.38950371742248535,13440.0,13436.0
0.4015149176120758,10.653121948242188,-3.093193531036377,0.38938796520233154,13444.0,13440.0
0.5597000122070312,10.543231964111328,-3.0659592151641846,0.3892723321914673,13448.0,13444.0
0.42158007621765137,10.438497543334961,-3.099425792694092,0.38915663957595825,13452.0,13448.0
0.651149570941925,10.505535125732422,-3.089792251586914,0.3890409469604492,13456.0,13452.0
5.073901653289795,10.142751693725586,-3.0946967601776123,0.3889252543449402,13460.0,13456.0
3.5338406562805176,10.351242065429688,-3.1015610694885254,0.3888095021247864,13464.0,13460.0
0.4078822135925293,10.426200866699219,-3.0723164081573486,0.3886938989162445,13468.0,13464.0
0.6775542497634888,10.507711410522461,-3.097649097442627,0.38857826590538025,13472.0,13468.0
0.3942432403564453,10.380699157714844,-3.110668182373047,0.3884625732898712,13476.0,13472.0
0.43189287185668945,10.68134880065918,-3.1406147480010986,0.38834676146507263,13480.0,13476.0
0.7523714303970337,10.943635940551758,-3.0796620845794678,0.3882310390472412,13484.0,13480.0
1.0478456020355225,10.60831356048584,-3.0898985862731934,0.38811537623405457,13488.0,13484.0
0.42433685064315796,10.2764892578125,-3.1304314136505127,0.38799965381622314,13492.0,13488.0
0.3887016475200653,9.912863731384277,-3.0921974182128906,0.3878839612007141,13496.0,13492.0
0.9249175786972046,10.483723640441895,-3.0638937950134277,0.3877684772014618,13500.0,13496.0
0.40892294049263,10.355989456176758,-3.1061511039733887,0.3876529932022095,13504.0,13500.0
0.42620018124580383,10.432746887207031,-3.098060131072998,0.38753756880760193,13508.0,13504.0
0.4077966511249542,10.343183517456055,-3.1319849491119385,0.38742202520370483,13512.0,13508.0
0.35018911957740784,10.701507568359375,-3.0833840370178223,0.3873066306114197,13516.0,13512.0
0.31876420974731445,10.882821083068848,-3.119046688079834,0.38719120621681213,13520.0,13516.0
0.2715361714363098,10.366157531738281,-3.118499755859375,0.3870757818222046,13524.0,13520.0
0.8420987129211426,10.490891456604004,-3.0832769870758057,0.3869604468345642,13528.0,13524.0
0.3309723138809204,10.798267364501953,-3.0999903678894043,0.3868452310562134,13532.0,13528.0
0.39520132541656494,10.695480346679688,-3.105808973312378,0.38673001527786255,13536.0,13532.0
0.40776148438453674,10.366620063781738,-3.164382219314575,0.3866146206855774,13540.0,13536.0
0.9843034744262695,9.95030689239502,-3.1222519874572754,0.386499285697937,13544.0,13540.0
0.35591572523117065,10.613761901855469,-3.1248602867126465,0.38638389110565186,13548.0,13544.0
3.442298412322998,10.353450775146484,-3.0512075424194336,0.3862687945365906,13552.0,13548.0
0.34795641899108887,11.088459968566895,-3.0871782302856445,0.38615384697914124,13556.0,13552.0
0.39494800567626953,10.522086143493652,-3.012819766998291,0.38603928685188293,13560.0,13556.0
0.3335176706314087,10.516426086425781,-3.0953733921051025,0.3859247863292694,13564.0,13560.0
1.0302741527557373,10.527849197387695,-3.0656416416168213,0.3858104348182678,13568.0,13564.0
1.6332041025161743,10.965272903442383,-3.0780677795410156,0.3856962025165558,13572.0,13568.0
0.3748478889465332,10.083182334899902,-3.101419687271118,0.38558197021484375,13576.0,13572.0
0.22422003746032715,9.872848510742188,-3.1100423336029053,0.3854677677154541,13580.0,13576.0
0.526684045791626,10.046503067016602,-3.1421685218811035,0.3853534460067749,13584.0,13580.0
1.6632251739501953,10.896103858947754,-3.1137454509735107,0.3852391242980957,13588.0,13584.0
0.9031940698623657,10.309904098510742,-3.144176959991455,0.38512468338012695,13592.0,13588.0
0.8565890192985535,10.384406089782715,-3.069096088409424,0.3850104808807373,13596.0,13592.0
0.3513488173484802,10.866708755493164,-3.166649580001831,0.38489606976509094,13600.0,13596.0
0.35849592089653015,10.50208568572998,-3.1575491428375244,0.38478153944015503,13604.0,13600.0
0.34967339038848877,10.631916999816895,-3.142181396484375,0.38466697931289673,13608.0,13604.0
0.8847379088401794,10.467758178710938,-3.170930862426758,0.3845522999763489,13612.0,13608.0
0.41188907623291016,10.719244956970215,-3.1728386878967285,0.3844374716281891,13616.0,13612.0
0.7239231467247009,10.547769546508789,-3.1455078125,0.3843226432800293,13620.0,13616.0
0.4578375816345215,10.892205238342285,-3.1618871688842773,0.3842077851295471,13624.0,13620.0
0.3608998656272888,11.092203140258789,-3.1374573707580566,0.38409295678138733,13628.0,13624.0
0.34323662519454956,10.482028007507324,-3.164781093597412,0.38397806882858276,13632.0,13628.0
0.3302580714225769,10.268447875976562,-3.116245746612549,0.38386332988739014,13636.0,13632.0
3.936887264251709,10.506927490234375,-3.1676998138427734,0.38374853134155273,13640.0,13636.0
0.27958250045776367,10.526775360107422,-3.107252836227417,0.38363391160964966,13644.0,13640.0
1.0550017356872559,10.046341896057129,-3.152693748474121,0.3835192918777466,13648.0,13644.0
0.47058379650115967,10.356185913085938,-3.0872013568878174,0.383404940366745,13652.0,13648.0
5.218319892883301,10.248550415039062,-3.089877128601074,0.38329076766967773,13656.0,13652.0
0.39336127042770386,10.001802444458008,-3.145292043685913,0.38317662477493286,13660.0,13656.0
0.8261772394180298,10.322332382202148,-3.0964419841766357,0.3830626308917999,13664.0,13660.0
0.9620116949081421,10.621316909790039,-3.1358859539031982,0.38294869661331177,13668.0,13664.0
0.36156177520751953,10.852160453796387,-3.1252992153167725,0.3828348219394684,13672.0,13668.0
0.497402548789978,10.448980331420898,-3.14168381690979,0.382720947265625,13676.0,13672.0
0.31066590547561646,10.493570327758789,-3.183777332305908,0.38260695338249207,13680.0,13676.0
0.44111868739128113,10.960830688476562,-3.1651337146759033,0.38249289989471436,13684.0,13680.0
0.8220022916793823,11.101371765136719,-3.136502504348755,0.3823789358139038,13688.0,13684.0
0.42314764857292175,10.47701358795166,-3.1787736415863037,0.3822648525238037,13692.0,13688.0
0.43388745188713074,10.657340049743652,-3.206986904144287,0.38215065002441406,13696.0,13692.0
0.2763011157512665,10.447164535522461,-3.1441707611083984,0.3820365071296692,13700.0,13696.0
0.3519418239593506,10.456551551818848,-3.1604390144348145,0.3819223642349243,13704.0,13700.0
5.631875038146973,10.17874526977539,-3.144592046737671,0.3818083107471466,13708.0,13704.0
0.528457760810852,10.455739974975586,-3.128922939300537,0.38169440627098083,13712.0,13708.0
0.3196834325790405,10.919987678527832,-3.1822311878204346,0.3815804421901703,13716.0,13712.0
0.28535377979278564,10.764246940612793,-3.1817803382873535,0.38146641850471497,13720.0,13716.0
0.3443334698677063,10.764339447021484,-3.174497604370117,0.38135236501693726,13724.0,13720.0
0.23267340660095215,10.060884475708008,-3.150068521499634,0.3812384605407715,13728.0,13724.0
0.8919520378112793,11.144472122192383,-3.123037099838257,0.38112467527389526,13732.0,13728.0
0.2947852611541748,10.529006958007812,-3.1025843620300293,0.38101115822792053,13736.0,13732.0
0.2808288633823395,10.610689163208008,-3.030348777770996,0.380898118019104,13740.0,13736.0
0.38375529646873474,10.752079010009766,-3.168355703353882,0.3807850480079651,13744.0,13740.0
3.510057210922241,11.068377494812012,-3.1378848552703857,0.38067203760147095,13748.0,13744.0
0.48093584179878235,10.774096488952637,-3.064000129699707,0.38055935502052307,13752.0,13748.0
8.839791297912598,10.658102035522461,-3.154517650604248,0.3804466426372528,13756.0,13752.0
0.39285391569137573,10.475204467773438,-3.164924144744873,0.38033390045166016,13760.0,13756.0
0.32304736971855164,10.271944046020508,-3.1498754024505615,0.3802211880683899,13764.0,13760.0
0.32077300548553467,10.356884002685547,-3.1794915199279785,0.3801083564758301,13768.0,13764.0
3.5278773307800293,10.97901725769043,-3.1373462677001953,0.3799956440925598,13772.0,13768.0
0.3710523843765259,10.44848918914795,-3.168168067932129,0.3798828721046448,13776.0,13772.0
0.8077988028526306,10.035534858703613,-3.181851863861084,0.37977004051208496,13780.0,13776.0
0.533172070980072,10.723845481872559,-3.1708061695098877,0.37965720891952515,13784.0,13780.0
2.6510062217712402,10.655582427978516,-3.1940245628356934,0.3795442581176758,13788.0,13784.0
0.9926635026931763,10.48021411895752,-3.1643385887145996,0.3794313669204712,13792.0,13788.0
0.35531890392303467,10.338920593261719,-3.19236421585083,0.3793184161186218,13796.0,13792.0
0.5112148523330688,10.122946739196777,-3.159977912902832,0.37920552492141724,13800.0,13796.0
0.4306677281856537,10.866972923278809,-3.174337387084961,0.37909266352653503,13804.0,13800.0
0.35548728704452515,10.768698692321777,-3.209350347518921,0.3789796829223633,13808.0,13804.0
0.3095960319042206,10.617294311523438,-3.213318347930908,0.378866583108902,13812.0,13808.0
0.5079535245895386,10.510808944702148,-3.13200044631958,0.3787537217140198,13816.0,13812.0
0.39123475551605225,10.406034469604492,-3.1833336353302,0.3786408305168152,13820.0,13816.0
0.4233279228210449,10.344453811645508,-3.2080225944519043,0.3785278797149658,13824.0,13820.0
0.562004566192627,10.344328880310059,-3.1512503623962402,0.3784150779247284,13828.0,13824.0
0.399129182100296,10.57171630859375,-3.1377453804016113,0.3783024549484253,13832.0,13828.0
0.36449360847473145,10.611623764038086,-3.166790723800659,0.37818989157676697,13836.0,13832.0
0.4606255888938904,10.452280044555664,-3.185504913330078,0.37807732820510864,13840.0,13836.0
0.8866428732872009,11.073359489440918,-3.1370716094970703,0.37796494364738464,13844.0,13840.0
0.3427276909351349,10.795085906982422,-3.2187752723693848,0.3778524398803711,13848.0,13844.0
0.36307114362716675,10.588249206542969,-3.1854677200317383,0.37773996591567993,13852.0,13848.0
0.6331822872161865,10.744242668151855,-3.1706039905548096,0.37762755155563354,13856.0,13852.0
0.36539530754089355,10.76475715637207,-3.138249158859253,0.3775153160095215,13860.0,13856.0
0.5247466564178467,10.407003402709961,-3.17506742477417,0.3774031400680542,13864.0,13860.0
0.40916192531585693,9.990684509277344,-3.2331318855285645,0.377290815114975,13868.0,13864.0
0.6456130743026733,10.850017547607422,-3.155190944671631,0.3771786093711853,13872.0,13868.0
0.4992212653160095,10.19190788269043,-3.077336311340332,0.37706679105758667,13876.0,13872.0
5.84251594543457,10.304645538330078,-3.192842483520508,0.37695497274398804,13880.0,13876.0
0.5584359169006348,10.673171043395996,-3.135385036468506,0.37684330344200134,13884.0,13880.0
0.39320892095565796,10.870526313781738,-3.1439740657806396,0.3767317831516266,13888.0,13884.0
5.889004707336426,10.536075592041016,-3.200686454772949,0.37662020325660706,13892.0,13888.0
0.3858887851238251,10.822904586791992,-3.1713273525238037,0.3765086531639099,13896.0,13892.0
0.35249578952789307,10.96030330657959,-3.173741340637207,0.37639713287353516,13900.0,13896.0
2.9360601902008057,10.59257698059082,-3.178893566131592,0.3762856721878052,13904.0,13900.0
3.142576217651367,10.713187217712402,-3.2002785205841064,0.3761741518974304,13908.0,13904.0
0.3334908187389374,10.49917984008789,-3.2383275032043457,0.37606245279312134,13912.0,13908.0
0.4880119562149048,10.173364639282227,-3.181375503540039,0.37595081329345703,13916.0,13912.0
3.6157491207122803,10.730833053588867,-3.1866040229797363,0.3758392333984375,13920.0,13916.0
0.6343399286270142,10.411576271057129,-3.20383620262146,0.3757275938987732,13924.0,13920.0
0.6060431003570557,10.134688377380371,-3.214077949523926,0.3756159245967865,13928.0,13924.0
0.6483968496322632,10.585750579833984,-3.202317714691162,0.3755042552947998,13932.0,13928.0
3.580808162689209,10.32464599609375,-3.2405970096588135,0.37539249658584595,13936.0,13932.0
0.3640187382698059,10.478340148925781,-3.2185163497924805,0.3752806782722473,13940.0,13936.0
6.9564127922058105,10.917240142822266,-3.19118595123291,0.37516891956329346,13944.0,13940.0
0.3583480715751648,10.492786407470703,-3.2509682178497314,0.37505707144737244,13948.0,13944.0
0.3884440064430237,10.076898574829102,-3.2429604530334473,0.37494513392448425,13952.0,13948.0
0.7123785614967346,10.821259498596191,-3.2374353408813477,0.3748331367969513,13956.0,13952.0
0.44016513228416443,10.711324691772461,-3.245556116104126,0.37472110986709595,13960.0,13956.0
0.4315616488456726,10.536823272705078,-3.230456590652466,0.3746090531349182,13964.0,13960.0
1.1232976913452148,10.752756118774414,-3.2552130222320557,0.3744968771934509,13968.0,13964.0
0.3873641788959503,10.40781021118164,-3.195005416870117,0.37438488006591797,13972.0,13968.0
0.3964303135871887,10.740211486816406,-3.2004919052124023,0.37427303194999695,13976.0,13972.0
0.44421952962875366,10.147242546081543,-3.2307605743408203,0.3741611838340759,13980.0,13976.0
0.2953186631202698,10.106740951538086,-3.2229886054992676,0.3740493357181549,13984.0,13980.0
0.3278316259384155,10.45814037322998,-3.2392373085021973,0.3739374876022339,13988.0,13984.0
0.340810626745224,10.771665573120117,-3.2163848876953125,0.37382572889328003,13992.0,13988.0
0.43698012828826904,11.001770973205566,-3.2359189987182617,0.37371399998664856,13996.0,13992.0
0.5251080989837646,11.388243675231934,-3.259836196899414,0.37360215187072754,14000.0,13996.0
0.43341028690338135,10.65902328491211,-3.190438747406006,0.37349051237106323,14004.0,14000.0
0.31524932384490967,11.071854591369629,-3.242602825164795,0.3733788728713989,14008.0,14004.0
1.309971570968628,10.687790870666504,-3.241382122039795,0.3732672333717346,14012.0,14008.0
0.3105490505695343,10.606444358825684,-3.2008297443389893,0.37315577268600464,14016.0,14012.0
1.0974664688110352,10.858970642089844,-3.177233934402466,0.373044490814209,14020.0,14016.0
1.111968755722046,10.742575645446777,-3.2273683547973633,0.37293320894241333,14024.0,14020.0
5.523697853088379,11.141976356506348,-3.2623095512390137,0.3728218972682953,14028.0,14024.0
0.5130961537361145,11.643033981323242,-3.2122786045074463,0.3727106750011444,14032.0,14028.0
0.429332435131073,10.55487060546875,-3.210474729537964,0.3725995421409607,14036.0,14032.0
0.25999200344085693,10.551631927490234,-3.209221839904785,0.3724885582923889,14040.0,14036.0
0.9455434083938599,10.996377944946289,-3.2442502975463867,0.37237751483917236,14044.0,14040.0
0.4403139650821686,10.469724655151367,-3.2071919441223145,0.37226659059524536,14048.0,14044.0
0.4609096348285675,10.859464645385742,-3.1971707344055176,0.3721558153629303,14052.0,14048.0
0.505985677242279,10.459278106689453,-3.2181739807128906,0.37204509973526,14056.0,14052.0
0.48037636280059814,10.965706825256348,-3.287463665008545,0.3719342350959778,14060.0,14056.0
0.24381950497627258,10.598730087280273,-3.2430849075317383,0.37182337045669556,14064.0,14060.0
0.45321667194366455,11.057732582092285,-3.28210711479187,0.3717123866081238,14068.0,14064.0
0.4795457124710083,10.3279390335083,-3.222759485244751,0.3716014623641968,14072.0,14068.0
0.5437145233154297,10.658324241638184,-3.302110433578491,0.3714904189109802,14076.0,14072.0
0.3425094187259674,11.3493070602417,-3.229686975479126,0.37137943506240845,14080.0,14076.0
0.5031653642654419,10.499406814575195,-3.275637149810791,0.3712683916091919,14084.0,14080.0
1.603342056274414,10.763223648071289,-3.168505907058716,0.371157705783844,14088.0,14084.0
0.439090758562088,10.772430419921875,-3.276193618774414,0.37104690074920654,14092.0,14088.0
0.4021111726760864,10.907865524291992,-3.275341033935547,0.3709360361099243,14096.0,14092.0
0.962643027305603,11.070098876953125,-3.247600793838501,0.37082523107528687,14100.0,14096.0
6.190506935119629,11.013192176818848,-3.2543766498565674,0.3707144260406494,14104.0,14100.0
0.507677435874939,10.709712982177734,-3.239133358001709,0.3706037402153015,14108.0,14104.0
1.2707927227020264,10.636615753173828,-3.2717199325561523,0.37049299478530884,14112.0,14108.0
0.3297833800315857,10.624272346496582,-3.302903175354004,0.3703821301460266,14116.0,14112.0
0.7187657952308655,10.249884605407715,-3.207793712615967,0.3702715039253235,14120.0,14116.0
0.36553293466567993,11.170431137084961,-3.2280426025390625,0.3701609969139099,14124.0,14120.0
8.852972984313965,10.95503044128418,-3.243230104446411,0.3700505495071411,14128.0,14124.0
0.3964000940322876,10.466650009155273,-3.2699689865112305,0.3699401021003723,14132.0,14128.0
0.4262939989566803,10.266143798828125,-3.201104164123535,0.36982983350753784,14136.0,14132.0
1.560161828994751,10.523995399475098,-3.251966953277588,0.36971965432167053,14140.0,14136.0
0.3764607310295105,10.15642261505127,-3.204629421234131,0.36960965394973755,14144.0,14140.0
0.3254808187484741,10.287837982177734,-3.2629950046539307,0.36949965357780457,14148.0,14144.0
1.2859400510787964,10.62701416015625,-3.3119711875915527,0.36938947439193726,14152.0,14148.0
0.35311099886894226,10.92703628540039,-3.2878835201263428,0.3692792057991028,14156.0,14152.0
0.5772861838340759,10.512533187866211,-3.2126951217651367,0.3691691756248474,14160.0,14156.0
3.105355739593506,10.32497787475586,-3.234661102294922,0.3690592646598816,14164.0,14160.0
0.30650031566619873,10.883234024047852,-3.2537355422973633,0.36894935369491577,14168.0,14164.0
0.3989788889884949,10.662923812866211,-3.2976672649383545,0.3688393831253052,14172.0,14168.0
3.508485794067383,10.694475173950195,-3.2539265155792236,0.36872944235801697,14176.0,14172.0
0.33758121728897095,10.534296035766602,-3.216151475906372,0.3686197102069855,14180.0,14176.0
1.725353479385376,10.460782051086426,-3.2544336318969727,0.36851000785827637,14184.0,14180.0
0.3868485689163208,10.819942474365234,-3.2508957386016846,0.3684003949165344,14188.0,14184.0
0.3701618015766144,10.152729034423828,-3.248383045196533,0.36829084157943726,14192.0,14188.0
0.6171096563339233,10.607671737670898,-3.319376230239868,0.36818110942840576,14196.0,14192.0
0.286408007144928,10.235771179199219,-3.2906785011291504,0.3680713176727295,14200.0,14196.0
0.5462409853935242,10.895830154418945,-3.31697416305542,0.36796143651008606,14204.0,14200.0
0.43442389369010925,11.024166107177734,-3.270033359527588,0.3678516149520874,14208.0,14204.0
0.4860215187072754,10.719423294067383,-3.252063274383545,0.3677418529987335,14212.0,14208.0
0.6098160743713379,10.50003719329834,-3.272542953491211,0.3676321506500244,14216.0,14212.0
0.3575865626335144,10.150375366210938,-3.285653591156006,0.3675224781036377,14220.0,14216.0
1.0405559539794922,10.635547637939453,-3.2772557735443115,0.367412805557251,14224.0,14220.0
0.44063106179237366,11.150147438049316,-3.283324956893921,0.36730316281318665,14228.0,14224.0
6.2882280349731445,10.783906936645508,-3.260662317276001,0.36719363927841187,14232.0,14228.0
0.3185824155807495,10.314580917358398,-3.279968738555908,0.3670841157436371,14236.0,14232.0
6.093578338623047,10.23017406463623,-3.351443290710449,0.3669743835926056,14240.0,14236.0
1.1703006029129028,11.107620239257812,-3.2383615970611572,0.3668648600578308,14244.0,14240.0
0.5513401031494141,10.239875793457031,-3.2594282627105713,0.3667554557323456,14248.0,14244.0
3.544266939163208,10.517326354980469,-3.2557194232940674,0.3666461706161499,14252.0,14248.0
0.6151268482208252,10.864864349365234,-3.2609949111938477,0.3665369749069214,14256.0,14252.0
1.029848575592041,10.462413787841797,-3.200443744659424,0.36642804741859436,14260.0,14256.0
0.4496181607246399,11.287071228027344,-3.299834728240967,0.36631906032562256,14264.0,14260.0
0.5136917233467102,11.10170841217041,-3.2189509868621826,0.36621031165122986,14268.0,14264.0
0.9561178088188171,10.64067554473877,-3.214545726776123,0.36610180139541626,14272.0,14268.0
0.5462628602981567,10.599861145019531,-3.2489583492279053,0.3659933805465698,14276.0,14272.0
0.5717966556549072,11.642593383789062,-3.1570863723754883,0.36588531732559204,14280.0,14276.0
0.6103061437606812,10.323684692382812,-3.294886827468872,0.3657771646976471,14284.0,14280.0
2.016050338745117,10.36627197265625,-3.253309726715088,0.3656690716743469,14288.0,14284.0
3.3241539001464844,11.335304260253906,-3.2946105003356934,0.3655608892440796,14292.0,14288.0
0.3345162868499756,10.63163948059082,-3.206831932067871,0.36545297503471375,14296.0,14292.0
0.4471246004104614,10.885087013244629,-3.2397899627685547,0.3653451204299927,14300.0,14296.0
0.7777897119522095,10.997397422790527,-3.246462106704712,0.36523735523223877,14304.0,14300.0
0.5604541897773743,11.399078369140625,-3.2368476390838623,0.3651297092437744,14308.0,14304.0
0.5991320610046387,10.652456283569336,-3.2635061740875244,0.3650220036506653,14312.0,14308.0
0.3407960832118988,10.53577709197998,-3.333961009979248,0.3649141788482666,14316.0,14312.0
0.7254650592803955,10.716001510620117,-3.2840287685394287,0.36480623483657837,14320.0,14316.0
0.5294724702835083,10.85837173461914,-3.293562650680542,0.3646983504295349,14324.0,14320.0
0.38574787974357605,10.759354591369629,-3.299222946166992,0.3645903468132019,14328.0,14324.0
0.5321263074874878,10.593626022338867,-3.219895601272583,0.364482581615448,14332.0,14328.0
0.5187633037567139,11.08004379272461,-3.2716784477233887,0.3643748462200165,14336.0,14332.0
0.421042263507843,11.3135986328125,-3.3173210620880127,0.3642669916152954,14340.0,14336.0
0.526217520236969,11.027425765991211,-3.243286609649658,0.3641592860221863,14344.0,14340.0
0.4008651375770569,11.069589614868164,-3.282607316970825,0.36405158042907715,14348.0,14344.0
0.5197139978408813,10.733144760131836,-3.2758140563964844,0.3639439344406128,14352.0,14348.0
0.4275280833244324,10.621861457824707,-3.2940378189086914,0.36383628845214844,14356.0,14352.0
0.38520723581314087,10.79582405090332,-3.3466477394104004,0.36372843384742737,14360.0,14356.0
0.41279345750808716,10.474454879760742,-3.302607536315918,0.3636205792427063,14364.0,14360.0
0.3924710750579834,10.488964080810547,-3.266338586807251,0.3635127544403076,14368.0,14364.0
0.5757917165756226,10.899991989135742,-3.3278250694274902,0.36340487003326416,14372.0,14368.0
0.4471037983894348,11.287432670593262,-3.347724199295044,0.36329686641693115,14376.0,14372.0
0.5246309041976929,11.44814395904541,-3.313208818435669,0.36318880319595337,14380.0,14376.0
0.33091509342193604,10.850044250488281,-3.2900683879852295,0.36308085918426514,14384.0,14380.0
0.36935776472091675,10.362247467041016,-3.3027889728546143,0.3629729151725769,14388.0,14384.0
0.3878811001777649,10.788766860961914,-3.279641628265381,0.3628651201725006,14392.0,14388.0
0.45747268199920654,11.447710990905762,-3.2647252082824707,0.36275747418403625,14396.0,14392.0
0.37788695096969604,10.754196166992188,-3.3486762046813965,0.36264967918395996,14400.0,14396.0
