critic_loss,actor_loss,alpha_loss,alpha,global_step,buffer_size
3.3958253860473633,-1.3645665645599365,-0.0,0.9997000694274902,1000.0,1000.0
3.2365598678588867,-1.3968828916549683,-0.0010093724122270942,0.9994001388549805,1004.0,1004.0
3.156097412109375,-1.3946433067321777,-0.0020103049464523792,0.9991003274917603,1008.0,1008.0
3.2007837295532227,-1.3938374519348145,-0.0030001148115843534,0.9988006949424744,1012.0,1012.0
3.0002665519714355,-1.4324250221252441,-0.004031075164675713,0.9985011219978333,1016.0,1016.0
2.905437707901001,-1.433419108390808,-0.0050188531167805195,0.9982016682624817,1020.0,1020.0
2.8589837551116943,-1.469730257987976,-0.006065700203180313,0.9979021549224854,1024.0,1024.0
2.7559878826141357,-1.4807937145233154,-0.007064824923872948,0.9976027607917786,1028.0,1028.0
2.6630303859710693,-1.475860595703125,-0.008027825504541397,0.9973034262657166,1032.0,1032.0
2.6602702140808105,-1.4957438707351685,-0.009050663560628891,0.9970042705535889,1036.0,1036.0
2.486469268798828,-1.5321323871612549,-0.010126404464244843,0.9967050552368164,1040.0,1040.0
2.407808542251587,-1.5341217517852783,-0.011085164733231068,0.9964059591293335,1044.0,1044.0
2.347944736480713,-1.5556987524032593,-0.012118451297283173,0.9961069226264954,1048.0,1048.0
2.435070037841797,-1.5666793584823608,-0.013118886388838291,0.995807945728302,1052.0,1052.0
2.246622085571289,-1.5985958576202393,-0.014194036833941936,0.9955089688301086,1056.0,1056.0
2.178567409515381,-1.6193856000900269,-0.01521829329431057,0.9952099919319153,1060.0,1060.0
2.1874752044677734,-1.6081022024154663,-0.016104264184832573,0.9949111938476562,1064.0,1064.0
2.0223374366760254,-1.6463966369628906,-0.01722666621208191,0.9946123957633972,1068.0,1068.0
2.028264045715332,-1.6641515493392944,-0.01826988346874714,0.994313657283783,1072.0,1072.0
1.9729783535003662,-1.6840431690216064,-0.019275927916169167,0.9940149188041687,1076.0,1076.0
1.9779548645019531,-1.6810247898101807,-0.020179275423288345,0.993716299533844,1080.0,1080.0
1.7686891555786133,-1.6959900856018066,-0.021184567362070084,0.9934178590774536,1084.0,1084.0
1.78544020652771,-1.728084921836853,-0.022282233461737633,0.993119478225708,1088.0,1088.0
1.6180696487426758,-1.7405543327331543,-0.02326304465532303,0.992821216583252,1092.0,1092.0
1.570632815361023,-1.7628452777862549,-0.02429465390741825,0.9925230145454407,1096.0,1096.0
1.5142087936401367,-1.7759215831756592,-0.02527199313044548,0.9922248721122742,1100.0,1100.0
1.4479753971099854,-1.7863879203796387,-0.02622934989631176,0.9919269680976868,1104.0,1104.0
1.4138989448547363,-1.8205708265304565,-0.027340054512023926,0.9916290640830994,1108.0,1108.0
1.315671443939209,-1.808621883392334,-0.028066152706742287,0.9913314580917358,1112.0,1112.0
1.3052538633346558,-1.8435680866241455,-0.02921578660607338,0.9910340309143066,1116.0,1116.0
1.2738771438598633,-1.8635722398757935,-0.030248668044805527,0.9907366633415222,1120.0,1120.0
1.185694932937622,-1.8726543188095093,-0.031066853553056717,0.9904395937919617,1124.0,1124.0
1.0862040519714355,-1.9070301055908203,-0.03224126994609833,0.9901426434516907,1128.0,1128.0
1.0254366397857666,-1.9335898160934448,-0.03329237550497055,0.9898457527160645,1132.0,1132.0
0.9588465690612793,-1.9718835353851318,-0.034445688128471375,0.9895488619804382,1136.0,1136.0
0.964657723903656,-1.9763684272766113,-0.035316575318574905,0.9892520904541016,1140.0,1140.0
0.8809621930122375,-1.9927027225494385,-0.036267492920160294,0.9889553785324097,1144.0,1144.0
0.8119031190872192,-2.0318961143493652,-0.037428390234708786,0.9886587262153625,1148.0,1148.0
0.7765003442764282,-2.0605900287628174,-0.038518525660037994,0.9883620738983154,1152.0,1152.0
0.6560560464859009,-2.0679080486297607,-0.03936484828591347,0.9880655407905579,1156.0,1156.0
0.6362603902816772,-2.0820555686950684,-0.040264055132865906,0.9877691268920898,1160.0,1160.0
0.6015735864639282,-2.113712787628174,-0.041324324905872345,0.9874728322029114,1164.0,1164.0
0.6095835566520691,-2.1297855377197266,-0.042268529534339905,0.9871767163276672,1168.0,1168.0
0.5039589405059814,-2.166933536529541,-0.0434013269841671,0.9868806600570679,1172.0,1172.0
0.49671274423599243,-2.199432373046875,-0.044551633298397064,0.9865846037864685,1176.0,1176.0
0.4431144595146179,-2.21821928024292,-0.04546352103352547,0.9862886071205139,1180.0,1180.0
0.36994603276252747,-2.2459280490875244,-0.04654958099126816,0.9859926700592041,1184.0,1184.0
0.38642221689224243,-2.275743246078491,-0.047599293291568756,0.9856966733932495,1188.0,1188.0
0.3592841625213623,-2.2891266345977783,-0.0483546257019043,0.985400915145874,1192.0,1192.0
0.29915541410446167,-2.323969841003418,-0.049599796533584595,0.9851051568984985,1196.0,1196.0
0.2603347897529602,-2.34006667137146,-0.05041012540459633,0.9848095178604126,1200.0,1200.0
0.2593882083892822,-2.370365858078003,-0.05140795558691025,0.984514057636261,1204.0,1204.0
0.21197637915611267,-2.3932971954345703,-0.05250674486160278,0.9842185974121094,1208.0,1208.0
0.18333014845848083,-2.4001758098602295,-0.05329667404294014,0.9839233756065369,1212.0,1212.0
0.17865440249443054,-2.441775321960449,-0.05463289096951485,0.9836282134056091,1216.0,1216.0
0.15840178728103638,-2.460310459136963,-0.05550814047455788,0.9833331108093262,1220.0,1220.0
0.1760801374912262,-2.486903667449951,-0.0565379299223423,0.983038067817688,1224.0,1224.0
0.11128873378038406,-2.507866144180298,-0.0576070100069046,0.9827431440353394,1228.0,1228.0
0.14984023571014404,-2.5353543758392334,-0.05860811844468117,0.9824482202529907,1232.0,1232.0
0.11081992834806442,-2.552703380584717,-0.05953887104988098,0.9821534752845764,1236.0,1236.0
0.10044042766094208,-2.5649144649505615,-0.06037921458482742,0.9818588495254517,1240.0,1240.0
0.0784660130739212,-2.5913844108581543,-0.06151919439435005,0.9815643429756165,1244.0,1244.0
0.07577194273471832,-2.6108171939849854,-0.06251036375761032,0.9812699556350708,1248.0,1248.0
0.07744155079126358,-2.6322412490844727,-0.0633433386683464,0.9809756875038147,1252.0,1252.0
0.10591433197259903,-2.6593637466430664,-0.0648675411939621,0.9806814789772034,1256.0,1256.0
0.05681436508893967,-2.670473098754883,-0.06559939682483673,0.980387270450592,1260.0,1260.0
0.07042708992958069,-2.675602912902832,-0.06633491814136505,0.9800933003425598,1264.0,1264.0
0.12489061057567596,-2.7003369331359863,-0.06767959892749786,0.9797993898391724,1268.0,1268.0
0.06342446804046631,-2.720139503479004,-0.06873257458209991,0.9795054793357849,1272.0,1272.0
0.09221454709768295,-2.7174434661865234,-0.0694604218006134,0.9792117476463318,1276.0,1276.0
0.09177113324403763,-2.7330212593078613,-0.07050397247076035,0.9789181351661682,1280.0,1280.0
0.05817170441150665,-2.737542152404785,-0.07154813408851624,0.9786246418952942,1284.0,1284.0
0.05648037791252136,-2.742280960083008,-0.07232266664505005,0.9783313274383545,1288.0,1288.0
0.06989920139312744,-2.7659568786621094,-0.0737939104437828,0.9780380129814148,1292.0,1292.0
0.08542463183403015,-2.767073392868042,-0.07482759654521942,0.9777447581291199,1296.0,1296.0
0.05260246992111206,-2.7771854400634766,-0.07598525285720825,0.9774514436721802,1300.0,1300.0
0.058631531894207,-2.7615296840667725,-0.07648720592260361,0.9771583080291748,1304.0,1304.0
0.08460615575313568,-2.765307903289795,-0.07756226509809494,0.976865291595459,1308.0,1308.0
0.05212002992630005,-2.772146224975586,-0.07857901602983475,0.9765723347663879,1312.0,1312.0
0.06966780871152878,-2.7736072540283203,-0.07979032397270203,0.9762794971466064,1316.0,1316.0
0.07387281954288483,-2.7591097354888916,-0.08045560121536255,0.9759867787361145,1320.0,1320.0
0.05546821653842926,-2.7739529609680176,-0.08178829401731491,0.9756941795349121,1324.0,1324.0
0.04328335076570511,-2.787365198135376,-0.08307633548974991,0.9754014611244202,1328.0,1328.0
0.0645221620798111,-2.7686831951141357,-0.0836053267121315,0.9751089215278625,1332.0,1332.0
0.08091093599796295,-2.772998809814453,-0.08482258021831512,0.9748164415359497,1336.0,1336.0
0.043367937207221985,-2.7698473930358887,-0.0858648270368576,0.9745240211486816,1340.0,1340.0
0.0826311856508255,-2.7641406059265137,-0.08683811128139496,0.9742316603660583,1344.0,1344.0
0.04875537008047104,-2.7615740299224854,-0.08775544166564941,0.9739394187927246,1348.0,1348.0
0.09262340515851974,-2.760483980178833,-0.08870276808738708,0.9736472368240356,1352.0,1352.0
0.04923480004072189,-2.774325132369995,-0.09018571674823761,0.9733550548553467,1356.0,1356.0
0.05303151160478592,-2.7614457607269287,-0.09072423726320267,0.973063051700592,1360.0,1360.0
0.04052271693944931,-2.7495312690734863,-0.0914304256439209,0.972771167755127,1364.0,1364.0
0.062245868146419525,-2.768174171447754,-0.09300750494003296,0.9724794030189514,1368.0,1368.0
0.04547552764415741,-2.7578678131103516,-0.09388069063425064,0.9721876382827759,1372.0,1372.0
0.08774708211421967,-2.7616631984710693,-0.09491223841905594,0.9718959927558899,1376.0,1376.0
0.07321963459253311,-2.756167411804199,-0.09566837549209595,0.9716044664382935,1380.0,1380.0
0.07614897191524506,-2.7610859870910645,-0.09680359065532684,0.9713130593299866,1384.0,1384.0
0.057578928768634796,-2.759986162185669,-0.09786463528871536,0.9710217118263245,1388.0,1388.0
0.09351956844329834,-2.751096725463867,-0.09832244366407394,0.9707306027412415,1392.0,1392.0
0.06730805337429047,-2.7596516609191895,-0.09957949817180634,0.970439612865448,1396.0,1396.0
0.0614653080701828,-2.7687761783599854,-0.10091385245323181,0.9701487421989441,1400.0,1400.0
0.06289296597242355,-2.790757179260254,-0.10254252701997757,0.9698577523231506,1404.0,1404.0
0.048996277153491974,-2.772737979888916,-0.10279877483844757,0.969566822052002,1408.0,1408.0
0.05050477758049965,-2.7849364280700684,-0.1042407900094986,0.969275951385498,1412.0,1412.0
0.05430181697010994,-2.8001067638397217,-0.10565835982561111,0.9689849615097046,1416.0,1416.0
0.06148530915379524,-2.784133195877075,-0.10582050681114197,0.9686941504478455,1420.0,1420.0
0.09245507419109344,-2.8018290996551514,-0.10727876424789429,0.9684033393859863,1424.0,1424.0
0.06368617713451385,-2.782885789871216,-0.10770586133003235,0.9681127071380615,1428.0,1428.0
0.10002613067626953,-2.798595428466797,-0.10899385809898376,0.9678221940994263,1432.0,1432.0
0.0641615241765976,-2.7863378524780273,-0.10943220555782318,0.9675318598747253,1436.0,1436.0
0.0594840906560421,-2.8190503120422363,-0.11150000244379044,0.9672415256500244,1440.0,1440.0
0.1007625162601471,-2.812753677368164,-0.11211258172988892,0.9669512510299683,1444.0,1444.0
0.07771584391593933,-2.79862117767334,-0.11251760274171829,0.9666612148284912,1448.0,1448.0
0.063115693628788,-2.827920436859131,-0.11444564908742905,0.9663711190223694,1452.0,1452.0
0.09574796259403229,-2.812307834625244,-0.11458360403776169,0.9660812616348267,1456.0,1456.0
0.057967379689216614,-2.8237013816833496,-0.11580925434827805,0.9657915234565735,1460.0,1460.0
0.06180368363857269,-2.836273431777954,-0.11723928153514862,0.9655017852783203,1464.0,1464.0
0.0767194852232933,-2.8325748443603516,-0.1178029254078865,0.9652122855186462,1468.0,1468.0
0.06182393431663513,-2.8349649906158447,-0.11857081949710846,0.9649229049682617,1472.0,1472.0
0.06331712752580643,-2.8495516777038574,-0.11997786164283752,0.964633584022522,1476.0,1476.0
0.06026177108287811,-2.84846830368042,-0.12090607732534409,0.9643444418907166,1480.0,1480.0
0.06352375447750092,-2.854273557662964,-0.12213157117366791,0.9640552997589111,1484.0,1484.0
0.05165235698223114,-2.8525030612945557,-0.12279821932315826,0.96376633644104,1488.0,1488.0
0.05421863868832588,-2.8668525218963623,-0.12423586845397949,0.963477373123169,1492.0,1492.0
0.05158882588148117,-2.8728976249694824,-0.12539908289909363,0.9631884098052979,1496.0,1496.0
0.05871177464723587,-2.872384786605835,-0.1259075403213501,0.9628996253013611,1500.0,1500.0
0.05608213320374489,-2.8748323917388916,-0.12706977128982544,0.9626109004020691,1504.0,1504.0
0.07346335053443909,-2.884760856628418,-0.12817692756652832,0.9623222351074219,1508.0,1508.0
0.06524544209241867,-2.8849120140075684,-0.12884607911109924,0.9620336890220642,1512.0,1512.0
0.06255931407213211,-2.8766140937805176,-0.12955215573310852,0.9617453217506409,1516.0,1516.0
0.059999480843544006,-2.8976690769195557,-0.13146547973155975,0.9614570140838623,1520.0,1520.0
0.05463418364524841,-2.9043893814086914,-0.1328710913658142,0.9611685872077942,1524.0,1524.0
0.0724543035030365,-2.8817620277404785,-0.13225339353084564,0.96088045835495,1528.0,1528.0
0.04661429300904274,-2.9005680084228516,-0.13423645496368408,0.9605923295021057,1532.0,1532.0
0.09021414816379547,-2.8969767093658447,-0.13452552258968353,0.9603044390678406,1536.0,1536.0
0.04978599399328232,-2.914149045944214,-0.13679611682891846,0.9600164890289307,1540.0,1540.0
0.07278242707252502,-2.9147443771362305,-0.13743263483047485,0.9597285985946655,1544.0,1544.0
0.06462225317955017,-2.905383825302124,-0.13793952763080597,0.9594408273696899,1548.0,1548.0
0.06561598181724548,-2.9287610054016113,-0.13975442945957184,0.9591529965400696,1552.0,1552.0
0.05497986450791359,-2.9257328510284424,-0.1408393681049347,0.9588651657104492,1556.0,1556.0
0.05295741558074951,-2.945349931716919,-0.14242538809776306,0.9585771560668945,1560.0,1560.0
0.04566557705402374,-2.9172823429107666,-0.1417754888534546,0.958289384841919,1564.0,1564.0
0.04828627407550812,-2.921924114227295,-0.14328905940055847,0.9580017328262329,1568.0,1568.0
0.0389687679708004,-2.934539794921875,-0.14480406045913696,0.9577140808105469,1572.0,1572.0
0.07953446358442307,-2.9335579872131348,-0.14537471532821655,0.9574265480041504,1576.0,1576.0
0.0644908994436264,-2.947770118713379,-0.1469486653804779,0.9571390151977539,1580.0,1580.0
0.05466539412736893,-2.977644205093384,-0.1491784006357193,0.9568512439727783,1584.0,1584.0
0.06913264840841293,-2.9503965377807617,-0.14858992397785187,0.9565635919570923,1588.0,1588.0
0.08144211769104004,-2.958251476287842,-0.1495652198791504,0.956275999546051,1592.0,1592.0
0.05697695165872574,-2.9492223262786865,-0.15010377764701843,0.9559886455535889,1596.0,1596.0
0.054135315120220184,-2.956155300140381,-0.15140630304813385,0.9557014107704163,1600.0,1600.0
0.06911690533161163,-2.9575493335723877,-0.1520826518535614,0.9554144144058228,1604.0,1604.0
0.0619499646127224,-2.9808971881866455,-0.1540912687778473,0.9551273584365845,1608.0,1608.0
0.08019368350505829,-2.974553346633911,-0.15436382591724396,0.9548404216766357,1612.0,1612.0
0.058222975581884384,-2.9840450286865234,-0.15600058436393738,0.9545535445213318,1616.0,1616.0
0.059851326048374176,-2.97036075592041,-0.15612849593162537,0.9542668461799622,1620.0,1620.0
0.06276977062225342,-2.988394260406494,-0.15792560577392578,0.9539802074432373,1624.0,1624.0
0.06508826464414597,-3.004904270172119,-0.1592613160610199,0.9536935687065125,1628.0,1628.0
0.06817366182804108,-2.9944636821746826,-0.15968051552772522,0.9534069895744324,1632.0,1632.0
0.050599355250597,-3.002190113067627,-0.16066230833530426,0.9531205296516418,1636.0,1636.0
0.06334753334522247,-3.0042624473571777,-0.16174417734146118,0.9528341293334961,1640.0,1640.0
0.05527911335229874,-2.999661922454834,-0.16225765645503998,0.9525479674339294,1644.0,1644.0
0.06303587555885315,-3.0097296237945557,-0.16342692077159882,0.9522619247436523,1648.0,1648.0
0.04960774630308151,-3.037057399749756,-0.16592541337013245,0.9519757628440857,1652.0,1652.0
0.07362915575504303,-3.014874219894409,-0.1655670553445816,0.9516897201538086,1656.0,1656.0
0.07912643998861313,-3.0223608016967773,-0.1666678488254547,0.951403796672821,1660.0,1660.0
0.07338450103998184,-3.0518295764923096,-0.16939663887023926,0.9511176943778992,1664.0,1664.0
0.05295606702566147,-3.031459093093872,-0.16860371828079224,0.9508317708969116,1668.0,1668.0
0.046299658715724945,-3.0316805839538574,-0.16953618824481964,0.9505460262298584,1672.0,1672.0
0.050481654703617096,-3.043884038925171,-0.17135527729988098,0.9502602815628052,1676.0,1676.0
0.05350897088646889,-3.0500826835632324,-0.17231331765651703,0.9499745965003967,1680.0,1680.0
0.044037315994501114,-3.052745819091797,-0.173651784658432,0.9496888518333435,1684.0,1684.0
0.08469317853450775,-3.0548441410064697,-0.17419379949569702,0.9494032263755798,1688.0,1688.0
0.08437085896730423,-3.053466558456421,-0.17492085695266724,0.9491177201271057,1692.0,1692.0
0.0436699315905571,-3.050614833831787,-0.17516706883907318,0.9488324522972107,1696.0,1696.0
0.05908627808094025,-3.0508251190185547,-0.1760808527469635,0.9485474228858948,1700.0,1700.0
0.05284468084573746,-3.0600099563598633,-0.17780712246894836,0.9482625126838684,1704.0,1704.0
0.061048366129398346,-3.072831392288208,-0.1791847199201584,0.9479776620864868,1708.0,1708.0
0.05811120569705963,-3.0679397583007812,-0.17939889430999756,0.9476929903030396,1712.0,1712.0
0.04037956893444061,-3.075289249420166,-0.18082605302333832,0.9474083781242371,1716.0,1716.0
0.05964966118335724,-3.0938377380371094,-0.1828908920288086,0.9471237659454346,1720.0,1720.0
0.054678529500961304,-3.069783926010132,-0.1824009269475937,0.9468393325805664,1724.0,1724.0
0.04744475707411766,-3.078714609146118,-0.1836707592010498,0.9465550184249878,1728.0,1728.0
0.066849485039711,-3.08853816986084,-0.18499307334423065,0.946270763874054,1732.0,1732.0
0.06156301498413086,-3.0799758434295654,-0.185029536485672,0.9459867477416992,1736.0,1736.0
0.03549785912036896,-3.097787618637085,-0.1872675120830536,0.9457027912139893,1740.0,1740.0
0.08955702185630798,-3.08854341506958,-0.18746736645698547,0.9454189538955688,1744.0,1744.0
0.04661647230386734,-3.107913017272949,-0.18953967094421387,0.9451351761817932,1748.0,1748.0
0.05093366280198097,-3.104074001312256,-0.19008368253707886,0.9448513984680176,1752.0,1752.0
0.0875951275229454,-3.106631278991699,-0.1912994086742401,0.9445677399635315,1756.0,1756.0
0.05861414968967438,-3.1038002967834473,-0.19164018332958221,0.9442841410636902,1760.0,1760.0
0.048439428210258484,-3.1022536754608154,-0.1921224594116211,0.9440008401870728,1764.0,1764.0
0.039929769933223724,-3.1409571170806885,-0.19586153328418732,0.9437173008918762,1768.0,1768.0
0.13241046667099,-3.12603759765625,-0.1952151656150818,0.9434338212013245,1772.0,1772.0
0.04023899510502815,-3.1211085319519043,-0.19554290175437927,0.9431505799293518,1776.0,1776.0
0.040861357003450394,-3.1098971366882324,-0.19541393220424652,0.942867636680603,1780.0,1780.0
0.06814352422952652,-3.121950149536133,-0.1971299946308136,0.9425848722457886,1784.0,1784.0
0.06456457078456879,-3.143908977508545,-0.19940625131130219,0.9423021078109741,1788.0,1788.0
0.05776097625494003,-3.1472220420837402,-0.19990310072898865,0.9420194625854492,1792.0,1792.0
0.059748366475105286,-3.1474881172180176,-0.20094817876815796,0.9417368769645691,1796.0,1796.0
0.044142019003629684,-3.1455249786376953,-0.20157703757286072,0.9414544701576233,1800.0,1800.0
0.05082198977470398,-3.1521410942077637,-0.20278580486774445,0.9411721229553223,1804.0,1804.0
0.04852962866425514,-3.1626169681549072,-0.20427606999874115,0.940889835357666,1808.0,1808.0
0.06066413223743439,-3.1605656147003174,-0.20492658019065857,0.9406076073646545,1812.0,1812.0
0.07445469498634338,-3.178720712661743,-0.2070285826921463,0.9403253197669983,1816.0,1816.0
0.0534546934068203,-3.169900417327881,-0.20747214555740356,0.9400430917739868,1820.0,1820.0
0.0673145055770874,-3.1759889125823975,-0.20843687653541565,0.9397609233856201,1824.0,1824.0
0.04055696725845337,-3.1642189025878906,-0.2078457772731781,0.9394789934158325,1828.0,1828.0
0.04819613695144653,-3.1841158866882324,-0.21036271750926971,0.9391971230506897,1832.0,1832.0
0.08245906233787537,-3.1918601989746094,-0.21142055094242096,0.9389153122901917,1836.0,1836.0
0.06115781515836716,-3.1701698303222656,-0.21063613891601562,0.9386337399482727,1840.0,1840.0
0.04799121245741844,-3.1973745822906494,-0.2133048176765442,0.9383522272109985,1844.0,1844.0
0.06738923490047455,-3.197075843811035,-0.21419204771518707,0.9380707740783691,1848.0,1848.0
0.07147201895713806,-3.199207305908203,-0.21475322544574738,0.9377894401550293,1852.0,1852.0
0.048585839569568634,-3.2104296684265137,-0.21643289923667908,0.9375081658363342,1856.0,1856.0
0.04835192859172821,-3.2031869888305664,-0.21642537415027618,0.9372270703315735,1860.0,1860.0
0.048759035766124725,-3.212592601776123,-0.21811476349830627,0.9369459748268127,1864.0,1864.0
0.039746664464473724,-3.2169651985168457,-0.2190253734588623,0.9366650581359863,1868.0,1868.0
0.04567192494869232,-3.2478418350219727,-0.22251877188682556,0.936383843421936,1872.0,1872.0
0.043651238083839417,-3.2353739738464355,-0.22208450734615326,0.9361026883125305,1876.0,1876.0
0.05349816381931305,-3.2332043647766113,-0.22253906726837158,0.935821533203125,1880.0,1880.0
0.03751809149980545,-3.245478868484497,-0.22431308031082153,0.9355404376983643,1884.0,1884.0
0.0385129339993,-3.223752737045288,-0.22381198406219482,0.9352594614028931,1888.0,1888.0
0.04002556949853897,-3.2224435806274414,-0.22393134236335754,0.934978723526001,1892.0,1892.0
0.053020019084215164,-3.2436065673828125,-0.2266729772090912,0.9346981048583984,1896.0,1896.0
0.044938020408153534,-3.2232658863067627,-0.22590303421020508,0.934417724609375,1900.0,1900.0
0.03962036967277527,-3.2291102409362793,-0.22743535041809082,0.9341374635696411,1904.0,1904.0
0.045091040432453156,-3.247070550918579,-0.22970649600028992,0.933857262134552,1908.0,1908.0
0.04541093856096268,-3.2292513847351074,-0.228494793176651,0.9335773587226868,1912.0,1912.0
0.04464691877365112,-3.2493810653686523,-0.23123639822006226,0.9332975149154663,1916.0,1916.0
0.041823610663414,-3.2681424617767334,-0.23305794596672058,0.9330176115036011,1920.0,1920.0
0.04674220085144043,-3.2565276622772217,-0.2330973744392395,0.9327378273010254,1924.0,1924.0
0.05894453451037407,-3.263801097869873,-0.23460234701633453,0.9324581027030945,1928.0,1928.0
0.03840605914592743,-3.282101631164551,-0.23666375875473022,0.932178258895874,1932.0,1932.0
0.036755140870809555,-3.272857666015625,-0.2363503873348236,0.9318985342979431,1936.0,1936.0
0.07562384009361267,-3.2775375843048096,-0.2374417632818222,0.931618869304657,1940.0,1940.0
0.03445572778582573,-3.27555513381958,-0.23735769093036652,0.9313393831253052,1944.0,1944.0
0.03742554038763046,-3.290755033493042,-0.23920029401779175,0.9310600757598877,1948.0,1948.0
0.03653508797287941,-3.278304100036621,-0.2389160394668579,0.9307809472084045,1952.0,1952.0
0.06186212599277496,-3.307398557662964,-0.241960346698761,0.9305018186569214,1956.0,1956.0
0.03539456054568291,-3.290726661682129,-0.24145391583442688,0.9302228689193726,1960.0,1960.0
0.046267591416835785,-3.3077728748321533,-0.24350330233573914,0.9299439787864685,1964.0,1964.0
0.035693999379873276,-3.3197245597839355,-0.24560290575027466,0.9296650290489197,1968.0,1968.0
0.024419140070676804,-3.3145859241485596,-0.24536913633346558,0.9293861389160156,1972.0,1972.0
0.03394753485918045,-3.320044994354248,-0.24702703952789307,0.9291072487831116,1976.0,1976.0
0.04406679421663284,-3.306913375854492,-0.24641253054141998,0.9288285970687866,1980.0,1980.0
0.051776960492134094,-3.3227038383483887,-0.24845156073570251,0.9285500049591064,1984.0,1984.0
0.04666648060083389,-3.320126533508301,-0.2491789609193802,0.9282715320587158,1988.0,1988.0
0.04992145299911499,-3.334829330444336,-0.25138184428215027,0.9279929995536804,1992.0,1992.0
0.03337419033050537,-3.3317956924438477,-0.2515180706977844,0.9277145862579346,1996.0,1996.0
0.03282300382852554,-3.3186631202697754,-0.2512315511703491,0.927436351776123,2000.0,2000.0
0.10461349785327911,-3.3280529975891113,-0.2528685927391052,0.9271582961082458,2004.0,2004.0
0.04506419226527214,-3.3469128608703613,-0.2553059160709381,0.9268801808357239,2008.0,2008.0
0.03385920822620392,-3.350135564804077,-0.2561175525188446,0.9266021251678467,2012.0,2012.0
0.08004441857337952,-3.320708990097046,-0.25400853157043457,0.9263243675231934,2016.0,2016.0
0.04177391156554222,-3.3514645099639893,-0.25773611664772034,0.9260466694831848,2020.0,2020.0
0.04870473966002464,-3.357919692993164,-0.25878727436065674,0.9257689714431763,2024.0,2024.0
0.0497187115252018,-3.355957269668579,-0.2592476010322571,0.925491452217102,2028.0,2028.0
0.03736690431833267,-3.36452054977417,-0.26065078377723694,0.9252139329910278,2032.0,2032.0
0.04537484794855118,-3.3734946250915527,-0.26210981607437134,0.9249364137649536,2036.0,2036.0
0.04940013587474823,-3.3779759407043457,-0.26350027322769165,0.9246588945388794,2040.0,2040.0
0.039857394993305206,-3.3828258514404297,-0.2643306255340576,0.9243813753128052,2044.0,2044.0
0.046467091888189316,-3.401076316833496,-0.2663811445236206,0.9241037964820862,2048.0,2048.0
0.057580672204494476,-3.3828835487365723,-0.2652859389781952,0.9238263368606567,2052.0,2052.0
0.041258133947849274,-3.3813118934631348,-0.26552146673202515,0.9235490560531616,2056.0,2056.0
0.04816550016403198,-3.406292676925659,-0.2682588994503021,0.923271894454956,2060.0,2060.0
0.04200923442840576,-3.413224220275879,-0.2697529196739197,0.9229946136474609,2064.0,2064.0
0.04585807025432587,-3.4124207496643066,-0.2705687880516052,0.9227174520492554,2068.0,2068.0
0.10394041240215302,-3.402372121810913,-0.2699567973613739,0.9224404096603394,2072.0,2072.0
0.04481513053178787,-3.4162871837615967,-0.27168530225753784,0.9221634864807129,2076.0,2076.0
0.06257311999797821,-3.4118528366088867,-0.2722243368625641,0.921886682510376,2080.0,2080.0
0.06725911051034927,-3.4260804653167725,-0.2741599678993225,0.9216099977493286,2084.0,2084.0
0.04357755929231644,-3.41915225982666,-0.2741023004055023,0.9213334321975708,2088.0,2088.0
0.0505218543112278,-3.422611713409424,-0.2751687467098236,0.9210569858551025,2092.0,2092.0
0.03746161609888077,-3.4219422340393066,-0.27611586451530457,0.9207807183265686,2096.0,2096.0
0.04322819784283638,-3.4399666786193848,-0.27880796790122986,0.9205043911933899,2100.0,2100.0
0.0483986958861351,-3.437382221221924,-0.2790236473083496,0.920228123664856,2104.0,2104.0
0.060679469257593155,-3.4238767623901367,-0.27868595719337463,0.9199520945549011,2108.0,2108.0
0.03785993531346321,-3.433791160583496,-0.2805942893028259,0.9196761250495911,2112.0,2112.0
0.07195861637592316,-3.4384865760803223,-0.2819616496562958,0.9194002151489258,2116.0,2116.0
0.041700638830661774,-3.4418201446533203,-0.28277021646499634,0.91912442445755,2120.0,2120.0
0.058757297694683075,-3.454367160797119,-0.2843901515007019,0.9188486337661743,2124.0,2124.0
0.04320168495178223,-3.4655919075012207,-0.2860044538974762,0.9185727834701538,2128.0,2128.0
0.03142162784934044,-3.456143856048584,-0.2854258418083191,0.9182971119880676,2132.0,2132.0
0.032814472913742065,-3.462461233139038,-0.2867578864097595,0.918021559715271,2136.0,2136.0
0.06428897380828857,-3.458724021911621,-0.28692153096199036,0.9177461266517639,2140.0,2140.0
0.07408600300550461,-3.475555658340454,-0.28916236758232117,0.9174708127975464,2144.0,2144.0
0.028055304661393166,-3.464447021484375,-0.28841114044189453,0.9171956777572632,2148.0,2148.0
0.0432501919567585,-3.4796059131622314,-0.29033327102661133,0.9169206619262695,2152.0,2152.0
0.0354461744427681,-3.4978199005126953,-0.29347366094589233,0.9166455268859863,2156.0,2156.0
0.04813382029533386,-3.4828264713287354,-0.292006254196167,0.9163706302642822,2160.0,2160.0
0.05213472247123718,-3.5016274452209473,-0.294829785823822,0.9160956740379333,2164.0,2164.0
0.04747101664543152,-3.4964280128479004,-0.294916033744812,0.915820837020874,2168.0,2168.0
0.045748353004455566,-3.505990505218506,-0.2968111038208008,0.9155459403991699,2172.0,2172.0
0.04842587560415268,-3.5026650428771973,-0.29661649465560913,0.9152712225914001,2176.0,2176.0
0.030967434868216515,-3.5196533203125,-0.299730122089386,0.9149963855743408,2180.0,2180.0
0.058082155883312225,-3.500357151031494,-0.298193097114563,0.9147217869758606,2184.0,2184.0
0.031094934791326523,-3.501352310180664,-0.2985675036907196,0.9144473671913147,2188.0,2188.0
0.05614753067493439,-3.520742893218994,-0.3010878264904022,0.9141730070114136,2192.0,2192.0
0.03125649318099022,-3.5203540325164795,-0.30227959156036377,0.9138987064361572,2196.0,2196.0
0.03517429530620575,-3.5215373039245605,-0.30286550521850586,0.9136245250701904,2200.0,2200.0
0.05075177922844887,-3.532230854034424,-0.3040314316749573,0.9133504033088684,2204.0,2204.0
0.029935037717223167,-3.5501391887664795,-0.306499719619751,0.9130762815475464,2208.0,2208.0
0.04100596532225609,-3.534682273864746,-0.30554357171058655,0.9128022193908691,2212.0,2212.0
0.035228654742240906,-3.539698839187622,-0.30699092149734497,0.9125283360481262,2216.0,2216.0
0.03506135940551758,-3.5443880558013916,-0.30802202224731445,0.9122544527053833,2220.0,2220.0
0.06191539019346237,-3.5601115226745605,-0.3102196753025055,0.9119806289672852,2224.0,2224.0
0.02718081884086132,-3.578360080718994,-0.3129752278327942,0.9117066264152527,2228.0,2228.0
0.06276509165763855,-3.5638985633850098,-0.3119661509990692,0.911432683467865,2232.0,2232.0
0.04704397916793823,-3.5660884380340576,-0.312637597322464,0.9111588001251221,2236.0,2236.0
0.038618750870227814,-3.566535472869873,-0.3125062882900238,0.9108851552009583,2240.0,2240.0
0.051570646464824677,-3.5806360244750977,-0.31510210037231445,0.9106115102767944,2244.0,2244.0
0.03290409594774246,-3.585151195526123,-0.31567060947418213,0.9103379249572754,2248.0,2248.0
0.0368042066693306,-3.576104164123535,-0.31587937474250793,0.9100644588470459,2252.0,2252.0
0.03052379935979843,-3.580440044403076,-0.31635811924934387,0.9097912311553955,2256.0,2256.0
0.07346212863922119,-3.5967302322387695,-0.31905901432037354,0.9095180034637451,2260.0,2260.0
0.029869630932807922,-3.596961736679077,-0.31941214203834534,0.9092448353767395,2264.0,2264.0
0.04419258236885071,-3.592796802520752,-0.3197266459465027,0.9089718461036682,2268.0,2268.0
0.029018938541412354,-3.587655782699585,-0.3204672336578369,0.9086990356445312,2272.0,2272.0
0.049411140382289886,-3.605766534805298,-0.32242023944854736,0.9084262847900391,2276.0,2276.0
0.03615005314350128,-3.5988874435424805,-0.32303348183631897,0.9081536531448364,2280.0,2280.0
0.03754398599267006,-3.6086575984954834,-0.3249834179878235,0.9078810214996338,2284.0,2284.0
0.03723987191915512,-3.6050338745117188,-0.32493314146995544,0.9076085686683655,2288.0,2288.0
0.0593135729432106,-3.6204147338867188,-0.3270290791988373,0.9073361158370972,2292.0,2292.0
0.03359106183052063,-3.6065683364868164,-0.32691508531570435,0.9070637822151184,2296.0,2296.0
0.032076746225357056,-3.6074461936950684,-0.327529639005661,0.906791627407074,2300.0,2300.0
0.03845237195491791,-3.6300110816955566,-0.33047378063201904,0.9065194725990295,2304.0,2304.0
0.0551978200674057,-3.6043472290039062,-0.32825472950935364,0.9062474966049194,2308.0,2308.0
0.034822236746549606,-3.640056610107422,-0.334062784910202,0.9059754610061646,2312.0,2312.0
0.05357827991247177,-3.6168198585510254,-0.33205926418304443,0.9057035446166992,2316.0,2316.0
0.039091408252716064,-3.617479085922241,-0.3325197696685791,0.9054317474365234,2320.0,2320.0
0.04532831162214279,-3.638826370239258,-0.3357738256454468,0.9051599502563477,2324.0,2324.0
0.023180073127150536,-3.638906955718994,-0.33616769313812256,0.9048881530761719,2328.0,2328.0
0.04165952652692795,-3.6524815559387207,-0.3377652168273926,0.9046164155006409,2332.0,2332.0
0.026151195168495178,-3.6722521781921387,-0.33999067544937134,0.9043445587158203,2336.0,2336.0
0.031867630779743195,-3.6477878093719482,-0.3381040394306183,0.9040728211402893,2340.0,2340.0
0.045746661722660065,-3.657130241394043,-0.33930495381355286,0.9038012027740479,2344.0,2344.0
0.0332116037607193,-3.6684913635253906,-0.3407038450241089,0.9035297632217407,2348.0,2348.0
0.023925501853227615,-3.6650233268737793,-0.34061118960380554,0.9032584428787231,2352.0,2352.0
0.03495505824685097,-3.680143356323242,-0.34285715222358704,0.9029871821403503,2356.0,2356.0
0.0404970720410347,-3.6765847206115723,-0.34281542897224426,0.9027161598205566,2360.0,2360.0
0.04776594415307045,-3.681488513946533,-0.3436855971813202,0.9024451971054077,2364.0,2364.0
0.03479594737291336,-3.6820015907287598,-0.34470099210739136,0.9021744728088379,2368.0,2368.0
0.025577835738658905,-3.6868984699249268,-0.3454669117927551,0.9019038081169128,2372.0,2372.0
0.037304919213056564,-3.7043099403381348,-0.3490931987762451,0.9016332030296326,2376.0,2376.0
0.049986839294433594,-3.6930885314941406,-0.34792855381965637,0.9013626575469971,2380.0,2380.0
0.04519244283437729,-3.6966381072998047,-0.3492510914802551,0.9010922312736511,2384.0,2384.0
0.033222801983356476,-3.7120680809020996,-0.3519945442676544,0.9008218050003052,2388.0,2388.0
0.032025422900915146,-3.6995351314544678,-0.35102683305740356,0.9005514979362488,2392.0,2392.0
0.05754152685403824,-3.713585615158081,-0.3540676236152649,0.9002811312675476,2396.0,2396.0
0.03380989655852318,-3.7199411392211914,-0.3552062511444092,0.9000107645988464,2400.0,2400.0
0.031458862125873566,-3.721953868865967,-0.35597848892211914,0.8997403979301453,2404.0,2404.0
0.028310876339673996,-3.7031800746917725,-0.35433346033096313,0.8994702696800232,2408.0,2408.0
0.06975032389163971,-3.726233959197998,-0.3576735258102417,0.8992001414299011,2412.0,2412.0
0.05659619718790054,-3.7224624156951904,-0.3572016954421997,0.8989301919937134,2416.0,2416.0
0.03977351635694504,-3.734834671020508,-0.3595617413520813,0.8986601829528809,2420.0,2420.0
0.06342536956071854,-3.7381067276000977,-0.35998407006263733,0.8983903527259827,2424.0,2424.0
0.034435056149959564,-3.744563102722168,-0.36061418056488037,0.8981205821037292,2428.0,2428.0
0.03159566596150398,-3.7523531913757324,-0.36196205019950867,0.8978509306907654,2432.0,2432.0
0.030106209218502045,-3.766173839569092,-0.36447829008102417,0.8975812196731567,2436.0,2436.0
0.029383886605501175,-3.7504329681396484,-0.36285996437072754,0.8973116874694824,2440.0,2440.0
0.03741111606359482,-3.760068893432617,-0.3645676076412201,0.8970422744750977,2444.0,2444.0
0.04502904787659645,-3.7660117149353027,-0.36561596393585205,0.8967729806900024,2448.0,2448.0
0.055373553186655045,-3.7561144828796387,-0.3651595413684845,0.8965038657188416,2452.0,2452.0
0.035128653049468994,-3.7650856971740723,-0.36625200510025024,0.8962349891662598,2456.0,2456.0
0.032433874905109406,-3.772505521774292,-0.36864209175109863,0.8959661722183228,2460.0,2460.0
0.07320816814899445,-3.7810440063476562,-0.37050098180770874,0.8956973552703857,2464.0,2464.0
0.04192621260881424,-3.7864108085632324,-0.37223148345947266,0.8954285383224487,2468.0,2468.0
0.04188697785139084,-3.7770800590515137,-0.37072932720184326,0.895159900188446,2472.0,2472.0
0.03532107174396515,-3.7813806533813477,-0.37161022424697876,0.8948913812637329,2476.0,2476.0
0.03365274518728256,-3.7914185523986816,-0.3744737505912781,0.8946229219436646,2480.0,2480.0
0.04089406132698059,-3.7962100505828857,-0.3754209578037262,0.894354522228241,2484.0,2484.0
0.033163800835609436,-3.787749767303467,-0.375247061252594,0.8940862417221069,2488.0,2488.0
0.053667496889829636,-3.7943601608276367,-0.376752644777298,0.8938180208206177,2492.0,2492.0
0.046362780034542084,-3.7941722869873047,-0.3775850534439087,0.8935498595237732,2496.0,2496.0
0.04473996162414551,-3.8102498054504395,-0.37971311807632446,0.8932817578315735,2500.0,2500.0
0.05146057531237602,-3.8199212551116943,-0.38205060362815857,0.893013596534729,2504.0,2504.0
0.031623996794223785,-3.8103067874908447,-0.380745530128479,0.8927454948425293,2508.0,2508.0
0.03289901465177536,-3.817776679992676,-0.3820309638977051,0.8924775123596191,2512.0,2512.0
0.04752350226044655,-3.8204479217529297,-0.3828027844429016,0.8922096490859985,2516.0,2516.0
0.08709950745105743,-3.831493377685547,-0.38436317443847656,0.8919418454170227,2520.0,2520.0
0.02902032807469368,-3.825364112854004,-0.38439449667930603,0.8916741609573364,2524.0,2524.0
0.04295094311237335,-3.835872173309326,-0.3858375549316406,0.8914065361022949,2528.0,2528.0
0.11693029850721359,-3.8506569862365723,-0.38729166984558105,0.891139030456543,2532.0,2532.0
0.024812418967485428,-3.8417177200317383,-0.3869486153125763,0.8908716440200806,2536.0,2536.0
0.03586697578430176,-3.8473167419433594,-0.38749200105667114,0.8906044960021973,2540.0,2540.0
0.0443505123257637,-3.846877336502075,-0.3884522318840027,0.8903374671936035,2544.0,2544.0
0.03557607904076576,-3.873770236968994,-0.3930828273296356,0.890070378780365,2548.0,2548.0
0.04152214527130127,-3.84915828704834,-0.39074885845184326,0.889803409576416,2552.0,2552.0
0.033354949206113815,-3.8508856296539307,-0.39149540662765503,0.8895366787910461,2556.0,2556.0
0.02602507546544075,-3.865443706512451,-0.39461374282836914,0.8892698884010315,2560.0,2560.0
0.039229318499565125,-3.864978790283203,-0.3952586352825165,0.8890032172203064,2564.0,2564.0
0.028713036328554153,-3.8595290184020996,-0.39493486285209656,0.8887366652488708,2568.0,2568.0
0.044843122363090515,-3.8569388389587402,-0.39525312185287476,0.8884702920913696,2572.0,2572.0
0.030613509938120842,-3.874413013458252,-0.3981666564941406,0.8882039785385132,2576.0,2576.0
0.039071012288331985,-3.8957042694091797,-0.40133848786354065,0.8879375457763672,2580.0,2580.0
0.06179068982601166,-3.878337860107422,-0.3990967869758606,0.8876712322235107,2584.0,2584.0
0.03057326376438141,-3.9075374603271484,-0.40345531702041626,0.8874049186706543,2588.0,2588.0
0.030192585662007332,-3.9113378524780273,-0.4042554497718811,0.8871384859085083,2592.0,2592.0
0.05449482798576355,-3.8997902870178223,-0.4026731848716736,0.8868721723556519,2596.0,2596.0
0.02918447181582451,-3.8977012634277344,-0.4031370282173157,0.8866060376167297,2600.0,2600.0
0.0525762215256691,-3.9053404331207275,-0.40526968240737915,0.8863399624824524,2604.0,2604.0
0.026464346796274185,-3.907172679901123,-0.40581005811691284,0.8860740065574646,2608.0,2608.0
0.031994059681892395,-3.9085233211517334,-0.4068365693092346,0.8858081698417664,2612.0,2612.0
0.04817701503634453,-3.9209132194519043,-0.4091397523880005,0.8855423331260681,2616.0,2616.0
0.02644951269030571,-3.9110946655273438,-0.4084102511405945,0.8852766156196594,2620.0,2620.0
0.031222648918628693,-3.917290687561035,-0.40907707810401917,0.8850110769271851,2624.0,2624.0
0.0401492640376091,-3.9142770767211914,-0.40924298763275146,0.884745717048645,2628.0,2628.0
0.02896704152226448,-3.926771879196167,-0.41221708059310913,0.8844804167747498,2632.0,2632.0
0.027029292657971382,-3.9407296180725098,-0.414686918258667,0.8842151165008545,2636.0,2636.0
0.036810509860515594,-3.933030128479004,-0.41359683871269226,0.883949875831604,2640.0,2640.0
0.02660371921956539,-3.9450950622558594,-0.4156080484390259,0.8836847543716431,2644.0,2644.0
0.050347719341516495,-3.9437360763549805,-0.41595667600631714,0.8834196925163269,2648.0,2648.0
0.03228776156902313,-3.960146903991699,-0.41797181963920593,0.8831546306610107,2652.0,2652.0
0.033792730420827866,-3.9515328407287598,-0.4179576337337494,0.8828896880149841,2656.0,2656.0
0.07158360630273819,-3.965050220489502,-0.42027440667152405,0.8826247453689575,2660.0,2660.0
0.034261684864759445,-3.9598891735076904,-0.41968509554862976,0.8823599815368652,2664.0,2664.0
0.04286869987845421,-3.9662609100341797,-0.4208572804927826,0.8820952773094177,2668.0,2668.0
0.06482675671577454,-3.9698309898376465,-0.4214465916156769,0.8818306922912598,2672.0,2672.0
0.029728449881076813,-3.9768295288085938,-0.422633558511734,0.8815662264823914,2676.0,2676.0
0.028144871816039085,-3.984253168106079,-0.423980176448822,0.8813018798828125,2680.0,2680.0
0.0697510614991188,-3.9992432594299316,-0.4264732003211975,0.8810374736785889,2684.0,2684.0
0.02974230796098709,-4.002667427062988,-0.4268926680088043,0.8807731866836548,2688.0,2688.0
0.04202434420585632,-3.9960691928863525,-0.42704325914382935,0.8805089592933655,2692.0,2692.0
0.046576179563999176,-4.00823450088501,-0.43003571033477783,0.8802446722984314,2696.0,2696.0
0.04889356717467308,-3.991569995880127,-0.42824193835258484,0.8799805641174316,2700.0,2700.0
0.03706269711256027,-3.9996132850646973,-0.42935317754745483,0.8797166347503662,2704.0,2704.0
0.027798494324088097,-3.9978694915771484,-0.430067777633667,0.8794528245925903,2708.0,2708.0
0.029601268470287323,-4.004134178161621,-0.43132156133651733,0.879189133644104,2712.0,2712.0
0.04416606202721596,-4.006474494934082,-0.43288105726242065,0.8789255023002625,2716.0,2716.0
0.023415181785821915,-4.024949550628662,-0.43621230125427246,0.8786618709564209,2720.0,2720.0
0.034882478415966034,-4.023502349853516,-0.4361075460910797,0.8783982992172241,2724.0,2724.0
0.02392794005572796,-4.016506195068359,-0.4358949661254883,0.8781347870826721,2728.0,2728.0
0.02848333865404129,-4.0288262367248535,-0.4386250078678131,0.8778713345527649,2732.0,2732.0
0.03837773948907852,-4.014254570007324,-0.4362165927886963,0.877608060836792,2736.0,2736.0
0.036232419312000275,-4.028528690338135,-0.43929365277290344,0.8773448467254639,2740.0,2740.0
0.042553506791591644,-4.040924549102783,-0.44068625569343567,0.8770816922187805,2744.0,2744.0
0.03454762324690819,-4.039302825927734,-0.4404905140399933,0.8768186569213867,2748.0,2748.0
0.03588502109050751,-4.063128471374512,-0.44405317306518555,0.8765556812286377,2752.0,2752.0
0.034867219626903534,-4.053969383239746,-0.4424607753753662,0.8762927651405334,2756.0,2756.0
0.02918490767478943,-4.051236152648926,-0.4425727128982544,0.8760300278663635,2760.0,2760.0
0.03169803321361542,-4.065549850463867,-0.4455171227455139,0.8757673501968384,2764.0,2764.0
0.02866656705737114,-4.08644437789917,-0.44952812790870667,0.8755046129226685,2768.0,2768.0
0.05050398409366608,-4.063955307006836,-0.44671642780303955,0.8752419352531433,2772.0,2772.0
0.03686704486608505,-4.065247535705566,-0.4476841390132904,0.8749794363975525,2776.0,2776.0
0.03684309497475624,-4.090747833251953,-0.4522610306739807,0.8747168183326721,2780.0,2780.0
0.03704768046736717,-4.068594932556152,-0.4490368962287903,0.8744544386863708,2784.0,2784.0
0.024236559867858887,-4.072474002838135,-0.4509512484073639,0.8741921186447144,2788.0,2788.0
0.04178403317928314,-4.071242332458496,-0.4505681097507477,0.8739299774169922,2792.0,2792.0
0.030157458037137985,-4.089684009552002,-0.4547095000743866,0.87366783618927,2796.0,2796.0
0.07075304538011551,-4.077303886413574,-0.453321635723114,0.8734058737754822,2800.0,2800.0
0.035155680030584335,-4.084700584411621,-0.4554678499698639,0.8731439709663391,2804.0,2804.0
0.04203645884990692,-4.09356689453125,-0.4567727744579315,0.8728821277618408,2808.0,2808.0
0.023211363703012466,-4.090488910675049,-0.45650285482406616,0.8726204037666321,2812.0,2812.0
0.022576451301574707,-4.090707778930664,-0.45694780349731445,0.8723588585853577,2816.0,2816.0
0.0317750945687294,-4.101889133453369,-0.4592069685459137,0.872097373008728,2820.0,2820.0
0.02779383957386017,-4.114634037017822,-0.46198123693466187,0.8718358278274536,2824.0,2824.0
0.02739853411912918,-4.1235880851745605,-0.46315547823905945,0.871574342250824,2828.0,2828.0
0.06609435379505157,-4.12980842590332,-0.4640152156352997,0.8713128566741943,2832.0,2832.0
0.05241073668003082,-4.124253749847412,-0.4633350968360901,0.8710514307022095,2836.0,2836.0
0.0330449640750885,-4.122081756591797,-0.46242013573646545,0.8707901835441589,2840.0,2840.0
0.02960032969713211,-4.141634464263916,-0.46563655138015747,0.870529055595398,2844.0,2844.0
0.021806582808494568,-4.141594409942627,-0.46573132276535034,0.8702679872512817,2848.0,2848.0
0.021922796964645386,-4.128098487854004,-0.46503618359565735,0.8700072169303894,2852.0,2852.0
0.02312139794230461,-4.132124900817871,-0.4657701551914215,0.8697465658187866,2856.0,2856.0
0.03520631045103073,-4.1454596519470215,-0.4689840078353882,0.8694860935211182,2860.0,2860.0
0.02967829257249832,-4.172724723815918,-0.4737670123577118,0.8692253828048706,2864.0,2864.0
0.0383281372487545,-4.14691162109375,-0.4715012311935425,0.8689647912979126,2868.0,2868.0
0.027566418051719666,-4.152719020843506,-0.47287803888320923,0.8687042593955994,2872.0,2872.0
0.08786548674106598,-4.15899133682251,-0.4744899868965149,0.8684437870979309,2876.0,2876.0
0.030411379411816597,-4.16066837310791,-0.4747145473957062,0.8681833148002625,2880.0,2880.0
0.04149466007947922,-4.167514324188232,-0.47582173347473145,0.8679229617118835,2884.0,2884.0
0.030206702649593353,-4.17819881439209,-0.47699761390686035,0.8676626086235046,2888.0,2888.0
0.03290577232837677,-4.181570053100586,-0.47830307483673096,0.8674023151397705,2892.0,2892.0
0.022858014330267906,-4.194222450256348,-0.4806901216506958,0.8671420812606812,2896.0,2896.0
0.020834945142269135,-4.186551094055176,-0.4796052873134613,0.8668818473815918,2900.0,2900.0
0.032210782170295715,-4.193535804748535,-0.4814344644546509,0.866621732711792,2904.0,2904.0
0.04141048341989517,-4.196134567260742,-0.4820154905319214,0.8663616180419922,2908.0,2908.0
0.02680094912648201,-4.198300838470459,-0.4828186631202698,0.8661016225814819,2912.0,2912.0
0.027172014117240906,-4.215965270996094,-0.48565059900283813,0.8658416271209717,2916.0,2916.0
0.034989044070243835,-4.2028679847717285,-0.48433980345726013,0.865581750869751,2920.0,2920.0
0.09843020886182785,-4.220872402191162,-0.4865742623806,0.865321934223175,2924.0,2924.0
0.034208379685878754,-4.227271556854248,-0.48937520384788513,0.8650621175765991,2928.0,2928.0
0.024019984528422356,-4.209850311279297,-0.4866293668746948,0.8648024201393127,2932.0,2932.0
0.03173600137233734,-4.227794170379639,-0.4894346594810486,0.8645427823066711,2936.0,2936.0
0.05793797969818115,-4.225296497344971,-0.4903559684753418,0.8642832040786743,2940.0,2940.0
0.02648017182946205,-4.228187561035156,-0.4912097752094269,0.864023745059967,2944.0,2944.0
0.04190268740057945,-4.22363805770874,-0.4904484450817108,0.8637644648551941,2948.0,2948.0
0.021453622728586197,-4.225188732147217,-0.49146130681037903,0.8635053634643555,2952.0,2952.0
0.031375057995319366,-4.239187717437744,-0.4938719868659973,0.8632463216781616,2956.0,2956.0
0.019232550635933876,-4.244140625,-0.494667649269104,0.8629873394966125,2960.0,2960.0
0.04641095548868179,-4.240589141845703,-0.4955538809299469,0.862728476524353,2964.0,2964.0
0.052272066473960876,-4.250967502593994,-0.49701714515686035,0.8624696731567383,2968.0,2968.0
0.025548040866851807,-4.267772197723389,-0.5008347034454346,0.8622108101844788,2972.0,2972.0
0.026464693248271942,-4.251840591430664,-0.4981638789176941,0.8619521260261536,2976.0,2976.0
0.0267423614859581,-4.253927230834961,-0.4997140169143677,0.8616935014724731,2980.0,2980.0
0.0269174762070179,-4.24962854385376,-0.49937915802001953,0.861435055732727,2984.0,2984.0
0.039292335510253906,-4.266397476196289,-0.5035431385040283,0.8611765503883362,2988.0,2988.0
0.03208871930837631,-4.2454071044921875,-0.5012540221214294,0.8609182834625244,2992.0,2992.0
0.02963303029537201,-4.265475749969482,-0.5045526027679443,0.8606600165367126,2996.0,2996.0
0.022481460124254227,-4.269556522369385,-0.5057409405708313,0.8604018092155457,3000.0,3000.0
0.04348403960466385,-4.258484363555908,-0.5034677982330322,0.8601438403129578,3004.0,3004.0
0.027837835252285004,-4.2842254638671875,-0.5074154138565063,0.8598858714103699,3008.0,3008.0
0.04325243830680847,-4.274301528930664,-0.5056491494178772,0.8596281409263611,3012.0,3012.0
0.04028754681348801,-4.2974748611450195,-0.5087119340896606,0.8593704700469971,3016.0,3016.0
0.02966385707259178,-4.3274827003479,-0.5135106444358826,0.8591126203536987,3020.0,3020.0
0.029932618141174316,-4.309847831726074,-0.510130763053894,0.8588549494743347,3024.0,3024.0
0.044372912496328354,-4.322210311889648,-0.5119757056236267,0.8585973978042603,3028.0,3028.0
0.027453411370515823,-4.318069934844971,-0.5115338563919067,0.8583399057388306,3032.0,3032.0
0.03035099431872368,-4.321793556213379,-0.5132821202278137,0.8580825924873352,3036.0,3036.0
0.044673074036836624,-4.326367378234863,-0.514679491519928,0.8578253388404846,3040.0,3040.0
0.023046568036079407,-4.330254554748535,-0.5164909958839417,0.8575681447982788,3044.0,3044.0
0.02911386266350746,-4.3169379234313965,-0.5151143074035645,0.8573110699653625,3048.0,3048.0
0.0318865105509758,-4.329941272735596,-0.518812894821167,0.8570540547370911,3052.0,3052.0
0.0370209701359272,-4.32837438583374,-0.5198274254798889,0.8567970991134644,3056.0,3056.0
0.034813567996025085,-4.327540397644043,-0.5206272602081299,0.8565401434898376,3060.0,3060.0
0.055014774203300476,-4.33668851852417,-0.5222958922386169,0.8562831878662109,3064.0,3064.0
0.0362081304192543,-4.335945129394531,-0.5222688913345337,0.8560263514518738,3068.0,3068.0
0.03294117748737335,-4.352168560028076,-0.524240255355835,0.8557695150375366,3072.0,3072.0
0.02490660734474659,-4.326892852783203,-0.5193343758583069,0.8555129766464233,3076.0,3076.0
0.04886513948440552,-4.376830101013184,-0.528406023979187,0.8552563190460205,3080.0,3080.0
0.022933481261134148,-4.367473602294922,-0.5256376266479492,0.854999840259552,3084.0,3084.0
0.03549744933843613,-4.370802879333496,-0.5275077223777771,0.8547433614730835,3088.0,3088.0
0.029480470344424248,-4.372069358825684,-0.5282026529312134,0.8544870018959045,3092.0,3092.0
0.016010798513889313,-4.373584270477295,-0.5293049812316895,0.8542307019233704,3096.0,3096.0
0.022686351090669632,-4.373516082763672,-0.529666543006897,0.853974461555481,3100.0,3100.0
0.08842580020427704,-4.389225482940674,-0.5333964824676514,0.8537182807922363,3104.0,3104.0
0.041266292333602905,-4.381511688232422,-0.5326161980628967,0.8534621000289917,3108.0,3108.0
0.03262370079755783,-4.38437557220459,-0.5333422422409058,0.8532059788703918,3112.0,3112.0
0.044521987438201904,-4.389570236206055,-0.533674418926239,0.8529500365257263,3116.0,3116.0
0.026199638843536377,-4.409379959106445,-0.5375041961669922,0.852694034576416,3120.0,3120.0
0.05676555261015892,-4.407166004180908,-0.53696608543396,0.8524380922317505,3124.0,3124.0
0.030362127348780632,-4.405251979827881,-0.5363955497741699,0.8521822690963745,3128.0,3128.0
0.02208581566810608,-4.411304473876953,-0.5375950336456299,0.8519266247749329,3132.0,3132.0
0.021991044282913208,-4.418832778930664,-0.5414631366729736,0.8516709208488464,3136.0,3136.0
0.025579102337360382,-4.4179606437683105,-0.5419949889183044,0.8514152765274048,3140.0,3140.0
0.02275589480996132,-4.398223876953125,-0.5392698049545288,0.8511597514152527,3144.0,3144.0
0.051632270216941833,-4.417180061340332,-0.5438308715820312,0.8509042859077454,3148.0,3148.0
0.0362388901412487,-4.412502765655518,-0.5438413023948669,0.8506488800048828,3152.0,3152.0
0.026136990636587143,-4.41851806640625,-0.5447356700897217,0.850393533706665,3156.0,3156.0
0.029266485944390297,-4.418417930603027,-0.5440182685852051,0.8501384258270264,3160.0,3160.0
0.025620538741350174,-4.443080902099609,-0.549032986164093,0.8498831987380981,3164.0,3164.0
0.02436109445989132,-4.44014835357666,-0.5485995411872864,0.8496280312538147,3168.0,3168.0
0.03002139925956726,-4.433059215545654,-0.5474349856376648,0.8493730425834656,3172.0,3172.0
0.04682307690382004,-4.439127445220947,-0.5489219427108765,0.8491181135177612,3176.0,3176.0
0.030268020927906036,-4.447962760925293,-0.5500881671905518,0.8488633632659912,3180.0,3180.0
0.034993771463632584,-4.444280624389648,-0.5491796731948853,0.8486087322235107,3184.0,3184.0
0.048275433480739594,-4.464260101318359,-0.552078366279602,0.8483542203903198,3188.0,3188.0
0.03306350111961365,-4.482239246368408,-0.5563392043113708,0.8480996489524841,3192.0,3192.0
0.028254415839910507,-4.469433784484863,-0.5527248382568359,0.847845196723938,3196.0,3196.0
0.04766160249710083,-4.469597816467285,-0.5539676547050476,0.847590982913971,3200.0,3200.0
0.034490521997213364,-4.4838547706604,-0.5564303994178772,0.8473367691040039,3204.0,3204.0
0.03712296485900879,-4.485200881958008,-0.5579016208648682,0.8470826745033264,3208.0,3208.0
0.026328908279538155,-4.4830546379089355,-0.5581363439559937,0.8468286395072937,3212.0,3212.0
0.027037061750888824,-4.481218338012695,-0.5584636330604553,0.8465746641159058,3216.0,3216.0
0.06130596995353699,-4.498969554901123,-0.5614687204360962,0.8463208079338074,3220.0,3220.0
0.01884203776717186,-4.493441104888916,-0.5613890290260315,0.846066951751709,3224.0,3224.0
0.0878172367811203,-4.489047050476074,-0.5605278611183167,0.8458133339881897,3228.0,3228.0
0.02407923899590969,-4.497424602508545,-0.5624704360961914,0.8455597758293152,3232.0,3232.0
0.042683787643909454,-4.510644435882568,-0.5653223395347595,0.8453062772750854,3236.0,3236.0
0.03552024066448212,-4.500392913818359,-0.5640934705734253,0.8450528383255005,3240.0,3240.0
0.03173866868019104,-4.516759395599365,-0.5669251084327698,0.8447995185852051,3244.0,3244.0
0.04293716698884964,-4.518537998199463,-0.5673974752426147,0.8445461988449097,3248.0,3248.0
0.03762977570295334,-4.508240222930908,-0.565640926361084,0.8442931175231934,3252.0,3252.0
0.02046799287199974,-4.5292205810546875,-0.5712535381317139,0.844040036201477,3256.0,3256.0
0.029065167531371117,-4.522308349609375,-0.5710347294807434,0.8437869548797607,3260.0,3260.0
0.036309849470853806,-4.528550148010254,-0.5727176666259766,0.8435339331626892,3264.0,3264.0
0.02319449931383133,-4.531667232513428,-0.5743713974952698,0.8432809114456177,3268.0,3268.0
0.02288440614938736,-4.512749671936035,-0.5712481737136841,0.8430280089378357,3272.0,3272.0
0.022172868251800537,-4.53877067565918,-0.5770277976989746,0.8427751064300537,3276.0,3276.0
0.022022459656000137,-4.5393195152282715,-0.5778493881225586,0.8425222039222717,3280.0,3280.0
0.030274176970124245,-4.535521507263184,-0.5769222974777222,0.8422693610191345,3284.0,3284.0
0.036638401448726654,-4.532054901123047,-0.5761500000953674,0.8420166969299316,3288.0,3288.0
0.023928869515657425,-4.558877944946289,-0.5800095796585083,0.8417640328407288,3292.0,3292.0
0.030908267945051193,-4.547325134277344,-0.5776659250259399,0.8415115475654602,3296.0,3296.0
0.021882835775613785,-4.569620132446289,-0.581924319267273,0.8412590622901917,3300.0,3300.0
0.02815728634595871,-4.575957775115967,-0.5826937556266785,0.8410066366195679,3304.0,3304.0
0.03781422972679138,-4.568340301513672,-0.5820761919021606,0.8407542705535889,3308.0,3308.0
0.031047381460666656,-4.573373794555664,-0.5832170844078064,0.8405020833015442,3312.0,3312.0
0.027082502841949463,-4.567866325378418,-0.582213282585144,0.8402500748634338,3316.0,3316.0
0.03446653485298157,-4.5868239402771,-0.5869966149330139,0.8399980068206787,3320.0,3320.0
0.0451180636882782,-4.598574161529541,-0.5898864269256592,0.8397459983825684,3324.0,3324.0
0.0428386926651001,-4.607949733734131,-0.5909011960029602,0.8394938707351685,3328.0,3328.0
0.035038210451602936,-4.604742527008057,-0.5905036330223083,0.8392417430877686,3332.0,3332.0
0.03130483627319336,-4.589420795440674,-0.5871956944465637,0.8389899134635925,3336.0,3336.0
0.07371539622545242,-4.604141712188721,-0.5895035862922668,0.838738203048706,3340.0,3340.0
0.023867107927799225,-4.605582237243652,-0.5892390608787537,0.8384866118431091,3344.0,3344.0
0.06754887104034424,-4.628583908081055,-0.5937929153442383,0.8382351398468018,3348.0,3348.0
0.02928030863404274,-4.627209663391113,-0.5939165353775024,0.8379836678504944,3352.0,3352.0
0.07026021182537079,-4.637731075286865,-0.5967076420783997,0.8377322554588318,3356.0,3356.0
0.039975181221961975,-4.63137149810791,-0.5951684713363647,0.837480902671814,3360.0,3360.0
0.03071117401123047,-4.635802745819092,-0.5978760719299316,0.8372296094894409,3364.0,3364.0
0.032173171639442444,-4.631167411804199,-0.5990370512008667,0.8369783759117126,3368.0,3368.0
0.03441428393125534,-4.613602638244629,-0.5975089073181152,0.8367272615432739,3372.0,3372.0
0.03233623877167702,-4.6159491539001465,-0.5994575619697571,0.8364762663841248,3376.0,3376.0
0.1083226352930069,-4.622673988342285,-0.6002660989761353,0.8362253904342651,3380.0,3380.0
0.04654330760240555,-4.6325836181640625,-0.6014735102653503,0.8359745740890503,3384.0,3384.0
0.03360816836357117,-4.6297607421875,-0.5996307134628296,0.8357239961624146,3388.0,3388.0
0.02960580587387085,-4.659553050994873,-0.6038360595703125,0.8354734182357788,3392.0,3392.0
0.026937898248434067,-4.65905237197876,-0.6046125888824463,0.8352229595184326,3396.0,3396.0
0.035939447581768036,-4.670637607574463,-0.6069904565811157,0.8349725008010864,3400.0,3400.0
0.023610461503267288,-4.690995216369629,-0.6119986772537231,0.8347219228744507,3404.0,3404.0
0.031727783381938934,-4.671162128448486,-0.6101518869400024,0.8344713449478149,3408.0,3408.0
0.039065610617399216,-4.661720275878906,-0.6086196303367615,0.8342208862304688,3412.0,3412.0
0.03671354800462723,-4.658709526062012,-0.6084467172622681,0.8339705467224121,3416.0,3416.0
0.02760268747806549,-4.6656904220581055,-0.6100125312805176,0.8337203860282898,3420.0,3420.0
0.024037957191467285,-4.665265083312988,-0.6111218929290771,0.8334702849388123,3424.0,3424.0
0.01967550441622734,-4.698276042938232,-0.6189413070678711,0.8332200646400452,3428.0,3428.0
0.03788698464632034,-4.672252178192139,-0.6138391494750977,0.8329699039459229,3432.0,3432.0
0.02161492593586445,-4.703119277954102,-0.6192852258682251,0.8327196836471558,3436.0,3436.0
0.01942971535027027,-4.679127216339111,-0.6145132780075073,0.8324697017669678,3440.0,3440.0
0.022671576589345932,-4.6957688331604,-0.6169703006744385,0.8322197198867798,3444.0,3444.0
0.03648650646209717,-4.705618858337402,-0.6183737516403198,0.8319699168205261,3448.0,3448.0
0.03992542624473572,-4.716805934906006,-0.6208357810974121,0.8317201137542725,3452.0,3452.0
0.02058311551809311,-4.730025768280029,-0.62303626537323,0.831470251083374,3456.0,3456.0
0.04031521826982498,-4.7246479988098145,-0.6229362487792969,0.8312205076217651,3460.0,3460.0
0.030940119177103043,-4.715205192565918,-0.621806800365448,0.830970823764801,3464.0,3464.0
0.02165100909769535,-4.727333068847656,-0.6250886917114258,0.8307211995124817,3468.0,3468.0
0.025491198524832726,-4.716874122619629,-0.6230355501174927,0.8304717540740967,3472.0,3472.0
0.021232260391116142,-4.718530178070068,-0.6247503757476807,0.8302223682403564,3476.0,3476.0
0.02492758072912693,-4.725951194763184,-0.6265650987625122,0.8299731016159058,3480.0,3480.0
0.051673244684934616,-4.714317798614502,-0.6251857876777649,0.8297240138053894,3484.0,3484.0
0.02740439586341381,-4.749055862426758,-0.6339600086212158,0.8294748067855835,3488.0,3488.0
0.049902595579624176,-4.726269721984863,-0.6273036003112793,0.8292257785797119,3492.0,3492.0
0.021857265383005142,-4.74920654296875,-0.6319455504417419,0.8289767503738403,3496.0,3496.0
0.03453513979911804,-4.7693071365356445,-0.6369490623474121,0.828727662563324,3500.0,3500.0
0.03974125534296036,-4.755437850952148,-0.6318668127059937,0.8284786939620972,3504.0,3504.0
0.08144749701023102,-4.755163669586182,-0.632122814655304,0.8282298445701599,3508.0,3508.0
0.042942989617586136,-4.7561211585998535,-0.6324983835220337,0.8279812335968018,3512.0,3512.0
0.0266253724694252,-4.752140045166016,-0.6328656673431396,0.8277327418327332,3516.0,3516.0
0.044639330357313156,-4.7711710929870605,-0.6374399065971375,0.8274843692779541,3520.0,3520.0
0.04530969262123108,-4.775140762329102,-0.6388898491859436,0.8272359371185303,3524.0,3524.0
0.038118042051792145,-4.778680801391602,-0.639362633228302,0.826987624168396,3528.0,3528.0
0.037489987909793854,-4.796657562255859,-0.6420539617538452,0.8267393112182617,3532.0,3532.0
0.08987241983413696,-4.793217658996582,-0.6412242650985718,0.8264909982681274,3536.0,3536.0
0.041108809411525726,-4.800057411193848,-0.6420934796333313,0.8262428045272827,3540.0,3540.0
0.032226093113422394,-4.793824672698975,-0.6406005024909973,0.8259947896003723,3544.0,3544.0
0.026864107698202133,-4.795078754425049,-0.6407058238983154,0.8257469534873962,3548.0,3548.0
0.032229453325271606,-4.800888538360596,-0.6438823938369751,0.8254992365837097,3552.0,3552.0
0.044237732887268066,-4.801114082336426,-0.6454693675041199,0.825251579284668,3556.0,3556.0
0.03605150431394577,-4.790994644165039,-0.6440936326980591,0.8250041007995605,3560.0,3560.0
0.034684669226408005,-4.796089172363281,-0.6460602879524231,0.8247567415237427,3564.0,3564.0
0.03356611356139183,-4.791199684143066,-0.646674394607544,0.8245095014572144,3568.0,3568.0
0.024034982547163963,-4.789284706115723,-0.6471120119094849,0.8242623805999756,3572.0,3572.0
0.027060076594352722,-4.803139686584473,-0.6490719318389893,0.8240154385566711,3576.0,3576.0
0.026141099631786346,-4.809539318084717,-0.6511682271957397,0.8237684965133667,3580.0,3580.0
0.03148026764392853,-4.8258585929870605,-0.6533812284469604,0.8235215544700623,3584.0,3584.0
0.030960900709033012,-4.827557563781738,-0.6531326174736023,0.8232747316360474,3588.0,3588.0
0.029017992317676544,-4.845893859863281,-0.6565659642219543,0.8230278491973877,3592.0,3592.0
0.025553524494171143,-4.842197418212891,-0.6557011604309082,0.8227810859680176,3596.0,3596.0
0.07095076143741608,-4.854219913482666,-0.6562964916229248,0.8225343227386475,3600.0,3600.0
0.04245542362332344,-4.858616352081299,-0.6582256555557251,0.8222876787185669,3604.0,3604.0
0.024492822587490082,-4.869566917419434,-0.6601008772850037,0.8220409750938416,3608.0,3608.0
0.030425574630498886,-4.855207920074463,-0.658176839351654,0.8217943906784058,3612.0,3612.0
0.024844110012054443,-4.865292549133301,-0.6603149175643921,0.8215479850769043,3616.0,3616.0
0.0621962696313858,-4.87386417388916,-0.6627519130706787,0.8213015198707581,3620.0,3620.0
0.02751344069838524,-4.861397743225098,-0.6596251130104065,0.8210552334785461,3624.0,3624.0
0.023340964689850807,-4.866637229919434,-0.6627882719039917,0.8208090662956238,3628.0,3628.0
0.06852145493030548,-4.894702434539795,-0.668762743473053,0.8205628395080566,3632.0,3632.0
0.05373765528202057,-4.887083053588867,-0.6657145619392395,0.8203166723251343,3636.0,3636.0
0.016315080225467682,-4.8748297691345215,-0.6626505851745605,0.8200706839561462,3640.0,3640.0
0.03426257520914078,-4.897391319274902,-0.6685380935668945,0.819824755191803,3644.0,3644.0
0.028717108070850372,-4.877325057983398,-0.6649236083030701,0.819579005241394,3648.0,3648.0
0.0430573970079422,-4.884715557098389,-0.6663680672645569,0.8193334341049194,3652.0,3652.0
0.08786182105541229,-4.890155792236328,-0.6702150106430054,0.8190879821777344,3656.0,3656.0
0.018290121108293533,-4.873989582061768,-0.6661205291748047,0.8188427090644836,3660.0,3660.0
0.0409032441675663,-4.895271301269531,-0.6727762222290039,0.8185974955558777,3664.0,3664.0
0.0332939438521862,-4.883716106414795,-0.6715860366821289,0.8183523416519165,3668.0,3668.0
0.025012612342834473,-4.906479358673096,-0.6763629913330078,0.8181071877479553,3672.0,3672.0
0.04138384759426117,-4.905730247497559,-0.6756731867790222,0.8178620934486389,3676.0,3676.0
0.0425591766834259,-4.900099754333496,-0.6745060086250305,0.8176171183586121,3680.0,3680.0
0.07398971915245056,-4.927050590515137,-0.6784281134605408,0.8173721432685852,3684.0,3684.0
0.04950094223022461,-4.928021430969238,-0.6761664152145386,0.8171272873878479,3688.0,3688.0
0.03115817718207836,-4.9439239501953125,-0.6794634461402893,0.8168824911117554,3692.0,3692.0
0.040209054946899414,-4.960084915161133,-0.6825618743896484,0.8166376948356628,3696.0,3696.0
0.03179016709327698,-4.965695381164551,-0.6848777532577515,0.8163928389549255,3700.0,3700.0
0.026772044599056244,-4.949870586395264,-0.6810047626495361,0.816148042678833,3704.0,3704.0
0.0341796949505806,-4.954311370849609,-0.6842231750488281,0.81590336561203,3708.0,3708.0
0.04636102914810181,-4.965500831604004,-0.6879316568374634,0.8156585693359375,3712.0,3712.0
0.041668638586997986,-4.943539142608643,-0.6818732619285583,0.8154140710830688,3716.0,3716.0
0.01934174820780754,-4.960999488830566,-0.6884945631027222,0.8151695132255554,3720.0,3720.0
0.021411605179309845,-4.9875264167785645,-0.6955379247665405,0.8149247765541077,3724.0,3724.0
0.038733839988708496,-4.981439590454102,-0.6958414912223816,0.8146798610687256,3728.0,3728.0
0.034074343740940094,-4.9635114669799805,-0.6916553974151611,0.8144350051879883,3732.0,3732.0
0.05617497116327286,-4.954384803771973,-0.6886835694313049,0.8141903877258301,3736.0,3736.0
0.01956840790808201,-4.978586196899414,-0.6930049657821655,0.8139457702636719,3740.0,3740.0
0.016100777313113213,-4.989615440368652,-0.6949442625045776,0.8137012720108032,3744.0,3744.0
0.030982231721282005,-4.981356620788574,-0.6916403770446777,0.8134568929672241,3748.0,3748.0
0.051547106355428696,-4.99012565612793,-0.6926532983779907,0.8132127523422241,3752.0,3752.0
0.0324530303478241,-4.997230529785156,-0.6923206448554993,0.8129687905311584,3756.0,3756.0
0.03486020117998123,-5.024977207183838,-0.6987308263778687,0.8127248287200928,3760.0,3760.0
0.06110907346010208,-5.024561882019043,-0.6990132331848145,0.8124809265136719,3764.0,3764.0
0.020152706652879715,-5.01914119720459,-0.70075523853302,0.812237024307251,3768.0,3768.0
0.04523451626300812,-5.011595249176025,-0.6992336511611938,0.8119932413101196,3772.0,3772.0
0.03820488601922989,-5.016951560974121,-0.7018417119979858,0.8117495775222778,3776.0,3776.0
0.01964884251356125,-5.02778434753418,-0.7058770656585693,0.8115057945251465,3780.0,3780.0
0.02067401446402073,-5.011260032653809,-0.7024222612380981,0.8112621903419495,3784.0,3784.0
0.02598947286605835,-5.010310649871826,-0.7024520635604858,0.811018705368042,3788.0,3788.0
0.04478692263364792,-5.016495704650879,-0.7042616605758667,0.8107752799987793,3792.0,3792.0
0.04921489953994751,-5.028880596160889,-0.7050267457962036,0.8105320334434509,3796.0,3796.0
0.028227416798472404,-5.028022766113281,-0.7052337527275085,0.8102889060974121,3800.0,3800.0
0.030164357274770737,-5.043083667755127,-0.7097290754318237,0.8100457787513733,3804.0,3804.0
0.06247740983963013,-5.049907684326172,-0.7110108137130737,0.8098027110099792,3808.0,3808.0
0.032543376088142395,-5.038049697875977,-0.7090551853179932,0.80955970287323,3812.0,3812.0
0.02577529288828373,-5.041259765625,-0.708458662033081,0.809316873550415,3816.0,3816.0
0.02524883858859539,-5.055786609649658,-0.7137213945388794,0.8090741038322449,3820.0,3820.0
0.032579995691776276,-5.05131196975708,-0.7120056748390198,0.8088313937187195,3824.0,3824.0
0.02622366137802601,-5.0626325607299805,-0.7152469754219055,0.8085887432098389,3828.0,3828.0
0.02815667912364006,-5.072887420654297,-0.719474732875824,0.8083460330963135,3832.0,3832.0
0.03643222153186798,-5.058447360992432,-0.7148100137710571,0.8081034421920776,3836.0,3836.0
0.058949440717697144,-5.054325103759766,-0.7148926258087158,0.8078609704971313,3840.0,3840.0
0.029901722446084023,-5.074692726135254,-0.7196658253669739,0.8076186180114746,3844.0,3844.0
0.040928252041339874,-5.070117473602295,-0.717788577079773,0.8073763251304626,3848.0,3848.0
0.03036043420433998,-5.075460910797119,-0.7196238040924072,0.8071341514587402,3852.0,3852.0
0.024772997945547104,-5.077046871185303,-0.7201135754585266,0.8068920373916626,3856.0,3856.0
0.026549797505140305,-5.098031997680664,-0.7257781028747559,0.806649923324585,3860.0,3860.0
0.040721625089645386,-5.096083641052246,-0.7256695032119751,0.8064078092575073,3864.0,3864.0
0.02132919244468212,-5.081742286682129,-0.7227645516395569,0.8061658143997192,3868.0,3868.0
0.02996162883937359,-5.096386909484863,-0.7265046834945679,0.8059238195419312,3872.0,3872.0
0.02539611980319023,-5.086617946624756,-0.7247598171234131,0.8056820034980774,3876.0,3876.0
0.032422296702861786,-5.1017632484436035,-0.7275258302688599,0.8054402470588684,3880.0,3880.0
0.04052364081144333,-5.1079559326171875,-0.7285481691360474,0.8051985502243042,3884.0,3884.0
0.033595010638237,-5.111488342285156,-0.7278197407722473,0.8049570322036743,3888.0,3888.0
0.06309640407562256,-5.12890625,-0.7315999865531921,0.8047155141830444,3892.0,3892.0
0.02953832410275936,-5.119814872741699,-0.7288799285888672,0.8044741153717041,3896.0,3896.0
0.022941671311855316,-5.130413055419922,-0.7313739657402039,0.8042328357696533,3900.0,3900.0
0.023705776780843735,-5.127872943878174,-0.7318413853645325,0.8039916753768921,3904.0,3904.0
0.028951769694685936,-5.141895294189453,-0.7350060939788818,0.8037505745887756,3908.0,3908.0
0.025394035503268242,-5.125997066497803,-0.7318521738052368,0.8035096526145935,3912.0,3912.0
0.10078410804271698,-5.130609035491943,-0.7350591421127319,0.8032687902450562,3916.0,3916.0
0.025968562811613083,-5.143740653991699,-0.7386592030525208,0.8030279874801636,3920.0,3920.0
0.04412471875548363,-5.1389479637146,-0.736309826374054,0.8027872443199158,3924.0,3924.0
0.027601735666394234,-5.139167308807373,-0.7388825416564941,0.8025466203689575,3928.0,3928.0
0.07959921658039093,-5.158753395080566,-0.743105411529541,0.8023059368133545,3932.0,3932.0
0.09461593627929688,-5.147754669189453,-0.7380591630935669,0.8020654320716858,3936.0,3936.0
0.043370138853788376,-5.183507442474365,-0.7467052340507507,0.8018248677253723,3940.0,3940.0
0.024247892200946808,-5.17781925201416,-0.7440983653068542,0.8015843033790588,3944.0,3944.0
0.028884951025247574,-5.194674015045166,-0.7474708557128906,0.8013437390327454,3948.0,3948.0
0.028412967920303345,-5.189628601074219,-0.7454684972763062,0.8011032938957214,3952.0,3952.0
0.021874090656638145,-5.194645881652832,-0.7499717473983765,0.8008627891540527,3956.0,3956.0
0.06831750273704529,-5.180784702301025,-0.7481694221496582,0.8006223440170288,3960.0,3960.0
0.02199813909828663,-5.166955947875977,-0.7460504770278931,0.8003820180892944,3964.0,3964.0
0.026160642504692078,-5.172994613647461,-0.7498990893363953,0.8001418709754944,3968.0,3968.0
0.020134445279836655,-5.15899658203125,-0.7476230263710022,0.7999018430709839,3972.0,3972.0
0.03329232335090637,-5.175222396850586,-0.749704122543335,0.7996619343757629,3976.0,3976.0
0.02792932465672493,-5.196229934692383,-0.7548796534538269,0.799422025680542,3980.0,3980.0
0.028775768354535103,-5.202125549316406,-0.7542495131492615,0.7991821765899658,3984.0,3984.0
0.026078715920448303,-5.20595645904541,-0.7531169652938843,0.7989423871040344,3988.0,3988.0
0.037986621260643005,-5.219154357910156,-0.755483865737915,0.7987027168273926,3992.0,3992.0
0.046015847474336624,-5.233495712280273,-0.7555721998214722,0.7984631657600403,3996.0,3996.0
0.04079630970954895,-5.248341083526611,-0.7602158784866333,0.798223614692688,4000.0,4000.0
0.041643574833869934,-5.224881172180176,-0.7552387118339539,0.7979841828346252,4004.0,4004.0
0.02355329878628254,-5.224413871765137,-0.7566782236099243,0.7977449893951416,4008.0,4008.0
0.07253127545118332,-5.223932266235352,-0.7576279640197754,0.7975058555603027,4012.0,4012.0
0.02635052800178528,-5.230198860168457,-0.7625703811645508,0.7972667813301086,4016.0,4016.0
0.023838302120566368,-5.241954326629639,-0.7673715353012085,0.7970276474952698,4020.0,4020.0
0.029478279873728752,-5.214883804321289,-0.7616426944732666,0.7967885732650757,4024.0,4024.0
0.023977143689990044,-5.230684280395508,-0.7655833959579468,0.7965496182441711,4028.0,4028.0
0.025322463363409042,-5.248231410980225,-0.769819974899292,0.796310544013977,4032.0,4032.0
0.0633450597524643,-5.243622303009033,-0.7658159732818604,0.7960716485977173,4036.0,4036.0
0.038648925721645355,-5.253814697265625,-0.7678670287132263,0.7958327531814575,4040.0,4040.0
0.016652965918183327,-5.259142875671387,-0.7676781415939331,0.7955939769744873,4044.0,4044.0
0.01976979710161686,-5.281435966491699,-0.7718873023986816,0.7953552007675171,4048.0,4048.0
0.023874953389167786,-5.281540870666504,-0.7712814211845398,0.7951165437698364,4052.0,4052.0
0.1301041841506958,-5.283084869384766,-0.7712439894676208,0.7948778867721558,4056.0,4056.0
0.032426975667476654,-5.304714202880859,-0.7787220478057861,0.7946392297744751,4060.0,4060.0
0.03258563205599785,-5.2907490730285645,-0.7745326161384583,0.7944005727767944,4064.0,4064.0
0.024995125830173492,-5.273903846740723,-0.7734287977218628,0.7941620945930481,4068.0,4068.0
0.023689161986112595,-5.270101070404053,-0.7748581171035767,0.7939237356185913,4072.0,4072.0
0.04995112121105194,-5.285139083862305,-0.7803664803504944,0.7936853170394897,4076.0,4076.0
0.025845162570476532,-5.271134376525879,-0.77821946144104,0.7934470176696777,4080.0,4080.0
0.0289759561419487,-5.280261993408203,-0.7801671624183655,0.7932087779045105,4084.0,4084.0
0.02173101156949997,-5.290406703948975,-0.7807939648628235,0.7929705381393433,4088.0,4088.0
0.02191809192299843,-5.294522285461426,-0.7816159725189209,0.7927324175834656,4092.0,4092.0
0.030758343636989594,-5.3076043128967285,-0.7829631567001343,0.7924943566322327,4096.0,4096.0
0.035459253937006,-5.308097839355469,-0.7815291881561279,0.7922564744949341,4100.0,4100.0
0.030962727963924408,-5.311217308044434,-0.7814686894416809,0.7920186519622803,4104.0,4104.0
0.029629066586494446,-5.326323509216309,-0.784914493560791,0.7917810082435608,4108.0,4108.0
0.02108217217028141,-5.313011169433594,-0.7802183628082275,0.7915436029434204,4112.0,4112.0
0.026927964761853218,-5.3341217041015625,-0.7884840965270996,0.7913061380386353,4116.0,4116.0
0.02705574594438076,-5.316390037536621,-0.786563515663147,0.7910688519477844,4120.0,4120.0
0.020490681752562523,-5.315567493438721,-0.7882033586502075,0.7908316254615784,4124.0,4124.0
0.032481301575899124,-5.298769474029541,-0.7865083813667297,0.7905945777893066,4128.0,4128.0
0.030369015410542488,-5.31981897354126,-0.792823314666748,0.7903574705123901,4132.0,4132.0
0.03442508727312088,-5.331866264343262,-0.7944174408912659,0.7901203632354736,4136.0,4136.0
0.017704788595438004,-5.338799953460693,-0.7930951714515686,0.7898833751678467,4140.0,4140.0
0.03367326408624649,-5.332084655761719,-0.7895535826683044,0.789646565914154,4144.0,4144.0
0.025569725781679153,-5.377530097961426,-0.7989760637283325,0.7894096970558167,4148.0,4148.0
0.028779679909348488,-5.382230758666992,-0.7983455061912537,0.7891728281974792,4152.0,4152.0
0.024574516341090202,-5.380951881408691,-0.7978543043136597,0.7889360189437866,4156.0,4156.0
0.02708740532398224,-5.3887810707092285,-0.8018367886543274,0.7886991500854492,4160.0,4160.0
0.020111216232180595,-5.371723175048828,-0.7979075908660889,0.7884624004364014,4164.0,4164.0
0.0370352640748024,-5.380031585693359,-0.802751362323761,0.7882256507873535,4168.0,4168.0
0.025612257421016693,-5.35639762878418,-0.7996954917907715,0.78798907995224,4172.0,4172.0
0.023153074085712433,-5.368651390075684,-0.8039167523384094,0.7877525091171265,4176.0,4176.0
0.05447883903980255,-5.368250846862793,-0.8033013343811035,0.7875159978866577,4180.0,4180.0
0.02753162384033203,-5.353826999664307,-0.8002092242240906,0.7872797250747681,4184.0,4184.0
0.0254934411495924,-5.387824058532715,-0.8081874847412109,0.7870434522628784,4188.0,4188.0
0.027721043676137924,-5.392508506774902,-0.8068294525146484,0.7868071794509888,4192.0,4192.0
0.05158611387014389,-5.395303249359131,-0.8059722781181335,0.7865710854530334,4196.0,4196.0
0.025968775153160095,-5.409930229187012,-0.8082586526870728,0.7863350510597229,4200.0,4200.0
0.054223015904426575,-5.427154541015625,-0.8112112283706665,0.7860990166664124,4204.0,4204.0
0.027525698766112328,-5.41696310043335,-0.8081651329994202,0.7858631610870361,4208.0,4208.0
0.03172069042921066,-5.4247589111328125,-0.8119421005249023,0.7856273055076599,4212.0,4212.0
0.023364614695310593,-5.418796539306641,-0.8108083605766296,0.7853915691375732,4216.0,4216.0
0.03355048596858978,-5.408496379852295,-0.8111138939857483,0.7851560115814209,4220.0,4220.0
0.06338341534137726,-5.421700954437256,-0.8135661482810974,0.7849205136299133,4224.0,4224.0
0.04626449942588806,-5.417686462402344,-0.8132784366607666,0.7846851348876953,4228.0,4228.0
0.05367649719119072,-5.405888557434082,-0.8078769445419312,0.7844500541687012,4232.0,4232.0
0.021210812032222748,-5.43076753616333,-0.8146389722824097,0.7842150926589966,4236.0,4236.0
0.02908075973391533,-5.424693584442139,-0.8151043653488159,0.7839802503585815,4240.0,4240.0
0.02420150674879551,-5.447183609008789,-0.8226003646850586,0.7837453484535217,4244.0,4244.0
0.049360912293195724,-5.446189880371094,-0.8229492902755737,0.7835103869438171,4248.0,4248.0
0.020762097090482712,-5.452342510223389,-0.8249801993370056,0.7832753658294678,4252.0,4252.0
0.038056641817092896,-5.452901840209961,-0.822787880897522,0.783040463924408,4256.0,4256.0
0.02176121063530445,-5.462155342102051,-0.8232359290122986,0.7828055620193481,4260.0,4260.0
0.031795669347047806,-5.466808795928955,-0.8254304528236389,0.7825707197189331,4264.0,4264.0
0.0247951690107584,-5.475529670715332,-0.8284097909927368,0.7823358774185181,4268.0,4268.0
0.03313200920820236,-5.459290504455566,-0.8266664743423462,0.7821010947227478,4272.0,4272.0
0.02720341831445694,-5.45525598526001,-0.8255033493041992,0.7818664312362671,4276.0,4276.0
0.02739679254591465,-5.472908973693848,-0.8308398723602295,0.7816317677497864,4280.0,4280.0
0.025767333805561066,-5.472970962524414,-0.8316258788108826,0.7813971042633057,4284.0,4284.0
0.027423318475484848,-5.472245216369629,-0.8323502540588379,0.7811625003814697,4288.0,4288.0
0.02232346311211586,-5.481208324432373,-0.833153486251831,0.7809279561042786,4292.0,4292.0
0.02467496320605278,-5.490213394165039,-0.8349359035491943,0.7806934118270874,4296.0,4296.0
0.03026833012700081,-5.495669364929199,-0.8348497152328491,0.780458927154541,4300.0,4300.0
0.036411840468645096,-5.495029449462891,-0.8330246210098267,0.7802245616912842,4304.0,4304.0
0.018888993188738823,-5.518924713134766,-0.8397865891456604,0.7799901962280273,4308.0,4308.0
0.02324119582772255,-5.506352424621582,-0.8351794481277466,0.7797559499740601,4312.0,4312.0
0.026713570579886436,-5.504355430603027,-0.8366594910621643,0.7795218229293823,4316.0,4316.0
0.0355868823826313,-5.501417636871338,-0.8382484912872314,0.7792877554893494,4320.0,4320.0
0.02523181028664112,-5.5189666748046875,-0.8429675698280334,0.7790536880493164,4324.0,4324.0
0.018774624913930893,-5.509500503540039,-0.8445909023284912,0.7788196802139282,4328.0,4328.0
0.03467528522014618,-5.501814365386963,-0.8438946008682251,0.77858567237854,4332.0,4332.0
0.023485811427235603,-5.4988250732421875,-0.8421359658241272,0.7783517837524414,4336.0,4336.0
0.017960835248231888,-5.499751567840576,-0.8401291370391846,0.7781180739402771,4340.0,4340.0
0.027100123465061188,-5.526216506958008,-0.8485695123672485,0.7778843641281128,4344.0,4344.0
0.016879457980394363,-5.526482582092285,-0.8462574481964111,0.7776507139205933,4348.0,4348.0
0.03639688715338707,-5.559706687927246,-0.8521495461463928,0.777417004108429,4352.0,4352.0
0.027293801307678223,-5.538850784301758,-0.8486248254776001,0.7771834135055542,4356.0,4356.0
0.030982304364442825,-5.54494571685791,-0.8472334742546082,0.776949942111969,4360.0,4360.0
0.02660478465259075,-5.5521769523620605,-0.8504992127418518,0.7767165303230286,4364.0,4364.0
0.020022988319396973,-5.546781539916992,-0.8481569886207581,0.7764832973480225,4368.0,4368.0
0.03293740749359131,-5.554561614990234,-0.8530429601669312,0.7762501835823059,4372.0,4372.0
0.02483866736292839,-5.546322822570801,-0.8498907089233398,0.7760171890258789,4376.0,4376.0
0.033799752593040466,-5.567781448364258,-0.8570336103439331,0.7757841348648071,4380.0,4380.0
0.02648414671421051,-5.562881946563721,-0.8526890277862549,0.7755513191223145,4384.0,4384.0
0.07171297073364258,-5.55601167678833,-0.8548312187194824,0.7753185033798218,4388.0,4388.0
0.025080189108848572,-5.569930553436279,-0.8582532405853271,0.7750858068466187,4392.0,4392.0
0.021362043917179108,-5.550394535064697,-0.8526582717895508,0.7748533487319946,4396.0,4396.0
0.05342649668455124,-5.564792633056641,-0.8593748807907104,0.7746208906173706,4400.0,4400.0
0.02866167575120926,-5.573418617248535,-0.8582772016525269,0.7743885517120361,4404.0,4404.0
0.0213460773229599,-5.577657699584961,-0.8602883219718933,0.7741562128067017,4408.0,4408.0
0.027329906821250916,-5.578130722045898,-0.8609081506729126,0.7739240527153015,4412.0,4412.0
0.02158597856760025,-5.5793914794921875,-0.8600107431411743,0.7736920118331909,4416.0,4416.0
0.0435672327876091,-5.582824230194092,-0.8594763875007629,0.7734601497650146,4420.0,4420.0
0.035744525492191315,-5.603000640869141,-0.8651162385940552,0.7732282876968384,4424.0,4424.0
0.02136439085006714,-5.621579647064209,-0.8699506521224976,0.7729964256286621,4428.0,4428.0
0.03501186892390251,-5.61507511138916,-0.8671697378158569,0.7727645635604858,4432.0,4432.0
0.021597445011138916,-5.615975856781006,-0.8711808323860168,0.7725326418876648,4436.0,4436.0
0.032169029116630554,-5.6052021980285645,-0.8692910671234131,0.7723008394241333,4440.0,4440.0
0.02871748059988022,-5.599861145019531,-0.8678022623062134,0.7720692157745361,4444.0,4444.0
0.03534872829914093,-5.611183166503906,-0.8696054816246033,0.771837592124939,4448.0,4448.0
0.06681416183710098,-5.6096673011779785,-0.8673951625823975,0.7716062068939209,4452.0,4452.0
0.01961926370859146,-5.636052131652832,-0.8730441927909851,0.7713748812675476,4456.0,4456.0
0.03141908347606659,-5.656381607055664,-0.8792243003845215,0.7711434364318848,4460.0,4460.0
0.03667891025543213,-5.637199878692627,-0.8718863725662231,0.7709121704101562,4464.0,4464.0
0.04916336387395859,-5.638838768005371,-0.8728827238082886,0.7706810235977173,4468.0,4468.0
0.0302417129278183,-5.650312423706055,-0.8787341713905334,0.7704498767852783,4472.0,4472.0
0.02410997450351715,-5.652320861816406,-0.8787673711776733,0.7702187895774841,4476.0,4476.0
0.02859637513756752,-5.655816078186035,-0.8773289918899536,0.7699878215789795,4480.0,4480.0
0.03310510516166687,-5.664804458618164,-0.8788619637489319,0.7697569131851196,4484.0,4484.0
0.028003212064504623,-5.659722805023193,-0.8797571659088135,0.7695260643959045,4488.0,4488.0
0.02691202238202095,-5.676910877227783,-0.8855578899383545,0.7692952156066895,4492.0,4492.0
0.035557955503463745,-5.659534454345703,-0.881696343421936,0.7690644860267639,4496.0,4496.0
0.058326512575149536,-5.678950309753418,-0.8897626399993896,0.7688336372375488,4500.0,4500.0
0.028589477762579918,-5.662909507751465,-0.8832768201828003,0.7686029672622681,4504.0,4504.0
0.034287117421627045,-5.669069290161133,-0.8848763704299927,0.7683723568916321,4508.0,4508.0
0.030215349048376083,-5.681852340698242,-0.8884197473526001,0.7681417465209961,4512.0,4512.0
0.042851924896240234,-5.687670707702637,-0.8886921405792236,0.7679112553596497,4516.0,4516.0
0.04523158445954323,-5.7144622802734375,-0.8937702178955078,0.7676807045936584,4520.0,4520.0
0.02601410076022148,-5.686307430267334,-0.8858191967010498,0.7674503326416016,4524.0,4524.0
0.01936568133533001,-5.701664924621582,-0.8911037445068359,0.7672200798988342,4528.0,4528.0
0.01939825341105461,-5.711050033569336,-0.8953341245651245,0.7669897675514221,4532.0,4532.0
0.05229397863149643,-5.698629379272461,-0.89250248670578,0.7667595744132996,4536.0,4536.0
0.022314798086881638,-5.706401348114014,-0.8956155776977539,0.766529381275177,4540.0,4540.0
0.046813447028398514,-5.717398166656494,-0.8982205390930176,0.7662992477416992,4544.0,4544.0
0.028015535324811935,-5.718527793884277,-0.8978022336959839,0.7660691738128662,4548.0,4548.0
0.029095610603690147,-5.717053413391113,-0.8981703519821167,0.7658390998840332,4552.0,4552.0
0.02295009419322014,-5.701774597167969,-0.8923197984695435,0.7656093239784241,4556.0,4556.0
0.024107813835144043,-5.7189788818359375,-0.9021117687225342,0.7653794884681702,4560.0,4560.0
0.041509732604026794,-5.733160972595215,-0.9030330181121826,0.765149712562561,4564.0,4564.0
0.05513962358236313,-5.737191200256348,-0.9036370515823364,0.7649199366569519,4568.0,4568.0
0.056658364832401276,-5.744962215423584,-0.9010851383209229,0.7646902799606323,4572.0,4572.0
0.027732785791158676,-5.7602081298828125,-0.9052501916885376,0.7644606828689575,4576.0,4576.0
0.028814710676670074,-5.767160415649414,-0.908323347568512,0.7642310261726379,4580.0,4580.0
0.03282901644706726,-5.754569053649902,-0.9069227576255798,0.7640014290809631,4584.0,4584.0
0.020278815180063248,-5.740179061889648,-0.9052214026451111,0.7637720108032227,4588.0,4588.0
0.02398587577044964,-5.738788604736328,-0.9055412411689758,0.763542652130127,4592.0,4592.0
0.0278334841132164,-5.753313064575195,-0.9115748405456543,0.763313353061676,4596.0,4596.0
0.03474295139312744,-5.747095108032227,-0.9080891609191895,0.7630841732025146,4600.0,4600.0
0.01628357172012329,-5.770703315734863,-0.9160091280937195,0.7628549337387085,4604.0,4604.0
0.031660884618759155,-5.766039848327637,-0.9138123393058777,0.7626256942749023,4608.0,4608.0
0.026930516585707664,-5.773280620574951,-0.913198709487915,0.7623966336250305,4612.0,4612.0
0.038368672132492065,-5.796688079833984,-0.9196056723594666,0.7621674537658691,4616.0,4616.0
0.022868771106004715,-5.78956413269043,-0.914115309715271,0.7619383931159973,4620.0,4620.0
0.04898850619792938,-5.814457893371582,-0.9230330586433411,0.7617092728614807,4624.0,4624.0
0.028273750096559525,-5.7841081619262695,-0.9124364852905273,0.7614803314208984,4628.0,4628.0
0.03150903433561325,-5.772356986999512,-0.911380410194397,0.76125168800354,4632.0,4632.0
0.030765248462557793,-5.807275772094727,-0.9229865074157715,0.7610230445861816,4636.0,4636.0
0.020451489835977554,-5.778761863708496,-0.9154186248779297,0.7607945799827576,4640.0,4640.0
0.029518555849790573,-5.799071311950684,-0.9215787649154663,0.7605661153793335,4644.0,4644.0
0.060092993080616,-5.8085808753967285,-0.9245629906654358,0.7603377103805542,4648.0,4648.0
0.03925953805446625,-5.804410934448242,-0.9196253418922424,0.760109543800354,4652.0,4652.0
0.018492627888917923,-5.801210880279541,-0.9205138683319092,0.7598813772201538,4656.0,4656.0
0.023760028183460236,-5.819533348083496,-0.9272339344024658,0.7596533298492432,4660.0,4660.0
0.02748512104153633,-5.824701309204102,-0.9258544445037842,0.7594252824783325,4664.0,4664.0
0.03155379742383957,-5.838647842407227,-0.9304008483886719,0.7591972947120667,4668.0,4668.0
0.023980222642421722,-5.829909324645996,-0.9285440444946289,0.7589693069458008,4672.0,4672.0
0.021108031272888184,-5.830528259277344,-0.9306806325912476,0.7587413787841797,4676.0,4676.0
0.020508985966444016,-5.815938949584961,-0.928482174873352,0.7585135698318481,4680.0,4680.0
0.021734386682510376,-5.815217018127441,-0.9285644292831421,0.7582858800888062,4684.0,4684.0
0.021038103848695755,-5.819004058837891,-0.9293497800827026,0.7580583691596985,4688.0,4688.0
0.021656043827533722,-5.827932834625244,-0.9329758286476135,0.7578308582305908,4692.0,4692.0
0.03739010915160179,-5.845436096191406,-0.9336333274841309,0.7576035261154175,4696.0,4696.0
0.024275681003928185,-5.860690116882324,-0.9407612085342407,0.7573760151863098,4700.0,4700.0
0.035795874893665314,-5.851926803588867,-0.9349095821380615,0.7571486234664917,4704.0,4704.0
0.022714750841259956,-5.845149040222168,-0.9360978603363037,0.7569213509559631,4708.0,4708.0
0.026366930454969406,-5.862421035766602,-0.9385218024253845,0.7566941380500793,4712.0,4712.0
0.058241408318281174,-5.868898391723633,-0.9402128458023071,0.7564669847488403,4716.0,4716.0
0.022203445434570312,-5.852930545806885,-0.9348530769348145,0.7562400102615356,4720.0,4720.0
0.03413979709148407,-5.865866661071777,-0.9377270936965942,0.7560131549835205,4724.0,4724.0
0.04525565356016159,-5.864301681518555,-0.9382110834121704,0.7557864785194397,4728.0,4728.0
0.023826222866773605,-5.871042728424072,-0.9398255944252014,0.7555599212646484,4732.0,4732.0
0.03488273173570633,-5.889312744140625,-0.9447066783905029,0.7553333640098572,4736.0,4736.0
0.023997828364372253,-5.891611099243164,-0.9441057443618774,0.7551069259643555,4740.0,4740.0
0.044253237545490265,-5.876740455627441,-0.9423847794532776,0.7548805475234985,4744.0,4744.0
0.02687877044081688,-5.8821821212768555,-0.944790780544281,0.7546542882919312,4748.0,4748.0
0.03603178262710571,-5.8884124755859375,-0.9468809366226196,0.7544281482696533,4752.0,4752.0
0.01822894997894764,-5.896172046661377,-0.9476779699325562,0.7542020082473755,4756.0,4756.0
0.02466210164129734,-5.908233642578125,-0.9499874114990234,0.7539759874343872,4760.0,4760.0
0.03324633836746216,-5.905221939086914,-0.9492923021316528,0.7537499666213989,4764.0,4764.0
0.02828028053045273,-5.90867805480957,-0.9517383575439453,0.7535240650177002,4768.0,4768.0
0.0334835946559906,-5.917312145233154,-0.9543010592460632,0.7532981038093567,4772.0,4772.0
0.044987745583057404,-5.929042816162109,-0.95460045337677,0.7530722618103027,4776.0,4776.0
0.022534189745783806,-5.923978328704834,-0.9516918659210205,0.7528464794158936,4780.0,4780.0
0.029222486540675163,-5.937153339385986,-0.9556174874305725,0.7526207566261292,4784.0,4784.0
0.027380239218473434,-5.9247846603393555,-0.9517968893051147,0.7523952126502991,4788.0,4788.0
0.02504434622824192,-5.943625450134277,-0.9615731835365295,0.7521696090698242,4792.0,4792.0
0.03424610197544098,-5.9304986000061035,-0.9582937359809875,0.7519441246986389,4796.0,4796.0
0.016553496941924095,-5.928369998931885,-0.9588331580162048,0.7517186999320984,4800.0,4800.0
0.05481332540512085,-5.915251731872559,-0.9549990892410278,0.7514934539794922,4804.0,4804.0
0.02629726007580757,-5.927956581115723,-0.9607933759689331,0.7512682676315308,4808.0,4808.0
0.020780781283974648,-5.934177875518799,-0.9618648290634155,0.7510431408882141,4812.0,4812.0
0.027952563017606735,-5.937196731567383,-0.9604629278182983,0.750818133354187,4816.0,4816.0
0.02132008597254753,-5.955190181732178,-0.9649183750152588,0.7505931258201599,4820.0,4820.0
0.017893081530928612,-5.966352939605713,-0.9661984443664551,0.7503682374954224,4824.0,4824.0
0.024343708530068398,-5.967806339263916,-0.9653353691101074,0.7501433491706848,4828.0,4828.0
0.036936111748218536,-5.975454330444336,-0.9664113521575928,0.7499185800552368,4832.0,4832.0
0.0213579423725605,-5.97516393661499,-0.969967782497406,0.749693751335144,4836.0,4836.0
0.020112812519073486,-5.952113151550293,-0.965610146522522,0.7494691610336304,4840.0,4840.0
0.03270707279443741,-5.964250087738037,-0.9713901281356812,0.7492445707321167,4844.0,4844.0
0.019738510251045227,-5.946704864501953,-0.9689109921455383,0.7490200996398926,4848.0,4848.0
0.019693955779075623,-5.973033428192139,-0.9780943393707275,0.7487955093383789,4852.0,4852.0
0.021316086873412132,-5.9624738693237305,-0.9740391969680786,0.7485710382461548,4856.0,4856.0
0.027067087590694427,-5.982726097106934,-0.9744948744773865,0.7483465671539307,4860.0,4860.0
0.022615114226937294,-6.0032148361206055,-0.9784119129180908,0.7481220960617065,4864.0,4864.0
0.03702424094080925,-6.0035223960876465,-0.9738643169403076,0.747897744178772,4868.0,4868.0
0.04257340729236603,-6.006968021392822,-0.9721946716308594,0.7476736307144165,4872.0,4872.0
0.030138127505779266,-6.0331292152404785,-0.9819270968437195,0.747449517250061,4876.0,4876.0
0.02356046997010708,-6.023204803466797,-0.9800764322280884,0.7472254037857056,4880.0,4880.0
0.02868557907640934,-6.014345169067383,-0.982578694820404,0.7470012903213501,4884.0,4884.0
0.026751935482025146,-5.997100830078125,-0.9803757667541504,0.7467772960662842,4888.0,4888.0
0.021818647161126137,-6.00028133392334,-0.9834918975830078,0.7465534210205078,4892.0,4892.0
0.025412948802113533,-5.9844069480896,-0.9804009795188904,0.7463295459747314,4896.0,4896.0
0.032867226749658585,-5.994385719299316,-0.9802085161209106,0.7461059093475342,4900.0,4900.0
0.017713937908411026,-6.026919364929199,-0.9905579686164856,0.7458822131156921,4904.0,4904.0
0.027629371732473373,-6.031686782836914,-0.985734224319458,0.7456585764884949,4908.0,4908.0
0.034419216215610504,-6.036720275878906,-0.9853726029396057,0.7454351186752319,4912.0,4912.0
0.021301528438925743,-6.055835723876953,-0.9929916858673096,0.7452115416526794,4916.0,4916.0
0.02886720560491085,-6.065350532531738,-0.996143102645874,0.7449879050254822,4920.0,4920.0
0.03355629742145538,-6.04365348815918,-0.989051103591919,0.7447643876075745,4924.0,4924.0
0.019455930218100548,-6.026671886444092,-0.9885947704315186,0.7445410490036011,4928.0,4928.0
0.0291789248585701,-6.038849830627441,-0.9947658777236938,0.7443176507949829,4932.0,4932.0
0.01922086998820305,-6.0305023193359375,-0.9937589168548584,0.7440943717956543,4936.0,4936.0
0.04331599175930023,-6.050149440765381,-0.9960359334945679,0.7438712120056152,4940.0,4940.0
0.0270719975233078,-6.072603225708008,-1.0011107921600342,0.7436479330062866,4944.0,4944.0
0.026266014203429222,-6.074450492858887,-0.9966694116592407,0.7434247136116028,4948.0,4948.0
0.03140436112880707,-6.100982666015625,-1.0003330707550049,0.7432016134262085,4952.0,4952.0
0.029514897614717484,-6.10502290725708,-1.0007665157318115,0.7429784536361694,4956.0,4956.0
0.025388309732079506,-6.081853866577148,-1.0003362894058228,0.7427554130554199,4960.0,4960.0
0.026870977133512497,-6.072680473327637,-0.9982458353042603,0.7425326108932495,4964.0,4964.0
0.022310415282845497,-6.082276344299316,-1.0048153400421143,0.7423096895217896,4968.0,4968.0
0.05416073650121689,-6.05394172668457,-0.9979217648506165,0.7420870065689087,4972.0,4972.0
0.03283313289284706,-6.056758403778076,-0.9999862909317017,0.7418645024299622,4976.0,4976.0
0.027876034379005432,-6.083503723144531,-1.0062298774719238,0.7416419982910156,4980.0,4980.0
0.03473259508609772,-6.091467380523682,-1.0069022178649902,0.7414196133613586,4984.0,4984.0
0.03634966164827347,-6.117449760437012,-1.0124300718307495,0.7411971092224121,4988.0,4988.0
0.03586488962173462,-6.119979381561279,-1.0101040601730347,0.7409746646881104,4992.0,4992.0
0.026671290397644043,-6.109769344329834,-1.0045045614242554,0.7407523393630981,4996.0,4996.0
0.03044302761554718,-6.104987621307373,-1.0048316717147827,0.740530252456665,5000.0,5000.0
0.03475439175963402,-6.1142578125,-1.0076000690460205,0.7403082847595215,5004.0,5004.0
0.0261014886200428,-6.129228591918945,-1.0176576375961304,0.7400863170623779,5008.0,5008.0
0.050499238073825836,-6.108506679534912,-1.0134592056274414,0.7398643493652344,5012.0,5012.0
0.04258938878774643,-6.119614124298096,-1.0164932012557983,0.7396423816680908,5016.0,5016.0
0.027752356603741646,-6.116390228271484,-1.012308120727539,0.7394205331802368,5020.0,5020.0
0.0217442587018013,-6.129870891571045,-1.018850326538086,0.7391986846923828,5024.0,5024.0
0.02672383189201355,-6.135015487670898,-1.017287015914917,0.7389769554138184,5028.0,5028.0
0.028846025466918945,-6.147907257080078,-1.0189927816390991,0.7387552261352539,5032.0,5032.0
0.05251944065093994,-6.146159648895264,-1.0176301002502441,0.738533616065979,5036.0,5036.0
0.026484306901693344,-6.146021366119385,-1.0199370384216309,0.7383121252059937,5040.0,5040.0
0.022364947944879532,-6.1494622230529785,-1.0203503370285034,0.7380906939506531,5044.0,5044.0
0.03255634009838104,-6.155383110046387,-1.0254321098327637,0.7378692626953125,5048.0,5048.0
0.03179638832807541,-6.136868953704834,-1.0164403915405273,0.7376480102539062,5052.0,5052.0
0.03296389430761337,-6.155259132385254,-1.025465965270996,0.7374268174171448,5056.0,5056.0
0.04515045881271362,-6.1625142097473145,-1.0272325277328491,0.7372056245803833,5060.0,5060.0
0.024010680615901947,-6.16213846206665,-1.0247902870178223,0.7369846105575562,5064.0,5064.0
0.0281202532351017,-6.175906658172607,-1.0288848876953125,0.7367634773254395,5068.0,5068.0
0.02214612066745758,-6.171804904937744,-1.0289729833602905,0.7365424633026123,5072.0,5072.0
0.02647683024406433,-6.16670036315918,-1.029193639755249,0.7363215684890747,5076.0,5076.0
0.03526874631643295,-6.174373626708984,-1.03095543384552,0.7361006736755371,5080.0,5080.0
0.05741199851036072,-6.184495449066162,-1.0344352722167969,0.7358797788619995,5084.0,5084.0
0.02214667946100235,-6.19434928894043,-1.0362498760223389,0.7356588840484619,5088.0,5088.0
0.020740773528814316,-6.206916809082031,-1.0375417470932007,0.7354379892349243,5092.0,5092.0
0.032000623643398285,-6.214978218078613,-1.0370748043060303,0.7352172136306763,5096.0,5096.0
0.05070645734667778,-6.218963146209717,-1.0361793041229248,0.7349963784217834,5100.0,5100.0
0.024329718202352524,-6.222804069519043,-1.0371637344360352,0.7347756624221802,5104.0,5104.0
0.020177826285362244,-6.20416259765625,-1.0315287113189697,0.734555184841156,5108.0,5108.0
0.026083633303642273,-6.195627212524414,-1.035308837890625,0.7343348264694214,5112.0,5112.0
0.024261489510536194,-6.193456649780273,-1.0370748043060303,0.7341145873069763,5116.0,5116.0
0.03249361366033554,-6.193550109863281,-1.0397071838378906,0.7338944673538208,5120.0,5120.0
0.034862615168094635,-6.2019853591918945,-1.0406057834625244,0.7336743474006653,5124.0,5124.0
0.02896765246987343,-6.21570348739624,-1.0431832075119019,0.7334543466567993,5128.0,5128.0
0.023149801418185234,-6.221779823303223,-1.03868567943573,0.7332344651222229,5132.0,5132.0
0.01996741071343422,-6.248595237731934,-1.047297716140747,0.7330145835876465,5136.0,5136.0
0.020433049649000168,-6.240897178649902,-1.0441322326660156,0.7327947616577148,5140.0,5140.0
0.02129422500729561,-6.268664360046387,-1.0541915893554688,0.7325748801231384,5144.0,5144.0
0.10490872710943222,-6.27285099029541,-1.0532586574554443,0.732354998588562,5148.0,5148.0
0.03484582528471947,-6.26125431060791,-1.0520577430725098,0.7321350574493408,5152.0,5152.0
0.02159223146736622,-6.255910396575928,-1.0518062114715576,0.7319151163101196,5156.0,5156.0
0.038093626499176025,-6.24279260635376,-1.0479838848114014,0.7316954135894775,5160.0,5160.0
0.019643157720565796,-6.250108242034912,-1.0501980781555176,0.731475830078125,5164.0,5164.0
0.028775759041309357,-6.252874374389648,-1.0545963048934937,0.7312562465667725,5168.0,5168.0
0.041181012988090515,-6.248656749725342,-1.0537135601043701,0.7310366630554199,5172.0,5172.0
0.01666843891143799,-6.25301456451416,-1.0547118186950684,0.7308173179626465,5176.0,5176.0
0.03145134449005127,-6.259524345397949,-1.0564205646514893,0.7305979132652283,5180.0,5180.0
0.04475020617246628,-6.258722305297852,-1.0535571575164795,0.7303787469863892,5184.0,5184.0
0.02467755787074566,-6.280495643615723,-1.055816411972046,0.7301596403121948,5188.0,5188.0
0.04009915143251419,-6.290900230407715,-1.0572788715362549,0.72994065284729,5192.0,5192.0
0.019563138484954834,-6.272177696228027,-1.054677128791809,0.7297217845916748,5196.0,5196.0
0.024705469608306885,-6.291953086853027,-1.06258225440979,0.7295029163360596,5200.0,5200.0
0.018651477992534637,-6.283895015716553,-1.0645058155059814,0.7292841076850891,5204.0,5204.0
0.02750181034207344,-6.267383575439453,-1.0587122440338135,0.7290654182434082,5208.0,5208.0
0.048914022743701935,-6.281260967254639,-1.0630767345428467,0.7288467884063721,5212.0,5212.0
0.03458566963672638,-6.287203788757324,-1.0651782751083374,0.7286282777786255,5216.0,5216.0
0.02744559943675995,-6.2847394943237305,-1.0618417263031006,0.7284098267555237,5220.0,5220.0
0.02693895623087883,-6.292619705200195,-1.0613148212432861,0.7281915545463562,5224.0,5224.0
0.04625372588634491,-6.32550048828125,-1.0690455436706543,0.7279733419418335,5228.0,5228.0
0.0310809463262558,-6.317356109619141,-1.0674073696136475,0.7277551889419556,5232.0,5232.0
0.024045884609222412,-6.3288774490356445,-1.0685524940490723,0.7275370359420776,5236.0,5236.0
0.021331340074539185,-6.332083702087402,-1.0728740692138672,0.7273189425468445,5240.0,5240.0
0.027010180056095123,-6.313199996948242,-1.0725517272949219,0.7271008491516113,5244.0,5244.0
0.023186882957816124,-6.301583766937256,-1.0708763599395752,0.7268829345703125,5248.0,5248.0
0.046354107558727264,-6.301715850830078,-1.0750285387039185,0.7266649603843689,5252.0,5252.0
0.018162492662668228,-6.299623489379883,-1.0695533752441406,0.7264471650123596,5256.0,5256.0
0.03145408630371094,-6.319514274597168,-1.074704885482788,0.7262294292449951,5260.0,5260.0
0.04653635621070862,-6.3416643142700195,-1.0767955780029297,0.7260117530822754,5264.0,5264.0
0.017583908513188362,-6.334245681762695,-1.0740094184875488,0.7257941961288452,5268.0,5268.0
0.02370699681341648,-6.353903293609619,-1.0810986757278442,0.725576639175415,5272.0,5272.0
0.024236338213086128,-6.362513542175293,-1.08406400680542,0.7253590822219849,5276.0,5276.0
0.024305470287799835,-6.344489574432373,-1.0769331455230713,0.7251416444778442,5280.0,5280.0
0.027669738978147507,-6.351341247558594,-1.086590051651001,0.7249241471290588,5284.0,5284.0
0.032169848680496216,-6.362568378448486,-1.0850348472595215,0.7247066497802734,5288.0,5288.0
0.024760905653238297,-6.341324329376221,-1.0787065029144287,0.7244893312454224,5292.0,5292.0
0.036526069045066833,-6.365750312805176,-1.0826096534729004,0.7242721319198608,5296.0,5296.0
0.04124933108687401,-6.388026237487793,-1.0881520509719849,0.7240549325942993,5300.0,5300.0
0.031035449355840683,-6.38260555267334,-1.0843688249588013,0.7238378524780273,5304.0,5304.0
0.028363464400172234,-6.387380599975586,-1.0835483074188232,0.7236209511756897,5308.0,5308.0
0.03130039572715759,-6.3786444664001465,-1.084179401397705,0.7234041690826416,5312.0,5312.0
0.025409111753106117,-6.391125679016113,-1.0895425081253052,0.7231873273849487,5316.0,5316.0
0.026609640568494797,-6.373256683349609,-1.0861612558364868,0.722970724105835,5320.0,5320.0
0.030945701524615288,-6.383044242858887,-1.0941007137298584,0.7227541208267212,5324.0,5324.0
0.030683446675539017,-6.384100437164307,-1.0922578573226929,0.7225375175476074,5328.0,5328.0
0.02898312732577324,-6.409436225891113,-1.1031739711761475,0.7223207950592041,5332.0,5332.0
0.03845702111721039,-6.394392490386963,-1.0937763452529907,0.7221041917800903,5336.0,5336.0
0.04177699610590935,-6.398791313171387,-1.09010648727417,0.7218877077102661,5340.0,5340.0
0.03324178233742714,-6.420424938201904,-1.0941356420516968,0.7216713428497314,5344.0,5344.0
0.024193890392780304,-6.426037788391113,-1.0992677211761475,0.7214550375938416,5348.0,5348.0
0.036916568875312805,-6.410534858703613,-1.0993045568466187,0.7212387323379517,5352.0,5352.0
0.01829814910888672,-6.4241533279418945,-1.1064168214797974,0.721022367477417,5356.0,5356.0
0.026055004447698593,-6.394983291625977,-1.098722219467163,0.7208061218261719,5360.0,5360.0
0.027248214930295944,-6.40690803527832,-1.0997295379638672,0.7205899953842163,5364.0,5364.0
0.02006794512271881,-6.407507419586182,-1.1028858423233032,0.7203739285469055,5368.0,5368.0
0.039514921605587006,-6.409493446350098,-1.0986227989196777,0.7201579809188843,5372.0,5372.0
0.018000779673457146,-6.433305263519287,-1.1045767068862915,0.7199421525001526,5376.0,5376.0
0.022601014003157616,-6.451971054077148,-1.1068313121795654,0.7197263240814209,5380.0,5380.0
0.019382426515221596,-6.440562725067139,-1.1033577919006348,0.7195106148719788,5384.0,5384.0
0.08780200034379959,-6.453434944152832,-1.1123844385147095,0.7192949056625366,5388.0,5388.0
0.019024182111024857,-6.449275016784668,-1.1084673404693604,0.7190791964530945,5392.0,5392.0
0.034010693430900574,-6.439023971557617,-1.107944369316101,0.7188636064529419,5396.0,5396.0
0.024471718817949295,-6.43792200088501,-1.1075143814086914,0.7186481952667236,5400.0,5400.0
0.01943652331829071,-6.424198150634766,-1.102061152458191,0.7184329032897949,5404.0,5404.0
0.0220654234290123,-6.445362567901611,-1.1100976467132568,0.7182178497314453,5408.0,5408.0
0.04410386085510254,-6.471973419189453,-1.1172422170639038,0.7180026769638062,5412.0,5412.0
0.019172530621290207,-6.469538688659668,-1.1178503036499023,0.7177874445915222,5416.0,5416.0
0.0218505896627903,-6.457663059234619,-1.1106715202331543,0.7175724506378174,5420.0,5420.0
0.03315616026520729,-6.483424663543701,-1.121636152267456,0.717357337474823,5424.0,5424.0
0.028159286826848984,-6.477686882019043,-1.1181970834732056,0.7171422839164734,5428.0,5428.0
0.020831145346164703,-6.4858784675598145,-1.1224303245544434,0.7169272899627686,5432.0,5432.0
0.02581336721777916,-6.488032817840576,-1.1229853630065918,0.716712236404419,5436.0,5436.0
0.022799544036388397,-6.482659339904785,-1.1193499565124512,0.7164973020553589,5440.0,5440.0
0.03973173722624779,-6.487875938415527,-1.11799955368042,0.7162824869155884,5444.0,5444.0
0.025001194328069687,-6.505751609802246,-1.1240944862365723,0.7160676717758179,5448.0,5448.0
0.030354809015989304,-6.512022972106934,-1.1272573471069336,0.7158529162406921,5452.0,5452.0
0.025790169835090637,-6.490955352783203,-1.119515299797058,0.715638279914856,5456.0,5456.0
0.034727953374385834,-6.524446487426758,-1.1307775974273682,0.7154237031936646,5460.0,5460.0
0.02716391533613205,-6.5094451904296875,-1.1207101345062256,0.7152092456817627,5464.0,5464.0
0.02678714692592621,-6.529590129852295,-1.1338553428649902,0.7149947285652161,5468.0,5468.0
0.029737364500761032,-6.514768123626709,-1.129912257194519,0.7147802710533142,5472.0,5472.0
0.04198549687862396,-6.516684055328369,-1.128375768661499,0.7145658731460571,5476.0,5476.0
0.026445850729942322,-6.520102500915527,-1.1298949718475342,0.7143516540527344,5480.0,5480.0
0.02522089332342148,-6.528744220733643,-1.1278293132781982,0.7141374945640564,5484.0,5484.0
0.02932208590209484,-6.531453609466553,-1.1285640001296997,0.713923454284668,5488.0,5488.0
0.038799285888671875,-6.535109996795654,-1.1337705850601196,0.7137095332145691,5492.0,5492.0
0.026320062577724457,-6.530345439910889,-1.1344021558761597,0.713495671749115,5496.0,5496.0
0.02176889032125473,-6.547512531280518,-1.1404646635055542,0.7132817506790161,5500.0,5500.0
0.0292411707341671,-6.527286529541016,-1.1389691829681396,0.7130678296089172,5504.0,5504.0
0.026924338191747665,-6.543669700622559,-1.1419916152954102,0.7128539085388184,5508.0,5508.0
0.03792301565408707,-6.547231197357178,-1.1396310329437256,0.712640106678009,5512.0,5512.0
0.03013627976179123,-6.5468010902404785,-1.1393251419067383,0.7124263048171997,5516.0,5516.0
0.027074694633483887,-6.582191467285156,-1.1508448123931885,0.7122124433517456,5520.0,5520.0
0.03303862363100052,-6.56498908996582,-1.140495777130127,0.711998701095581,5524.0,5524.0
0.024732112884521484,-6.586021900177002,-1.1489766836166382,0.7117848992347717,5528.0,5528.0
0.029820207506418228,-6.563657283782959,-1.1417232751846313,0.711571216583252,5532.0,5532.0
0.028767917305231094,-6.563902378082275,-1.1434566974639893,0.7113577127456665,5536.0,5536.0
0.036760441958904266,-6.551795482635498,-1.1426328420639038,0.7111443281173706,5540.0,5540.0
0.033043865114450455,-6.566484451293945,-1.1447733640670776,0.7109310626983643,5544.0,5544.0
0.03298044204711914,-6.570692539215088,-1.149037480354309,0.7107177972793579,5548.0,5548.0
0.02730763703584671,-6.57425594329834,-1.1477136611938477,0.7105046510696411,5552.0,5552.0
0.01853077858686447,-6.586939811706543,-1.144913673400879,0.7102916836738586,5556.0,5556.0
0.023768577724695206,-6.595553398132324,-1.1468396186828613,0.7100788354873657,5560.0,5560.0
0.02277781069278717,-6.587459087371826,-1.1467900276184082,0.7098661661148071,5564.0,5564.0
0.03599600866436958,-6.605610370635986,-1.1567647457122803,0.709653377532959,5568.0,5568.0
0.018779119476675987,-6.592449188232422,-1.1536223888397217,0.7094407081604004,5572.0,5572.0
0.020282316952943802,-6.584817886352539,-1.1518720388412476,0.7092281579971313,5576.0,5576.0
0.04276257008314133,-6.614600658416748,-1.1608058214187622,0.7090156078338623,5580.0,5580.0
0.043568141758441925,-6.622605323791504,-1.1568366289138794,0.7088030576705933,5584.0,5584.0
0.021075917407870293,-6.640663146972656,-1.1589330434799194,0.7085905075073242,5588.0,5588.0
0.03918212652206421,-6.6477508544921875,-1.1567070484161377,0.7083781361579895,5592.0,5592.0
0.07071013748645782,-6.635043144226074,-1.154344081878662,0.7081658840179443,5596.0,5596.0
0.041873276233673096,-6.6271562576293945,-1.1604623794555664,0.707953691482544,5600.0,5600.0
0.016885114833712578,-6.626266956329346,-1.1711339950561523,0.7077414393424988,5604.0,5604.0
0.03143607825040817,-6.598005294799805,-1.1597508192062378,0.7075292468070984,5608.0,5608.0
0.023459365591406822,-6.622785568237305,-1.1686456203460693,0.707317054271698,5612.0,5612.0
0.03392092138528824,-6.6199188232421875,-1.1643327474594116,0.7071049213409424,5616.0,5616.0
0.015919558703899384,-6.645883083343506,-1.1682460308074951,0.7068928480148315,5620.0,5620.0
0.11986759305000305,-6.657390594482422,-1.1681638956069946,0.7066808342933655,5624.0,5624.0
0.03540294989943504,-6.665956497192383,-1.1665315628051758,0.7064688801765442,5628.0,5628.0
0.02482188120484352,-6.686054229736328,-1.1761332750320435,0.7062569260597229,5632.0,5632.0
0.017833014950156212,-6.656315326690674,-1.1672031879425049,0.7060450315475464,5636.0,5636.0
0.03252134472131729,-6.648388862609863,-1.169809341430664,0.7058333158493042,5640.0,5640.0
0.027468452230095863,-6.637824058532715,-1.1720069646835327,0.705621600151062,5644.0,5644.0
0.02250354178249836,-6.644598960876465,-1.1755646467208862,0.7054099440574646,5648.0,5648.0
0.04241669550538063,-6.650721073150635,-1.1731207370758057,0.7051984071731567,5652.0,5652.0
0.07863925397396088,-6.683385848999023,-1.17673921585083,0.7049868106842041,5656.0,5656.0
0.049238815903663635,-6.6938910484313965,-1.1793043613433838,0.704775333404541,5660.0,5660.0
0.020832035690546036,-6.694967746734619,-1.1755125522613525,0.7045639157295227,5664.0,5664.0
0.023584194481372833,-6.686789035797119,-1.1784698963165283,0.7043525576591492,5668.0,5668.0
0.021267687901854515,-6.671446800231934,-1.177750825881958,0.7041413187980652,5672.0,5672.0
0.022536156699061394,-6.67440128326416,-1.1806118488311768,0.703930139541626,5676.0,5676.0
0.047702521085739136,-6.683224201202393,-1.1818065643310547,0.7037190198898315,5680.0,5680.0
0.026366813108325005,-6.687926292419434,-1.1836249828338623,0.7035079002380371,5684.0,5684.0
0.026050817221403122,-6.691858291625977,-1.1829663515090942,0.7032968997955322,5688.0,5688.0
0.020724650472402573,-6.715770244598389,-1.1908154487609863,0.7030858397483826,5692.0,5692.0
0.026170499622821808,-6.707192897796631,-1.1848313808441162,0.7028748989105225,5696.0,5696.0
0.029402639716863632,-6.695657253265381,-1.1833289861679077,0.7026640772819519,5700.0,5700.0
0.02969835326075554,-6.722904205322266,-1.1886029243469238,0.7024532556533813,5704.0,5704.0
0.03221822530031204,-6.711399078369141,-1.187659502029419,0.7022426128387451,5708.0,5708.0
0.020060259848833084,-6.694544792175293,-1.1852855682373047,0.7020320296287537,5712.0,5712.0
0.0388660654425621,-6.719359397888184,-1.1937247514724731,0.7018214464187622,5716.0,5716.0
0.0292973630130291,-6.712491035461426,-1.1941781044006348,0.7016109228134155,5720.0,5720.0
0.0406888946890831,-6.717514991760254,-1.1925725936889648,0.7014005184173584,5724.0,5724.0
0.0255572572350502,-6.729001045227051,-1.1907234191894531,0.7011901140213013,5728.0,5728.0
0.028727833181619644,-6.758633136749268,-1.2008166313171387,0.7009797096252441,5732.0,5732.0
0.028605137020349503,-6.745668411254883,-1.1909502744674683,0.7007695436477661,5736.0,5736.0
0.026218784973025322,-6.756874084472656,-1.1946934461593628,0.7005593776702881,5740.0,5740.0
0.026312310248613358,-6.750044822692871,-1.1970045566558838,0.7003492712974548,5744.0,5744.0
0.02549200877547264,-6.757981300354004,-1.2046561241149902,0.7001391649246216,5748.0,5748.0
0.021143611520528793,-6.756731986999512,-1.2059776782989502,0.6999290585517883,5752.0,5752.0
0.046221908181905746,-6.739527225494385,-1.1965739727020264,0.6997190117835999,5756.0,5756.0
0.021847855299711227,-6.7550554275512695,-1.201675295829773,0.6995090842247009,5760.0,5760.0
0.02972652204334736,-6.770965576171875,-1.204099416732788,0.6992992162704468,5764.0,5764.0
0.057366207242012024,-6.775970935821533,-1.2042334079742432,0.6990894079208374,5768.0,5768.0
0.025981955230236053,-6.800808906555176,-1.2142448425292969,0.6988794803619385,5772.0,5772.0
0.02079855650663376,-6.799400329589844,-1.2119665145874023,0.6986695528030396,5776.0,5776.0
0.022656865417957306,-6.77951192855835,-1.2073092460632324,0.6984597444534302,5780.0,5780.0
0.041639238595962524,-6.783666610717773,-1.2076659202575684,0.6982499361038208,5784.0,5784.0
0.03271706402301788,-6.799389362335205,-1.222124695777893,0.6980400681495667,5788.0,5788.0
0.02442063018679619,-6.784214019775391,-1.2119228839874268,0.6978302597999573,5792.0,5792.0
0.08300083130598068,-6.778728485107422,-1.2052828073501587,0.6976206302642822,5796.0,5796.0
0.028573056682944298,-6.794013500213623,-1.2137763500213623,0.6974111199378967,5800.0,5800.0
0.028572814539074898,-6.795294761657715,-1.215466022491455,0.6972016096115112,5804.0,5804.0
0.03469907492399216,-6.795957565307617,-1.210014820098877,0.6969922780990601,5808.0,5808.0
0.029566669836640358,-6.797738075256348,-1.2131516933441162,0.6967830657958984,5812.0,5812.0
0.02983050048351288,-6.804664134979248,-1.2121553421020508,0.6965739727020264,5816.0,5816.0
0.020148418843746185,-6.823482513427734,-1.2184959650039673,0.6963649988174438,5820.0,5820.0
0.03035246953368187,-6.80945348739624,-1.2180793285369873,0.6961560249328613,5824.0,5824.0
0.022192761301994324,-6.795551776885986,-1.215804100036621,0.6959471702575684,5828.0,5828.0
0.024877075105905533,-6.796889305114746,-1.2130396366119385,0.6957385540008545,5832.0,5832.0
0.024528203532099724,-6.8164448738098145,-1.2224565744400024,0.6955299377441406,5836.0,5836.0
0.026997974142432213,-6.818726062774658,-1.2226251363754272,0.6953213214874268,5840.0,5840.0
0.030127646401524544,-6.837837219238281,-1.2241151332855225,0.6951128244400024,5844.0,5844.0
0.017465028911828995,-6.841743469238281,-1.2261967658996582,0.6949043273925781,5848.0,5848.0
0.024177521467208862,-6.858582973480225,-1.2332102060317993,0.6946957111358643,5852.0,5852.0
0.023788046091794968,-6.858920574188232,-1.2288711071014404,0.6944871544837952,5856.0,5856.0
0.0641588643193245,-6.854702472686768,-1.230419635772705,0.6942786574363708,5860.0,5860.0
0.02490060403943062,-6.852355003356934,-1.2304415702819824,0.6940702199935913,5864.0,5864.0
0.029035400599241257,-6.836306095123291,-1.2289612293243408,0.6938617825508118,5868.0,5868.0
0.0205641258507967,-6.847925186157227,-1.227308750152588,0.6936535239219666,5872.0,5872.0
0.02292603999376297,-6.849069118499756,-1.2240289449691772,0.6934454441070557,5876.0,5876.0
0.01832868903875351,-6.862188339233398,-1.234342336654663,0.6932374238967896,5880.0,5880.0
0.06715582311153412,-6.864095687866211,-1.2364150285720825,0.6930294036865234,5884.0,5884.0
0.022890277206897736,-6.860239028930664,-1.2377536296844482,0.6928213834762573,5888.0,5888.0
0.023357339203357697,-6.87055778503418,-1.2380566596984863,0.692613422870636,5892.0,5892.0
0.016195375472307205,-6.879179954528809,-1.242379903793335,0.6924054622650146,5896.0,5896.0
0.05696217343211174,-6.8669281005859375,-1.2365214824676514,0.6921975612640381,5900.0,5900.0
0.033046312630176544,-6.882683753967285,-1.2402369976043701,0.6919896602630615,5904.0,5904.0
0.020385414361953735,-6.88423490524292,-1.237349033355713,0.6917819380760193,5908.0,5908.0
0.027685921639204025,-6.891956806182861,-1.2374274730682373,0.6915743350982666,5912.0,5912.0
0.019534729421138763,-6.888681888580322,-1.2435752153396606,0.6913667917251587,5916.0,5916.0
0.028404857963323593,-6.88939905166626,-1.2454109191894531,0.6911592483520508,5920.0,5920.0
0.06878228485584259,-6.861763000488281,-1.2399739027023315,0.6909518241882324,5924.0,5924.0
0.023315880447626114,-6.892979145050049,-1.2475279569625854,0.6907444000244141,5928.0,5928.0
0.04306749254465103,-6.888956546783447,-1.2416141033172607,0.6905372142791748,5932.0,5932.0
0.018464501947164536,-6.906217575073242,-1.2458521127700806,0.6903300285339355,5936.0,5936.0
0.02192065492272377,-6.918787002563477,-1.2488919496536255,0.6901228427886963,5940.0,5940.0
0.019388174638152122,-6.921357154846191,-1.2493624687194824,0.6899157762527466,5944.0,5944.0
0.04352649673819542,-6.923037052154541,-1.2511776685714722,0.6897087693214417,5948.0,5948.0
0.03238024562597275,-6.915614128112793,-1.2503050565719604,0.6895018219947815,5952.0,5952.0
0.02297523245215416,-6.906159400939941,-1.2504854202270508,0.6892949342727661,5956.0,5956.0
0.030666757375001907,-6.925151824951172,-1.252068042755127,0.6890881061553955,5960.0,5960.0
0.014721632935106754,-6.926933288574219,-1.2556743621826172,0.6888813376426697,5964.0,5964.0
0.030094962567090988,-6.921615123748779,-1.254408836364746,0.6886746287345886,5968.0,5968.0
0.019480662420392036,-6.920480251312256,-1.2567719221115112,0.6884679794311523,5972.0,5972.0
0.02703924849629402,-6.926504135131836,-1.2493746280670166,0.6882615089416504,5976.0,5976.0
0.026653779670596123,-6.955606460571289,-1.2617148160934448,0.6880550384521484,5980.0,5980.0
0.01953984424471855,-6.946178436279297,-1.2494127750396729,0.6878488063812256,5984.0,5984.0
0.02820427715778351,-6.953417778015137,-1.2550106048583984,0.6876426339149475,5988.0,5988.0
0.030463892966508865,-6.961137771606445,-1.2630317211151123,0.6874364614486694,5992.0,5992.0
0.017149630934000015,-6.938963890075684,-1.258974552154541,0.6872304677963257,5996.0,5996.0
0.01914292201399803,-6.925388336181641,-1.259669303894043,0.6870244741439819,6000.0,6000.0
0.050849322229623795,-6.931641578674316,-1.265256643295288,0.686818540096283,6004.0,6004.0
0.03953970968723297,-6.941380500793457,-1.2645456790924072,0.6866126656532288,6008.0,6008.0
0.041203390806913376,-6.96885871887207,-1.2635833024978638,0.6864068508148193,6012.0,6012.0
0.03578165918588638,-6.994455337524414,-1.266748070716858,0.6862010955810547,6016.0,6016.0
0.032931242138147354,-7.000545501708984,-1.2671120166778564,0.6859953999519348,6020.0,6020.0
0.020765099674463272,-6.9809064865112305,-1.269432544708252,0.6857897043228149,6024.0,6024.0
0.02210681512951851,-6.956347942352295,-1.2672605514526367,0.6855841279029846,6028.0,6028.0
0.029667075723409653,-6.953220844268799,-1.269068717956543,0.6853786110877991,6032.0,6032.0
0.017498355358839035,-6.97524356842041,-1.2716931104660034,0.6851731538772583,6036.0,6036.0
0.028924711048603058,-6.962285995483398,-1.2691712379455566,0.6849678158760071,6040.0,6040.0
0.028309037908911705,-6.994420051574707,-1.2769238948822021,0.6847624778747559,6044.0,6044.0
0.022926267236471176,-7.016653060913086,-1.2779382467269897,0.6845570802688599,6048.0,6048.0
0.01945650950074196,-7.0026535987854,-1.2731928825378418,0.6843518018722534,6052.0,6052.0
0.026331502944231033,-7.003734588623047,-1.2744898796081543,0.6841466426849365,6056.0,6056.0
0.04024210572242737,-6.9990715980529785,-1.2780290842056274,0.6839414834976196,6060.0,6060.0
0.024545863270759583,-7.003609657287598,-1.2819983959197998,0.6837363839149475,6064.0,6064.0
0.018064916133880615,-6.993353366851807,-1.2799351215362549,0.6835312843322754,6068.0,6068.0
0.02679866924881935,-6.99887752532959,-1.2788963317871094,0.6833263039588928,6072.0,6072.0
0.01596820168197155,-7.017246723175049,-1.2841864824295044,0.6831213235855103,6076.0,6076.0
0.020967479795217514,-7.006288528442383,-1.2782096862792969,0.682916522026062,6080.0,6080.0
0.022387199103832245,-7.040449142456055,-1.286189317703247,0.6827117204666138,6084.0,6084.0
0.024738498032093048,-7.038934707641602,-1.287172794342041,0.6825069189071655,6088.0,6088.0
0.03693673759698868,-7.034803867340088,-1.288432240486145,0.6823021173477173,6092.0,6092.0
0.01991010084748268,-7.035151958465576,-1.2867244482040405,0.6820974349975586,6096.0,6096.0
0.03767617791891098,-7.027022838592529,-1.2819875478744507,0.6818928718566895,6100.0,6100.0
0.029320232570171356,-7.054417610168457,-1.2945653200149536,0.6816882491111755,6104.0,6104.0
0.019719775766134262,-7.051007270812988,-1.29401695728302,0.6814836859703064,6108.0,6108.0
0.026961389929056168,-7.051483154296875,-1.2941429615020752,0.6812790632247925,6112.0,6112.0
0.031946565955877304,-7.057805061340332,-1.2933026552200317,0.6810746192932129,6116.0,6116.0
0.01828514039516449,-7.053077220916748,-1.2931675910949707,0.6808701753616333,6120.0,6120.0
0.017241785302758217,-7.062397480010986,-1.2957062721252441,0.6806657314300537,6124.0,6124.0
0.022253792732954025,-7.047327995300293,-1.2911540269851685,0.6804615259170532,6128.0,6128.0
0.022089658305048943,-7.069131851196289,-1.2955387830734253,0.6802573204040527,6132.0,6132.0
0.033078502863645554,-7.0756120681762695,-1.2941287755966187,0.6800532341003418,6136.0,6136.0
0.021555226296186447,-7.083151340484619,-1.2978856563568115,0.6798492670059204,6140.0,6140.0
0.020114179700613022,-7.073652267456055,-1.2988899946212769,0.679645299911499,6144.0,6144.0
0.03632201999425888,-7.0756025314331055,-1.2988357543945312,0.6794414520263672,6148.0,6148.0
0.01779814064502716,-7.070348739624023,-1.3038939237594604,0.6792376041412354,6152.0,6152.0
0.03414542227983475,-7.062934875488281,-1.2997485399246216,0.6790338158607483,6156.0,6156.0
0.022560156881809235,-7.101519584655762,-1.3138506412506104,0.6788299679756165,6160.0,6160.0
0.021092427894473076,-7.086871147155762,-1.303846836090088,0.6786261796951294,6164.0,6164.0
0.020177051424980164,-7.102934837341309,-1.30466628074646,0.6784225106239319,6168.0,6168.0
0.019954761490225792,-7.107907772064209,-1.3038253784179688,0.6782189011573792,6172.0,6172.0
0.02615826576948166,-7.096268653869629,-1.303953766822815,0.6780154705047607,6176.0,6176.0
0.02005232870578766,-7.084100246429443,-1.300225019454956,0.6778121590614319,6180.0,6180.0
0.023983661085367203,-7.088430404663086,-1.3099877834320068,0.6776089072227478,6184.0,6184.0
0.026514675468206406,-7.0840373039245605,-1.3097641468048096,0.6774057149887085,6188.0,6188.0
0.022202443331480026,-7.078847885131836,-1.3066468238830566,0.6772027015686035,6192.0,6192.0
0.017810119315981865,-7.097273349761963,-1.309985637664795,0.6769996881484985,6196.0,6196.0
0.02073276787996292,-7.1178998947143555,-1.3129099607467651,0.6767967343330383,6200.0,6200.0
0.03339274972677231,-7.148336887359619,-1.3209319114685059,0.6765937209129333,6204.0,6204.0
0.0207088403403759,-7.138933181762695,-1.3216328620910645,0.6763907074928284,6208.0,6208.0
0.016000505536794662,-7.118783473968506,-1.3156400918960571,0.6761877536773682,6212.0,6212.0
0.02247879095375538,-7.11082649230957,-1.3199949264526367,0.675984799861908,6216.0,6216.0
0.026739049702882767,-7.12007474899292,-1.3234493732452393,0.6757818460464478,6220.0,6220.0
0.022340763360261917,-7.106381416320801,-1.316534161567688,0.6755790114402771,6224.0,6224.0
0.03955455124378204,-7.130629539489746,-1.318613886833191,0.675376296043396,6228.0,6228.0
0.016672704368829727,-7.160711765289307,-1.329277515411377,0.6751735210418701,6232.0,6232.0
0.0212632454931736,-7.154051780700684,-1.321376085281372,0.674970805644989,6236.0,6236.0
0.024895256385207176,-7.141143321990967,-1.3153998851776123,0.674768328666687,6240.0,6240.0
0.029486190527677536,-7.151021480560303,-1.3199729919433594,0.6745659112930298,6244.0,6244.0
0.019227854907512665,-7.1502203941345215,-1.3224990367889404,0.6743636727333069,6248.0,6248.0
0.060181260108947754,-7.144876956939697,-1.3218196630477905,0.6741615533828735,6252.0,6252.0
0.03253012150526047,-7.15509033203125,-1.3252928256988525,0.6739594340324402,6256.0,6256.0
0.01903635635972023,-7.162217140197754,-1.3307523727416992,0.6737573742866516,6260.0,6260.0
0.03929669409990311,-7.18240213394165,-1.3358675241470337,0.6735552549362183,6264.0,6264.0
0.017795078456401825,-7.175804138183594,-1.3316004276275635,0.6733531951904297,6268.0,6268.0
0.02073340304195881,-7.1786322593688965,-1.3336986303329468,0.6731511354446411,6272.0,6272.0
0.0279084462672472,-7.191369533538818,-1.3381462097167969,0.6729490756988525,6276.0,6276.0
0.02434082329273224,-7.174198627471924,-1.3278748989105225,0.6727471351623535,6280.0,6280.0
0.024112269282341003,-7.18634033203125,-1.3342790603637695,0.672545313835144,6284.0,6284.0
0.017628122121095657,-7.186670303344727,-1.332995891571045,0.6723436117172241,6288.0,6288.0
0.02630983106791973,-7.191188335418701,-1.3401060104370117,0.6721418499946594,6292.0,6292.0
0.027437791228294373,-7.1793437004089355,-1.3378268480300903,0.6719401478767395,6296.0,6296.0
0.040711909532547,-7.171441555023193,-1.3286890983581543,0.6717386841773987,6300.0,6300.0
0.027414461597800255,-7.201385974884033,-1.3430309295654297,0.6715371608734131,6304.0,6304.0
0.029197346419095993,-7.232691764831543,-1.3443814516067505,0.6713356971740723,6308.0,6308.0
0.022125069051980972,-7.22340726852417,-1.3415629863739014,0.6711342930793762,6312.0,6312.0
0.025904137641191483,-7.19809627532959,-1.3410773277282715,0.670932948589325,6316.0,6316.0
0.024883469566702843,-7.181239128112793,-1.341132640838623,0.6707317233085632,6320.0,6320.0
0.03649209067225456,-7.190603256225586,-1.3411314487457275,0.6705306172370911,6324.0,6324.0
0.02596701681613922,-7.2042317390441895,-1.3476999998092651,0.6703295111656189,6328.0,6328.0
0.018164098262786865,-7.2176923751831055,-1.342955470085144,0.6701284646987915,6332.0,6332.0
0.028442874550819397,-7.241533279418945,-1.3483068943023682,0.6699275374412537,6336.0,6336.0
0.022830374538898468,-7.243812561035156,-1.347805142402649,0.6697266101837158,6340.0,6340.0
0.04051503539085388,-7.245112419128418,-1.3503096103668213,0.6695257425308228,6344.0,6344.0
0.02880512923002243,-7.234101295471191,-1.34929621219635,0.6693249940872192,6348.0,6348.0
0.022380273789167404,-7.237950325012207,-1.3587247133255005,0.6691241264343262,6352.0,6352.0
0.024459699168801308,-7.229508399963379,-1.3481265306472778,0.6689234375953674,6356.0,6356.0
0.019340500235557556,-7.229514122009277,-1.3496875762939453,0.6687228679656982,6360.0,6360.0
0.02231612801551819,-7.241524696350098,-1.3536783456802368,0.6685223579406738,6364.0,6364.0
0.015234537422657013,-7.253149509429932,-1.3545050621032715,0.6683218479156494,6368.0,6368.0
0.019785791635513306,-7.257169246673584,-1.3582452535629272,0.6681214570999146,6372.0,6372.0
0.017329387366771698,-7.264433860778809,-1.3588554859161377,0.6679210662841797,6376.0,6376.0
0.018049485981464386,-7.259858131408691,-1.3616235256195068,0.6677206754684448,6380.0,6380.0
0.03421813249588013,-7.278629302978516,-1.372645378112793,0.6675201654434204,6384.0,6384.0
0.023184143006801605,-7.262026786804199,-1.3652275800704956,0.667319655418396,6388.0,6388.0
0.019423721358180046,-7.262136459350586,-1.3608587980270386,0.6671192646026611,6392.0,6392.0
0.024788320064544678,-7.281455039978027,-1.3693326711654663,0.6669188737869263,6396.0,6396.0
0.02308623120188713,-7.285403251647949,-1.3691686391830444,0.6667184829711914,6400.0,6400.0
0.03640458360314369,-7.2766008377075195,-1.360302448272705,0.6665182113647461,6404.0,6404.0
0.0218832828104496,-7.294892311096191,-1.3674442768096924,0.6663180589675903,6408.0,6408.0
0.02673034742474556,-7.283722400665283,-1.362560510635376,0.6661180257797241,6412.0,6412.0
0.026259634643793106,-7.268075942993164,-1.3632721900939941,0.6659181118011475,6416.0,6416.0
0.021602090448141098,-7.270872592926025,-1.365627646446228,0.6657183170318604,6420.0,6420.0
0.04513561353087425,-7.2751874923706055,-1.3655049800872803,0.6655187010765076,6424.0,6424.0
0.028615158051252365,-7.288207054138184,-1.3636356592178345,0.6653192043304443,6428.0,6428.0
0.031006457284092903,-7.3138017654418945,-1.3760008811950684,0.6651196479797363,6432.0,6432.0
0.017188861966133118,-7.329829216003418,-1.3770558834075928,0.6649201512336731,6436.0,6436.0
0.02033618465065956,-7.319454669952393,-1.3796911239624023,0.6647205948829651,6440.0,6440.0
0.03546002507209778,-7.303228378295898,-1.374886155128479,0.6645210981369019,6444.0,6444.0
0.02383469045162201,-7.30299186706543,-1.3800232410430908,0.6643216609954834,6448.0,6448.0
0.02539632096886635,-7.297429084777832,-1.3732291460037231,0.6641222834587097,6452.0,6452.0
0.023928243666887283,-7.342803955078125,-1.381531000137329,0.663922905921936,6456.0,6456.0
0.022328097373247147,-7.344415187835693,-1.3799669742584229,0.6637236475944519,6460.0,6460.0
0.033809736371040344,-7.351691722869873,-1.3801082372665405,0.6635244488716125,6464.0,6464.0
0.019913319498300552,-7.362205505371094,-1.390103816986084,0.6633251905441284,6468.0,6468.0
0.04177398607134819,-7.356520175933838,-1.3840320110321045,0.6631259322166443,6472.0,6472.0
0.026412945240736008,-7.32867956161499,-1.3766982555389404,0.6629269123077393,6476.0,6476.0
0.021921930834650993,-7.338303565979004,-1.386688470840454,0.6627278327941895,6480.0,6480.0
0.022829115390777588,-7.3345746994018555,-1.3873260021209717,0.6625288724899292,6484.0,6484.0
0.022777574136853218,-7.334261894226074,-1.3826624155044556,0.6623300313949585,6488.0,6488.0
0.028749119490385056,-7.353403091430664,-1.3938486576080322,0.662131130695343,6492.0,6492.0
0.01997782103717327,-7.35103702545166,-1.38372802734375,0.6619324088096619,6496.0,6496.0
0.02227228507399559,-7.35254430770874,-1.3885513544082642,0.6617337465286255,6500.0,6500.0
0.017416100949048996,-7.359489440917969,-1.3879958391189575,0.6615351438522339,6504.0,6504.0
0.02957487478852272,-7.352874755859375,-1.3892111778259277,0.6613366603851318,6508.0,6508.0
0.0241086408495903,-7.358259201049805,-1.3938487768173218,0.6611382365226746,6512.0,6512.0
0.031190766021609306,-7.356499671936035,-1.3931910991668701,0.6609398722648621,6516.0,6516.0
0.019803164526820183,-7.3658881187438965,-1.3938835859298706,0.6607415676116943,6520.0,6520.0
0.015531528741121292,-7.37911319732666,-1.3980896472930908,0.6605432629585266,6524.0,6524.0
0.025444436818361282,-7.372325420379639,-1.396054744720459,0.6603450775146484,6528.0,6528.0
0.027944013476371765,-7.3758344650268555,-1.3966395854949951,0.6601468920707703,6532.0,6532.0
0.025782300159335136,-7.39358377456665,-1.4046937227249146,0.6599487066268921,6536.0,6536.0
0.026475930586457253,-7.375828266143799,-1.3907912969589233,0.6597506999969482,6540.0,6540.0
0.03145480901002884,-7.366678237915039,-1.3937464952468872,0.6595529317855835,6544.0,6544.0
0.024387050420045853,-7.376415252685547,-1.402500867843628,0.659355103969574,6548.0,6548.0
0.021465934813022614,-7.392436981201172,-1.4074063301086426,0.6591572761535645,6552.0,6552.0
0.02845786139369011,-7.38720703125,-1.3988986015319824,0.6589595675468445,6556.0,6556.0
0.020906362682580948,-7.393571376800537,-1.3961615562438965,0.6587620377540588,6560.0,6560.0
0.01898779720067978,-7.411960601806641,-1.410251498222351,0.6585644483566284,6564.0,6564.0
0.026673337444663048,-7.411577224731445,-1.4081511497497559,0.6583669185638428,6568.0,6568.0
0.017600271850824356,-7.417625904083252,-1.4124276638031006,0.6581693887710571,6572.0,6572.0
0.03184490650892258,-7.423001766204834,-1.4139432907104492,0.6579717993736267,6576.0,6576.0
0.017807256430387497,-7.404494285583496,-1.408240556716919,0.6577743291854858,6580.0,6580.0
0.02058330737054348,-7.42042875289917,-1.4194680452346802,0.6575767993927002,6584.0,6584.0
0.02227422036230564,-7.427034378051758,-1.4134432077407837,0.6573792695999146,6588.0,6588.0
0.01945522613823414,-7.4206318855285645,-1.4123343229293823,0.6571818590164185,6592.0,6592.0
0.022313807159662247,-7.450997352600098,-1.4190280437469482,0.6569844484329224,6596.0,6596.0
0.017003491520881653,-7.4433746337890625,-1.4165809154510498,0.656787097454071,6600.0,6600.0
0.028192885220050812,-7.455791473388672,-1.4111407995224,0.6565898656845093,6604.0,6604.0
0.021560534834861755,-7.4553141593933105,-1.4169560670852661,0.6563927531242371,6608.0,6608.0
0.04086559638381004,-7.43408203125,-1.414190411567688,0.6561957597732544,6612.0,6612.0
0.024832870811223984,-7.446199417114258,-1.4196851253509521,0.6559987664222717,6616.0,6616.0
0.0216948501765728,-7.432933807373047,-1.4219651222229004,0.6558018326759338,6620.0,6620.0
0.031606294214725494,-7.441267967224121,-1.4250459671020508,0.655604898929596,6624.0,6624.0
0.01795174553990364,-7.458500862121582,-1.4256341457366943,0.6554080247879028,6628.0,6628.0
0.017136797308921814,-7.445937633514404,-1.4189674854278564,0.6552112102508545,6632.0,6632.0
0.024275843054056168,-7.456216812133789,-1.4215370416641235,0.6550145149230957,6636.0,6636.0
0.02227705344557762,-7.475298881530762,-1.4249130487442017,0.6548179388046265,6640.0,6640.0
0.020372971892356873,-7.46927547454834,-1.4257537126541138,0.6546213626861572,6644.0,6644.0
0.016534171998500824,-7.45917272567749,-1.425208330154419,0.6544249057769775,6648.0,6648.0
0.016597997397184372,-7.4579010009765625,-1.4262360334396362,0.6542285680770874,6652.0,6652.0
0.016450051218271255,-7.4741058349609375,-1.4312798976898193,0.6540322303771973,6656.0,6656.0
0.036785826086997986,-7.467470169067383,-1.4246875047683716,0.6538360118865967,6660.0,6660.0
0.03457947447896004,-7.482935905456543,-1.4306992292404175,0.6536398530006409,6664.0,6664.0
0.03177545219659805,-7.483347415924072,-1.4284584522247314,0.6534438133239746,6668.0,6668.0
0.03560183197259903,-7.497859477996826,-1.4335795640945435,0.6532477736473083,6672.0,6672.0
0.03096996247768402,-7.511770248413086,-1.435040831565857,0.6530517935752869,6676.0,6676.0
0.023318147286772728,-7.513888359069824,-1.4485561847686768,0.652855634689331,6680.0,6680.0
0.023107735440135002,-7.47589635848999,-1.4292945861816406,0.6526597142219543,6684.0,6684.0
0.026999585330486298,-7.48634147644043,-1.4399422407150269,0.6524637937545776,6688.0,6688.0
0.0338960625231266,-7.482998371124268,-1.4334465265274048,0.6522679924964905,6692.0,6692.0
0.024534933269023895,-7.488980293273926,-1.4395710229873657,0.6520722508430481,6696.0,6696.0
0.030743088573217392,-7.512317180633545,-1.4440959692001343,0.6518765091896057,6700.0,6700.0
0.023168113082647324,-7.528378009796143,-1.4454973936080933,0.6516808271408081,6704.0,6704.0
0.02848357893526554,-7.53887939453125,-1.440850853919983,0.6514851450920105,6708.0,6708.0
0.036903075873851776,-7.539237976074219,-1.4415946006774902,0.6512895822525024,6712.0,6712.0
0.0179554782807827,-7.521662712097168,-1.4355820417404175,0.6510941982269287,6716.0,6716.0
0.018422061577439308,-7.523211479187012,-1.449131727218628,0.650898814201355,6720.0,6720.0
0.018297668546438217,-7.492005348205566,-1.4376939535140991,0.6507036089897156,6724.0,6724.0
0.021014399826526642,-7.513758182525635,-1.4530349969863892,0.6505084037780762,6728.0,6728.0
0.017208561301231384,-7.514920234680176,-1.445859670639038,0.6503131985664368,6732.0,6732.0
0.021444469690322876,-7.5367937088012695,-1.4540472030639648,0.6501180529594421,6736.0,6736.0
0.018226925283670425,-7.546352386474609,-1.4506769180297852,0.6499229073524475,6740.0,6740.0
0.026626460254192352,-7.5543904304504395,-1.4552174806594849,0.6497278213500977,6744.0,6744.0
0.018790263682603836,-7.54848575592041,-1.4492908716201782,0.6495327949523926,6748.0,6748.0
0.027573641389608383,-7.545558929443359,-1.4516843557357788,0.649337887763977,6752.0,6752.0
0.028400424867868423,-7.545968055725098,-1.45198392868042,0.6491430997848511,6756.0,6756.0
0.016485068947076797,-7.548247814178467,-1.4616671800613403,0.6489481925964355,6760.0,6760.0
0.02956676483154297,-7.534902572631836,-1.459415078163147,0.6487533450126648,6764.0,6764.0
0.025234833359718323,-7.54112434387207,-1.4551401138305664,0.6485586166381836,6768.0,6768.0
0.026169996708631516,-7.564960479736328,-1.4571611881256104,0.6483639478683472,6772.0,6772.0
0.02357340231537819,-7.587054252624512,-1.462353229522705,0.6481692790985107,6776.0,6776.0
0.018044767901301384,-7.591320514678955,-1.4639060497283936,0.6479746699333191,6780.0,6780.0
0.01967630907893181,-7.562769889831543,-1.4528497457504272,0.6477802395820618,6784.0,6784.0
0.025936011224985123,-7.561057090759277,-1.4626482725143433,0.6475858688354492,6788.0,6788.0
0.017359793186187744,-7.569302558898926,-1.4667243957519531,0.6473914384841919,6792.0,6792.0
0.017556194216012955,-7.553614139556885,-1.4593393802642822,0.6471972465515137,6796.0,6796.0
0.023194830864667892,-7.57375431060791,-1.465564489364624,0.6470030546188354,6800.0,6800.0
0.02549760788679123,-7.597794532775879,-1.4657799005508423,0.646808922290802,6804.0,6804.0
0.031260862946510315,-7.609596252441406,-1.463516116142273,0.6466149091720581,6808.0,6808.0
0.023864082992076874,-7.602228164672852,-1.4648749828338623,0.646420955657959,6812.0,6812.0
0.023143835365772247,-7.611207485198975,-1.4748470783233643,0.6462270021438599,6816.0,6816.0
0.016222737729549408,-7.601770401000977,-1.4785268306732178,0.646032989025116,6820.0,6820.0
0.03160308301448822,-7.57063102722168,-1.4671396017074585,0.6458390951156616,6824.0,6824.0
0.03160306066274643,-7.586917400360107,-1.4701993465423584,0.6456453204154968,6828.0,6828.0
0.020481176674365997,-7.582983016967773,-1.464623212814331,0.6454517245292664,6832.0,6832.0
0.018728410825133324,-7.613613128662109,-1.4724518060684204,0.6452581882476807,6836.0,6836.0
0.015939662232995033,-7.622671127319336,-1.4717750549316406,0.6450647115707397,6840.0,6840.0
0.029237758368253708,-7.640436172485352,-1.4777894020080566,0.6448712944984436,6844.0,6844.0
0.02121606096625328,-7.627682685852051,-1.476088047027588,0.6446778774261475,6848.0,6848.0
0.01534382812678814,-7.600187301635742,-1.4738421440124512,0.6444846391677856,6852.0,6852.0
0.03444814309477806,-7.59688138961792,-1.478254795074463,0.6442914009094238,6856.0,6856.0
0.022487211972475052,-7.632824897766113,-1.4842040538787842,0.6440982222557068,6860.0,6860.0
0.05218423157930374,-7.6401143074035645,-1.4739463329315186,0.6439051628112793,6864.0,6864.0
0.01832096464931965,-7.661700248718262,-1.4842519760131836,0.643712043762207,6868.0,6868.0
0.024609073996543884,-7.643471717834473,-1.4822393655776978,0.6435190439224243,6872.0,6872.0
0.036919184029102325,-7.651856422424316,-1.4845225811004639,0.6433261036872864,6876.0,6876.0
0.021548964083194733,-7.660067081451416,-1.4965236186981201,0.6431330442428589,6880.0,6880.0
0.02633766457438469,-7.62150764465332,-1.4793392419815063,0.6429401636123657,6884.0,6884.0
0.024081896990537643,-7.629189491271973,-1.4891808032989502,0.6427472829818726,6888.0,6888.0
0.02712208963930607,-7.623783111572266,-1.4851715564727783,0.6425544619560242,6892.0,6892.0
0.023762159049510956,-7.660945892333984,-1.4961504936218262,0.6423616409301758,6896.0,6896.0
0.030128739774227142,-7.674243450164795,-1.4951996803283691,0.6421688199043274,6900.0,6900.0
0.023888234049081802,-7.672184944152832,-1.491178274154663,0.6419760584831238,6904.0,6904.0
0.021975595504045486,-7.691316604614258,-1.4928176403045654,0.6417833566665649,6908.0,6908.0
0.02443550154566765,-7.663243293762207,-1.4928371906280518,0.6415907740592957,6912.0,6912.0
0.027244368568062782,-7.66351318359375,-1.499918818473816,0.6413981318473816,6916.0,6916.0
0.030042536556720734,-7.668486595153809,-1.4918584823608398,0.6412056088447571,6920.0,6920.0
0.01730010285973549,-7.680749893188477,-1.497766375541687,0.6410131454467773,6924.0,6924.0
0.02114262804389,-7.685325622558594,-1.4975916147232056,0.6408207416534424,6928.0,6928.0
0.025560367852449417,-7.696218490600586,-1.5038132667541504,0.6406283378601074,6932.0,6932.0
0.021481886506080627,-7.681282997131348,-1.497236728668213,0.640436053276062,6936.0,6936.0
0.016312599182128906,-7.673797607421875,-1.5064294338226318,0.6402437686920166,6940.0,6940.0
0.019150499254465103,-7.674891471862793,-1.5021400451660156,0.6400514841079712,6944.0,6944.0
0.023218650370836258,-7.678153038024902,-1.5014551877975464,0.6398593187332153,6948.0,6948.0
0.017243709415197372,-7.698680877685547,-1.5041759014129639,0.639667272567749,6952.0,6952.0
0.015804868191480637,-7.717454433441162,-1.5072412490844727,0.6394751667976379,6956.0,6956.0
0.02414710819721222,-7.729754447937012,-1.5100171566009521,0.6392831206321716,6960.0,6960.0
0.023478714749217033,-7.722383499145508,-1.5089550018310547,0.6390911340713501,6964.0,6964.0
0.022253945469856262,-7.698814392089844,-1.5039328336715698,0.6388992667198181,6968.0,6968.0
0.01961539499461651,-7.705992698669434,-1.5125846862792969,0.6387073993682861,6972.0,6972.0
0.027005687355995178,-7.716383457183838,-1.5135626792907715,0.6385155916213989,6976.0,6976.0
0.04193463549017906,-7.720990180969238,-1.5080609321594238,0.6383238434791565,6980.0,6980.0
0.018721437081694603,-7.708819389343262,-1.509161353111267,0.6381322145462036,6984.0,6984.0
0.015985820442438126,-7.7349748611450195,-1.5197839736938477,0.6379405856132507,6988.0,6988.0
0.020104356110095978,-7.703780651092529,-1.5054125785827637,0.6377491354942322,6992.0,6992.0
0.036722294986248016,-7.730335712432861,-1.518852949142456,0.6375576853752136,6996.0,6996.0
0.03141908720135689,-7.7314324378967285,-1.51106595993042,0.6373663544654846,7000.0,7000.0
0.033311571925878525,-7.7456793785095215,-1.5183721780776978,0.6371750831604004,7004.0,7004.0
0.019935468211770058,-7.744280815124512,-1.5158611536026,0.6369838714599609,7008.0,7008.0
0.0171193927526474,-7.724038124084473,-1.5155109167099,0.636792778968811,7012.0,7012.0
0.018698696047067642,-7.730703353881836,-1.5222163200378418,0.6366016864776611,7016.0,7016.0
0.01814301684498787,-7.733763694763184,-1.5254052877426147,0.6364105939865112,7020.0,7020.0
0.03182338550686836,-7.735588073730469,-1.518101453781128,0.6362196207046509,7024.0,7024.0
0.01774870976805687,-7.745752334594727,-1.5165331363677979,0.6360287666320801,7028.0,7028.0
0.017116572707891464,-7.747112274169922,-1.5153132677078247,0.6358381509780884,7032.0,7032.0
0.020276986062526703,-7.779779434204102,-1.540165901184082,0.6356472969055176,7036.0,7036.0
0.016194388270378113,-7.7636566162109375,-1.5201314687728882,0.6354565620422363,7040.0,7040.0
0.029330505058169365,-7.7841997146606445,-1.5328974723815918,0.6352658867835999,7044.0,7044.0
0.019260302186012268,-7.7722601890563965,-1.527884840965271,0.6350752115249634,7048.0,7048.0
0.04052575305104256,-7.764288425445557,-1.524611234664917,0.6348846554756165,7052.0,7052.0
0.015186398290097713,-7.775778770446777,-1.5320178270339966,0.6346941590309143,7056.0,7056.0
0.023236798122525215,-7.760955333709717,-1.5216395854949951,0.6345038414001465,7060.0,7060.0
0.018997471779584885,-7.767210960388184,-1.5260820388793945,0.6343135833740234,7064.0,7064.0
0.014262625947594643,-7.775094032287598,-1.5377308130264282,0.6341233849525452,7068.0,7068.0
0.018991805613040924,-7.770922660827637,-1.531084656715393,0.6339332461357117,7072.0,7072.0
0.021946493536233902,-7.785202980041504,-1.5403032302856445,0.6337430477142334,7076.0,7076.0
0.017188671976327896,-7.791508674621582,-1.5370402336120605,0.6335529088973999,7080.0,7080.0
0.016546856611967087,-7.801079273223877,-1.5382061004638672,0.6333628296852112,7084.0,7084.0
0.02199474535882473,-7.801519393920898,-1.53168523311615,0.633172869682312,7088.0,7088.0
0.02147388458251953,-7.818540573120117,-1.548155665397644,0.6329828500747681,7092.0,7092.0
0.03837992995977402,-7.793940544128418,-1.536166787147522,0.6327929496765137,7096.0,7096.0
0.01814507693052292,-7.8133440017700195,-1.5454423427581787,0.6326030492782593,7100.0,7100.0
0.029580842703580856,-7.8116607666015625,-1.5495332479476929,0.6324130892753601,7104.0,7104.0
0.02703997492790222,-7.8006672859191895,-1.5424509048461914,0.6322232484817505,7108.0,7108.0
0.02017858996987343,-7.8108038902282715,-1.55000638961792,0.6320333480834961,7112.0,7112.0
0.022676730528473854,-7.814252853393555,-1.5374144315719604,0.6318436861038208,7116.0,7116.0
0.032621078193187714,-7.821712493896484,-1.5445054769515991,0.6316540241241455,7120.0,7120.0
0.019941410049796104,-7.838605880737305,-1.5496701002120972,0.6314644813537598,7124.0,7124.0
0.03011242486536503,-7.858824253082275,-1.556912899017334,0.6312748193740845,7128.0,7128.0
0.027299905195832253,-7.855598449707031,-1.555957317352295,0.6310851573944092,7132.0,7132.0
0.019094277173280716,-7.818130016326904,-1.5456373691558838,0.6308956742286682,7136.0,7136.0
0.028800776228308678,-7.817475318908691,-1.5499982833862305,0.630706250667572,7140.0,7140.0
0.0387975238263607,-7.807589054107666,-1.5465713739395142,0.6305169463157654,7144.0,7144.0
0.021934300661087036,-7.820318222045898,-1.5514984130859375,0.6303277611732483,7148.0,7148.0
0.03735999017953873,-7.839735984802246,-1.555137276649475,0.6301385760307312,7152.0,7152.0
0.02261904999613762,-7.854493141174316,-1.5515583753585815,0.6299495697021484,7156.0,7156.0
0.022924374788999557,-7.865875244140625,-1.559464931488037,0.6297605037689209,7160.0,7160.0
0.021919801831245422,-7.838509559631348,-1.5433660745620728,0.6295716762542725,7164.0,7164.0
0.024129562079906464,-7.856877326965332,-1.5663141012191772,0.6293827891349792,7168.0,7168.0
0.017179105430841446,-7.835494041442871,-1.5579687356948853,0.6291940212249756,7172.0,7172.0
0.02615940198302269,-7.839118957519531,-1.5496739149093628,0.6290053725242615,7176.0,7176.0
0.019610045477747917,-7.854864120483398,-1.551015019416809,0.6288169026374817,7180.0,7180.0
0.022333864122629166,-7.880278587341309,-1.5618884563446045,0.6286284923553467,7184.0,7184.0
0.02036636509001255,-7.8727126121521,-1.5639302730560303,0.6284400820732117,7188.0,7188.0
0.020438235253095627,-7.858956336975098,-1.5542564392089844,0.628251850605011,7192.0,7192.0
0.021724410355091095,-7.866779804229736,-1.5608978271484375,0.6280636787414551,7196.0,7196.0
0.023388737812638283,-7.863493919372559,-1.5675104856491089,0.6278755068778992,7200.0,7200.0
0.02762148529291153,-7.862686634063721,-1.5637636184692383,0.627687394618988,7204.0,7204.0
0.01984766125679016,-7.883329391479492,-1.5760411024093628,0.6274992227554321,7208.0,7208.0
0.020714787766337395,-7.885357856750488,-1.567979097366333,0.627311110496521,7212.0,7212.0
0.020459046587347984,-7.894591808319092,-1.5729310512542725,0.6271230578422546,7216.0,7216.0
0.02114609256386757,-7.890580177307129,-1.5721135139465332,0.6269350051879883,7220.0,7220.0
0.021876253187656403,-7.878602027893066,-1.567892074584961,0.6267470121383667,7224.0,7224.0
0.020450767129659653,-7.888944149017334,-1.5766388177871704,0.6265590190887451,7228.0,7228.0
0.018047522753477097,-7.883358955383301,-1.5716673135757446,0.6263711452484131,7232.0,7232.0
0.021292440593242645,-7.88737154006958,-1.5736242532730103,0.6261833310127258,7236.0,7236.0
0.024036791175603867,-7.88441276550293,-1.5772370100021362,0.6259955763816833,7240.0,7240.0
0.028100842610001564,-7.901567459106445,-1.5804002285003662,0.6258077621459961,7244.0,7244.0
0.027520276606082916,-7.925708770751953,-1.5807952880859375,0.6256200075149536,7248.0,7248.0
0.021206963807344437,-7.923401355743408,-1.578639030456543,0.6254323720932007,7252.0,7252.0
0.016084808856248856,-7.910112380981445,-1.5808591842651367,0.6252447366714478,7256.0,7256.0
0.018190335482358932,-7.9041337966918945,-1.5827255249023438,0.6250571012496948,7260.0,7260.0
0.018788401037454605,-7.899333953857422,-1.574851632118225,0.6248696446418762,7264.0,7264.0
0.016002893447875977,-7.914644241333008,-1.5812392234802246,0.6246822476387024,7268.0,7268.0
0.03205167502164841,-7.926266670227051,-1.5865808725357056,0.6244949102401733,7272.0,7272.0
0.01921779289841652,-7.931960582733154,-1.577890157699585,0.6243076324462891,7276.0,7276.0
0.02863824926316738,-7.956851482391357,-1.587875485420227,0.6241204738616943,7280.0,7280.0
0.021480582654476166,-7.954069137573242,-1.5901504755020142,0.6239332556724548,7284.0,7284.0
0.018875811249017715,-7.932901382446289,-1.58747398853302,0.6237461566925049,7288.0,7288.0
0.031045157462358475,-7.931061744689941,-1.5795328617095947,0.6235591769218445,7292.0,7292.0
0.017209423705935478,-7.917538166046143,-1.5861830711364746,0.6233723163604736,7296.0,7296.0
0.02133326232433319,-7.930789947509766,-1.5931967496871948,0.6231854557991028,7300.0,7300.0
0.0251140259206295,-7.931101322174072,-1.5841119289398193,0.6229987144470215,7304.0,7304.0
0.02029978483915329,-7.974176406860352,-1.5924359560012817,0.622812032699585,7308.0,7308.0
0.025047166272997856,-7.973487854003906,-1.5873477458953857,0.622625470161438,7312.0,7312.0
0.032982148230075836,-7.966518402099609,-1.5956591367721558,0.622438907623291,7316.0,7316.0
0.018170833587646484,-7.958173751831055,-1.5919312238693237,0.6222524642944336,7320.0,7320.0
0.01928619295358658,-7.945779800415039,-1.592919111251831,0.622066080570221,7324.0,7324.0
0.019102448597550392,-7.930542469024658,-1.5946824550628662,0.6218797564506531,7328.0,7328.0
0.023768844082951546,-7.942981243133545,-1.5983431339263916,0.62169349193573,7332.0,7332.0
0.016699839383363724,-7.956814765930176,-1.5947604179382324,0.6215072870254517,7336.0,7336.0
0.01857287436723709,-7.974857807159424,-1.5939915180206299,0.6213212013244629,7340.0,7340.0
0.029826350510120392,-7.9858551025390625,-1.6023691892623901,0.6211351156234741,7344.0,7344.0
0.017327675595879555,-7.99041223526001,-1.6084128618240356,0.6209490299224854,7348.0,7348.0
0.027955591678619385,-7.970219612121582,-1.591422200202942,0.6207631230354309,7352.0,7352.0
0.015645604580640793,-7.97225284576416,-1.6029629707336426,0.6205772161483765,7356.0,7356.0
0.030352752655744553,-7.971094131469727,-1.6083431243896484,0.6203913688659668,7360.0,7360.0
0.018853800371289253,-8.013290405273438,-1.6174261569976807,0.6202054023742676,7364.0,7364.0
0.017081771045923233,-8.002801895141602,-1.6094741821289062,0.6200194358825684,7368.0,7368.0
0.024841416627168655,-8.013384819030762,-1.6110894680023193,0.6198335289955139,7372.0,7372.0
0.020547300577163696,-8.005743026733398,-1.6061620712280273,0.6196476817131042,7376.0,7376.0
0.01826631650328636,-8.00186538696289,-1.6086115837097168,0.6194619536399841,7380.0,7380.0
0.02142433449625969,-7.989437103271484,-1.6026296615600586,0.6192763447761536,7384.0,7384.0
0.022441908717155457,-8.015159606933594,-1.6121207475662231,0.6190907955169678,7388.0,7388.0
0.017792431637644768,-8.011219024658203,-1.612776517868042,0.6189053058624268,7392.0,7392.0
0.01631888374686241,-8.003767013549805,-1.6073358058929443,0.6187199354171753,7396.0,7396.0
0.03552195429801941,-8.010986328125,-1.6138217449188232,0.6185346245765686,7400.0,7400.0
0.014540322124958038,-7.996726989746094,-1.6126618385314941,0.6183493733406067,7404.0,7404.0
0.017836207523941994,-8.025373458862305,-1.6205495595932007,0.6181641221046448,7408.0,7408.0
0.02281869575381279,-8.035093307495117,-1.6221907138824463,0.6179788708686829,7412.0,7412.0
0.027317114174365997,-8.05543327331543,-1.6220371723175049,0.617793619632721,7416.0,7416.0
0.017854567617177963,-8.07214069366455,-1.6395118236541748,0.6176082491874695,7420.0,7420.0
0.025211729109287262,-8.04179859161377,-1.6298701763153076,0.6174228191375732,7424.0,7424.0
0.014069575816392899,-8.027883529663086,-1.6253553628921509,0.6172374486923218,7428.0,7428.0
0.02099999412894249,-8.024847984313965,-1.627471685409546,0.6170521378517151,7432.0,7432.0
0.028737084940075874,-8.041936874389648,-1.6279828548431396,0.6168668866157532,7436.0,7436.0
0.02636861987411976,-8.041532516479492,-1.621305227279663,0.616681694984436,7440.0,7440.0
0.025064274668693542,-8.0553560256958,-1.6228420734405518,0.6164966821670532,7444.0,7444.0
0.018393421545624733,-8.047992706298828,-1.6294140815734863,0.6163116693496704,7448.0,7448.0
0.02075153961777687,-8.043539047241211,-1.6227691173553467,0.6161268353462219,7452.0,7452.0
0.01912020519375801,-8.053468704223633,-1.632894515991211,0.6159420013427734,7456.0,7456.0
0.021329261362552643,-8.06887435913086,-1.6399800777435303,0.6157571077346802,7460.0,7460.0
0.03665710613131523,-8.08078384399414,-1.6298415660858154,0.6155723929405212,7464.0,7464.0
0.024302728474140167,-8.077150344848633,-1.6305943727493286,0.6153876781463623,7468.0,7468.0
0.022614944726228714,-8.079898834228516,-1.6405396461486816,0.6152030229568481,7472.0,7472.0
0.015060060657560825,-8.073260307312012,-1.6354329586029053,0.615018367767334,7476.0,7476.0
0.01599911041557789,-8.057453155517578,-1.6307196617126465,0.6148338913917542,7480.0,7480.0
0.01589001715183258,-8.06240463256836,-1.6417710781097412,0.6146494150161743,7484.0,7484.0
0.023777354508638382,-8.06147289276123,-1.634040117263794,0.6144649982452393,7488.0,7488.0
0.01988537609577179,-8.082221984863281,-1.630422830581665,0.6142808198928833,7492.0,7492.0
0.014230236411094666,-8.101804733276367,-1.6414483785629272,0.6140966415405273,7496.0,7496.0
0.01955806091427803,-8.105283737182617,-1.6420282125473022,0.6139124631881714,7500.0,7500.0
0.019197117537260056,-8.110064506530762,-1.6455637216567993,0.6137283444404602,7504.0,7504.0
0.016708992421627045,-8.085480690002441,-1.6445677280426025,0.6135442852973938,7508.0,7508.0
0.04033981263637543,-8.092774391174316,-1.6432411670684814,0.6133602261543274,7512.0,7512.0
0.01570916920900345,-8.084681510925293,-1.6389708518981934,0.6131763458251953,7516.0,7516.0
0.0483967587351799,-8.110254287719727,-1.646955966949463,0.612992525100708,7520.0,7520.0
0.016397841274738312,-8.101778030395508,-1.64151930809021,0.6128087639808655,7524.0,7524.0
0.01571536809206009,-8.101823806762695,-1.6371114253997803,0.6126251816749573,7528.0,7528.0
0.03618738055229187,-8.119086265563965,-1.6533992290496826,0.6124415993690491,7532.0,7532.0
0.01670162007212639,-8.116341590881348,-1.649502158164978,0.6122580766677856,7536.0,7536.0
0.06362371146678925,-8.123777389526367,-1.6462260484695435,0.612074613571167,7540.0,7540.0
0.017372462898492813,-8.119680404663086,-1.6534466743469238,0.6118912100791931,7544.0,7544.0
0.018149130046367645,-8.118776321411133,-1.657595157623291,0.6117077469825745,7548.0,7548.0
0.03553890436887741,-8.114891052246094,-1.655705451965332,0.6115244030952454,7552.0,7552.0
0.027032339945435524,-8.132749557495117,-1.6554430723190308,0.6113409996032715,7556.0,7556.0
0.021896548569202423,-8.145689010620117,-1.6592122316360474,0.6111577153205872,7560.0,7560.0
0.02770049311220646,-8.138445854187012,-1.6503289937973022,0.6109744906425476,7564.0,7564.0
0.024956027045845985,-8.139142990112305,-1.663769006729126,0.6107912659645081,7568.0,7568.0
0.022432556375861168,-8.146068572998047,-1.655651330947876,0.6106081604957581,7572.0,7572.0
0.01757817529141903,-8.140771865844727,-1.662170171737671,0.6104250550270081,7576.0,7576.0
0.028968721628189087,-8.14931869506836,-1.6655555963516235,0.6102419495582581,7580.0,7580.0
0.029439061880111694,-8.145856857299805,-1.6707448959350586,0.6100588440895081,7584.0,7584.0
0.06001542508602142,-8.15286636352539,-1.6643421649932861,0.6098757386207581,7588.0,7588.0
0.022034861147403717,-8.17210865020752,-1.6690428256988525,0.6096926927566528,7592.0,7592.0
0.018988020718097687,-8.170281410217285,-1.669715166091919,0.6095096468925476,7596.0,7596.0
0.02282300591468811,-8.155433654785156,-1.6627789735794067,0.6093267798423767,7600.0,7600.0
0.023436199873685837,-8.162455558776855,-1.667628526687622,0.6091439127922058,7604.0,7604.0
0.024023115634918213,-8.15298843383789,-1.6711363792419434,0.6089611053466797,7608.0,7608.0
0.02240382879972458,-8.177295684814453,-1.672454595565796,0.6087782979011536,7612.0,7612.0
0.023293085396289825,-8.18962574005127,-1.6774004697799683,0.6085954904556274,7616.0,7616.0
0.028237923979759216,-8.193461418151855,-1.6807961463928223,0.6084126830101013,7620.0,7620.0
0.02245694026350975,-8.182823181152344,-1.6750080585479736,0.60822993516922,7624.0,7624.0
0.018867596983909607,-8.172063827514648,-1.6740152835845947,0.6080472469329834,7628.0,7628.0
0.018401194363832474,-8.169875144958496,-1.6724183559417725,0.6078646779060364,7632.0,7632.0
0.018233967944979668,-8.166138648986816,-1.6764798164367676,0.6076821684837341,7636.0,7636.0
0.016497720032930374,-8.175310134887695,-1.6765637397766113,0.6074997186660767,7640.0,7640.0
0.01835038512945175,-8.198448181152344,-1.6795018911361694,0.6073173880577087,7644.0,7644.0
0.018750440329313278,-8.189759254455566,-1.6769593954086304,0.6071350574493408,7648.0,7648.0
0.016060933470726013,-8.202387809753418,-1.6800987720489502,0.6069528460502625,7652.0,7652.0
0.02180657349526882,-8.185831069946289,-1.6802527904510498,0.6067706942558289,7656.0,7656.0
0.01662253960967064,-8.191338539123535,-1.6847083568572998,0.6065885424613953,7660.0,7660.0
0.018588345497846603,-8.191895484924316,-1.6788252592086792,0.606406569480896,7664.0,7664.0
0.018047671765089035,-8.211640357971191,-1.6808907985687256,0.6062246561050415,7668.0,7668.0
0.018713129684329033,-8.219894409179688,-1.6857776641845703,0.606042742729187,7672.0,7672.0
0.01399949099868536,-8.210440635681152,-1.6880390644073486,0.6058609485626221,7676.0,7676.0
0.023836955428123474,-8.210205078125,-1.6959106922149658,0.6056790351867676,7680.0,7680.0
0.024560080841183662,-8.209748268127441,-1.690256118774414,0.6054972410202026,7684.0,7684.0
0.022732459008693695,-8.209060668945312,-1.6874666213989258,0.6053154468536377,7688.0,7688.0
0.021389704197645187,-8.227330207824707,-1.6912565231323242,0.6051337718963623,7692.0,7692.0
0.025404706597328186,-8.233013153076172,-1.6925103664398193,0.6049520969390869,7696.0,7696.0
0.019327130168676376,-8.242351531982422,-1.6959874629974365,0.6047704815864563,7700.0,7700.0
0.02664790116250515,-8.217555046081543,-1.6839733123779297,0.60458904504776,7704.0,7704.0
0.016134576871991158,-8.21045207977295,-1.6915035247802734,0.6044076681137085,7708.0,7708.0
0.013703021220862865,-8.203091621398926,-1.686251163482666,0.6042264699935913,7712.0,7712.0
0.03311455249786377,-8.226016998291016,-1.7016518115997314,0.6040452122688293,7716.0,7716.0
0.030106641352176666,-8.251248359680176,-1.6950645446777344,0.6038640737533569,7720.0,7720.0
0.0297430120408535,-8.264415740966797,-1.6962554454803467,0.6036829948425293,7724.0,7724.0
0.018973812460899353,-8.27752685546875,-1.7045459747314453,0.6035018563270569,7728.0,7728.0
0.020499277859926224,-8.261727333068848,-1.7081382274627686,0.6033207178115845,7732.0,7732.0
0.01616482064127922,-8.259211540222168,-1.702336072921753,0.6031396985054016,7736.0,7736.0
0.015436092391610146,-8.222272872924805,-1.69825279712677,0.6029586791992188,7740.0,7740.0
0.03101194277405739,-8.230012893676758,-1.6973025798797607,0.6027778387069702,7744.0,7744.0
0.012973046861588955,-8.255380630493164,-1.7060444355010986,0.6025970578193665,7748.0,7748.0
0.037388596683740616,-8.280170440673828,-1.6992689371109009,0.6024163365364075,7752.0,7752.0
0.017464926466345787,-8.312881469726562,-1.7198652029037476,0.6022355556488037,7756.0,7756.0
0.016761062666773796,-8.291553497314453,-1.707793951034546,0.6020547747612,7760.0,7760.0
0.023899517953395844,-8.248870849609375,-1.6976544857025146,0.6018742322921753,7764.0,7764.0
0.031696807593107224,-8.260040283203125,-1.7115205526351929,0.6016936898231506,7768.0,7768.0
0.015517906285822392,-8.273326873779297,-1.7129409313201904,0.6015132069587708,7772.0,7772.0
0.023448901250958443,-8.267196655273438,-1.709096908569336,0.6013327836990356,7776.0,7776.0
0.022621316835284233,-8.285456657409668,-1.714701771736145,0.6011523604393005,7780.0,7780.0
0.016248349100351334,-8.288000106811523,-1.7054444551467896,0.6009721159934998,7784.0,7784.0
0.01731983572244644,-8.302515029907227,-1.7159249782562256,0.600791871547699,7788.0,7788.0
0.021766887977719307,-8.281048774719238,-1.7058100700378418,0.6006118059158325,7792.0,7792.0
0.027738109230995178,-8.27871322631836,-1.7101621627807617,0.6004317998886108,7796.0,7796.0
0.025001563131809235,-8.282394409179688,-1.70792555809021,0.6002519726753235,7800.0,7800.0
0.015979086980223656,-8.29298210144043,-1.7160530090332031,0.6000721454620361,7804.0,7804.0
0.020674020051956177,-8.295734405517578,-1.720576286315918,0.5998923778533936,7808.0,7808.0
0.016950178891420364,-8.308408737182617,-1.7206724882125854,0.599712610244751,7812.0,7812.0
0.014512003399431705,-8.319368362426758,-1.7232718467712402,0.5995329022407532,7816.0,7816.0
0.016707472503185272,-8.309814453125,-1.7171738147735596,0.5993532538414001,7820.0,7820.0
0.03018626943230629,-8.304567337036133,-1.7211527824401855,0.5991736650466919,7824.0,7824.0
0.035182878375053406,-8.323997497558594,-1.7283855676651,0.5989940166473389,7828.0,7828.0
0.031092233955860138,-8.33949089050293,-1.7225677967071533,0.5988145470619202,7832.0,7832.0
0.016768433153629303,-8.328070640563965,-1.7338229417800903,0.5986349582672119,7836.0,7836.0
0.02424059808254242,-8.316341400146484,-1.7222537994384766,0.5984554290771484,7840.0,7840.0
0.015577863901853561,-8.298360824584961,-1.7244696617126465,0.5982760787010193,7844.0,7844.0
0.022610966116189957,-8.314004898071289,-1.7267706394195557,0.5980967283248901,7848.0,7848.0
0.020169313997030258,-8.317513465881348,-1.728070616722107,0.5979174971580505,7852.0,7852.0
0.021893896162509918,-8.344026565551758,-1.7299731969833374,0.5977383255958557,7856.0,7856.0
0.03155828267335892,-8.360013008117676,-1.7359142303466797,0.5975590944290161,7860.0,7860.0
0.02545018121600151,-8.356826782226562,-1.7330498695373535,0.5973799228668213,7864.0,7864.0
0.02524043247103691,-8.347538948059082,-1.7307546138763428,0.597200870513916,7868.0,7868.0
0.021728817373514175,-8.35490894317627,-1.737541913986206,0.5970218181610107,7872.0,7872.0
0.023353127762675285,-8.343761444091797,-1.7418880462646484,0.5968427062034607,7876.0,7876.0
0.01886739954352379,-8.335601806640625,-1.7320899963378906,0.596663773059845,7880.0,7880.0
0.029932178556919098,-8.35390567779541,-1.7459831237792969,0.5964847803115845,7884.0,7884.0
0.016602497547864914,-8.331250190734863,-1.7341331243515015,0.5963059067726135,7888.0,7888.0
0.015260148793458939,-8.344766616821289,-1.7447645664215088,0.5961270332336426,7892.0,7892.0
0.017722997814416885,-8.358087539672852,-1.7427197694778442,0.5959482192993164,7896.0,7896.0
0.02033722586929798,-8.370644569396973,-1.7403085231781006,0.5957694053649902,7900.0,7900.0
0.01990503817796707,-8.380724906921387,-1.7494608163833618,0.5955906510353088,7904.0,7904.0
0.02474699541926384,-8.373015403747559,-1.7417278289794922,0.595412015914917,7908.0,7908.0
0.019590798765420914,-8.364998817443848,-1.7453584671020508,0.5952333807945251,7912.0,7912.0
0.025245077908039093,-8.357707977294922,-1.7419897317886353,0.5950548648834229,7916.0,7916.0
0.03580222651362419,-8.356741905212402,-1.7386164665222168,0.5948764681816101,7920.0,7920.0
0.02094879373908043,-8.361528396606445,-1.740673542022705,0.5946982502937317,7924.0,7924.0
0.02145230397582054,-8.403553009033203,-1.759714961051941,0.594519853591919,7928.0,7928.0
0.01803523488342762,-8.408991813659668,-1.7520906925201416,0.5943415760993958,7932.0,7932.0
0.02456693910062313,-8.40546703338623,-1.754765510559082,0.5941632986068726,7936.0,7936.0
0.014101280830800533,-8.396744728088379,-1.7554954290390015,0.5939850807189941,7940.0,7940.0
0.02777567133307457,-8.382962226867676,-1.7516688108444214,0.5938069224357605,7944.0,7944.0
0.0176681000739336,-8.363929748535156,-1.7452845573425293,0.5936288833618164,7948.0,7948.0
0.021072523668408394,-8.389001846313477,-1.7554352283477783,0.5934509038925171,7952.0,7952.0
0.02827555686235428,-8.39213752746582,-1.765791893005371,0.593272864818573,7956.0,7956.0
0.017376892268657684,-8.414052963256836,-1.760905146598816,0.5930948257446289,7960.0,7960.0
0.08798285573720932,-8.431700706481934,-1.7561092376708984,0.5929169058799744,7964.0,7964.0
0.035077352076768875,-8.43829345703125,-1.7576767206192017,0.5927390456199646,7968.0,7968.0
0.02382323332130909,-8.428632736206055,-1.7652063369750977,0.5925611853599548,7972.0,7972.0
0.016756637021899223,-8.412516593933105,-1.7664432525634766,0.5923833847045898,7976.0,7976.0
0.029327256605029106,-8.398178100585938,-1.764620304107666,0.5922055840492249,7980.0,7980.0
0.037374064326286316,-8.421581268310547,-1.7698906660079956,0.5920277833938599,7984.0,7984.0
0.021048784255981445,-8.428163528442383,-1.7700835466384888,0.5918499827384949,7988.0,7988.0
0.019894473254680634,-8.42930793762207,-1.7620720863342285,0.5916723012924194,7992.0,7992.0
0.020739085972309113,-8.43453311920166,-1.7738783359527588,0.591494619846344,7996.0,7996.0
0.02025795355439186,-8.437864303588867,-1.7787439823150635,0.5913169384002686,8000.0,8000.0
0.017082568258047104,-8.434172630310059,-1.771601676940918,0.5911393165588379,8004.0,8004.0
0.02272963523864746,-8.427701950073242,-1.7702995538711548,0.5909616947174072,8008.0,8008.0
0.02082531899213791,-8.448031425476074,-1.7757883071899414,0.5907841920852661,8012.0,8012.0
0.020545201376080513,-8.433548927307129,-1.7713717222213745,0.590606689453125,8016.0,8016.0
0.02974221669137478,-8.436522483825684,-1.7781376838684082,0.5904293060302734,8020.0,8020.0
0.0196194127202034,-8.431556701660156,-1.7779574394226074,0.5902518630027771,8024.0,8024.0
0.023688247427344322,-8.430123329162598,-1.762270450592041,0.5900746583938599,8028.0,8028.0
0.021209601312875748,-8.456676483154297,-1.781444787979126,0.5898975133895874,8032.0,8032.0
0.0276864655315876,-8.466076850891113,-1.7754085063934326,0.5897204279899597,8036.0,8036.0
0.029577288776636124,-8.481468200683594,-1.786763072013855,0.5895432829856873,8040.0,8040.0
0.04028352349996567,-8.466829299926758,-1.7721071243286133,0.5893663167953491,8044.0,8044.0
0.023849589750170708,-8.473726272583008,-1.7724957466125488,0.5891894698143005,8048.0,8048.0
0.024069853127002716,-8.478344917297363,-1.786544680595398,0.5890126824378967,8052.0,8052.0
0.02145332098007202,-8.460851669311523,-1.7888000011444092,0.5888358354568481,8056.0,8056.0
0.019946062937378883,-8.461333274841309,-1.7802531719207764,0.5886591076850891,8060.0,8060.0
0.02843264862895012,-8.456135749816895,-1.7714351415634155,0.5884824991226196,8064.0,8064.0
0.01897255703806877,-8.475497245788574,-1.784834861755371,0.5883060097694397,8068.0,8068.0
0.023802539333701134,-8.511144638061523,-1.8028148412704468,0.5881294012069702,8072.0,8072.0
0.022941719740629196,-8.481204986572266,-1.7829184532165527,0.5879529118537903,8076.0,8076.0
0.02314145117998123,-8.48664665222168,-1.776864767074585,0.5877765417098999,8080.0,8080.0
0.024275507777929306,-8.492069244384766,-1.7869694232940674,0.5876002907752991,8084.0,8084.0
0.021114958450198174,-8.467904090881348,-1.7772090435028076,0.5874241590499878,8088.0,8088.0
0.022571008652448654,-8.476491928100586,-1.7842735052108765,0.5872482061386108,8092.0,8092.0
0.02843591384589672,-8.493131637573242,-1.7779933214187622,0.5870723724365234,8096.0,8096.0
0.028501126915216446,-8.503141403198242,-1.791782021522522,0.586896538734436,8100.0,8100.0
0.019400987774133682,-8.498285293579102,-1.7883293628692627,0.5867208242416382,8104.0,8104.0
0.016445817425847054,-8.497453689575195,-1.7976998090744019,0.5865451097488403,8108.0,8108.0
0.017560280859470367,-8.471075057983398,-1.7921228408813477,0.5863694548606873,8112.0,8112.0
0.017759324982762337,-8.492013931274414,-1.8011579513549805,0.5861937999725342,8116.0,8116.0
0.02213468588888645,-8.513415336608887,-1.794973611831665,0.5860181450843811,8120.0,8120.0
0.020389853045344353,-8.52477741241455,-1.7922803163528442,0.5858426094055176,8124.0,8124.0
0.0262601375579834,-8.556676864624023,-1.8044532537460327,0.585667073726654,8128.0,8128.0
0.03279595077037811,-8.530675888061523,-1.8037492036819458,0.5854915380477905,8132.0,8132.0
0.01784607023000717,-8.51883602142334,-1.8074392080307007,0.585316002368927,8136.0,8136.0
0.02219337597489357,-8.492587089538574,-1.799617886543274,0.5851405262947083,8140.0,8140.0
0.01833081617951393,-8.51432991027832,-1.80320405960083,0.5849651098251343,8144.0,8144.0
0.018491404131054878,-8.507959365844727,-1.7984150648117065,0.5847898125648499,8148.0,8148.0
0.05441322922706604,-8.532186508178711,-1.7990942001342773,0.584614634513855,8152.0,8152.0
0.021807480603456497,-8.558158874511719,-1.8006057739257812,0.5844395160675049,8156.0,8156.0
0.01532137393951416,-8.56842041015625,-1.8107377290725708,0.5842643976211548,8160.0,8160.0
0.024271126836538315,-8.544830322265625,-1.8158812522888184,0.5840892791748047,8164.0,8164.0
0.0195758156478405,-8.518671035766602,-1.818496584892273,0.583914041519165,8168.0,8168.0
0.018117083236575127,-8.503653526306152,-1.8021454811096191,0.5837390422821045,8172.0,8172.0
0.025813676416873932,-8.533863067626953,-1.808101773262024,0.583564043045044,8176.0,8176.0
0.024593109264969826,-8.556253433227539,-1.812648057937622,0.583389163017273,8180.0,8180.0
0.01891341060400009,-8.584039688110352,-1.8098349571228027,0.583214282989502,8184.0,8184.0
0.01961495727300644,-8.591511726379395,-1.8136181831359863,0.5830395221710205,8188.0,8188.0
0.021166224032640457,-8.564310073852539,-1.8167879581451416,0.5828647017478943,8192.0,8192.0
0.021504340693354607,-8.536149978637695,-1.816382646560669,0.5826900005340576,8196.0,8196.0
0.022002708166837692,-8.525345802307129,-1.8167102336883545,0.582515299320221,8200.0,8200.0
0.02394036203622818,-8.540959358215332,-1.8170859813690186,0.5823407173156738,8204.0,8204.0
0.030308101326227188,-8.579863548278809,-1.8193750381469727,0.5821661949157715,8208.0,8208.0
0.019180767238140106,-8.588305473327637,-1.8182920217514038,0.5819916725158691,8212.0,8212.0
0.026431433856487274,-8.603682518005371,-1.827683687210083,0.5818172097206116,8216.0,8216.0
0.02146420255303383,-8.578161239624023,-1.8128052949905396,0.5816428661346436,8220.0,8220.0
0.021941078826785088,-8.562776565551758,-1.8222428560256958,0.5814685821533203,8224.0,8224.0
0.03198305517435074,-8.543051719665527,-1.8236054182052612,0.5812943577766418,8228.0,8228.0
0.03764215111732483,-8.575129508972168,-1.8302606344223022,0.5811200737953186,8232.0,8232.0
0.020817283540964127,-8.586254119873047,-1.8306312561035156,0.5809458494186401,8236.0,8236.0
0.023206863552331924,-8.60186767578125,-1.8235927820205688,0.5807716846466064,8240.0,8240.0
0.023468337953090668,-8.625665664672852,-1.8363479375839233,0.5805975198745728,8244.0,8244.0
0.027718883007764816,-8.606828689575195,-1.828824758529663,0.5804234147071838,8248.0,8248.0
0.019538825377821922,-8.60012149810791,-1.8265424966812134,0.5802494287490845,8252.0,8252.0
0.022688064724206924,-8.575671195983887,-1.8308600187301636,0.5800754427909851,8256.0,8256.0
0.01982196792960167,-8.57875919342041,-1.8274500370025635,0.5799015164375305,8260.0,8260.0
0.01696360856294632,-8.585407257080078,-1.8428254127502441,0.5797276496887207,8264.0,8264.0
0.018178073689341545,-8.616039276123047,-1.8370450735092163,0.5795537233352661,8268.0,8268.0
0.033244043588638306,-8.623498916625977,-1.8384157419204712,0.5793799161911011,8272.0,8272.0
0.01825166493654251,-8.629219055175781,-1.837279200553894,0.579206109046936,8276.0,8276.0
0.020134005695581436,-8.62010669708252,-1.8349437713623047,0.5790324211120605,8280.0,8280.0
0.01744278147816658,-8.628814697265625,-1.8510817289352417,0.5788586735725403,8284.0,8284.0
0.029080253094434738,-8.619882583618164,-1.840895414352417,0.57868492603302,8288.0,8288.0
0.02166864275932312,-8.622685432434082,-1.8417518138885498,0.5785112977027893,8292.0,8292.0
0.02285717986524105,-8.62834644317627,-1.8463256359100342,0.5783376693725586,8296.0,8296.0
0.02370631694793701,-8.643589973449707,-1.8455735445022583,0.5781640410423279,8300.0,8300.0
0.016573842614889145,-8.622379302978516,-1.8438575267791748,0.5779905319213867,8304.0,8304.0
0.020749177783727646,-8.626439094543457,-1.8389885425567627,0.5778171420097351,8308.0,8308.0
0.01821405068039894,-8.638541221618652,-1.8421435356140137,0.5776438117027283,8312.0,8312.0
0.014559787698090076,-8.649911880493164,-1.8522526025772095,0.5774705410003662,8316.0,8316.0
0.020834553986787796,-8.653066635131836,-1.844604730606079,0.5772973299026489,8320.0,8320.0
0.023607339709997177,-8.637186050415039,-1.847978949546814,0.5771241188049316,8324.0,8324.0
0.020403340458869934,-8.64144515991211,-1.85054349899292,0.5769510269165039,8328.0,8328.0
0.016114529222249985,-8.642291069030762,-1.8447843790054321,0.5767780542373657,8332.0,8332.0
0.014803020283579826,-8.63556957244873,-1.8521397113800049,0.5766051411628723,8336.0,8336.0
0.027462851256132126,-8.636802673339844,-1.850391149520874,0.5764322280883789,8340.0,8340.0
0.01706504076719284,-8.66579818725586,-1.8589904308319092,0.5762593746185303,8344.0,8344.0
0.019405756145715714,-8.687333106994629,-1.8546996116638184,0.5760865807533264,8348.0,8348.0
0.019619524478912354,-8.679768562316895,-1.8575671911239624,0.5759137868881226,8352.0,8352.0
0.02058403007686138,-8.656623840332031,-1.8545167446136475,0.5757411122322083,8356.0,8356.0
0.01819637417793274,-8.663818359375,-1.863893747329712,0.575568437576294,8360.0,8360.0
0.01476491428911686,-8.652688980102539,-1.8537150621414185,0.5753958225250244,8364.0,8364.0
0.02638995833694935,-8.661394119262695,-1.8593717813491821,0.5752232670783997,8368.0,8368.0
0.04287602752447128,-8.666783332824707,-1.8563690185546875,0.5750508308410645,8372.0,8372.0
0.013897716999053955,-8.69304084777832,-1.8623714447021484,0.5748783946037292,8376.0,8376.0
0.01908920891582966,-8.683300971984863,-1.8607778549194336,0.5747060775756836,8380.0,8380.0
0.015499450266361237,-8.665423393249512,-1.8515082597732544,0.5745338797569275,8384.0,8384.0
0.019114961847662926,-8.69239330291748,-1.8740768432617188,0.5743616819381714,8388.0,8388.0
0.023758310824632645,-8.681827545166016,-1.8733032941818237,0.5741894245147705,8392.0,8392.0
0.016453668475151062,-8.691882133483887,-1.8708698749542236,0.5740172266960144,8396.0,8396.0
0.04631026089191437,-8.70606803894043,-1.8719418048858643,0.5738450288772583,8400.0,8400.0
0.021611720323562622,-8.707521438598633,-1.8826208114624023,0.5736727714538574,8404.0,8404.0
0.021841656416654587,-8.718151092529297,-1.8816804885864258,0.5735004544258118,8408.0,8408.0
0.0359310582280159,-8.694043159484863,-1.8673958778381348,0.5733282566070557,8412.0,8412.0
0.02049088478088379,-8.704656600952148,-1.8770837783813477,0.5731560587882996,8416.0,8416.0
0.015600327402353287,-8.694253921508789,-1.8726189136505127,0.572983980178833,8420.0,8420.0
0.01576194539666176,-8.714031219482422,-1.8780860900878906,0.5728119611740112,8424.0,8424.0
0.015182392671704292,-8.69821834564209,-1.8660964965820312,0.572640061378479,8428.0,8428.0
0.02527841553092003,-8.719924926757812,-1.8787485361099243,0.5724682211875916,8432.0,8432.0
0.014624977484345436,-8.713081359863281,-1.8721020221710205,0.5722964406013489,8436.0,8436.0
0.015504216775298119,-8.735884666442871,-1.8814342021942139,0.572124719619751,8440.0,8440.0
0.018951045349240303,-8.720830917358398,-1.87520170211792,0.5719531178474426,8444.0,8444.0
0.026185881346464157,-8.727714538574219,-1.8882689476013184,0.5717815160751343,8448.0,8448.0
0.018003998324275017,-8.69747543334961,-1.880126953125,0.5716099143028259,8452.0,8452.0
0.02332339435815811,-8.734882354736328,-1.8957151174545288,0.5714383125305176,8456.0,8456.0
0.018268980085849762,-8.725743293762207,-1.8800039291381836,0.5712668299674988,8460.0,8460.0
0.015408158302307129,-8.717379570007324,-1.8674272298812866,0.5710955262184143,8464.0,8464.0
0.0172568392008543,-8.75039291381836,-1.8907334804534912,0.5709242224693298,8468.0,8468.0
0.017238950356841087,-8.747570037841797,-1.884884238243103,0.5707530379295349,8472.0,8472.0
0.013927396386861801,-8.740524291992188,-1.887746810913086,0.5705817937850952,8476.0,8476.0
0.02754393219947815,-8.747074127197266,-1.897128701210022,0.5704106092453003,8480.0,8480.0
0.014930389821529388,-8.738929748535156,-1.8865221738815308,0.5702394843101501,8484.0,8484.0
0.02335682138800621,-8.744803428649902,-1.882861614227295,0.5700684785842896,8488.0,8488.0
0.013819264248013496,-8.75059700012207,-1.8876407146453857,0.5698975324630737,8492.0,8492.0
0.021079981699585915,-8.765536308288574,-1.9010908603668213,0.5697266459465027,8496.0,8496.0
0.023787084966897964,-8.784710884094238,-1.8987233638763428,0.5695556998252869,8500.0,8500.0
0.04294735938310623,-8.770912170410156,-1.898104190826416,0.5693848133087158,8504.0,8504.0
0.03454606607556343,-8.773008346557617,-1.8981707096099854,0.5692139267921448,8508.0,8508.0
0.01586325094103813,-8.750589370727539,-1.8933765888214111,0.5690431594848633,8512.0,8512.0
0.014696747064590454,-8.763078689575195,-1.900314211845398,0.5688724517822266,8516.0,8516.0
0.01756800338625908,-8.750179290771484,-1.895148754119873,0.5687017440795898,8520.0,8520.0
0.013354185968637466,-8.729751586914062,-1.8985767364501953,0.5685311555862427,8524.0,8524.0
0.013033369556069374,-8.750191688537598,-1.9029762744903564,0.5683606266975403,8528.0,8528.0
0.01529514417052269,-8.767387390136719,-1.9019304513931274,0.5681900978088379,8532.0,8532.0
0.01592952013015747,-8.777430534362793,-1.8928570747375488,0.5680197477340698,8536.0,8536.0
0.03094378113746643,-8.814569473266602,-1.9074621200561523,0.5678493976593018,8540.0,8540.0
0.025564923882484436,-8.811697006225586,-1.9043121337890625,0.5676791071891785,8544.0,8544.0
0.01887882687151432,-8.779315948486328,-1.9006164073944092,0.5675089359283447,8548.0,8548.0
0.0214004497975111,-8.771743774414062,-1.9052644968032837,0.567338764667511,8552.0,8552.0
0.018639324232935905,-8.759509086608887,-1.9057098627090454,0.5671687126159668,8556.0,8556.0
0.03331371396780014,-8.795503616333008,-1.9215171337127686,0.5669985413551331,8560.0,8560.0
0.014703466556966305,-8.812141418457031,-1.9086557626724243,0.5668284893035889,8564.0,8564.0
0.011244969442486763,-8.814939498901367,-1.9087724685668945,0.5666584372520447,8568.0,8568.0
0.02003287896513939,-8.829545021057129,-1.9130730628967285,0.56648850440979,8572.0,8572.0
0.021080056205391884,-8.807758331298828,-1.913973093032837,0.5663185715675354,8576.0,8576.0
0.016926530748605728,-8.805765151977539,-1.9180011749267578,0.5661486983299255,8580.0,8580.0
0.03184938430786133,-8.805252075195312,-1.9058592319488525,0.5659788846969604,8584.0,8584.0
0.014674823731184006,-8.8112211227417,-1.9198362827301025,0.5658091306686401,8588.0,8588.0
0.013968031853437424,-8.810575485229492,-1.9224857091903687,0.5656393766403198,8592.0,8592.0
0.021082380786538124,-8.815720558166504,-1.9261122941970825,0.5654696226119995,8596.0,8596.0
0.01760255917906761,-8.812774658203125,-1.9203369617462158,0.565299928188324,8600.0,8600.0
0.019935213029384613,-8.818901062011719,-1.9157040119171143,0.5651302933692932,8604.0,8604.0
0.01499464362859726,-8.844234466552734,-1.930759072303772,0.5649606585502625,8608.0,8608.0
0.029743162915110588,-8.820963859558105,-1.9136967658996582,0.5647911429405212,8612.0,8612.0
0.015233868733048439,-8.81392765045166,-1.9116132259368896,0.5646218061447144,8616.0,8616.0
0.02683723345398903,-8.844449996948242,-1.925539493560791,0.5644524693489075,8620.0,8620.0
0.020620334893465042,-8.852217674255371,-1.9431991577148438,0.564283013343811,8624.0,8624.0
0.02599400095641613,-8.83814811706543,-1.9223721027374268,0.5641136765480042,8628.0,8628.0
0.013194723054766655,-8.84453296661377,-1.9260287284851074,0.5639444589614868,8632.0,8632.0
0.015636149793863297,-8.83646297454834,-1.9421476125717163,0.5637751221656799,8636.0,8636.0
0.020103488117456436,-8.833606719970703,-1.9288116693496704,0.5636058449745178,8640.0,8640.0
0.01952669769525528,-8.836309432983398,-1.9294993877410889,0.5634366273880005,8644.0,8644.0
0.022891279309988022,-8.85977554321289,-1.9345242977142334,0.5632675290107727,8648.0,8648.0
0.01488476525992155,-8.86720085144043,-1.9228094816207886,0.5630984902381897,8652.0,8652.0
0.014734208583831787,-8.870565414428711,-1.9349708557128906,0.5629295110702515,8656.0,8656.0
0.014641016721725464,-8.87166976928711,-1.933457612991333,0.562760591506958,8660.0,8660.0
0.02914763242006302,-8.856348037719727,-1.932342290878296,0.5625917911529541,8664.0,8664.0
0.01577881909906864,-8.851106643676758,-1.9315828084945679,0.5624231100082397,8668.0,8668.0
0.017526108771562576,-8.869244575500488,-1.9439373016357422,0.5622543692588806,8672.0,8672.0
0.03263884037733078,-8.885787010192871,-1.9492045640945435,0.5620855689048767,8676.0,8676.0
0.01819400116801262,-8.884317398071289,-1.9369348287582397,0.5619168877601624,8680.0,8680.0
0.027968181297183037,-8.8814115524292,-1.9404760599136353,0.561748206615448,8684.0,8684.0
0.018013449385762215,-8.88589859008789,-1.957726001739502,0.5615795254707336,8688.0,8688.0
0.016980908811092377,-8.865549087524414,-1.9421533346176147,0.5614108443260193,8692.0,8692.0
0.04216074198484421,-8.882706642150879,-1.9485057592391968,0.5612422227859497,8696.0,8696.0
0.021229509264230728,-8.887027740478516,-1.9467875957489014,0.5610736608505249,8700.0,8700.0
0.020451601594686508,-8.90110969543457,-1.941819429397583,0.5609052181243896,8704.0,8704.0
0.021874237805604935,-8.89961051940918,-1.9394184350967407,0.5607368350028992,8708.0,8708.0
0.016449715942144394,-8.896452903747559,-1.9599435329437256,0.5605684518814087,8712.0,8712.0
0.016817644238471985,-8.868804931640625,-1.9420052766799927,0.5604002475738525,8716.0,8716.0
0.017753802239894867,-8.866724014282227,-1.948797345161438,0.5602320432662964,8720.0,8720.0
0.01857209950685501,-8.896949768066406,-1.949542760848999,0.5600639581680298,8724.0,8724.0
0.030053531751036644,-8.915245056152344,-1.9573955535888672,0.5598958134651184,8728.0,8728.0
0.01717183366417885,-8.902194023132324,-1.948723554611206,0.5597277879714966,8732.0,8732.0
0.017254266887903214,-8.914295196533203,-1.944901943206787,0.5595599412918091,8736.0,8736.0
0.022626392543315887,-8.909435272216797,-1.9490679502487183,0.5593920946121216,8740.0,8740.0
0.022024409845471382,-8.923282623291016,-1.9635835886001587,0.5592243075370789,8744.0,8744.0
0.015615899115800858,-8.909378051757812,-1.960325002670288,0.5590564608573914,8748.0,8748.0
0.015417944639921188,-8.897932052612305,-1.9470336437225342,0.558888852596283,8752.0,8752.0
0.0207956712692976,-8.904648780822754,-1.9614765644073486,0.5587211847305298,8756.0,8756.0
0.019044935703277588,-8.9107084274292,-1.9572045803070068,0.5585536360740662,8760.0,8760.0
0.02502405270934105,-8.918899536132812,-1.965789556503296,0.5583860874176025,8764.0,8764.0
0.01853131875395775,-8.93685245513916,-1.9601223468780518,0.5582185983657837,8768.0,8768.0
0.01713169366121292,-8.938240051269531,-1.9635121822357178,0.5580511689186096,8772.0,8772.0
0.014924358576536179,-8.95348072052002,-1.961891531944275,0.5578837990760803,8776.0,8776.0
0.018552113324403763,-8.937225341796875,-1.9596978425979614,0.5577164888381958,8780.0,8780.0
0.036062438040971756,-8.925403594970703,-1.9632173776626587,0.557549238204956,8784.0,8784.0
0.022656865417957306,-8.924741744995117,-1.9701948165893555,0.5573820471763611,8788.0,8788.0
0.022623449563980103,-8.935201644897461,-1.962609887123108,0.5572149157524109,8792.0,8792.0
0.02060379460453987,-8.934537887573242,-1.9590424299240112,0.557047963142395,8796.0,8796.0
0.01603894867002964,-8.946950912475586,-1.9657926559448242,0.5568810105323792,8800.0,8800.0
0.016995426267385483,-8.946414947509766,-1.9674582481384277,0.5567141771316528,8804.0,8804.0
0.01705113798379898,-8.939023971557617,-1.968217372894287,0.5565473437309265,8808.0,8808.0
0.023646827787160873,-8.930099487304688,-1.96293044090271,0.5563806295394897,8812.0,8812.0
0.034733846783638,-8.963268280029297,-1.9753360748291016,0.5562139749526978,8816.0,8816.0
0.021130282431840897,-8.967350006103516,-1.974982500076294,0.556047260761261,8820.0,8820.0
0.020017430186271667,-8.956533432006836,-1.9590414762496948,0.5558807849884033,8824.0,8824.0
0.03580082580447197,-8.965544700622559,-1.9761196374893188,0.5557143092155457,8828.0,8828.0
0.015303336083889008,-8.965140342712402,-1.9806580543518066,0.5555478930473328,8832.0,8832.0
0.02025187388062477,-8.972620010375977,-1.9775022268295288,0.5553814172744751,8836.0,8836.0
0.018459320068359375,-8.977921485900879,-1.9887654781341553,0.5552149415016174,8840.0,8840.0
0.018565740436315536,-8.971717834472656,-1.977990746498108,0.5550485253334045,8844.0,8844.0
0.016977816820144653,-8.967912673950195,-1.9753972291946411,0.5548822283744812,8848.0,8848.0
0.021010790020227432,-8.982425689697266,-1.9767838716506958,0.5547159910202026,8852.0,8852.0
0.015860553830862045,-8.987971305847168,-1.9853262901306152,0.5545497536659241,8856.0,8856.0
0.020161209627985954,-8.977391242980957,-1.9886729717254639,0.5543835163116455,8860.0,8860.0
0.01506078615784645,-8.972723007202148,-1.9834017753601074,0.5542173981666565,8864.0,8864.0
0.02416878566145897,-8.972986221313477,-1.9847033023834229,0.5540512800216675,8868.0,8868.0
0.07859060913324356,-8.987634658813477,-1.9801340103149414,0.553885281085968,8872.0,8872.0
0.023842664435505867,-9.022418975830078,-1.994622826576233,0.5537192225456238,8876.0,8876.0
0.016552714630961418,-9.005130767822266,-1.9876524209976196,0.5535532236099243,8880.0,8880.0
0.0267631895840168,-8.996975898742676,-1.9813019037246704,0.5533873438835144,8884.0,8884.0
0.02138206735253334,-8.97922420501709,-1.9944010972976685,0.5532215237617493,8888.0,8888.0
0.02063819020986557,-8.98684310913086,-2.0002520084381104,0.5530556440353394,8892.0,8892.0
0.01749519072473049,-9.000802993774414,-1.9945507049560547,0.5528898239135742,8896.0,8896.0
0.018685676157474518,-9.01622200012207,-1.9991474151611328,0.5527240037918091,8900.0,8900.0
0.016004133969545364,-9.013466835021973,-1.9903645515441895,0.5525582432746887,8904.0,8904.0
0.015557479113340378,-8.993497848510742,-1.9924159049987793,0.5523926019668579,8908.0,8908.0
0.016765974462032318,-8.994138717651367,-1.99629807472229,0.5522270202636719,8912.0,8912.0
0.02082207426428795,-9.021510124206543,-2.01420259475708,0.5520613789558411,8916.0,8916.0
0.017293093726038933,-9.025641441345215,-2.002453565597534,0.5518957376480103,8920.0,8920.0
0.017871681600809097,-9.050257682800293,-2.0129477977752686,0.5517300367355347,8924.0,8924.0
0.019766831770539284,-9.048538208007812,-1.9944082498550415,0.5515644550323486,8928.0,8928.0
0.0160922072827816,-9.028820991516113,-2.00109601020813,0.5513989329338074,8932.0,8932.0
0.028947215527296066,-9.036300659179688,-2.0104475021362305,0.5512334704399109,8936.0,8936.0
0.02022235468029976,-9.032272338867188,-2.0085861682891846,0.5510680079460144,8940.0,8940.0
0.019569125026464462,-9.020044326782227,-2.000450849533081,0.5509026646614075,8944.0,8944.0
0.014124186709523201,-9.035964965820312,-2.005094051361084,0.5507373809814453,8948.0,8948.0
0.01914260908961296,-9.045244216918945,-2.012550115585327,0.5505720973014832,8952.0,8952.0
0.019832614809274673,-9.037717819213867,-2.009194850921631,0.5504068732261658,8956.0,8956.0
0.017235133796930313,-9.043865203857422,-2.0135550498962402,0.5502417087554932,8960.0,8960.0
0.020664596930146217,-9.037010192871094,-2.008580446243286,0.5500766038894653,8964.0,8964.0
0.015619602054357529,-9.031078338623047,-2.0103490352630615,0.5499115586280823,8968.0,8968.0
0.028180193156003952,-9.044261932373047,-2.0242507457733154,0.5497465133666992,8972.0,8972.0
0.013590589165687561,-9.035396575927734,-2.0089340209960938,0.5495815277099609,8976.0,8976.0
0.015843696892261505,-9.046308517456055,-2.0124313831329346,0.5494166612625122,8980.0,8980.0
0.02124125137925148,-9.04870319366455,-2.006147861480713,0.5492518544197083,8984.0,8984.0
0.017416391521692276,-9.07651138305664,-2.0125608444213867,0.5490871667861938,8988.0,8988.0
0.0240754634141922,-9.090136528015137,-2.025118350982666,0.5489224791526794,8992.0,8992.0
0.031100377440452576,-9.073232650756836,-2.034062623977661,0.5487577319145203,8996.0,8996.0
0.02484949305653572,-9.066650390625,-2.0198726654052734,0.5485930442810059,9000.0,9000.0
0.02645399048924446,-9.066226959228516,-2.0131382942199707,0.5484284162521362,9004.0,9004.0
0.026211751624941826,-9.088916778564453,-2.031822919845581,0.5482638478279114,9008.0,9008.0
0.017924122512340546,-9.076011657714844,-2.010331392288208,0.5480993986129761,9012.0,9012.0
0.019204866141080856,-9.085151672363281,-2.0285696983337402,0.5479349493980408,9016.0,9016.0
0.03388219326734543,-9.08287525177002,-2.0371413230895996,0.5477705001831055,9020.0,9020.0
0.029655173420906067,-9.071244239807129,-2.020963430404663,0.5476061105728149,9024.0,9024.0
0.023851949721574783,-9.111200332641602,-2.0367684364318848,0.5474417209625244,9028.0,9028.0
0.030585549771785736,-9.118875503540039,-2.031289577484131,0.5472773909568787,9032.0,9032.0
0.0195210762321949,-9.079001426696777,-2.0247883796691895,0.5471131205558777,9036.0,9036.0
0.02089054137468338,-9.076753616333008,-2.0299782752990723,0.5469489097595215,9040.0,9040.0
0.024887118488550186,-9.07754135131836,-2.024916887283325,0.5467848181724548,9044.0,9044.0
0.023062048479914665,-9.110363006591797,-2.0367467403411865,0.5466207265853882,9048.0,9048.0
0.03002251870930195,-9.116621017456055,-2.0379347801208496,0.5464566946029663,9052.0,9052.0
0.02249099686741829,-9.114200592041016,-2.0278701782226562,0.546292781829834,9056.0,9056.0
0.01637623831629753,-9.113466262817383,-2.0439484119415283,0.5461288094520569,9060.0,9060.0
0.03046911023557186,-9.114140510559082,-2.039947509765625,0.5459648966789246,9064.0,9064.0
0.01601218804717064,-9.08410930633545,-2.024385690689087,0.5458011031150818,9068.0,9068.0
0.01544206403195858,-9.094094276428223,-2.0324409008026123,0.5456374287605286,9072.0,9072.0
0.037879783660173416,-9.092703819274902,-2.026153564453125,0.5454738736152649,9076.0,9076.0
0.021208617836236954,-9.130677223205566,-2.0340993404388428,0.5453104376792908,9080.0,9080.0
0.018477171659469604,-9.159728050231934,-2.0477285385131836,0.5451470017433167,9084.0,9084.0
0.015535876154899597,-9.145851135253906,-2.0336384773254395,0.5449836254119873,9088.0,9088.0
0.02264457568526268,-9.101155281066895,-2.0386803150177,0.5448203682899475,9092.0,9092.0
0.028257740661501884,-9.101554870605469,-2.042776107788086,0.5446571111679077,9096.0,9096.0
0.02951078861951828,-9.098925590515137,-2.0405707359313965,0.5444939136505127,9100.0,9100.0
0.016680609434843063,-9.141034126281738,-2.044948101043701,0.5443308353424072,9104.0,9104.0
0.016565751284360886,-9.153944969177246,-2.04654598236084,0.544167697429657,9108.0,9108.0
0.01987335830926895,-9.158323287963867,-2.048497438430786,0.5440046787261963,9112.0,9112.0
0.02519521489739418,-9.13125991821289,-2.0424516201019287,0.5438416600227356,9116.0,9116.0
0.014964633621275425,-9.132832527160645,-2.048473834991455,0.5436787605285645,9120.0,9120.0
0.015607629902660847,-9.112236022949219,-2.048194408416748,0.5435158610343933,9124.0,9124.0
0.019045496359467506,-9.1261625289917,-2.063016891479492,0.5433529615402222,9128.0,9128.0
0.020165275782346725,-9.137441635131836,-2.0501413345336914,0.543190062046051,9132.0,9132.0
0.017593281343579292,-9.167024612426758,-2.0628089904785156,0.5430271625518799,9136.0,9136.0
0.040920689702034,-9.173702239990234,-2.0663256645202637,0.542864203453064,9140.0,9140.0
0.015338965691626072,-9.180550575256348,-2.060539722442627,0.5427013039588928,9144.0,9144.0
0.017974326387047768,-9.15793228149414,-2.0582666397094727,0.5425384044647217,9148.0,9148.0
0.019411563873291016,-9.127793312072754,-2.0565919876098633,0.5423756241798401,9152.0,9152.0
0.03332633897662163,-9.142916679382324,-2.0614218711853027,0.5422128438949585,9156.0,9156.0
0.019155438989400864,-9.15693473815918,-2.057565212249756,0.5420501828193665,9160.0,9160.0
0.020566575229167938,-9.184144973754883,-2.0596141815185547,0.5418875813484192,9164.0,9164.0
0.02209388092160225,-9.189643859863281,-2.0633623600006104,0.5417250394821167,9168.0,9168.0
0.027728289365768433,-9.195977210998535,-2.0679383277893066,0.5415624380111694,9172.0,9172.0
0.02657376229763031,-9.162520408630371,-2.0569615364074707,0.5414000153541565,9176.0,9176.0
0.015248410403728485,-9.140926361083984,-2.0524699687957764,0.5412377119064331,9180.0,9180.0
0.015011122450232506,-9.146262168884277,-2.0604629516601562,0.5410755276679993,9184.0,9184.0
0.021879924461245537,-9.14858341217041,-2.0562245845794678,0.540913462638855,9188.0,9188.0
0.01907307095825672,-9.182615280151367,-2.072535514831543,0.5407513380050659,9192.0,9192.0
0.021833933889865875,-9.202696800231934,-2.075697183609009,0.5405892729759216,9196.0,9196.0
0.014754585921764374,-9.227725982666016,-2.076991319656372,0.5404271483421326,9200.0,9200.0
0.019753139466047287,-9.1820068359375,-2.074753761291504,0.5402650833129883,9204.0,9204.0
0.014341809786856174,-9.15684700012207,-2.0679619312286377,0.540103018283844,9208.0,9208.0
0.025579452514648438,-9.160941123962402,-2.070465564727783,0.5399410724639893,9212.0,9212.0
0.014356732368469238,-9.179738998413086,-2.0791776180267334,0.5397791862487793,9216.0,9216.0
0.013819391839206219,-9.191678047180176,-2.068451166152954,0.5396173596382141,9220.0,9220.0
0.02498646266758442,-9.203739166259766,-2.0713319778442383,0.5394555926322937,9224.0,9224.0
0.025681518018245697,-9.22489070892334,-2.0785605907440186,0.5392938852310181,9228.0,9228.0
0.013465341180562973,-9.1982421875,-2.071000337600708,0.5391322374343872,9232.0,9232.0
0.013403825461864471,-9.207864761352539,-2.0762181282043457,0.5389707088470459,9236.0,9236.0
0.01653577759861946,-9.204336166381836,-2.076061248779297,0.5388091802597046,9240.0,9240.0
0.025271721184253693,-9.185775756835938,-2.07540225982666,0.5386477708816528,9244.0,9244.0
0.013333751820027828,-9.198019027709961,-2.0752272605895996,0.5384864211082458,9248.0,9248.0
0.018063630908727646,-9.22566032409668,-2.0884101390838623,0.5383250713348389,9252.0,9252.0
0.015765460208058357,-9.23912239074707,-2.0895631313323975,0.5381637215614319,9256.0,9256.0
0.01907220110297203,-9.227356910705566,-2.0888829231262207,0.5380024313926697,9260.0,9260.0
0.01724272593855858,-9.200745582580566,-2.0756683349609375,0.5378412008285522,9264.0,9264.0
0.01571538858115673,-9.231035232543945,-2.0860180854797363,0.5376800298690796,9268.0,9268.0
0.02388320118188858,-9.233131408691406,-2.100625514984131,0.5375187993049622,9272.0,9272.0
0.0126517154276371,-9.214170455932617,-2.0809898376464844,0.5373576879501343,9276.0,9276.0
0.02066013403236866,-9.237382888793945,-2.0973165035247803,0.5371965169906616,9280.0,9280.0
0.01869458146393299,-9.227395057678223,-2.083491086959839,0.5370354652404785,9284.0,9284.0
0.01948585920035839,-9.24987506866455,-2.096958875656128,0.5368744730949402,9288.0,9288.0
0.0213746577501297,-9.23483657836914,-2.1052052974700928,0.5367134213447571,9292.0,9292.0
0.017223523929715157,-9.250284194946289,-2.1031105518341064,0.5365523099899292,9296.0,9296.0
0.024649273604154587,-9.240129470825195,-2.096005439758301,0.5363913178443909,9300.0,9300.0
0.03189590573310852,-9.255365371704102,-2.0948829650878906,0.5362303256988525,9304.0,9304.0
0.017392167821526527,-9.251355171203613,-2.101224422454834,0.536069393157959,9308.0,9308.0
0.02088375762104988,-9.253047943115234,-2.0923163890838623,0.535908579826355,9312.0,9312.0
0.05073728784918785,-9.25366497039795,-2.0991439819335938,0.5357478260993958,9316.0,9316.0
0.017871834337711334,-9.270109176635742,-2.109410047531128,0.5355870127677917,9320.0,9320.0
0.02018791437149048,-9.245394706726074,-2.0881471633911133,0.5354263782501221,9324.0,9324.0
0.016908619552850723,-9.270256996154785,-2.100461959838867,0.5352658033370972,9328.0,9328.0
0.06394556909799576,-9.265484809875488,-2.098125696182251,0.5351053476333618,9332.0,9332.0
0.01897662691771984,-9.275135040283203,-2.1156530380249023,0.5349448919296265,9336.0,9336.0
0.017762284725904465,-9.274365425109863,-2.1074252128601074,0.5347843766212463,9340.0,9340.0
0.014382289722561836,-9.24613094329834,-2.106532573699951,0.5346239805221558,9344.0,9344.0
0.01803351193666458,-9.279365539550781,-2.1151199340820312,0.5344635248184204,9348.0,9348.0
0.03396208584308624,-9.27784538269043,-2.1088380813598633,0.5343031287193298,9352.0,9352.0
0.018899094313383102,-9.277299880981445,-2.1095075607299805,0.5341428518295288,9356.0,9356.0
0.01805274188518524,-9.267278671264648,-2.0911097526550293,0.5339826941490173,9360.0,9360.0
0.015703506767749786,-9.275331497192383,-2.109853982925415,0.5338226556777954,9364.0,9364.0
0.018516842275857925,-9.26170539855957,-2.111699342727661,0.5336626172065735,9368.0,9368.0
0.021471183747053146,-9.28504467010498,-2.114319086074829,0.5335026383399963,9372.0,9372.0
0.014091969467699528,-9.283933639526367,-2.1096198558807373,0.5333427786827087,9376.0,9376.0
0.018096884712576866,-9.29095458984375,-2.116603374481201,0.5331828594207764,9380.0,9380.0
0.017335932701826096,-9.293805122375488,-2.121966600418091,0.5330229997634888,9384.0,9384.0
0.0245999526232481,-9.304997444152832,-2.1265087127685547,0.5328630805015564,9388.0,9388.0
0.025074483826756477,-9.298738479614258,-2.117680072784424,0.5327032804489136,9392.0,9392.0
0.016384093090891838,-9.3016996383667,-2.126354455947876,0.532543420791626,9396.0,9396.0
0.02495862916111946,-9.288941383361816,-2.1183080673217773,0.5323836803436279,9400.0,9400.0
0.019302166998386383,-9.296453475952148,-2.1197969913482666,0.5322239995002747,9404.0,9404.0
0.016290031373500824,-9.299200057983398,-2.1171398162841797,0.5320643782615662,9408.0,9408.0
0.019793428480625153,-9.314131736755371,-2.1437430381774902,0.5319046378135681,9412.0,9412.0
0.01655164361000061,-9.30687427520752,-2.1202261447906494,0.5317450761795044,9416.0,9416.0
0.019832566380500793,-9.312928199768066,-2.112182378768921,0.5315855741500854,9420.0,9420.0
0.016499411314725876,-9.316059112548828,-2.122011423110962,0.531426191329956,9424.0,9424.0
0.015753846615552902,-9.321114540100098,-2.1251766681671143,0.5312668681144714,9428.0,9428.0
0.01793653517961502,-9.339553833007812,-2.140085220336914,0.5311075448989868,9432.0,9432.0
0.020171266049146652,-9.322476387023926,-2.1319260597229004,0.5309482216835022,9436.0,9436.0
0.018017373979091644,-9.310996055603027,-2.1321494579315186,0.5307888984680176,9440.0,9440.0
0.019222363829612732,-9.303108215332031,-2.115168333053589,0.5306298136711121,9444.0,9444.0
0.016416378319263458,-9.31482982635498,-2.130547046661377,0.5304707288742065,9448.0,9448.0
0.018978916108608246,-9.331168174743652,-2.126767873764038,0.5303117632865906,9452.0,9452.0
0.01667049527168274,-9.332710266113281,-2.1355390548706055,0.5301528573036194,9456.0,9456.0
0.017741013318300247,-9.34315299987793,-2.1449778079986572,0.5299938917160034,9460.0,9460.0
0.016466140747070312,-9.340690612792969,-2.1380615234375,0.5298349857330322,9464.0,9464.0
0.016699235886335373,-9.342787742614746,-2.1493072509765625,0.5296760201454163,9468.0,9468.0
0.033196866512298584,-9.335744857788086,-2.1294620037078857,0.5295171737670898,9472.0,9472.0
0.012494808994233608,-9.340394973754883,-2.145479440689087,0.5293583273887634,9476.0,9476.0
0.013198991306126118,-9.338120460510254,-2.1418538093566895,0.5291995406150818,9480.0,9480.0
0.018250223249197006,-9.331542015075684,-2.1281752586364746,0.5290408730506897,9484.0,9484.0
0.016118397936224937,-9.351438522338867,-2.13370943069458,0.5288823843002319,9488.0,9488.0
0.020534802228212357,-9.382000923156738,-2.138430118560791,0.5287238955497742,9492.0,9492.0
0.02608075924217701,-9.375375747680664,-2.1449434757232666,0.5285654664039612,9496.0,9496.0
0.019345363602042198,-9.350772857666016,-2.140547752380371,0.5284071564674377,9500.0,9500.0
0.01533203013241291,-9.370641708374023,-2.1616997718811035,0.5282487273216248,9504.0,9504.0
0.0191347636282444,-9.34462833404541,-2.140289545059204,0.5280903577804565,9508.0,9508.0
0.0226588137447834,-9.366666793823242,-2.150578260421753,0.5279320478439331,9512.0,9512.0
0.017440348863601685,-9.377314567565918,-2.1474127769470215,0.5277737975120544,9516.0,9516.0
0.012377431616187096,-9.376049995422363,-2.1537649631500244,0.5276155471801758,9520.0,9520.0
0.025122642517089844,-9.381203651428223,-2.162686347961426,0.5274572968482971,9524.0,9524.0
0.02389618009328842,-9.376699447631836,-2.1561172008514404,0.5272990465164185,9528.0,9528.0
0.018053419888019562,-9.35893726348877,-2.151738166809082,0.5271409153938293,9532.0,9532.0
0.01884254440665245,-9.360367774963379,-2.157341957092285,0.5269827842712402,9536.0,9536.0
0.019040491431951523,-9.386213302612305,-2.1593966484069824,0.5268246531486511,9540.0,9540.0
0.01516084186732769,-9.391918182373047,-2.154223680496216,0.5266665816307068,9544.0,9544.0
0.01877293922007084,-9.380101203918457,-2.145704984664917,0.5265086889266968,9548.0,9548.0
0.018639646470546722,-9.371856689453125,-2.150991678237915,0.5263509154319763,9552.0,9552.0
0.013382364064455032,-9.372034072875977,-2.165727138519287,0.5261930823326111,9556.0,9556.0
0.021417023614048958,-9.382599830627441,-2.161914110183716,0.5260353088378906,9560.0,9560.0
0.03767167776823044,-9.410515785217285,-2.17533016204834,0.5258775353431702,9564.0,9564.0
0.019076040014624596,-9.404500961303711,-2.1639537811279297,0.5257197618484497,9568.0,9568.0
0.017586600035429,-9.40113353729248,-2.160083293914795,0.525562047958374,9572.0,9572.0
0.018572453409433365,-9.391422271728516,-2.149686336517334,0.5254045128822327,9576.0,9576.0
0.017731353640556335,-9.412361145019531,-2.1646382808685303,0.5252470374107361,9580.0,9580.0
0.022236106917262077,-9.422449111938477,-2.1635751724243164,0.5250896215438843,9584.0,9584.0
0.023060409352183342,-9.40878677368164,-2.169328451156616,0.5249322056770325,9588.0,9588.0
0.02519950084388256,-9.425844192504883,-2.1677701473236084,0.5247748494148254,9592.0,9592.0
0.03183763101696968,-9.406179428100586,-2.165501356124878,0.5246175527572632,9596.0,9596.0
0.01897948607802391,-9.406295776367188,-2.168105363845825,0.5244603157043457,9600.0,9600.0
0.018787924200296402,-9.414510726928711,-2.168835163116455,0.5243031978607178,9604.0,9604.0
0.012924633920192719,-9.422694206237793,-2.179511070251465,0.5241460204124451,9608.0,9608.0
0.016337256878614426,-9.432937622070312,-2.175990104675293,0.5239888429641724,9612.0,9612.0
0.03311873972415924,-9.43181037902832,-2.179737091064453,0.5238317251205444,9616.0,9616.0
0.01803339645266533,-9.413235664367676,-2.1779589653015137,0.5236746072769165,9620.0,9620.0
0.01950516179203987,-9.41990852355957,-2.17936110496521,0.5235175490379333,9624.0,9624.0
0.02365974523127079,-9.420858383178711,-2.1641976833343506,0.5233606100082397,9628.0,9628.0
0.01802712306380272,-9.414302825927734,-2.1674532890319824,0.5232038497924805,9632.0,9632.0
0.020797207951545715,-9.434429168701172,-2.1775310039520264,0.5230470895767212,9636.0,9636.0
0.015066534280776978,-9.440593719482422,-2.18766713142395,0.5228903293609619,9640.0,9640.0
0.036562032997608185,-9.455240249633789,-2.1909759044647217,0.5227335095405579,9644.0,9644.0
0.01289367862045765,-9.419625282287598,-2.1733031272888184,0.5225768685340881,9648.0,9648.0
0.02617260441184044,-9.441238403320312,-2.187394857406616,0.5224201679229736,9652.0,9652.0
0.02231147699058056,-9.447230339050293,-2.1800537109375,0.5222636461257935,9656.0,9656.0
0.015372754074633121,-9.465893745422363,-2.1911768913269043,0.5221070051193237,9660.0,9660.0
0.021910440176725388,-9.448464393615723,-2.197547674179077,0.5219504237174988,9664.0,9664.0
0.017060237005352974,-9.42855167388916,-2.1827850341796875,0.5217939019203186,9668.0,9668.0
0.027539078146219254,-9.444478988647461,-2.1990818977355957,0.5216373801231384,9672.0,9672.0
0.05434683337807655,-9.455892562866211,-2.1880955696105957,0.5214808583259583,9676.0,9676.0
0.021238170564174652,-9.470254898071289,-2.1946287155151367,0.5213243961334229,9680.0,9680.0
0.01649172231554985,-9.453594207763672,-2.190262794494629,0.5211679935455322,9684.0,9684.0
0.018053824082016945,-9.452005386352539,-2.1882340908050537,0.5210117101669312,9688.0,9688.0
0.021896041929721832,-9.471302032470703,-2.198667049407959,0.5208554267883301,9692.0,9692.0
0.016383152455091476,-9.443975448608398,-2.1929197311401367,0.5206992030143738,9696.0,9696.0
0.04326237738132477,-9.46578598022461,-2.1962008476257324,0.5205430388450623,9700.0,9700.0
0.018765050917863846,-9.477659225463867,-2.1925106048583984,0.5203869342803955,9704.0,9704.0
0.01846228539943695,-9.468236923217773,-2.19704532623291,0.5202308893203735,9708.0,9708.0
0.021840518340468407,-9.464275360107422,-2.1976897716522217,0.5200749635696411,9712.0,9712.0
0.019758544862270355,-9.450163841247559,-2.2019944190979004,0.5199189782142639,9716.0,9716.0
0.01806304045021534,-9.465583801269531,-2.205057144165039,0.5197630524635315,9720.0,9720.0
0.026285547763109207,-9.477252960205078,-2.203415632247925,0.5196071267127991,9724.0,9724.0
0.018135791644454002,-9.506654739379883,-2.2085886001586914,0.5194512605667114,9728.0,9728.0
0.013075221329927444,-9.497879981994629,-2.199054718017578,0.5192954540252686,9732.0,9732.0
0.014417653903365135,-9.49376392364502,-2.208228826522827,0.5191396474838257,9736.0,9736.0
0.016838911920785904,-9.493827819824219,-2.2104687690734863,0.5189839601516724,9740.0,9740.0
0.015335561707615852,-9.497528076171875,-2.206403970718384,0.5188282132148743,9744.0,9744.0
0.01454160176217556,-9.469828605651855,-2.209266424179077,0.5186725854873657,9748.0,9748.0
0.023850250989198685,-9.492527961730957,-2.2143049240112305,0.5185169577598572,9752.0,9752.0
0.01776806265115738,-9.508049964904785,-2.2118773460388184,0.5183613300323486,9756.0,9756.0
0.014050612226128578,-9.50830078125,-2.213618516921997,0.5182058215141296,9760.0,9760.0
0.02084546908736229,-9.526029586791992,-2.2188425064086914,0.5180503129959106,9764.0,9764.0
0.01491888239979744,-9.531034469604492,-2.217712879180908,0.5178948044776917,9768.0,9768.0
0.019751157611608505,-9.519063949584961,-2.22335147857666,0.5177392959594727,9772.0,9772.0
0.01830631121993065,-9.489215850830078,-2.2100749015808105,0.5175839066505432,9776.0,9776.0
0.027894459664821625,-9.49618148803711,-2.220630645751953,0.5174285173416138,9780.0,9780.0
0.02955585904419422,-9.522218704223633,-2.2181878089904785,0.5172731876373291,9784.0,9784.0
0.018417783081531525,-9.53474235534668,-2.2084708213806152,0.5171180367469788,9788.0,9788.0
0.02806517481803894,-9.556039810180664,-2.2184345722198486,0.5169628858566284,9792.0,9792.0
0.019590314477682114,-9.51773452758789,-2.221264600753784,0.5168077945709229,9796.0,9796.0
0.016870668157935143,-9.51374626159668,-2.2297873497009277,0.5166527032852173,9800.0,9800.0
0.017723342403769493,-9.495067596435547,-2.2274539470672607,0.5164976716041565,9804.0,9804.0
0.01787370815873146,-9.50310230255127,-2.2162251472473145,0.5163426995277405,9808.0,9808.0
0.015054103918373585,-9.536223411560059,-2.2159576416015625,0.516187846660614,9812.0,9812.0
0.012722215615212917,-9.563364028930664,-2.2185475826263428,0.5160331130027771,9816.0,9816.0
0.01673024892807007,-9.536532402038574,-2.2242231369018555,0.515878438949585,9820.0,9820.0
0.03065599501132965,-9.531710624694824,-2.2254505157470703,0.5157237648963928,9824.0,9824.0
0.018025703728199005,-9.511404991149902,-2.222275733947754,0.5155692100524902,9828.0,9828.0
0.024350866675376892,-9.506511688232422,-2.2287888526916504,0.5154147148132324,9832.0,9832.0
0.012479545548558235,-9.538002014160156,-2.237689733505249,0.5152601599693298,9836.0,9836.0
0.017921462655067444,-9.578147888183594,-2.241957664489746,0.5151056051254272,9840.0,9840.0
0.01504230871796608,-9.582338333129883,-2.2320709228515625,0.5149511098861694,9844.0,9844.0
0.019113874062895775,-9.600227355957031,-2.2391624450683594,0.5147966146469116,9848.0,9848.0
0.015693139284849167,-9.53892707824707,-2.2183289527893066,0.5146422982215881,9852.0,9852.0
0.018003856763243675,-9.524925231933594,-2.2394886016845703,0.5144879817962646,9856.0,9856.0
0.02842674031853676,-9.530438423156738,-2.2363781929016113,0.5143337249755859,9860.0,9860.0
0.016886238008737564,-9.553166389465332,-2.2263386249542236,0.5141795873641968,9864.0,9864.0
0.014467248693108559,-9.560248374938965,-2.2391357421875,0.5140255093574524,9868.0,9868.0
0.013968909159302711,-9.580374717712402,-2.2336559295654297,0.5138714909553528,9872.0,9872.0
0.025077443569898605,-9.59508228302002,-2.2466204166412354,0.5137174129486084,9876.0,9876.0
0.01688758097589016,-9.568108558654785,-2.2337899208068848,0.5135634541511536,9880.0,9880.0
0.015028541907668114,-9.546975135803223,-2.250117778778076,0.5134094953536987,9884.0,9884.0
0.01645525172352791,-9.538505554199219,-2.238158702850342,0.5132555961608887,9888.0,9888.0
0.018920868635177612,-9.557622909545898,-2.231705904006958,0.5131018161773682,9892.0,9892.0
0.012864058837294579,-9.580694198608398,-2.2479195594787598,0.5129480957984924,9896.0,9896.0
0.014949478209018707,-9.583246231079102,-2.248058557510376,0.5127943158149719,9900.0,9900.0
0.018889565020799637,-9.595743179321289,-2.2460455894470215,0.512640655040741,9904.0,9904.0
0.02164759859442711,-9.566314697265625,-2.25173020362854,0.51248699426651,9908.0,9908.0
0.015129495412111282,-9.561319351196289,-2.2365779876708984,0.5123334527015686,9912.0,9912.0
0.013670580461621284,-9.587695121765137,-2.2466557025909424,0.512179970741272,9916.0,9916.0
0.01578367128968239,-9.593135833740234,-2.2389583587646484,0.5120266079902649,9920.0,9920.0
0.014231931418180466,-9.60201644897461,-2.253103256225586,0.5118732452392578,9924.0,9924.0
0.03898874297738075,-9.612458229064941,-2.24633526802063,0.5117200016975403,9928.0,9928.0
0.01702035591006279,-9.610006332397461,-2.2641398906707764,0.511566698551178,9932.0,9932.0
0.014049336314201355,-9.588142395019531,-2.25048828125,0.5114134550094604,9936.0,9936.0
0.018447037786245346,-9.58642578125,-2.254103422164917,0.5112602114677429,9940.0,9940.0
0.012175212614238262,-9.601369857788086,-2.2625365257263184,0.5111070275306702,9944.0,9944.0
0.013751791790127754,-9.599846839904785,-2.26552414894104,0.5109538435935974,9948.0,9948.0
0.019346896559000015,-9.60286808013916,-2.251828670501709,0.5108006596565247,9952.0,9952.0
0.01791633665561676,-9.619623184204102,-2.2601799964904785,0.5106475949287415,9956.0,9956.0
0.01956300437450409,-9.604042053222656,-2.252591609954834,0.510494589805603,9960.0,9960.0
0.020897643640637398,-9.610349655151367,-2.2556371688842773,0.5103417038917542,9964.0,9964.0
0.017629213631153107,-9.597648620605469,-2.2565464973449707,0.51018887758255,9968.0,9968.0
0.025626175105571747,-9.605184555053711,-2.2597362995147705,0.5100361108779907,9972.0,9972.0
0.021899661049246788,-9.63690185546875,-2.2788217067718506,0.5098832249641418,9976.0,9976.0
0.018622105941176414,-9.62866497039795,-2.270960569381714,0.5097303986549377,9980.0,9980.0
0.02015431970357895,-9.627311706542969,-2.2629101276397705,0.5095776319503784,9984.0,9984.0
0.01624191552400589,-9.626001358032227,-2.2679290771484375,0.5094249248504639,9988.0,9988.0
0.016557421535253525,-9.608174324035645,-2.264704704284668,0.5092722773551941,9992.0,9992.0
0.02037755586206913,-9.592479705810547,-2.2547402381896973,0.5091197490692139,9996.0,9996.0
0.02124834433197975,-9.620769500732422,-2.2654221057891846,0.5089673399925232,10000.0,10000.0
0.021993514150381088,-9.646069526672363,-2.281026840209961,0.508814811706543,10004.0,10004.0
0.02445502206683159,-9.652994155883789,-2.2601609230041504,0.5086624622344971,10008.0,10008.0
0.02555602416396141,-9.653837203979492,-2.2741572856903076,0.5085101127624512,10012.0,10012.0
0.015935314819216728,-9.637810707092285,-2.274695873260498,0.50835782289505,10016.0,10016.0
0.02646576426923275,-9.624259948730469,-2.281395435333252,0.5082055330276489,10020.0,10020.0
0.0167985986918211,-9.636354446411133,-2.280775547027588,0.5080532431602478,10024.0,10024.0
0.01609460450708866,-9.643882751464844,-2.277507781982422,0.5079009532928467,10028.0,10028.0
0.020050033926963806,-9.649215698242188,-2.272636890411377,0.5077488422393799,10032.0,10032.0
0.014896852895617485,-9.6485595703125,-2.287166118621826,0.5075966119766235,10036.0,10036.0
0.018821943551301956,-9.648178100585938,-2.2772634029388428,0.5074445605278015,10040.0,10040.0
0.013095205649733543,-9.634082794189453,-2.2782704830169678,0.5072925090789795,10044.0,10044.0
0.013572144322097301,-9.664405822753906,-2.3025784492492676,0.5071403384208679,10048.0,10048.0
0.022433370351791382,-9.66219425201416,-2.2800114154815674,0.5069882869720459,10052.0,10052.0
0.016262827441096306,-9.67693042755127,-2.281090497970581,0.5068362951278687,10056.0,10056.0
0.015901310369372368,-9.676335334777832,-2.2919509410858154,0.5066843032836914,10060.0,10060.0
0.015853364020586014,-9.649706840515137,-2.285487651824951,0.5065324306488037,10064.0,10064.0
0.016232412308454514,-9.647101402282715,-2.2813096046447754,0.506380558013916,10068.0,10068.0
0.02673708274960518,-9.663307189941406,-2.3021655082702637,0.5062286853790283,10072.0,10072.0
0.017551451921463013,-9.674708366394043,-2.290724277496338,0.5060768723487854,10076.0,10076.0
0.015198063105344772,-9.681876182556152,-2.2868313789367676,0.5059251189231873,10080.0,10080.0
0.015598729252815247,-9.68536376953125,-2.2930595874786377,0.5057734251022339,10084.0,10084.0
0.014145639725029469,-9.670051574707031,-2.295289993286133,0.5056217908859253,10088.0,10088.0
0.024907397106289864,-9.69250774383545,-2.314173698425293,0.5054700374603271,10092.0,10092.0
0.01720237545669079,-9.676095008850098,-2.295555830001831,0.5053183436393738,10096.0,10096.0
0.015211120247840881,-9.68017292022705,-2.3007054328918457,0.5051666498184204,10100.0,10100.0
0.013170831836760044,-9.673948287963867,-2.2930126190185547,0.5050150752067566,10104.0,10104.0
0.019411318004131317,-9.687837600708008,-2.2995941638946533,0.5048635601997375,10108.0,10108.0
0.011832497082650661,-9.682344436645508,-2.296919584274292,0.5047121047973633,10112.0,10112.0
0.014509065076708794,-9.700668334960938,-2.305466413497925,0.5045607089996338,10116.0,10116.0
0.01337768416851759,-9.699458122253418,-2.308119297027588,0.5044093132019043,10120.0,10120.0
0.021152818575501442,-9.688820838928223,-2.307455539703369,0.5042579174041748,10124.0,10124.0
0.013473290018737316,-9.696186065673828,-2.3150687217712402,0.5041065216064453,10128.0,10128.0
0.014994668774306774,-9.709444046020508,-2.3124301433563232,0.5039551258087158,10132.0,10132.0
0.01725233718752861,-9.71116828918457,-2.2911670207977295,0.5038039088249207,10136.0,10136.0
0.015067141503095627,-9.72775650024414,-2.3185715675354004,0.5036526918411255,10140.0,10140.0
0.028424924239516258,-9.700263977050781,-2.292740821838379,0.5035015940666199,10144.0,10144.0
0.0221074428409338,-9.733684539794922,-2.309734582901001,0.503350555896759,10148.0,10148.0
0.010846419259905815,-9.69582748413086,-2.304180860519409,0.5031996369361877,10152.0,10152.0
0.022019892930984497,-9.686342239379883,-2.302663803100586,0.5030487775802612,10156.0,10156.0
0.012899700552225113,-9.711430549621582,-2.310723304748535,0.5028979778289795,10160.0,10160.0
0.016824524849653244,-9.741878509521484,-2.3290352821350098,0.502747118473053,10164.0,10164.0
0.012955507263541222,-9.725499153137207,-2.317925453186035,0.5025962591171265,10168.0,10168.0
0.0225447416305542,-9.730039596557617,-2.3126261234283447,0.5024454593658447,10172.0,10172.0
0.017287464812397957,-9.723694801330566,-2.323211193084717,0.5022947192192078,10176.0,10176.0
0.015887968242168427,-9.734691619873047,-2.3175573348999023,0.5021439790725708,10180.0,10180.0
0.012445571832358837,-9.727529525756836,-2.3190488815307617,0.5019932985305786,10184.0,10184.0
0.022835426032543182,-9.699889183044434,-2.3120691776275635,0.501842737197876,10188.0,10188.0
0.01601402461528778,-9.740897178649902,-2.32043194770813,0.5016922354698181,10192.0,10192.0
0.017009634524583817,-9.755788803100586,-2.3307151794433594,0.5015416741371155,10196.0,10196.0
0.014037605375051498,-9.747150421142578,-2.3234646320343018,0.5013911724090576,10200.0,10200.0
0.01075988169759512,-9.746515274047852,-2.3241071701049805,0.5012407302856445,10204.0,10204.0
0.022327814251184464,-9.746962547302246,-2.327404499053955,0.5010903477668762,10208.0,10208.0
0.010876255109906197,-9.735600471496582,-2.3192667961120605,0.5009400248527527,10212.0,10212.0
0.019020842388272285,-9.752667427062988,-2.3364977836608887,0.5007896423339844,10216.0,10216.0
0.01993943750858307,-9.73641586303711,-2.3129382133483887,0.5006394982337952,10220.0,10220.0
0.0229440126568079,-9.760730743408203,-2.329164981842041,0.500489354133606,10224.0,10224.0
0.02143792062997818,-9.754386901855469,-2.335354804992676,0.5003392100334167,10228.0,10228.0
0.019728627055883408,-9.750889778137207,-2.32340669631958,0.5001891851425171,10232.0,10232.0
0.022529006004333496,-9.765403747558594,-2.3233678340911865,0.5000392198562622,10236.0,10236.0
0.013160713016986847,-9.748249053955078,-2.33042573928833,0.4998893141746521,10240.0,10240.0
0.015060288831591606,-9.747695922851562,-2.3330798149108887,0.49973946809768677,10244.0,10244.0
0.05818966031074524,-9.759098052978516,-2.331371307373047,0.4995896816253662,10248.0,10248.0
0.017881322652101517,-9.789353370666504,-2.3340816497802734,0.49943992495536804,10252.0,10252.0
0.015506729483604431,-9.786249160766602,-2.3341939449310303,0.49929019808769226,10256.0,10256.0
0.01400400884449482,-9.764239311218262,-2.3381524085998535,0.49914053082466125,10260.0,10260.0
0.015774592757225037,-9.749267578125,-2.347404956817627,0.49899083375930786,10264.0,10264.0
0.025146842002868652,-9.776701927185059,-2.3479719161987305,0.49884113669395447,10268.0,10268.0
0.017102815210819244,-9.770377159118652,-2.3470897674560547,0.49869146943092346,10272.0,10272.0
0.015149679034948349,-9.780834197998047,-2.342012405395508,0.49854180216789246,10276.0,10276.0
0.027576610445976257,-9.787933349609375,-2.3265674114227295,0.49839234352111816,10280.0,10280.0
0.01538562960922718,-9.788873672485352,-2.3434817790985107,0.49824291467666626,10284.0,10284.0
0.012752841226756573,-9.758023262023926,-2.3347012996673584,0.4980935752391815,10288.0,10288.0
0.012848096899688244,-9.764827728271484,-2.3347854614257812,0.49794435501098633,10292.0,10292.0
0.019110459834337234,-9.76384449005127,-2.34438419342041,0.4977951645851135,10296.0,10296.0
0.01207072101533413,-9.782662391662598,-2.337892770767212,0.4976460337638855,10300.0,10300.0
0.02338680997490883,-9.823884010314941,-2.344621419906616,0.49749699234962463,10304.0,10304.0
0.014589901082217693,-9.78337287902832,-2.3377485275268555,0.49734804034233093,10308.0,10308.0
0.021440474316477776,-9.806095123291016,-2.362607955932617,0.49719902873039246,10312.0,10312.0
0.010972128249704838,-9.769474029541016,-2.340618371963501,0.49705010652542114,10316.0,10316.0
0.021230600774288177,-9.790379524230957,-2.3456242084503174,0.496901273727417,10320.0,10320.0
0.012294281274080276,-9.815942764282227,-2.3505496978759766,0.49675244092941284,10324.0,10324.0
0.0166800394654274,-9.819634437561035,-2.35441517829895,0.49660366773605347,10328.0,10328.0
0.018524032086133957,-9.810615539550781,-2.3566460609436035,0.4964548945426941,10332.0,10332.0
0.01689116470515728,-9.810860633850098,-2.366281032562256,0.49630609154701233,10336.0,10336.0
0.013314170762896538,-9.807300567626953,-2.352837562561035,0.49615737795829773,10340.0,10340.0
0.014421048574149609,-9.797775268554688,-2.3548667430877686,0.4960086941719055,10344.0,10344.0
0.011548522859811783,-9.809139251708984,-2.3607983589172363,0.4958600401878357,10348.0,10348.0
0.02265622466802597,-9.818599700927734,-2.349283456802368,0.4957115054130554,10352.0,10352.0
0.018723303452134132,-9.84770679473877,-2.373192310333252,0.49556291103363037,10356.0,10356.0
0.034264761954545975,-9.841800689697266,-2.355644464492798,0.4954143762588501,10360.0,10360.0
0.02113184705376625,-9.817159652709961,-2.368795871734619,0.4952658712863922,10364.0,10364.0
0.011882444843649864,-9.791803359985352,-2.3539133071899414,0.4951174557209015,10368.0,10368.0
0.01598871499300003,-9.817643165588379,-2.3679890632629395,0.49496906995773315,10372.0,10372.0
0.016370562836527824,-9.811190605163574,-2.3641626834869385,0.4948207139968872,10376.0,10376.0
0.02332477644085884,-9.819928169250488,-2.366095781326294,0.49467241764068604,10380.0,10380.0
0.013220956549048424,-9.841955184936523,-2.3755297660827637,0.49452412128448486,10384.0,10384.0
0.018433161079883575,-9.840173721313477,-2.363351821899414,0.49437588453292847,10388.0,10388.0
0.013325679115951061,-9.821402549743652,-2.3823490142822266,0.49422764778137207,10392.0,10392.0
0.01538748200982809,-9.831952095031738,-2.36570143699646,0.49407947063446045,10396.0,10396.0
0.013530298136174679,-9.841142654418945,-2.37461256980896,0.49393129348754883,10400.0,10400.0
0.023961376398801804,-9.837533950805664,-2.3628005981445312,0.49378326535224915,10404.0,10404.0
0.023145291954278946,-9.839844703674316,-2.3685483932495117,0.49363529682159424,10408.0,10408.0
0.018347106873989105,-9.849847793579102,-2.3891379833221436,0.49348726868629456,10412.0,10412.0
0.01590939238667488,-9.832683563232422,-2.367863655090332,0.49333932995796204,10416.0,10416.0
0.02052210085093975,-9.84400749206543,-2.3812479972839355,0.4931914210319519,10420.0,10420.0
0.01286223717033863,-9.837749481201172,-2.3768534660339355,0.49304354190826416,10424.0,10424.0
0.014936700463294983,-9.857821464538574,-2.3862223625183105,0.4928956925868988,10428.0,10428.0
0.013063089922070503,-9.871785163879395,-2.389611005783081,0.49274781346321106,10432.0,10432.0
0.016076602041721344,-9.865601539611816,-2.3892860412597656,0.4925999641418457,10436.0,10436.0
0.016201622784137726,-9.864763259887695,-2.3804211616516113,0.49245214462280273,10440.0,10440.0
0.011375674977898598,-9.863712310791016,-2.3840322494506836,0.49230441451072693,10444.0,10444.0
0.015511839650571346,-9.862220764160156,-2.377519130706787,0.4921567440032959,10448.0,10448.0
0.014496229588985443,-9.87515640258789,-2.394896984100342,0.49200907349586487,10452.0,10452.0
0.016603197902441025,-9.876396179199219,-2.389357328414917,0.4918614327907562,10456.0,10456.0
0.019688475877046585,-9.876110076904297,-2.3912246227264404,0.49171385169029236,10460.0,10460.0
0.020971018821001053,-9.886954307556152,-2.3945446014404297,0.4915662705898285,10464.0,10464.0
0.016288997605443,-9.872918128967285,-2.377068519592285,0.4914188086986542,10468.0,10468.0
0.024069976061582565,-9.886947631835938,-2.3949310779571533,0.49127140641212463,10472.0,10472.0
0.018125783652067184,-9.873639106750488,-2.386814594268799,0.4911240339279175,10476.0,10476.0
0.015983909368515015,-9.888204574584961,-2.3982186317443848,0.4909766912460327,10480.0,10480.0
0.017854025587439537,-9.886125564575195,-2.3936171531677246,0.4908294081687927,10484.0,10484.0
0.020033452659845352,-9.900040626525879,-2.3979744911193848,0.4906821548938751,10488.0,10488.0
0.0152956023812294,-9.875608444213867,-2.385166645050049,0.4905349910259247,10492.0,10492.0
0.01667773723602295,-9.858880996704102,-2.383049249649048,0.4903879761695862,10496.0,10496.0
0.02190566621720791,-9.862564086914062,-2.384556770324707,0.4902411103248596,10500.0,10500.0
0.016941998153924942,-9.89802074432373,-2.4029412269592285,0.49009421467781067,10504.0,10504.0
0.013494915328919888,-9.912545204162598,-2.3916444778442383,0.4899473786354065,10508.0,10508.0
0.018192781135439873,-9.9239501953125,-2.4029555320739746,0.4898005723953247,10512.0,10512.0
0.02552480809390545,-9.912546157836914,-2.4138076305389404,0.48965370655059814,10516.0,10516.0
0.024713408201932907,-9.898752212524414,-2.3937063217163086,0.48950695991516113,10520.0,10520.0
0.02628975175321102,-9.890423774719238,-2.404909610748291,0.4893602430820465,10524.0,10524.0
0.021730396896600723,-9.92446517944336,-2.4244728088378906,0.4892134368419647,10528.0,10528.0
0.01940861903131008,-9.945026397705078,-2.399158000946045,0.4890667200088501,10532.0,10532.0
0.017085913568735123,-9.932111740112305,-2.3961310386657715,0.488920122385025,10536.0,10536.0
0.01031492743641138,-9.920090675354004,-2.414152145385742,0.48877352476119995,10540.0,10540.0
0.014299321919679642,-9.91494369506836,-2.400667428970337,0.48862701654434204,10544.0,10544.0
0.020566388964653015,-9.88683795928955,-2.413681983947754,0.48848050832748413,10548.0,10548.0
0.019348863512277603,-9.91486930847168,-2.405773162841797,0.4883340895175934,10552.0,10552.0
0.011379729025065899,-9.918649673461914,-2.3990490436553955,0.4881877899169922,10556.0,10556.0
0.011934641748666763,-9.93994426727295,-2.4151763916015625,0.488041490316391,10560.0,10560.0
0.020072903484106064,-9.940319061279297,-2.4193460941314697,0.4878951907157898,10564.0,10564.0
0.01619279570877552,-9.940329551696777,-2.4121861457824707,0.4877489507198334,10568.0,10568.0
0.013829445466399193,-9.92110824584961,-2.4099674224853516,0.48760277032852173,10572.0,10572.0
0.019901424646377563,-9.928352355957031,-2.4077656269073486,0.48745667934417725,10576.0,10576.0
0.019163601100444794,-9.945524215698242,-2.4271228313446045,0.48731058835983276,10580.0,10580.0
0.024760033935308456,-9.954513549804688,-2.4336769580841064,0.4871644377708435,10584.0,10584.0
0.013984603807330132,-9.936763763427734,-2.4191670417785645,0.48701831698417664,10588.0,10588.0
0.023513298481702805,-9.943363189697266,-2.4186882972717285,0.48687225580215454,10592.0,10592.0
0.014356689527630806,-9.936716079711914,-2.422409772872925,0.4867262542247772,10596.0,10596.0
0.01800309121608734,-9.932777404785156,-2.4300966262817383,0.4865802228450775,10600.0,10600.0
0.015486141666769981,-9.930830955505371,-2.4168665409088135,0.48643431067466736,10604.0,10604.0
0.018651694059371948,-9.981968879699707,-2.431356191635132,0.4862883985042572,10608.0,10608.0
0.018017472699284554,-9.969426155090332,-2.4235286712646484,0.4861425459384918,10612.0,10612.0
0.016326449811458588,-9.972765922546387,-2.422621726989746,0.4859967529773712,10616.0,10616.0
0.01711415871977806,-9.940415382385254,-2.4189071655273438,0.48585107922554016,10620.0,10620.0
0.02446499653160572,-9.932222366333008,-2.4351329803466797,0.4857054054737091,10624.0,10624.0
0.03942852467298508,-9.942106246948242,-2.4263665676116943,0.48555976152420044,10628.0,10628.0
0.025690315291285515,-9.957202911376953,-2.4188590049743652,0.4854142665863037,10632.0,10632.0
0.0170130617916584,-9.991838455200195,-2.4400362968444824,0.485268771648407,10636.0,10636.0
0.01827428489923477,-9.984626770019531,-2.4419336318969727,0.48512324690818787,10640.0,10640.0
0.018644940108060837,-9.960005760192871,-2.4458932876586914,0.484977662563324,10644.0,10644.0
0.0179093386977911,-9.943599700927734,-2.437227487564087,0.48483213782310486,10648.0,10648.0
0.02097088098526001,-9.967142105102539,-2.436767339706421,0.4846866726875305,10652.0,10652.0
0.012586932629346848,-9.978004455566406,-2.4328346252441406,0.48454126715660095,10656.0,10656.0
0.016283409669995308,-9.983729362487793,-2.4303207397460938,0.48439595103263855,10660.0,10660.0
0.017998091876506805,-9.985114097595215,-2.4479939937591553,0.48425063490867615,10664.0,10664.0
0.01685618795454502,-9.974176406860352,-2.436697006225586,0.4841053783893585,10668.0,10668.0
0.02424108050763607,-9.9940824508667,-2.4462883472442627,0.4839601516723633,10672.0,10672.0
0.02184322662651539,-9.979469299316406,-2.431069850921631,0.4838150441646576,10676.0,10676.0
0.0254190806299448,-9.988750457763672,-2.4329416751861572,0.48367005586624146,10680.0,10680.0
0.015646331012248993,-9.9622220993042,-2.4424736499786377,0.4835250973701477,10684.0,10684.0
0.01318405196070671,-9.985990524291992,-2.445553779602051,0.48338013887405396,10688.0,10688.0
0.013992920517921448,-9.961554527282715,-2.43886137008667,0.48323529958724976,10692.0,10692.0
0.014414079487323761,-9.969779014587402,-2.436786413192749,0.48309051990509033,10696.0,10696.0
0.024411089718341827,-9.971842765808105,-2.4264068603515625,0.48294591903686523,10700.0,10700.0
0.01307930052280426,-10.011597633361816,-2.4490041732788086,0.48280131816864014,10704.0,10704.0
0.020265670493245125,-9.991111755371094,-2.457063913345337,0.48265668749809265,10708.0,10708.0
0.01474009733647108,-9.981176376342773,-2.4576544761657715,0.48251208662986755,10712.0,10712.0
0.01645931601524353,-9.97825813293457,-2.454479217529297,0.48236745595932007,10716.0,10716.0
0.019433269277215004,-9.986710548400879,-2.437277317047119,0.4822229743003845,10720.0,10720.0
0.017886579036712646,-10.04945182800293,-2.4687256813049316,0.4820784628391266,10724.0,10724.0
0.018085479736328125,-10.04594612121582,-2.450005531311035,0.48193398118019104,10728.0,10728.0
0.015411942265927792,-10.011650085449219,-2.4526336193084717,0.48178955912590027,10732.0,10732.0
0.013867698609828949,-10.003469467163086,-2.452650547027588,0.4816451966762543,10736.0,10736.0
0.019331837072968483,-10.005027770996094,-2.464585304260254,0.4815008342266083,10740.0,10740.0
0.022101812064647675,-10.004837036132812,-2.4535157680511475,0.48135653138160706,10744.0,10744.0
0.016011308878660202,-10.039108276367188,-2.452096462249756,0.481212317943573,10748.0,10748.0
0.014001711271703243,-10.056841850280762,-2.482729911804199,0.4810680150985718,10752.0,10752.0
0.017031114548444748,-10.020990371704102,-2.463163375854492,0.48092374205589294,10756.0,10756.0
0.015108151361346245,-10.010231971740723,-2.4732553958892822,0.4807794690132141,10760.0,10760.0
0.015356728807091713,-10.010095596313477,-2.4598684310913086,0.48063525557518005,10764.0,10764.0
0.017968976870179176,-10.000253677368164,-2.455528736114502,0.48049116134643555,10768.0,10768.0
0.023358404636383057,-10.036626815795898,-2.484714984893799,0.4803469777107239,10772.0,10772.0
0.02262541651725769,-10.032329559326172,-2.4740188121795654,0.4802028238773346,10776.0,10776.0
0.01853811927139759,-10.04073429107666,-2.469221591949463,0.4800586998462677,10780.0,10780.0
0.019017815589904785,-10.038864135742188,-2.468538522720337,0.4799146354198456,10784.0,10784.0
0.016599250957369804,-10.025262832641602,-2.4689626693725586,0.47977063059806824,10788.0,10788.0
