critic_loss,actor_loss,alpha_loss,alpha,global_step,buffer_size
8.144721031188965,8.083759307861328,-1.43694269657135,0.03530699387192726,260.0,258.0
11.569432258605957,8.785867691040039,-1.2857387065887451,0.035296447575092316,264.0,262.0
11.203924179077148,8.40372085571289,-1.2373223304748535,0.035285938531160355,268.0,266.0
6.774356842041016,7.217494010925293,-1.4745962619781494,0.03527537360787392,272.0,270.0
7.256640434265137,7.734755516052246,-1.2416107654571533,0.03526485338807106,276.0,274.0
6.906210899353027,8.135902404785156,-0.625035285949707,0.03525485098361969,280.0,278.0
6.035340309143066,7.797966003417969,-1.2763144969940186,0.03524473309516907,284.0,282.0
5.284420967102051,8.349041938781738,-1.356309175491333,0.035234492272138596,288.0,286.0
5.91334342956543,7.843478679656982,-0.6958509683609009,0.03522457927465439,292.0,290.0
4.226934432983398,8.23481273651123,-1.055176019668579,0.03521466255187988,296.0,294.0
4.564558029174805,7.204610824584961,-1.2258362770080566,0.03520463779568672,300.0,298.0
6.045614719390869,7.592433929443359,-0.9206528663635254,0.035194721072912216,304.0,302.0
4.516556262969971,7.7744832038879395,-0.9136908650398254,0.03518488630652428,308.0,306.0
3.828064441680908,8.338677406311035,-0.12718939781188965,0.03517585247755051,312.0,310.0
3.6362533569335938,8.051523208618164,-0.5630447864532471,0.035167064517736435,316.0,314.0
3.5466089248657227,7.227775573730469,-1.6743137836456299,0.03515775874257088,320.0,318.0
3.5452685356140137,8.232200622558594,-0.31914979219436646,0.035148974508047104,324.0,322.0
3.5166451930999756,7.909661293029785,-1.139333963394165,0.03513997048139572,328.0,326.0
5.599781513214111,8.11516284942627,-0.6570582389831543,0.03513113036751747,332.0,330.0
3.262857437133789,8.182172775268555,-1.4044488668441772,0.03512191027402878,336.0,334.0
4.795070171356201,8.261360168457031,-0.6813690066337585,0.035112857818603516,340.0,338.0
3.3714170455932617,8.277599334716797,-0.9350244998931885,0.03510376065969467,344.0,342.0
2.999141216278076,7.500350475311279,-0.8982946276664734,0.03509464114904404,348.0,346.0
4.299530982971191,8.349644660949707,-0.5170928239822388,0.03508581966161728,352.0,350.0
3.4342246055603027,7.495293617248535,-1.3513286113739014,0.03507662191987038,356.0,354.0
4.1725873947143555,7.751521110534668,-0.6966370344161987,0.03506757318973541,360.0,358.0
4.280969142913818,8.515730857849121,-0.19597259163856506,0.0350591316819191,364.0,362.0
3.654049873352051,8.310709953308105,-0.54952472448349,0.0350508876144886,368.0,366.0
4.009517192840576,7.859457969665527,-0.9417012929916382,0.035042475908994675,372.0,370.0
4.078311920166016,8.433162689208984,-0.7732187509536743,0.03503405302762985,376.0,374.0
4.742227077484131,7.6976799964904785,-0.8520119190216064,0.03502555191516876,380.0,378.0
2.298360586166382,7.188530445098877,-0.7295385599136353,0.03501708433032036,384.0,382.0
4.134056091308594,7.320644855499268,-0.3849719762802124,0.03500897064805031,388.0,386.0
3.5432119369506836,7.580771446228027,-0.8402985334396362,0.035000741481781006,392.0,390.0
3.0670735836029053,7.888615131378174,-0.5224629044532776,0.034992706030607224,396.0,394.0
3.0150885581970215,7.737813949584961,-0.525473952293396,0.03498484194278717,400.0,398.0
3.949699640274048,7.643283367156982,-0.5763116478919983,0.03497706726193428,404.0,402.0
3.9006333351135254,7.919575214385986,-0.025869540870189667,0.034969963133335114,408.0,406.0
2.121385097503662,7.271490097045898,-0.6296017169952393,0.03496282920241356,412.0,410.0
2.917647361755371,7.507907390594482,-0.47739726305007935,0.03495581075549126,416.0,414.0
3.4308338165283203,7.3808512687683105,-0.7770731449127197,0.03494858369231224,420.0,418.0
3.6710174083709717,7.369718551635742,-0.22584669291973114,0.03494176268577576,424.0,422.0
3.0628061294555664,7.141729354858398,-0.9895982146263123,0.034934498369693756,428.0,426.0
2.155531644821167,7.094638824462891,-0.5297057628631592,0.03492730110883713,432.0,430.0
3.2058615684509277,7.256505489349365,-0.781507134437561,0.03491990640759468,436.0,434.0
2.156581401824951,6.801544189453125,-0.9618480205535889,0.03491215035319328,440.0,438.0
3.269679069519043,6.962105751037598,-0.5682251453399658,0.034904468804597855,444.0,442.0
2.262907028198242,6.632322788238525,-0.412602961063385,0.034897010773420334,448.0,446.0
2.6379401683807373,6.710283279418945,-0.7873311638832092,0.03488936647772789,452.0,450.0
2.9712471961975098,6.6445770263671875,-0.26827332377433777,0.03488210588693619,456.0,454.0
2.808363437652588,6.664703845977783,0.14106854796409607,0.03487567603588104,460.0,458.0
2.569976806640625,6.910327911376953,0.013105541467666626,0.034869857132434845,464.0,462.0
2.396892786026001,6.112675666809082,-0.5505104064941406,0.034863922744989395,468.0,466.0
2.5759501457214355,6.261845111846924,0.4576027989387512,0.03485910966992378,472.0,470.0
2.932870388031006,5.925968647003174,-0.37800025939941406,0.034854281693696976,476.0,474.0
3.081683397293091,6.040029525756836,-0.17593097686767578,0.03484967723488808,480.0,478.0
2.098597288131714,5.967472076416016,-0.30962011218070984,0.03484511747956276,484.0,482.0
2.3550219535827637,5.927698135375977,-0.0678742378950119,0.034840889275074005,488.0,486.0
2.7448360919952393,5.4971113204956055,0.3704768717288971,0.03483753278851509,492.0,490.0
2.134371280670166,6.110157012939453,-0.18156105279922485,0.034834250807762146,496.0,494.0
2.066828489303589,6.119307518005371,0.507931113243103,0.0348319411277771,500.0,498.0
2.719759941101074,6.284949779510498,0.22549469769001007,0.03483014181256294,504.0,502.0
2.368922472000122,5.8399481773376465,0.49885836243629456,0.03482916206121445,508.0,506.0
3.0974855422973633,5.6795501708984375,0.7293670177459717,0.03482922911643982,512.0,510.0
1.9223947525024414,5.417929172515869,1.0627800226211548,0.03483066335320473,516.0,514.0
3.1910524368286133,5.786612033843994,1.2837400436401367,0.03483358770608902,520.0,518.0
2.026914596557617,5.895340919494629,0.6362546682357788,0.034837041050195694,524.0,522.0
3.2999351024627686,5.507565021514893,0.682651937007904,0.034841038286685944,528.0,526.0
1.8067023754119873,5.563106060028076,0.5164666771888733,0.034845322370529175,532.0,530.0
2.3228042125701904,5.514056205749512,0.9844968914985657,0.034850433468818665,536.0,534.0
2.4354734420776367,5.4118757247924805,0.5707523822784424,0.03485579416155815,540.0,538.0
2.853118896484375,5.224773406982422,0.88198322057724,0.03486175090074539,544.0,542.0
2.094424247741699,5.10738468170166,0.7762146592140198,0.03486812114715576,548.0,546.0
2.4862749576568604,4.842308044433594,0.2983047068119049,0.03487427160143852,552.0,550.0
1.9316771030426025,4.64185905456543,0.9683809876441956,0.03488105908036232,556.0,554.0
2.5235023498535156,4.615527153015137,0.7643358707427979,0.03488815948367119,560.0,558.0
2.514580726623535,4.2774977684021,0.4569818675518036,0.03489518165588379,564.0,562.0
2.073580741882324,4.045576572418213,0.7517970204353333,0.03490248695015907,568.0,566.0
2.658651113510132,4.3463335037231445,1.2760906219482422,0.0349106527864933,572.0,570.0
2.667387008666992,4.416998863220215,1.3973138332366943,0.03491969034075737,576.0,574.0
2.0302562713623047,3.935927391052246,1.0582695007324219,0.03492914140224457,580.0,578.0
1.8074045181274414,3.851975440979004,0.6120061874389648,0.03493846207857132,584.0,582.0
2.144956588745117,3.8548452854156494,1.4238009452819824,0.03494854271411896,588.0,586.0
2.6299052238464355,4.943259239196777,1.1474136114120483,0.034959010779857635,592.0,590.0
2.3036282062530518,4.2819061279296875,0.8301302790641785,0.03496947139501572,596.0,594.0
2.0909557342529297,4.28459358215332,1.0255941152572632,0.03498014435172081,600.0,598.0
2.1171841621398926,3.7436363697052,1.205423355102539,0.034991197288036346,604.0,602.0
2.4029178619384766,4.586423397064209,1.106867790222168,0.03500247746706009,608.0,606.0
2.4520561695098877,4.074474811553955,0.8159937262535095,0.035013653337955475,612.0,610.0
1.960760474205017,4.212618350982666,0.7853590846061707,0.03502470254898071,616.0,614.0
2.603872299194336,4.2551069259643555,0.256063312292099,0.035035014152526855,620.0,618.0
2.489166021347046,4.420472621917725,0.6287922263145447,0.035045117139816284,624.0,622.0
2.4919309616088867,4.325722694396973,0.7155426740646362,0.035055119544267654,628.0,626.0
2.4744114875793457,4.922604560852051,0.7210373878479004,0.03506503999233246,632.0,630.0
3.1036171913146973,4.478661060333252,1.205002784729004,0.03507543355226517,636.0,634.0
2.9198100566864014,3.8557863235473633,1.773507833480835,0.03508679196238518,640.0,638.0
2.7088334560394287,4.858914852142334,1.2515145540237427,0.03509848937392235,644.0,642.0
2.7848305702209473,4.587341785430908,1.834859848022461,0.03511102497577667,648.0,646.0
2.7602362632751465,4.467853546142578,1.5066382884979248,0.03512398898601532,652.0,650.0
2.3845033645629883,4.914814472198486,1.7576847076416016,0.035137537866830826,656.0,654.0
3.053563117980957,4.9278035163879395,1.6890246868133545,0.035151541233062744,660.0,658.0
2.484644889831543,4.853315353393555,1.7732517719268799,0.03516599163413048,664.0,662.0
2.481274366378784,4.111950397491455,1.3947622776031494,0.03518050163984299,668.0,666.0
3.062143325805664,4.371175765991211,2.1579713821411133,0.03519567474722862,672.0,670.0
2.466841220855713,5.0883307456970215,2.0168282985687256,0.035211313515901566,676.0,674.0
2.8622145652770996,4.38657808303833,2.0079758167266846,0.035227324813604355,680.0,678.0
2.356698989868164,3.599003553390503,1.9004236459732056,0.035243574529886246,684.0,682.0
2.457399845123291,3.8773674964904785,2.2081716060638428,0.03526023030281067,688.0,686.0
2.658907413482666,4.001226425170898,2.314180850982666,0.03527729958295822,692.0,690.0
2.417945384979248,3.7502574920654297,2.1644175052642822,0.035294607281684875,696.0,694.0
2.682878017425537,4.097417831420898,1.8163280487060547,0.035311851650476456,700.0,698.0
2.5933003425598145,4.117379665374756,2.1284689903259277,0.035329267382621765,704.0,702.0
2.3844151496887207,4.221133232116699,1.6420221328735352,0.03534645587205887,708.0,706.0
2.4423251152038574,4.443924903869629,1.7506635189056396,0.03536352515220642,712.0,710.0
2.4746901988983154,4.783807277679443,2.048348903656006,0.035380683839321136,716.0,714.0
2.1431210041046143,4.0504469871521,2.1215391159057617,0.0353979729115963,720.0,718.0
2.0162320137023926,4.0894694328308105,1.9071300029754639,0.035415202379226685,724.0,722.0
2.6223552227020264,4.258411407470703,2.099680185317993,0.03543251007795334,728.0,726.0
1.83315110206604,4.169226169586182,1.736857295036316,0.03544960916042328,732.0,730.0
2.185081958770752,3.6193628311157227,1.7752717733383179,0.03546655923128128,736.0,734.0
2.06974458694458,3.751875400543213,1.5621602535247803,0.03548320382833481,740.0,738.0
2.4202568531036377,3.8248722553253174,1.555745244026184,0.035499561578035355,744.0,742.0
2.2901859283447266,3.9252593517303467,1.9502546787261963,0.035515960305929184,748.0,746.0
2.2867064476013184,3.475231409072876,1.6800075769424438,0.03553218021988869,752.0,750.0
1.9592828750610352,3.647831439971924,1.8964729309082031,0.03554839640855789,756.0,754.0
2.182607650756836,4.072720050811768,1.5413610935211182,0.03556434437632561,760.0,758.0
1.982347011566162,3.7442941665649414,1.5143296718597412,0.035580024123191833,764.0,762.0
1.9029273986816406,3.011773109436035,1.5761393308639526,0.03559551015496254,768.0,766.0
1.9353796243667603,2.9430556297302246,1.9764389991760254,0.0356111116707325,772.0,770.0
2.59837007522583,3.912280797958374,1.8698625564575195,0.035626739263534546,776.0,774.0
2.010922431945801,3.503314256668091,1.686402678489685,0.035642243921756744,780.0,778.0
2.3411567211151123,3.2297818660736084,1.3952269554138184,0.03565741330385208,784.0,782.0
3.1733040809631348,3.8840889930725098,1.882347822189331,0.03567265346646309,788.0,786.0
1.9682508707046509,3.575622320175171,1.1718010902404785,0.0356874018907547,792.0,790.0
1.589885950088501,3.413693904876709,1.667140245437622,0.03570210188627243,796.0,794.0
2.065934419631958,3.3003997802734375,1.5956207513809204,0.03571668267250061,800.0,798.0
1.653438925743103,3.6319212913513184,1.669934868812561,0.0357312336564064,804.0,802.0
1.8501111268997192,2.7513928413391113,1.9128451347351074,0.03574591130018234,808.0,806.0
1.4621179103851318,3.215935468673706,1.9406906366348267,0.03576073795557022,812.0,810.0
2.653402328491211,3.170227289199829,1.4832935333251953,0.03577533736824989,816.0,814.0
2.0777554512023926,3.0447263717651367,1.7947168350219727,0.03578996658325195,820.0,818.0
2.010356903076172,2.945260524749756,1.3041688203811646,0.03580426424741745,824.0,822.0
2.9168121814727783,2.7060141563415527,2.3364858627319336,0.035819001495838165,828.0,826.0
2.306150197982788,2.628730535507202,1.3678522109985352,0.03583342581987381,832.0,830.0
2.663642168045044,3.3000142574310303,1.9044954776763916,0.035847969353199005,836.0,834.0
2.672175645828247,3.2318167686462402,1.5538785457611084,0.035862356424331665,840.0,838.0
2.419559955596924,2.930765390396118,1.6488161087036133,0.035876672714948654,844.0,842.0
2.2451767921447754,3.496044158935547,1.2573649883270264,0.03589062765240669,848.0,846.0
2.561375379562378,3.4960126876831055,1.698887586593628,0.03590458631515503,852.0,850.0
1.8726714849472046,2.1442935466766357,1.7464382648468018,0.03591858595609665,856.0,854.0
2.0475234985351562,2.8396472930908203,1.4050863981246948,0.03593235835433006,860.0,858.0
2.0190539360046387,3.133840322494507,2.0304908752441406,0.03594639524817467,864.0,862.0
2.183891534805298,2.985036611557007,1.3261313438415527,0.035960134118795395,868.0,866.0
2.076374053955078,3.089975357055664,1.014729380607605,0.03597337380051613,872.0,870.0
2.7390975952148438,3.1227495670318604,2.3247408866882324,0.035987142473459244,876.0,874.0
2.1713321208953857,2.9202425479888916,1.6780420541763306,0.036000899970531464,880.0,878.0
2.4175477027893066,2.50093674659729,1.5528364181518555,0.036014556884765625,884.0,882.0
2.050750255584717,2.7288293838500977,2.007216691970825,0.03602846339344978,888.0,886.0
1.9141056537628174,3.424825668334961,1.583579182624817,0.03604226931929588,892.0,890.0
1.5555328130722046,2.232154607772827,1.406685709953308,0.03605584800243378,896.0,894.0
2.123086452484131,3.2222368717193604,1.3492250442504883,0.03606919199228287,900.0,898.0
2.4612255096435547,2.89469051361084,1.8431034088134766,0.036082688719034195,904.0,902.0
1.644404411315918,2.1542763710021973,1.7169973850250244,0.03609621524810791,908.0,906.0
1.960113763809204,1.976714849472046,1.2557271718978882,0.03610943630337715,912.0,910.0
1.8227825164794922,2.4537792205810547,1.3212076425552368,0.03612241894006729,916.0,914.0
1.787933349609375,2.6746742725372314,1.2196475267410278,0.036135125905275345,920.0,918.0
2.0231921672821045,3.038489580154419,0.8877716064453125,0.03614731878042221,924.0,922.0
2.254573345184326,1.4372731447219849,1.248800277709961,0.03615933284163475,928.0,926.0
1.9404009580612183,2.013787031173706,1.1289746761322021,0.036171093583106995,932.0,930.0
2.199878692626953,2.3204050064086914,0.5368519425392151,0.03618215024471283,936.0,934.0
1.8897321224212646,2.049888849258423,1.1546427011489868,0.03619307652115822,940.0,938.0
2.02333664894104,2.6877005100250244,1.417649269104004,0.036204077303409576,944.0,942.0
2.701822280883789,2.2730536460876465,1.1539287567138672,0.036214955151081085,948.0,946.0
2.186816692352295,2.13433575630188,1.2069287300109863,0.036225758492946625,952.0,950.0
1.7113049030303955,1.5404831171035767,1.7146981954574585,0.03623688593506813,956.0,954.0
2.600465774536133,2.6508569717407227,2.1550257205963135,0.03624862805008888,960.0,958.0
2.188398838043213,2.1727445125579834,1.8725299835205078,0.03626071289181709,964.0,962.0
2.47476863861084,2.7585482597351074,2.661492347717285,0.036273665726184845,968.0,966.0
1.9358316659927368,2.607111930847168,1.8937567472457886,0.036286838352680206,972.0,970.0
2.2221879959106445,1.6275739669799805,2.016716957092285,0.036300286650657654,976.0,974.0
2.6881022453308105,2.1727542877197266,1.851313591003418,0.036313869059085846,980.0,978.0
2.074553966522217,2.0422744750976562,2.2789993286132812,0.03632786124944687,984.0,982.0
1.6657195091247559,1.6303688287734985,1.9770272970199585,0.03634200990200043,988.0,986.0
2.3330039978027344,2.3982999324798584,2.5004680156707764,0.03635665401816368,992.0,990.0
1.5035967826843262,2.268836259841919,2.219271659851074,0.036371540278196335,996.0,994.0
2.4102423191070557,1.4187273979187012,2.101931095123291,0.036386553198099136,1000.0,998.0
2.4314956665039062,1.1409178972244263,1.6966264247894287,0.036401402205228806,1004.0,1002.0
2.2659106254577637,2.0380070209503174,2.572396755218506,0.03641669452190399,1008.0,1006.0
2.4304397106170654,2.300877809524536,2.311946392059326,0.03643220663070679,1012.0,1010.0
2.424678325653076,2.005833387374878,2.20438289642334,0.03644782677292824,1016.0,1014.0
6.288416862487793,2.1616005897521973,1.864978551864624,0.03646331652998924,1020.0,1018.0
2.266427516937256,2.428485631942749,2.3188834190368652,0.03647899255156517,1024.0,1022.0
2.9938108921051025,2.7835488319396973,1.8086540699005127,0.03649448603391647,1028.0,1026.0
5.50629186630249,2.847743034362793,1.8408981561660767,0.03650983050465584,1032.0,1030.0
2.099757432937622,1.9451311826705933,2.0453028678894043,0.0365251787006855,1036.0,1034.0
2.097966194152832,2.4315567016601562,1.6103391647338867,0.03654022887349129,1040.0,1038.0
5.169277191162109,2.637716293334961,1.940314769744873,0.03655524551868439,1044.0,1042.0
2.854085922241211,2.640383005142212,1.3476632833480835,0.03656980022788048,1048.0,1046.0
2.809659957885742,1.81475830078125,1.6944711208343506,0.03658419847488403,1052.0,1050.0
5.6197590827941895,1.5458897352218628,2.1219329833984375,0.036598749458789825,1056.0,1054.0
2.0041847229003906,1.4871342182159424,1.5293262004852295,0.03661302104592323,1060.0,1058.0
5.786982536315918,2.0016539096832275,1.1810665130615234,0.03662678971886635,1064.0,1062.0
1.649204969406128,2.7041399478912354,1.823952555656433,0.03664056211709976,1068.0,1066.0
4.565793991088867,2.959291934967041,1.8450957536697388,0.036654360592365265,1072.0,1070.0
5.776826858520508,2.4504380226135254,1.4506049156188965,0.03666789084672928,1076.0,1074.0
2.432558059692383,1.7557644844055176,1.7619457244873047,0.0366814061999321,1080.0,1078.0
2.6933846473693848,2.0001766681671143,2.0351548194885254,0.03669510781764984,1084.0,1082.0
2.523301124572754,1.8214002847671509,1.777315378189087,0.0367087721824646,1088.0,1086.0
7.31569242477417,2.210390567779541,1.559464931488037,0.036722272634506226,1092.0,1090.0
2.9839048385620117,1.988802433013916,1.9899680614471436,0.036735907196998596,1096.0,1094.0
4.615893363952637,2.61690616607666,2.193364381790161,0.036749809980392456,1100.0,1098.0
2.8991432189941406,1.334382176399231,1.6139733791351318,0.036763548851013184,1104.0,1102.0
7.146176338195801,1.6045576333999634,2.013329267501831,0.03677741810679436,1108.0,1106.0
2.811075210571289,1.6354354619979858,1.4975799322128296,0.036791037768125534,1112.0,1110.0
1.8903632164001465,1.2859251499176025,1.025486707687378,0.03680410236120224,1116.0,1114.0
6.0878753662109375,2.0231223106384277,1.3648614883422852,0.03681689873337746,1120.0,1118.0
5.838230133056641,1.4603595733642578,1.5995296239852905,0.0368296355009079,1124.0,1122.0
2.542349338531494,1.6186587810516357,0.7627450823783875,0.036841705441474915,1128.0,1126.0
2.437124013900757,1.6002771854400635,1.3720189332962036,0.0368536151945591,1132.0,1130.0
3.96891450881958,1.5811562538146973,1.6777374744415283,0.036865610629320145,1136.0,1134.0
5.28659200668335,1.9868255853652954,1.3716436624526978,0.03687746077775955,1140.0,1138.0
1.5935012102127075,1.1903376579284668,1.2423231601715088,0.03688908740878105,1144.0,1142.0
5.145605564117432,1.899050235748291,1.2000901699066162,0.03690047934651375,1148.0,1146.0
5.001267433166504,1.9649150371551514,1.0680649280548096,0.03691156581044197,1152.0,1150.0
5.587682723999023,1.4004398584365845,1.1780368089675903,0.03692246228456497,1156.0,1154.0
4.246219635009766,1.2826828956604004,1.5040128231048584,0.03693342208862305,1160.0,1158.0
2.089901924133301,1.5321276187896729,1.1161317825317383,0.036944158375263214,1164.0,1162.0
2.75083327293396,1.8909311294555664,0.7065887451171875,0.03695438802242279,1168.0,1166.0
2.524313449859619,1.5301214456558228,1.2864350080490112,0.03696459159255028,1172.0,1170.0
1.7955703735351562,1.682106375694275,1.2713730335235596,0.03697476163506508,1176.0,1174.0
1.8677546977996826,0.553956925868988,0.9030941724777222,0.036984629929065704,1180.0,1178.0
2.042706251144409,1.656973958015442,1.0105109214782715,0.03699430078268051,1184.0,1182.0
3.359189510345459,0.7094763517379761,1.1343296766281128,0.03700390085577965,1188.0,1186.0
1.9591530561447144,0.5163748264312744,1.3210608959197998,0.037013571709394455,1192.0,1190.0
2.46152925491333,1.619786262512207,1.264969825744629,0.037023261189460754,1196.0,1194.0
2.9080817699432373,0.6873828172683716,1.5216500759124756,0.037033166736364365,1200.0,1198.0
2.4586668014526367,0.2399115264415741,1.1846082210540771,0.0370430126786232,1204.0,1202.0
2.4550576210021973,-0.3759869933128357,1.4151883125305176,0.037052977830171585,1208.0,1206.0
1.9257230758666992,0.7662016749382019,1.7646325826644897,0.03706330433487892,1212.0,1210.0
3.1905598640441895,0.859437108039856,1.2198009490966797,0.03707355633378029,1216.0,1214.0
2.8298535346984863,1.4846646785736084,1.3508594036102295,0.037083838135004044,1220.0,1218.0
2.0713706016540527,0.8532238006591797,0.961156964302063,0.03709385544061661,1224.0,1222.0
3.4111125469207764,0.42766088247299194,1.5773818492889404,0.03710409998893738,1228.0,1226.0
1.4188268184661865,0.5052818655967712,1.3750264644622803,0.03711439669132233,1232.0,1230.0
2.2100837230682373,0.902811586856842,1.4175703525543213,0.03712477162480354,1236.0,1234.0
2.641177177429199,0.39144957065582275,1.2402395009994507,0.037135083228349686,1240.0,1238.0
3.447481155395508,-0.10803364962339401,0.4859863221645355,0.037144772708415985,1244.0,1242.0
4.677448749542236,0.4628656506538391,1.3166983127593994,0.03715452179312706,1248.0,1246.0
2.0579166412353516,0.18826529383659363,1.1739215850830078,0.037164222449064255,1252.0,1250.0
4.434731483459473,1.2772685289382935,1.2976255416870117,0.037173978984355927,1256.0,1254.0
4.556604385375977,0.32349687814712524,0.8527711033821106,0.03718344867229462,1260.0,1258.0
3.5752081871032715,-0.08126874268054962,1.3963769674301147,0.037193067371845245,1264.0,1262.0
4.319714546203613,0.15220534801483154,1.3613559007644653,0.037202805280685425,1268.0,1266.0
1.590035080909729,-0.789972186088562,1.7486611604690552,0.03721293434500694,1272.0,1270.0
5.473773956298828,-0.25679153203964233,1.8037047386169434,0.0372234582901001,1276.0,1274.0
2.0046610832214355,-0.306609570980072,1.7747042179107666,0.037234313786029816,1280.0,1278.0
4.502432823181152,0.4648786783218384,1.6684982776641846,0.037245385348796844,1284.0,1282.0
3.0712966918945312,-0.16624155640602112,1.5266196727752686,0.037256550043821335,1288.0,1286.0
5.677337646484375,0.395136296749115,1.2899997234344482,0.03726761043071747,1292.0,1290.0
2.6052985191345215,-0.3202483057975769,1.624688982963562,0.03727884590625763,1296.0,1294.0
3.202448844909668,-0.2959250807762146,1.6424345970153809,0.03729023039340973,1300.0,1298.0
2.4307198524475098,0.04769796133041382,1.575247049331665,0.037301719188690186,1304.0,1302.0
2.0927281379699707,1.260817050933838,1.0968073606491089,0.03731292858719826,1308.0,1306.0
2.4015917778015137,0.7426813244819641,1.0797603130340576,0.037323880940675735,1312.0,1310.0
3.2143664360046387,1.4363460540771484,1.9460532665252686,0.03733524680137634,1316.0,1314.0
3.0574517250061035,-0.0380883514881134,0.7702591419219971,0.03734609857201576,1320.0,1318.0
2.4683399200439453,-0.45655110478401184,1.3431041240692139,0.03735692799091339,1324.0,1322.0
2.9852101802825928,0.3044511675834656,1.6619668006896973,0.03736798092722893,1328.0,1326.0
4.655207633972168,1.1441638469696045,1.2603739500045776,0.037378933280706406,1332.0,1330.0
2.563896417617798,0.8696658611297607,1.2421391010284424,0.03738977015018463,1336.0,1334.0
2.9419639110565186,0.8216814398765564,1.7749649286270142,0.03740091621875763,1340.0,1338.0
4.0366668701171875,1.0883992910385132,1.396475076675415,0.03741205483675003,1344.0,1342.0
2.5331075191497803,0.48297157883644104,0.9667048454284668,0.03742285817861557,1348.0,1346.0
5.175483226776123,0.6267447471618652,1.4506609439849854,0.03743372857570648,1352.0,1350.0
2.514080047607422,0.5737226605415344,1.4213052988052368,0.03744463622570038,1356.0,1354.0
1.982032060623169,-0.17987316846847534,0.9985728859901428,0.037455249577760696,1360.0,1358.0
1.8752442598342896,0.5298980474472046,1.3765621185302734,0.0374658964574337,1364.0,1362.0
2.2812247276306152,1.027360439300537,1.5208134651184082,0.03747668117284775,1368.0,1366.0
2.9883904457092285,1.7762706279754639,1.2121334075927734,0.03748735785484314,1372.0,1370.0
3.816265821456909,1.4677915573120117,1.647718906402588,0.037498265504837036,1376.0,1374.0
2.72637939453125,0.7867268323898315,1.003185749053955,0.037508897483348846,1380.0,1378.0
2.022179365158081,1.0173348188400269,0.7416029572486877,0.03751906752586365,1384.0,1382.0
1.9091644287109375,0.6005798578262329,1.3568263053894043,0.03752930089831352,1388.0,1386.0
1.814122200012207,0.6330080032348633,1.204906940460205,0.03753947466611862,1392.0,1390.0
2.5164854526519775,0.9676914215087891,1.4291006326675415,0.03754977881908417,1396.0,1394.0
4.848777770996094,0.9993772506713867,0.8757194876670837,0.037559762597084045,1400.0,1398.0
2.6255271434783936,1.8296061754226685,1.4454331398010254,0.03756989911198616,1404.0,1402.0
2.0060787200927734,1.371078372001648,0.9974265694618225,0.03757983446121216,1408.0,1406.0
2.0250332355499268,0.346315860748291,1.2501827478408813,0.03758978098630905,1412.0,1410.0
2.645444869995117,0.8787317872047424,1.53110671043396,0.03759995475411415,1416.0,1414.0
3.4801483154296875,0.7621645927429199,2.0059807300567627,0.03761069476604462,1420.0,1418.0
11.302557945251465,1.754101037979126,1.8841524124145508,0.03762185201048851,1424.0,1422.0
5.524473190307617,2.4344229698181152,1.2128889560699463,0.03763286769390106,1428.0,1426.0
2.783140182495117,1.3919012546539307,1.5232182741165161,0.03764399513602257,1432.0,1430.0
2.3529179096221924,1.3325817584991455,1.2550272941589355,0.03765501827001572,1436.0,1434.0
6.117861747741699,1.0990594625473022,1.1634440422058105,0.037665873765945435,1440.0,1438.0
5.110342025756836,1.526761770248413,1.3400124311447144,0.037676725536584854,1444.0,1442.0
2.1140525341033936,1.462592601776123,1.2212181091308594,0.037687480449676514,1448.0,1446.0
2.498528242111206,2.239933490753174,1.384230375289917,0.03769826143980026,1452.0,1450.0
2.6147103309631348,1.6761677265167236,1.2258479595184326,0.037708960473537445,1456.0,1454.0
4.117237091064453,1.518552303314209,1.1642236709594727,0.03771952539682388,1460.0,1458.0
4.63413667678833,1.4927184581756592,1.2557802200317383,0.03773004934191704,1464.0,1462.0
5.6344122886657715,1.4321757555007935,1.2540943622589111,0.03774053975939751,1468.0,1466.0
4.679931163787842,1.3268663883209229,0.9543077945709229,0.037750761955976486,1472.0,1470.0
2.161372184753418,1.9352304935455322,1.1070127487182617,0.037760861217975616,1476.0,1474.0
6.825699806213379,1.8552278280258179,1.244149923324585,0.03777095675468445,1480.0,1478.0
3.76712703704834,1.219327688217163,1.2151823043823242,0.03778102621436119,1484.0,1482.0
2.1247615814208984,2.169818878173828,1.4473356008529663,0.037791259586811066,1488.0,1486.0
2.2025277614593506,1.1507976055145264,1.3354846239089966,0.03780154883861542,1492.0,1490.0
2.1996240615844727,2.4595987796783447,1.2574158906936646,0.03781183436512947,1496.0,1494.0
4.377768516540527,2.435455560684204,1.7992274761199951,0.03782253712415695,1500.0,1498.0
2.488435745239258,2.1014373302459717,1.1355080604553223,0.03783309832215309,1504.0,1502.0
2.182441234588623,2.037109851837158,1.0044457912445068,0.03784341737627983,1508.0,1506.0
2.7027478218078613,1.3683524131774902,1.6053946018218994,0.03785400465130806,1512.0,1510.0
4.461278915405273,1.7431397438049316,1.1054046154022217,0.03786443918943405,1516.0,1514.0
4.409233093261719,2.3774898052215576,1.2774550914764404,0.037874866276979446,1520.0,1518.0
2.6293256282806396,1.322382926940918,1.7764039039611816,0.03788568452000618,1524.0,1522.0
2.6237053871154785,2.0432355403900146,1.8107619285583496,0.03789687901735306,1528.0,1526.0
4.663407802581787,1.684980034828186,1.6688218116760254,0.037908293306827545,1532.0,1530.0
1.9965839385986328,1.3061480522155762,1.6970741748809814,0.03791993483901024,1536.0,1534.0
4.250876426696777,1.2178750038146973,1.3132548332214355,0.03793148323893547,1540.0,1538.0
2.21687650680542,2.210289478302002,1.8544502258300781,0.03794335946440697,1544.0,1542.0
2.373534917831421,2.2375540733337402,1.3133066892623901,0.037955112755298615,1548.0,1546.0
2.3846139907836914,2.3086862564086914,1.476349949836731,0.037966884672641754,1552.0,1550.0
2.3233768939971924,0.6324627995491028,1.1570756435394287,0.03797842934727669,1556.0,1554.0
3.8604507446289062,3.019609212875366,0.9968402981758118,0.03798963874578476,1560.0,1558.0
2.1083078384399414,1.331352949142456,1.3069019317626953,0.038000792264938354,1564.0,1562.0
1.8670802116394043,2.4080889225006104,1.5285396575927734,0.0380120724439621,1568.0,1566.0
5.072958946228027,1.0876801013946533,1.567840337753296,0.03802349418401718,1572.0,1570.0
2.2493515014648438,1.8914883136749268,1.4240772724151611,0.03803492709994316,1576.0,1574.0
4.401186943054199,1.788815975189209,1.437814474105835,0.03804638981819153,1580.0,1578.0
6.785924911499023,0.8155726194381714,1.242964506149292,0.03805772215127945,1584.0,1582.0
1.615684986114502,0.968255877494812,1.548814058303833,0.03806917369365692,1588.0,1586.0
1.8605936765670776,0.9677551984786987,1.3127704858779907,0.03808055818080902,1592.0,1590.0
1.937766194343567,1.6542571783065796,1.3524551391601562,0.038091909140348434,1596.0,1594.0
2.994019031524658,1.0344942808151245,1.9076893329620361,0.03810366243124008,1600.0,1598.0
3.0980782508850098,2.0442819595336914,1.8033466339111328,0.038115695118904114,1604.0,1602.0
4.100359916687012,0.581636369228363,1.0406789779663086,0.03812738135457039,1608.0,1606.0
4.512154579162598,1.0108962059020996,0.9950650930404663,0.03813871741294861,1612.0,1610.0
2.718594789505005,2.4642257690429688,1.8629571199417114,0.038150422275066376,1616.0,1614.0
2.0335569381713867,1.4914964437484741,1.3635804653167725,0.038162074983119965,1620.0,1618.0
1.761572003364563,0.46735453605651855,1.4249694347381592,0.038173723965883255,1624.0,1622.0
2.048029899597168,1.3082494735717773,1.4119446277618408,0.03818535804748535,1628.0,1626.0
4.422669410705566,1.290850281715393,2.0197653770446777,0.038197457790374756,1632.0,1630.0
2.1457061767578125,2.130872964859009,1.1613285541534424,0.038209300488233566,1636.0,1634.0
1.9324774742126465,2.3492112159729004,1.346519112586975,0.03822106122970581,1640.0,1638.0
2.1025912761688232,0.8832632303237915,0.816730260848999,0.03823232650756836,1644.0,1642.0
2.0724902153015137,2.2015914916992188,1.5159893035888672,0.03824370354413986,1648.0,1646.0
4.906096458435059,1.8682622909545898,0.8636325597763062,0.03825465589761734,1652.0,1650.0
2.524186134338379,0.8800936341285706,1.5951972007751465,0.038265813142061234,1656.0,1654.0
2.0178298950195312,1.7747807502746582,1.4849967956542969,0.038277074694633484,1660.0,1658.0
2.2006874084472656,1.5427768230438232,1.3778539896011353,0.038288336247205734,1664.0,1662.0
1.7946803569793701,0.49159541726112366,1.5190266370773315,0.03829971328377724,1668.0,1666.0
8.94545841217041,2.104475975036621,1.3633145093917847,0.03831107169389725,1672.0,1670.0
1.7849931716918945,1.899973750114441,1.2966320514678955,0.038322366774082184,1676.0,1674.0
10.133479118347168,0.2120998203754425,1.6527122259140015,0.038333870470523834,1680.0,1678.0
2.3464345932006836,0.38484859466552734,1.510371446609497,0.03834545984864235,1684.0,1682.0
7.076629161834717,0.532014012336731,1.622592806816101,0.038357220590114594,1688.0,1686.0
2.223881959915161,2.126413583755493,1.9760631322860718,0.038369402289390564,1692.0,1690.0
2.6275463104248047,0.6354274153709412,1.8531930446624756,0.03838186338543892,1696.0,1694.0
2.7731986045837402,0.8497380614280701,1.4085602760314941,0.03839423879981041,1700.0,1698.0
2.065377712249756,0.604357123374939,1.5464633703231812,0.03840663284063339,1704.0,1702.0
2.3599767684936523,1.7212731838226318,1.6313459873199463,0.03841911628842354,1708.0,1706.0
1.6186845302581787,1.4324886798858643,1.5234841108322144,0.03843160346150398,1712.0,1710.0
1.8765153884887695,0.6973331570625305,1.3572229146957397,0.038443949073553085,1716.0,1714.0
3.9078757762908936,0.6701155304908752,1.6721410751342773,0.038456425070762634,1720.0,1718.0
3.5451745986938477,1.5740866661071777,1.237149715423584,0.038468677550554276,1724.0,1722.0
3.35996413230896,0.8890037536621094,1.5450996160507202,0.038480959832668304,1728.0,1726.0
2.3630664348602295,1.2616318464279175,1.2449910640716553,0.038493044674396515,1732.0,1730.0
4.385500907897949,1.404033899307251,1.247847080230713,0.0385049507021904,1736.0,1734.0
2.0780951976776123,1.5709128379821777,1.2312796115875244,0.03851667419075966,1740.0,1738.0
4.6600236892700195,0.6929888129234314,2.1738228797912598,0.038528990000486374,1744.0,1742.0
1.7115453481674194,1.3479063510894775,1.7162575721740723,0.03854147717356682,1748.0,1746.0
1.8572853803634644,0.4836062788963318,1.2816160917282104,0.038553763180971146,1752.0,1750.0
1.8408961296081543,-0.08443164825439453,1.3287672996520996,0.03856591880321503,1756.0,1754.0
1.9807325601577759,0.17494869232177734,1.6376723051071167,0.03857819363474846,1760.0,1758.0
2.0126185417175293,1.0993123054504395,1.7379170656204224,0.03859065845608711,1764.0,1762.0
2.2447116374969482,0.659868597984314,1.8216197490692139,0.03860335797071457,1768.0,1766.0
2.0308663845062256,1.3027340173721313,1.0867196321487427,0.038615692406892776,1772.0,1770.0
2.594731330871582,1.1288328170776367,1.5756347179412842,0.03862807899713516,1776.0,1774.0
1.6796120405197144,1.2168433666229248,2.0178475379943848,0.038640864193439484,1780.0,1778.0
1.6313214302062988,1.0529615879058838,1.8718464374542236,0.038653891533613205,1784.0,1782.0
2.2285966873168945,1.328171968460083,1.3502057790756226,0.038666725158691406,1788.0,1786.0
1.6116857528686523,1.5826467275619507,1.8550704717636108,0.03867977857589722,1792.0,1790.0
3.7604246139526367,0.9612138271331787,1.4854316711425781,0.03869274631142616,1796.0,1794.0
1.8319687843322754,0.23857708275318146,1.5535035133361816,0.03870568424463272,1800.0,1798.0
1.9625954627990723,0.5593537092208862,1.6005260944366455,0.038718633353710175,1804.0,1802.0
1.575771450996399,0.4806041717529297,1.7958877086639404,0.03873175382614136,1808.0,1806.0
1.9318397045135498,0.8258503675460815,1.5297216176986694,0.038744810968637466,1812.0,1810.0
3.676575183868408,1.0258055925369263,1.4963902235031128,0.038757793605327606,1816.0,1814.0
2.151431083679199,0.6999783515930176,1.5035011768341064,0.038770705461502075,1820.0,1818.0
6.179501533508301,0.7928992509841919,1.0232281684875488,0.038783177733421326,1824.0,1822.0
2.248791217803955,1.142617106437683,1.2679967880249023,0.03879544883966446,1828.0,1826.0
1.7346301078796387,0.5150433778762817,1.535665512084961,0.03880774974822998,1832.0,1830.0
2.126521110534668,0.3566408157348633,0.9354531168937683,0.038819607347249985,1836.0,1834.0
2.4073734283447266,1.102522850036621,1.6679282188415527,0.03883164003491402,1840.0,1838.0
2.030771493911743,1.2751262187957764,1.8773995637893677,0.038843993097543716,1844.0,1842.0
5.225108623504639,0.7918623685836792,1.4390968084335327,0.03885629400610924,1848.0,1846.0
2.228527069091797,-0.05436655879020691,1.4877022504806519,0.03886858746409416,1852.0,1850.0
1.872130036354065,1.2125482559204102,1.8157298564910889,0.03888113796710968,1856.0,1854.0
1.9611713886260986,0.37473592162132263,1.1324210166931152,0.03889336809515953,1860.0,1858.0
7.287202835083008,0.9824610948562622,1.131485939025879,0.0389053113758564,1864.0,1862.0
3.666494131088257,1.0942738056182861,1.1969599723815918,0.03891705721616745,1868.0,1866.0
2.625319480895996,1.095030665397644,1.054187297821045,0.03892850875854492,1872.0,1870.0
4.353160858154297,1.0396778583526611,1.8231549263000488,0.03894030675292015,1876.0,1874.0
2.564976215362549,1.310803771018982,1.2463710308074951,0.03895195201039314,1880.0,1878.0
1.988715410232544,-0.15614962577819824,1.1735129356384277,0.03896341100335121,1884.0,1882.0
2.024552583694458,0.1168750524520874,1.5329976081848145,0.03897498920559883,1888.0,1886.0
2.0258970260620117,0.86749666929245,1.1341973543167114,0.03898634761571884,1892.0,1890.0
2.28691029548645,0.015804171562194824,1.6360973119735718,0.038997918367385864,1896.0,1894.0
3.1626641750335693,1.8868480920791626,1.4284148216247559,0.039009515196084976,1900.0,1898.0
5.750028610229492,2.0255751609802246,1.0761173963546753,0.0390208475291729,1904.0,1902.0
2.342712163925171,0.9661771059036255,1.4193729162216187,0.0390322245657444,1908.0,1906.0
2.003818988800049,0.5746153593063354,1.192429780960083,0.03904346004128456,1912.0,1910.0
2.0248172283172607,0.21009323000907898,0.8656390905380249,0.03905429691076279,1916.0,1914.0
2.1080002784729004,1.0873534679412842,0.953953206539154,0.03906484693288803,1920.0,1918.0
4.920304298400879,1.1424216032028198,1.2876076698303223,0.039075419306755066,1924.0,1922.0
3.5856964588165283,0.6317919492721558,0.8227220773696899,0.03908563405275345,1928.0,1926.0
2.5542078018188477,0.7818209528923035,1.0311766862869263,0.039095688611269,1932.0,1930.0
4.050342559814453,0.6125646233558655,0.4675196409225464,0.039105139672756195,1936.0,1934.0
2.1512982845306396,0.5425329208374023,1.1460890769958496,0.03911460563540459,1940.0,1938.0
5.024788856506348,0.7242336273193359,1.2565909624099731,0.039124175906181335,1944.0,1942.0
2.433821201324463,-0.08635228872299194,1.2303619384765625,0.03913382068276405,1948.0,1946.0
1.8750617504119873,0.8105028867721558,1.6680045127868652,0.039143890142440796,1952.0,1950.0
3.486351490020752,1.3070868253707886,1.1416454315185547,0.03915391489863396,1956.0,1954.0
4.129368782043457,0.08577707409858704,1.1046336889266968,0.03916386514902115,1960.0,1958.0
2.133455276489258,0.8648848533630371,1.4995543956756592,0.039174072444438934,1964.0,1962.0
2.1959848403930664,0.04901815950870514,1.1947178840637207,0.039184264838695526,1968.0,1966.0
3.2242794036865234,0.5388655662536621,1.0226973295211792,0.03919430077075958,1972.0,1970.0
4.342541694641113,-0.10232949256896973,1.0394937992095947,0.03920421749353409,1976.0,1974.0
2.212489604949951,1.2882941961288452,0.6313365697860718,0.03921367600560188,1980.0,1978.0
2.151092529296875,0.5656331777572632,0.8237906694412231,0.039222896099090576,1984.0,1982.0
1.7793021202087402,0.09930561482906342,0.9689642190933228,0.03923201560974121,1988.0,1986.0
4.1503682136535645,1.2559462785720825,1.441023588180542,0.03924143314361572,1992.0,1990.0
1.88950777053833,0.361217200756073,0.46388378739356995,0.039250314235687256,1996.0,1994.0
2.6805973052978516,1.2634391784667969,1.2506872415542603,0.03925936296582222,2000.0,1998.0
2.2596590518951416,0.9526839256286621,1.683443546295166,0.03926893323659897,2004.0,2002.0
2.605131149291992,1.1130375862121582,1.0706167221069336,0.03927844390273094,2008.0,2006.0
2.2846126556396484,1.3628406524658203,1.5997705459594727,0.03928835317492485,2012.0,2010.0
5.162907600402832,0.5914300084114075,1.4662058353424072,0.03929850831627846,2016.0,2014.0
4.975016117095947,1.6547492742538452,0.8685390949249268,0.039308395236730576,2020.0,2018.0
2.4857406616210938,0.5688862800598145,1.28805673122406,0.03931838646531105,2024.0,2022.0
3.7487282752990723,0.635569155216217,1.783348798751831,0.03932887688279152,2028.0,2026.0
5.406846523284912,0.852855920791626,1.4189863204956055,0.039339520037174225,2032.0,2030.0
6.46035099029541,2.439065933227539,1.6274597644805908,0.039350468665361404,2036.0,2034.0
2.542778730392456,1.965584635734558,1.6871347427368164,0.03936174884438515,2040.0,2038.0
4.439303398132324,0.2052592933177948,1.6853539943695068,0.03937331959605217,2044.0,2042.0
3.672764778137207,0.6309707164764404,1.4355618953704834,0.03938494622707367,2048.0,2046.0
5.712054252624512,1.3083033561706543,1.4829075336456299,0.03939666599035263,2052.0,2050.0
3.3183774948120117,1.489358901977539,1.9453644752502441,0.039408840239048004,2056.0,2054.0
3.346672534942627,1.0700514316558838,0.8655686378479004,0.039420537650585175,2060.0,2058.0
2.887253761291504,1.1468991041183472,0.737584114074707,0.03943170607089996,2064.0,2062.0
7.091579914093018,1.515326976776123,1.1438186168670654,0.03944273665547371,2068.0,2066.0
3.4788475036621094,1.6032618284225464,0.9963605403900146,0.03945351392030716,2072.0,2070.0
2.676194429397583,0.9148414731025696,0.5826702117919922,0.039463721215724945,2076.0,2074.0
4.69321346282959,1.6273356676101685,1.2707937955856323,0.0394739955663681,2080.0,2078.0
4.807069778442383,1.6283766031265259,1.5230463743209839,0.03948453813791275,2084.0,2082.0
3.6720871925354004,0.9699996113777161,1.3000969886779785,0.039495132863521576,2088.0,2086.0
6.632928371429443,1.476438283920288,1.6969422101974487,0.039506103843450546,2092.0,2090.0
3.345905303955078,0.9832568168640137,1.0563945770263672,0.039516888558864594,2096.0,2094.0
4.508978843688965,1.1059739589691162,0.9095101356506348,0.039527375251054764,2100.0,2098.0
6.282337188720703,2.6267459392547607,1.1632721424102783,0.039537809789180756,2104.0,2102.0
3.5719571113586426,1.3139771223068237,1.0831259489059448,0.039548132568597794,2108.0,2106.0
5.591420650482178,0.5232247114181519,1.0729084014892578,0.039558347314596176,2112.0,2110.0
3.835796356201172,1.9945299625396729,1.0418357849121094,0.03956843912601471,2116.0,2114.0
6.422409534454346,2.9136104583740234,1.8068069219589233,0.03957906365394592,2120.0,2118.0
4.278923988342285,2.085641860961914,1.3607152700424194,0.039589785039424896,2124.0,2122.0
2.949500799179077,1.569904088973999,1.4028922319412231,0.039600640535354614,2128.0,2126.0
3.2853786945343018,1.4300787448883057,1.9181708097457886,0.03961203992366791,2132.0,2130.0
3.1627063751220703,2.2011265754699707,0.717338502407074,0.039622917771339417,2136.0,2134.0
3.3834805488586426,1.04166841506958,1.137904405593872,0.03963369131088257,2140.0,2138.0
4.902980804443359,1.1668708324432373,1.197951316833496,0.03964441642165184,2144.0,2142.0
2.4416494369506836,2.670043706893921,0.7472332119941711,0.039654720574617386,2148.0,2146.0
4.697105407714844,3.1902875900268555,1.4656232595443726,0.039665255695581436,2152.0,2150.0
3.8011715412139893,0.8627126812934875,0.7810002565383911,0.03967541456222534,2156.0,2154.0
4.762087821960449,1.9767892360687256,0.8960462212562561,0.039685338735580444,2160.0,2158.0
3.000211477279663,1.7385575771331787,0.7248332500457764,0.039694905281066895,2164.0,2162.0
3.123887062072754,1.4647893905639648,1.4531300067901611,0.03970476612448692,2168.0,2166.0
2.6320881843566895,1.4593112468719482,1.1083661317825317,0.03971460461616516,2172.0,2170.0
3.5313525199890137,1.7592061758041382,0.848892867565155,0.0397241972386837,2176.0,2174.0
2.9899349212646484,1.9020404815673828,0.912390947341919,0.039733629673719406,2180.0,2178.0
6.7531256675720215,1.7600181102752686,1.4782381057739258,0.03974339738488197,2184.0,2182.0
4.755627632141113,1.0550721883773804,0.5610569715499878,0.03975268453359604,2188.0,2186.0
4.935081481933594,1.3885130882263184,0.39918792247772217,0.03976139798760414,2192.0,2190.0
3.708831548690796,1.3467586040496826,0.8207069039344788,0.03976995870471001,2196.0,2194.0
4.957317352294922,1.7239830493927002,0.7973668575286865,0.039778370410203934,2200.0,2198.0
3.9129157066345215,1.4519914388656616,1.0545830726623535,0.03978686034679413,2204.0,2202.0
2.4556798934936523,2.7728841304779053,1.4316463470458984,0.03979573771357536,2208.0,2206.0
3.5872485637664795,1.5068475008010864,1.194969654083252,0.03980477154254913,2212.0,2210.0
2.988225221633911,3.1697521209716797,1.4933853149414062,0.03981420397758484,2216.0,2214.0
3.3728582859039307,1.5668411254882812,1.418544888496399,0.039823926985263824,2220.0,2218.0
2.366525650024414,1.594116449356079,1.1835803985595703,0.03983371704816818,2224.0,2222.0
2.8309710025787354,0.8961248397827148,0.5617526769638062,0.03984302654862404,2228.0,2226.0
2.679342746734619,1.9225064516067505,1.4965755939483643,0.03985270857810974,2232.0,2230.0
5.732325077056885,1.2547284364700317,1.5806059837341309,0.039862800389528275,2236.0,2234.0
3.0592093467712402,1.8050167560577393,1.317716360092163,0.03987302631139755,2240.0,2238.0
2.9422860145568848,2.4232616424560547,1.3357980251312256,0.03988339751958847,2244.0,2242.0
2.816364049911499,1.90757155418396,1.2122591733932495,0.03989380598068237,2248.0,2246.0
3.4796881675720215,1.8438079357147217,1.2782484292984009,0.039904288947582245,2252.0,2250.0
5.935408592224121,1.0589815378189087,0.9758691787719727,0.039914581924676895,2256.0,2254.0
2.2613134384155273,1.440882921218872,0.7132586240768433,0.03992448002099991,2260.0,2258.0
3.0533676147460938,1.8647522926330566,0.9879848957061768,0.03993426635861397,2264.0,2262.0
3.1440844535827637,1.0340238809585571,1.6489133834838867,0.03994451463222504,2268.0,2266.0
2.6677305698394775,1.80013108253479,1.302872896194458,0.03995487466454506,2272.0,2270.0
3.7702646255493164,1.6146671772003174,2.0052480697631836,0.03996594622731209,2276.0,2274.0
3.2170252799987793,2.177834987640381,1.6653037071228027,0.039977364242076874,2280.0,2278.0
3.4844727516174316,1.9719412326812744,1.0832598209381104,0.03998859226703644,2284.0,2282.0
4.355354309082031,1.1144205331802368,1.0867369174957275,0.03999966382980347,2288.0,2286.0
3.157763957977295,1.2174980640411377,1.1857290267944336,0.04001066833734512,2292.0,2290.0
3.5078649520874023,2.3941447734832764,1.3923563957214355,0.040021803230047226,2296.0,2294.0
3.7358622550964355,1.5885809659957886,1.2886807918548584,0.04003296047449112,2300.0,2298.0
3.696934700012207,1.9307003021240234,1.4139058589935303,0.04004424437880516,2304.0,2302.0
2.19734525680542,1.4536550045013428,1.3143504858016968,0.04005555808544159,2308.0,2306.0
3.477017402648926,2.2818593978881836,1.3015930652618408,0.04006688669323921,2312.0,2310.0
3.3088154792785645,1.0416816473007202,1.1672790050506592,0.04007811099290848,2316.0,2314.0
5.087756633758545,0.96562659740448,1.0345970392227173,0.04008913040161133,2320.0,2318.0
5.131669998168945,2.0862841606140137,0.5421264171600342,0.04009954258799553,2324.0,2322.0
2.8056817054748535,3.128248453140259,0.9936798214912415,0.0401097908616066,2328.0,2326.0
4.082151412963867,1.288837194442749,1.4094140529632568,0.04012026637792587,2332.0,2330.0
2.7380752563476562,1.4137303829193115,0.8500222563743591,0.04013045132160187,2336.0,2334.0
5.631503582000732,1.6649951934814453,1.3777406215667725,0.040140844881534576,2340.0,2338.0
2.456559419631958,1.8293254375457764,1.320960283279419,0.04015136510133743,2344.0,2342.0
3.4374048709869385,1.9949555397033691,0.804316520690918,0.04016155004501343,2348.0,2346.0
3.3511428833007812,2.3377180099487305,1.1362673044204712,0.040171731263399124,2352.0,2350.0
2.701183319091797,2.4190192222595215,1.0556175708770752,0.04018183797597885,2356.0,2354.0
3.428600311279297,2.6177620887756348,1.0004642009735107,0.040191829204559326,2360.0,2358.0
3.82658052444458,0.8316445350646973,1.3795279264450073,0.04020204767584801,2364.0,2362.0
2.800428867340088,1.0533174276351929,1.3468141555786133,0.04021243751049042,2368.0,2366.0
3.035555362701416,1.5082827806472778,0.6789527535438538,0.0402224101126194,2372.0,2370.0
3.811389923095703,1.9511034488677979,1.2601819038391113,0.04023250937461853,2376.0,2374.0
2.8402037620544434,0.5069501399993896,1.3524974584579468,0.04024280235171318,2380.0,2378.0
3.5783188343048096,2.6554081439971924,2.042868137359619,0.04025386646389961,2384.0,2382.0
2.4209156036376953,1.4377878904342651,1.1198806762695312,0.040264829993247986,2388.0,2386.0
2.5148732662200928,1.7114791870117188,1.3010534048080444,0.040275849401950836,2392.0,2390.0
3.0460777282714844,0.6187162399291992,0.5766164660453796,0.04028629884123802,2396.0,2394.0
2.219454288482666,2.1663742065429688,1.7037731409072876,0.04029722139239311,2400.0,2398.0
2.554771900177002,0.6915473937988281,1.1207690238952637,0.04030805081129074,2404.0,2402.0
3.1757259368896484,1.0077252388000488,1.1781508922576904,0.04031885415315628,2408.0,2406.0
2.7682299613952637,1.3446238040924072,0.9110646843910217,0.040329400449991226,2412.0,2410.0
2.9537253379821777,1.2457293272018433,1.1994872093200684,0.04033996909856796,2416.0,2414.0
1.9737067222595215,1.1179085969924927,1.8746614456176758,0.04035114869475365,2420.0,2418.0
2.475274085998535,1.5111982822418213,1.385892629623413,0.04036244377493858,2424.0,2422.0
2.4142098426818848,2.4838857650756836,1.7662718296051025,0.040374185889959335,2428.0,2426.0
2.5584964752197266,1.4834349155426025,0.8850609064102173,0.04038555547595024,2432.0,2430.0
2.017101287841797,1.5996413230895996,0.9582535028457642,0.04039664939045906,2436.0,2434.0
2.693234920501709,1.5084950923919678,0.45347458124160767,0.040407054126262665,2440.0,2438.0
4.0839104652404785,1.8956547975540161,1.0748361349105835,0.04041738063097,2444.0,2442.0
3.820077419281006,1.2477052211761475,1.2642931938171387,0.04042781889438629,2448.0,2446.0
2.2066876888275146,1.5332975387573242,1.3175969123840332,0.040438391268253326,2452.0,2450.0
3.0248217582702637,1.4157843589782715,1.2478628158569336,0.04044903814792633,2456.0,2454.0
2.4239776134490967,2.0679566860198975,0.46940022706985474,0.040459051728248596,2460.0,2458.0
2.380549907684326,2.2944388389587402,0.8662989735603333,0.04046885296702385,2464.0,2462.0
2.574737310409546,1.9263371229171753,1.345302939414978,0.040478888899087906,2468.0,2466.0
2.493192672729492,1.0566537380218506,1.571366310119629,0.040489330887794495,2472.0,2470.0
2.3652091026306152,1.7528413534164429,1.08197021484375,0.04049970954656601,2476.0,2474.0
2.4922475814819336,1.1714680194854736,1.095399022102356,0.04051004350185394,2480.0,2478.0
4.192792892456055,1.663210391998291,0.9292072057723999,0.040520183742046356,2484.0,2482.0
2.9628045558929443,1.8838412761688232,1.0844590663909912,0.04053030163049698,2488.0,2486.0
2.599228858947754,2.392679214477539,1.2639912366867065,0.040540553629398346,2492.0,2490.0
2.5376505851745605,1.7671116590499878,1.197950005531311,0.04055086895823479,2496.0,2494.0
4.318896293640137,1.0376968383789062,1.1550884246826172,0.04056119918823242,2500.0,2498.0
2.6443605422973633,1.7819606065750122,1.7247562408447266,0.04057204723358154,2504.0,2502.0
3.9712400436401367,1.3526859283447266,1.4468194246292114,0.04058312624692917,2508.0,2506.0
2.107621669769287,2.262091636657715,1.1904926300048828,0.04059417545795441,2512.0,2510.0
3.139680862426758,2.0829319953918457,1.45941162109375,0.040605444461107254,2516.0,2514.0
2.6103756427764893,1.9794120788574219,1.8240891695022583,0.04061722755432129,2520.0,2518.0
1.9996249675750732,1.743232250213623,1.4203686714172363,0.04062911123037338,2524.0,2522.0
4.203496932983398,1.8910760879516602,1.260325312614441,0.04064096137881279,2528.0,2526.0
2.9359405040740967,2.739678144454956,0.9530522227287292,0.04065249115228653,2532.0,2530.0
3.768308401107788,2.7538905143737793,1.511765718460083,0.04066424071788788,2536.0,2534.0
3.4503328800201416,2.7016968727111816,1.0566273927688599,0.04067578166723251,2540.0,2538.0
3.3574812412261963,1.878492832183838,1.3585169315338135,0.040687400847673416,2544.0,2542.0
3.6660046577453613,1.9937117099761963,1.3642553091049194,0.040699101984500885,2548.0,2546.0
2.8944592475891113,2.602161407470703,1.493825912475586,0.04071097820997238,2552.0,2550.0
4.808221340179443,2.856492042541504,1.1586072444915771,0.04072273522615433,2556.0,2554.0
3.5845608711242676,1.5804576873779297,1.270740032196045,0.04073447734117508,2560.0,2558.0
2.455828905105591,1.9023274183273315,1.856216549873352,0.04074671491980553,2564.0,2562.0
2.674014091491699,3.1831846237182617,0.9206429719924927,0.04075857624411583,2568.0,2566.0
2.0776004791259766,1.6453657150268555,1.0241615772247314,0.040770191699266434,2572.0,2570.0
2.288370370864868,1.372562289237976,1.3022774457931519,0.04078182950615883,2576.0,2574.0
3.0759119987487793,1.9699997901916504,1.0200178623199463,0.040793247520923615,2580.0,2578.0
1.6774177551269531,1.4606126546859741,1.467849850654602,0.04080485925078392,2584.0,2582.0
3.2324113845825195,2.1786980628967285,0.8931378126144409,0.040816135704517365,2588.0,2586.0
2.7784247398376465,2.611435890197754,0.9400372505187988,0.04082714393734932,2592.0,2590.0
2.089801788330078,2.3723175525665283,0.7551672458648682,0.04083775728940964,2596.0,2594.0
3.2258801460266113,2.0114593505859375,1.0624300241470337,0.04084828123450279,2600.0,2598.0
3.378211736679077,2.1739132404327393,1.2244577407836914,0.040858879685401917,2604.0,2602.0
1.7608568668365479,2.4091827869415283,0.5614123344421387,0.04086894541978836,2608.0,2606.0
3.364985704421997,2.073155403137207,0.7721233367919922,0.040878716856241226,2612.0,2610.0
2.1102912425994873,1.0132548809051514,1.1580138206481934,0.04088858142495155,2616.0,2614.0
2.246734619140625,2.536036491394043,0.7798371911048889,0.04089818522334099,2620.0,2618.0
2.521235942840576,2.2499992847442627,0.9607946872711182,0.040907714515924454,2624.0,2622.0
3.4907455444335938,2.2683749198913574,0.41854017972946167,0.04091668874025345,2628.0,2626.0
2.6801493167877197,1.5220715999603271,1.244688868522644,0.04092591628432274,2632.0,2630.0
2.2212436199188232,1.7164595127105713,0.7419745922088623,0.040934912860393524,2636.0,2634.0
2.9931275844573975,1.7823681831359863,0.6080945730209351,0.040943581610918045,2640.0,2638.0
3.4790053367614746,1.359879970550537,0.657602071762085,0.04095199704170227,2644.0,2642.0
2.57798433303833,1.651347041130066,0.5865967273712158,0.040960121899843216,2648.0,2646.0
2.723759651184082,2.66902232170105,0.40253040194511414,0.04096781834959984,2652.0,2650.0
2.2604074478149414,1.5395901203155518,0.7847236394882202,0.040975477546453476,2656.0,2654.0
3.926140785217285,2.632079601287842,1.5085976123809814,0.040983762592077255,2660.0,2658.0
3.3049676418304443,2.7835450172424316,0.817314863204956,0.04099199175834656,2664.0,2662.0
4.107358932495117,2.4227328300476074,1.4168262481689453,0.04100070893764496,2668.0,2666.0
2.463590621948242,3.0774459838867188,0.5453611612319946,0.04100906848907471,2672.0,2670.0
2.6393799781799316,2.934581756591797,0.5888535380363464,0.04101714491844177,2676.0,2674.0
3.9307146072387695,2.106574058532715,1.3578304052352905,0.04102568328380585,2680.0,2678.0
2.5524699687957764,1.4623759984970093,0.7412967681884766,0.041034065186977386,2684.0,2682.0
2.515259265899658,2.598186492919922,1.137038230895996,0.041042666882276535,2688.0,2686.0
2.350733757019043,2.695136308670044,0.6790927648544312,0.04105105251073837,2692.0,2690.0
2.4494032859802246,1.7917639017105103,0.5948882102966309,0.04105916619300842,2696.0,2694.0
2.73463773727417,2.9448673725128174,0.9625172019004822,0.041067369282245636,2700.0,2698.0
2.3393800258636475,0.8819997906684875,1.3329330682754517,0.041075997054576874,2704.0,2702.0
8.584245681762695,3.1677210330963135,1.1201529502868652,0.04108481481671333,2708.0,2706.0
10.817178726196289,3.6107113361358643,1.1672735214233398,0.041093844920396805,2712.0,2710.0
15.327627182006836,4.551774024963379,1.2732795476913452,0.04110317304730415,2716.0,2714.0
17.037132263183594,3.0575857162475586,0.6821357011795044,0.04111221060156822,2720.0,2718.0
34.47100830078125,2.2057857513427734,1.4617524147033691,0.041121721267700195,2724.0,2722.0
15.680761337280273,2.760164499282837,0.8033381700515747,0.04113103449344635,2728.0,2726.0
18.32676124572754,2.648721218109131,1.0150481462478638,0.04114038124680519,2732.0,2730.0
44.55125427246094,3.4291090965270996,1.2931900024414062,0.04115000367164612,2736.0,2734.0
28.984617233276367,4.868581771850586,2.255728006362915,0.04116076976060867,2740.0,2738.0
23.597557067871094,3.47238826751709,1.2686419486999512,0.04117164388298988,2744.0,2742.0
74.04533386230469,3.926848888397217,2.1082777976989746,0.04118339344859123,2748.0,2746.0
10.740866661071777,3.768869161605835,1.2369275093078613,0.041195131838321686,2752.0,2750.0
13.341143608093262,3.1246721744537354,2.279697895050049,0.04120781272649765,2756.0,2754.0
25.2622013092041,4.3150787353515625,1.7885591983795166,0.04122088849544525,2760.0,2758.0
31.847702026367188,4.02646017074585,1.8024388551712036,0.0412343367934227,2764.0,2762.0
49.653770446777344,4.671894073486328,1.5655972957611084,0.0412478968501091,2768.0,2766.0
32.51145553588867,6.4004387855529785,2.7906010150909424,0.041262660175561905,2772.0,2770.0
26.060649871826172,5.174595355987549,2.1957883834838867,0.04127797111868858,2776.0,2774.0
66.99136352539062,5.657303333282471,2.486837387084961,0.041294023394584656,2780.0,2778.0
20.79949951171875,5.438148498535156,2.3948991298675537,0.041310667991638184,2784.0,2782.0
11.649669647216797,5.4324188232421875,2.129615068435669,0.041327591985464096,2788.0,2786.0
17.648481369018555,6.686092376708984,2.696563243865967,0.041345272213220596,2792.0,2790.0
25.71922492980957,6.440571308135986,3.058540105819702,0.04136393591761589,2796.0,2794.0
13.84564208984375,3.372738838195801,2.231065034866333,0.04138275608420372,2800.0,2798.0
9.3385591506958,4.581288814544678,3.7392525672912598,0.04140299931168556,2804.0,2802.0
11.733732223510742,4.8721795082092285,2.6800551414489746,0.041423603892326355,2808.0,2806.0
43.89527130126953,7.1598591804504395,2.9270992279052734,0.041444744914770126,2812.0,2810.0
37.18843078613281,5.383125305175781,3.0158591270446777,0.04146642982959747,2816.0,2814.0
21.14007568359375,6.639074325561523,3.3520097732543945,0.041488878428936005,2820.0,2818.0
16.150297164916992,6.580046653747559,3.4458513259887695,0.04151207208633423,2824.0,2822.0
16.130859375,6.283928871154785,3.3730273246765137,0.04153585061430931,2828.0,2826.0
17.93138885498047,5.64398193359375,3.9526848793029785,0.041560616344213486,2832.0,2830.0
17.825115203857422,4.460236072540283,2.9185469150543213,0.04158541560173035,2836.0,2834.0
6.717803955078125,6.361135959625244,2.617537498474121,0.041610002517700195,2840.0,2838.0
30.960176467895508,5.954021453857422,4.080206394195557,0.041635554283857346,2844.0,2842.0
15.397930145263672,6.057409286499023,4.152815818786621,0.04166199639439583,2848.0,2846.0
15.630508422851562,6.04443359375,3.79972505569458,0.0416889563202858,2852.0,2850.0
7.3512864112854,4.176172256469727,3.6107656955718994,0.041716206818819046,2856.0,2854.0
11.828189849853516,3.999995470046997,2.831580877304077,0.04174310714006424,2860.0,2858.0
19.741619110107422,5.4676642417907715,3.3748536109924316,0.04177011922001839,2864.0,2862.0
10.109031677246094,5.7616400718688965,3.177711009979248,0.04179706424474716,2868.0,2866.0
8.862883567810059,3.4693727493286133,2.722738742828369,0.04182359203696251,2872.0,2870.0
14.852481842041016,4.26737117767334,3.275085926055908,0.04185016453266144,2876.0,2874.0
11.015231132507324,5.517583847045898,4.144471168518066,0.041877422481775284,2880.0,2878.0
11.742316246032715,6.825065612792969,3.4514102935791016,0.04190476983785629,2884.0,2882.0
28.054363250732422,6.135303974151611,3.4081337451934814,0.04193214327096939,2888.0,2886.0
12.89229679107666,4.886845588684082,2.9508886337280273,0.04195919632911682,2892.0,2890.0
11.508787155151367,4.3295512199401855,2.9022955894470215,0.04198591411113739,2896.0,2894.0
10.614397048950195,7.362273693084717,4.2461371421813965,0.04201333224773407,2900.0,2898.0
6.409143447875977,4.32871150970459,2.6752891540527344,0.04204018414020538,2904.0,2902.0
10.020917892456055,6.393184661865234,3.361823081970215,0.042067043483257294,2908.0,2906.0
18.732776641845703,6.454422950744629,3.1712751388549805,0.04209376126527786,2912.0,2910.0
9.262091636657715,6.091947078704834,3.388422966003418,0.042120516300201416,2916.0,2914.0
16.478727340698242,4.672990322113037,2.796888589859009,0.042146846652030945,2920.0,2918.0
7.488361358642578,4.26763391494751,2.813606023788452,0.04217279702425003,2924.0,2922.0
13.708185195922852,5.570690155029297,3.4434449672698975,0.04219888895750046,2928.0,2926.0
14.527290344238281,5.657817840576172,2.881432056427002,0.04222467169165611,2932.0,2930.0
8.809028625488281,6.169490814208984,3.190261125564575,0.042250413447618484,2936.0,2934.0
21.78038215637207,6.693156719207764,3.420295238494873,0.04227626696228981,2940.0,2938.0
8.708162307739258,6.515387058258057,3.888558864593506,0.04230257496237755,2944.0,2942.0
14.70248794555664,5.57952880859375,2.2323520183563232,0.042328037321567535,2948.0,2946.0
8.131301879882812,6.828183650970459,3.4392552375793457,0.04235364869236946,2952.0,2950.0
11.106799125671387,4.631670951843262,2.9080891609191895,0.0423789918422699,2956.0,2954.0
18.487991333007812,5.602241516113281,3.3647966384887695,0.0424044206738472,2960.0,2958.0
5.404322147369385,4.629805088043213,2.7807507514953613,0.042429499328136444,2964.0,2962.0
15.037697792053223,7.267533302307129,4.389738082885742,0.04245542734861374,2968.0,2966.0
10.801214218139648,6.056118965148926,4.84376859664917,0.0424823984503746,2972.0,2970.0
5.955242156982422,5.596298694610596,2.5489461421966553,0.04250866174697876,2976.0,2974.0
7.156844139099121,6.983511924743652,3.490940570831299,0.0425349697470665,2980.0,2978.0
13.694340705871582,6.565097808837891,3.5305285453796387,0.04256134480237961,2984.0,2982.0
22.59090232849121,7.150198459625244,4.36386775970459,0.04258834570646286,2988.0,2986.0
22.376632690429688,7.71396017074585,4.086292266845703,0.04261570796370506,2992.0,2990.0
4.499695777893066,5.470211982727051,2.9161272048950195,0.042642559856176376,2996.0,2994.0
7.317599296569824,6.776048183441162,2.8479909896850586,0.0426689013838768,3000.0,2998.0
8.427740097045898,5.810628414154053,3.1724534034729004,0.042695000767707825,3004.0,3002.0
7.24132776260376,5.596206188201904,3.4288887977600098,0.04272107779979706,3008.0,3006.0
12.965642929077148,6.6273512840271,3.6154232025146484,0.04274725541472435,3012.0,3010.0
20.765918731689453,5.8418097496032715,2.8615095615386963,0.04277297481894493,3016.0,3014.0
8.109397888183594,5.65647554397583,3.1432816982269287,0.0427984893321991,3020.0,3018.0
3.8315000534057617,4.780233383178711,1.6217455863952637,0.042822711169719696,3024.0,3022.0
28.777515411376953,7.065060138702393,3.6370272636413574,0.04284721985459328,3028.0,3026.0
7.528918266296387,4.570770263671875,1.5287325382232666,0.04287046566605568,3032.0,3030.0
21.679668426513672,7.399311065673828,2.42620849609375,0.04289323464035988,3036.0,3034.0
10.671180725097656,6.264240741729736,1.8804452419281006,0.042915165424346924,3040.0,3038.0
4.485370635986328,5.347463607788086,1.842316746711731,0.04293632134795189,3044.0,3042.0
12.729745864868164,7.21469783782959,2.503892421722412,0.04295726865530014,3048.0,3046.0
7.867894172668457,6.134594917297363,1.957815408706665,0.042977623641490936,3052.0,3050.0
9.716680526733398,4.643128395080566,2.015578269958496,0.042997486889362335,3056.0,3054.0
2.4398446083068848,4.5751776695251465,1.5275063514709473,0.043016549199819565,3060.0,3058.0
12.903875350952148,6.439159393310547,2.2889742851257324,0.043035443872213364,3064.0,3062.0
6.561089038848877,5.4568071365356445,2.332930088043213,0.043054237961769104,3068.0,3066.0
4.309024810791016,6.195492744445801,2.77473521232605,0.043073251843452454,3072.0,3070.0
15.239665985107422,7.085751533508301,3.0005335807800293,0.043092623353004456,3076.0,3074.0
20.299102783203125,9.267073631286621,3.7082769870758057,0.043112825602293015,3080.0,3078.0
7.773020267486572,5.057290554046631,2.0648796558380127,0.04313257709145546,3084.0,3082.0
13.41346549987793,7.801457405090332,3.1435976028442383,0.04315270483493805,3088.0,3086.0
6.548803329467773,7.229389190673828,2.246105432510376,0.043172527104616165,3092.0,3090.0
9.831293106079102,5.644737720489502,2.5053675174713135,0.043192263692617416,3096.0,3094.0
6.589337348937988,6.718040943145752,2.255208969116211,0.04321173205971718,3100.0,3098.0
12.553491592407227,4.845430374145508,2.539180278778076,0.043231166899204254,3104.0,3102.0
4.591588497161865,5.233323097229004,2.4585373401641846,0.043250516057014465,3108.0,3106.0
9.329277992248535,5.846505641937256,1.9972922801971436,0.04326944053173065,3112.0,3110.0
12.075337409973145,5.742396354675293,2.046281576156616,0.043288037180900574,3116.0,3114.0
6.768712043762207,5.715009689331055,2.5453550815582275,0.04330668970942497,3120.0,3118.0
10.695060729980469,5.996506690979004,2.1940720081329346,0.04332513362169266,3124.0,3122.0
10.922578811645508,7.615095138549805,2.259707450866699,0.0433434434235096,3128.0,3126.0
7.172337532043457,5.424737930297852,2.919853925704956,0.04336211085319519,3132.0,3130.0
9.591320037841797,6.141312599182129,2.4348361492156982,0.0433807447552681,3136.0,3134.0
6.385815620422363,4.554655075073242,2.2799410820007324,0.04339924082159996,3140.0,3138.0
16.047597885131836,6.413131237030029,2.5725908279418945,0.04341781884431839,3144.0,3142.0
6.918176651000977,6.976357460021973,2.65925931930542,0.043436527252197266,3148.0,3146.0
18.43766212463379,8.724032402038574,3.6410303115844727,0.0434560626745224,3152.0,3150.0
8.485966682434082,7.542326927185059,2.731255531311035,0.0434756875038147,3156.0,3154.0
8.750312805175781,5.929163932800293,2.551891803741455,0.043495263904333115,3160.0,3158.0
6.5813188552856445,4.911255836486816,2.3639779090881348,0.04351465031504631,3164.0,3162.0
14.150716781616211,5.037059783935547,2.9172778129577637,0.04353427141904831,3168.0,3166.0
5.184115409851074,5.588078498840332,1.9015882015228271,0.043553367257118225,3172.0,3170.0
10.407295227050781,7.150114059448242,2.3225960731506348,0.04357228800654411,3176.0,3174.0
4.793767929077148,5.506861209869385,1.9594851732254028,0.04359079524874687,3180.0,3178.0
6.084808826446533,7.602147102355957,2.0734522342681885,0.04360900819301605,3184.0,3182.0
4.256572246551514,4.157754421234131,1.7899754047393799,0.04362675920128822,3188.0,3186.0
4.3516926765441895,5.382165431976318,2.0590710639953613,0.04364427924156189,3192.0,3190.0
25.380138397216797,5.829129695892334,3.091933250427246,0.04366234689950943,3196.0,3194.0
5.5506110191345215,5.62123441696167,1.3707385063171387,0.043679650872945786,3200.0,3198.0
5.719954490661621,6.19664192199707,2.4644927978515625,0.043697066605091095,3204.0,3202.0
12.618782043457031,6.4866251945495605,1.6838176250457764,0.043714020401239395,3208.0,3206.0
5.162407398223877,5.991793155670166,1.9683210849761963,0.04373076185584068,3212.0,3210.0
9.87222671508789,7.839766502380371,2.863706350326538,0.04374795779585838,3216.0,3214.0
12.394216537475586,4.8745012283325195,2.5775554180145264,0.0437653586268425,3220.0,3218.0
9.278511047363281,6.829638957977295,2.2249979972839355,0.04378269240260124,3224.0,3222.0
3.424556255340576,5.550930023193359,2.0259180068969727,0.04379981756210327,3228.0,3226.0
15.995941162109375,6.935708045959473,2.1442031860351562,0.04381684213876724,3232.0,3230.0
18.46297836303711,8.600196838378906,2.947791576385498,0.04383435100317001,3236.0,3234.0
19.71282196044922,6.410289764404297,2.45005464553833,0.04385194554924965,3240.0,3238.0
8.140615463256836,6.004887580871582,2.0305776596069336,0.04386930540204048,3244.0,3242.0
5.831822872161865,5.4090166091918945,1.5512049198150635,0.04388609528541565,3248.0,3246.0
8.854863166809082,4.573235988616943,2.7784640789031982,0.043903280049562454,3252.0,3250.0
13.048620223999023,6.338695049285889,2.1863465309143066,0.04392038658261299,3256.0,3254.0
33.483360290527344,6.199670791625977,2.1382322311401367,0.04393738508224487,3260.0,3258.0
32.838321685791016,7.603639602661133,2.531221866607666,0.04395456612110138,3264.0,3262.0
13.539705276489258,6.770999908447266,1.9376956224441528,0.04397148638963699,3268.0,3266.0
5.570013046264648,4.989691734313965,2.2383999824523926,0.043988388031721115,3272.0,3270.0
16.354597091674805,6.709995746612549,2.702877998352051,0.044005610048770905,3276.0,3274.0
6.690406799316406,5.870789527893066,2.471890687942505,0.04402295872569084,3280.0,3278.0
8.076796531677246,4.954935073852539,1.561305284500122,0.044039756059646606,3284.0,3282.0
7.25345516204834,5.702295303344727,2.5311079025268555,0.04405675828456879,3288.0,3286.0
4.782010078430176,6.153203010559082,2.4858527183532715,0.044073913246393204,3292.0,3290.0
6.835503578186035,6.342055320739746,1.5824699401855469,0.044090550392866135,3296.0,3294.0
7.9466657638549805,6.982960224151611,1.6962175369262695,0.044106803834438324,3300.0,3298.0
9.033602714538574,4.829483985900879,1.4064993858337402,0.044122498482465744,3304.0,3302.0
6.209837913513184,6.06665563583374,1.9030883312225342,0.044138047844171524,3308.0,3306.0
11.772987365722656,6.474734783172607,3.348449945449829,0.04415453225374222,3312.0,3310.0
5.315520286560059,4.336767196655273,1.930912733078003,0.0441708117723465,3316.0,3314.0
13.251884460449219,7.2659125328063965,2.8416898250579834,0.044187579303979874,3320.0,3318.0
10.36772346496582,9.459162712097168,3.0627174377441406,0.04420493543148041,3324.0,3322.0
13.220550537109375,6.8594794273376465,2.771908760070801,0.04422260820865631,3328.0,3326.0
7.479467391967773,3.9895524978637695,1.6554700136184692,0.04423976689577103,3332.0,3330.0
12.210094451904297,6.63532018661499,2.604926109313965,0.04425714164972305,3336.0,3334.0
8.902909278869629,5.641593933105469,2.4946813583374023,0.04427464306354523,3340.0,3338.0
8.072491645812988,6.180047035217285,2.1025898456573486,0.04429195821285248,3344.0,3342.0
5.724391460418701,6.885669708251953,2.6922829151153564,0.04430954158306122,3348.0,3346.0
15.265556335449219,3.9596004486083984,1.7846297025680542,0.044326700270175934,3352.0,3350.0
9.073928833007812,5.609384536743164,2.107374668121338,0.044343721121549606,3356.0,3354.0
17.249452590942383,5.786354064941406,1.5262396335601807,0.04436018317937851,3360.0,3358.0
10.720175743103027,6.718766212463379,2.5286197662353516,0.04437688738107681,3364.0,3362.0
9.096616744995117,4.986654281616211,1.7319538593292236,0.04439322650432587,3368.0,3366.0
10.981514930725098,6.683742523193359,3.3106093406677246,0.04441036656498909,3372.0,3370.0
18.496198654174805,6.12497091293335,1.5804367065429688,0.04442698508501053,3376.0,3374.0
10.150495529174805,6.009557723999023,2.165283441543579,0.04444355145096779,3380.0,3378.0
28.047828674316406,8.140360832214355,3.4534592628479004,0.04446100443601608,3384.0,3382.0
11.372650146484375,5.671972751617432,2.036929130554199,0.04447823762893677,3388.0,3386.0
9.943038940429688,7.2564897537231445,3.300482988357544,0.04449617117643356,3392.0,3390.0
7.283734321594238,6.052539825439453,2.513883590698242,0.04451417922973633,3396.0,3394.0
6.402336597442627,4.443132400512695,1.6365036964416504,0.04453160613775253,3400.0,3398.0
5.592087745666504,3.7409534454345703,1.2924047708511353,0.04454828053712845,3404.0,3402.0
13.035965919494629,5.032924652099609,2.3935093879699707,0.044565051794052124,3408.0,3406.0
6.920417308807373,6.485134601593018,2.459746837615967,0.04458198323845863,3412.0,3410.0
4.545970916748047,5.771953582763672,2.20489501953125,0.04459885507822037,3416.0,3414.0
11.510112762451172,6.394783973693848,3.10617733001709,0.044616326689720154,3420.0,3418.0
7.732131004333496,3.973886013031006,2.883528709411621,0.04463418200612068,3424.0,3422.0
5.603644371032715,5.672664642333984,2.8108158111572266,0.04465232789516449,3428.0,3426.0
13.931705474853516,5.940159320831299,2.1608474254608154,0.044670261442661285,3432.0,3430.0
6.680288314819336,4.159501075744629,1.4526668787002563,0.04468749463558197,3436.0,3434.0
4.193978309631348,6.002435684204102,2.180208921432495,0.0447046235203743,3440.0,3438.0
9.66987419128418,6.32141637802124,2.8547897338867188,0.04472214728593826,3444.0,3442.0
4.246480941772461,5.733296871185303,2.4810049533843994,0.044739753007888794,3448.0,3446.0
5.54849100112915,5.136048793792725,2.798400640487671,0.0447576679289341,3452.0,3450.0
4.1365509033203125,5.349013328552246,2.6362454891204834,0.04477572441101074,3456.0,3454.0
4.646812438964844,4.331273078918457,2.6470298767089844,0.044793933629989624,3460.0,3458.0
6.199168682098389,4.908610820770264,2.207064628601074,0.044811952859163284,3464.0,3462.0
8.13331413269043,6.22032356262207,3.002509355545044,0.04483037441968918,3468.0,3466.0
6.076013565063477,6.620126724243164,2.8659133911132812,0.04484906047582626,3472.0,3470.0
10.752374649047852,5.557438850402832,2.636361837387085,0.04486782103776932,3476.0,3474.0
7.444641590118408,5.115104675292969,2.4877676963806152,0.04488653689622879,3480.0,3478.0
6.540427207946777,5.516202926635742,2.638087749481201,0.044905319809913635,3484.0,3482.0
5.404312610626221,5.968795299530029,2.2854390144348145,0.044923920184373856,3488.0,3486.0
7.259943008422852,5.343249797821045,2.6106467247009277,0.04494258388876915,3492.0,3490.0
5.599527835845947,6.304328441619873,2.602524518966675,0.04496128484606743,3496.0,3494.0
6.322142601013184,6.460119724273682,3.0467476844787598,0.04498034715652466,3500.0,3498.0
13.899032592773438,5.550881385803223,2.361039876937866,0.044999249279499054,3504.0,3502.0
20.20880889892578,6.5486321449279785,3.622009515762329,0.04501888528466225,3508.0,3506.0
10.375831604003906,6.230593681335449,2.1678483486175537,0.04503815621137619,3512.0,3510.0
13.72722053527832,5.587681293487549,3.3568530082702637,0.04505793750286102,3516.0,3514.0
14.46363353729248,5.874524116516113,3.2102978229522705,0.04507807642221451,3520.0,3518.0
9.316571235656738,6.289398193359375,2.7647132873535156,0.04509822279214859,3524.0,3522.0
17.242279052734375,6.4063310623168945,2.3658041954040527,0.04511808604001999,3528.0,3526.0
4.890082836151123,4.311413764953613,1.9752213954925537,0.045137420296669006,3532.0,3530.0
6.234476566314697,5.604092597961426,2.549527645111084,0.04515668749809265,3536.0,3534.0
5.534607887268066,6.599079608917236,3.031062126159668,0.04517623037099838,3540.0,3538.0
6.0109686851501465,5.655858516693115,2.8568201065063477,0.04519590362906456,3544.0,3542.0
9.840818405151367,4.6101837158203125,2.403427839279175,0.04521536827087402,3548.0,3546.0
15.948347091674805,4.202522277832031,2.4403486251831055,0.045234668999910355,3552.0,3550.0
6.054896354675293,4.346480369567871,3.0326578617095947,0.045254237949848175,3556.0,3554.0
15.361599922180176,4.241420269012451,2.7448105812072754,0.04527384787797928,3560.0,3558.0
6.6380438804626465,5.585086822509766,2.634880781173706,0.0452934205532074,3564.0,3562.0
6.861617565155029,4.4271135330200195,2.450936794281006,0.04531281813979149,3568.0,3566.0
7.3380303382873535,6.467983722686768,2.661874294281006,0.04533221572637558,3572.0,3570.0
6.315117835998535,5.389743804931641,2.1780872344970703,0.04535127431154251,3576.0,3574.0
9.909832000732422,5.338965892791748,2.7453842163085938,0.04537041485309601,3580.0,3578.0
12.065633773803711,5.192934036254883,2.651611804962158,0.045389577746391296,3584.0,3582.0
5.204148769378662,5.223137378692627,2.5551936626434326,0.04540868103504181,3588.0,3586.0
5.672571659088135,6.384036064147949,2.126495122909546,0.045427434146404266,3592.0,3590.0
5.626162528991699,5.527600288391113,1.8267518281936646,0.04544565826654434,3596.0,3594.0
6.929243087768555,4.5407562255859375,2.9317727088928223,0.045464180409908295,3600.0,3598.0
13.53546142578125,5.477703094482422,2.832111120223999,0.04548291116952896,3604.0,3602.0
12.851541519165039,3.8936309814453125,2.2730815410614014,0.04550142586231232,3608.0,3606.0
10.476432800292969,4.855160713195801,2.894392490386963,0.04552018642425537,3612.0,3610.0
9.85376262664795,4.198647499084473,2.617811679840088,0.04553897678852081,3616.0,3614.0
21.169082641601562,5.9511284828186035,2.5655877590179443,0.04555775225162506,3620.0,3618.0
21.24441146850586,5.735227584838867,3.0100960731506348,0.04557683318853378,3624.0,3622.0
4.021798133850098,3.7206029891967773,2.1496024131774902,0.045595571398735046,3628.0,3626.0
5.316828727722168,5.430449962615967,2.61287522315979,0.0456143356859684,3632.0,3630.0
4.982968330383301,5.096804618835449,2.332874059677124,0.045632924884557724,3636.0,3634.0
16.40505599975586,6.31099796295166,3.0167276859283447,0.045651838183403015,3640.0,3638.0
11.040163040161133,6.377274036407471,3.7352521419525146,0.045671530067920685,3644.0,3642.0
10.17282485961914,5.492584228515625,2.1187548637390137,0.04569079726934433,3648.0,3646.0
4.731883525848389,5.207698345184326,2.6418662071228027,0.04571004956960678,3652.0,3650.0
8.017255783081055,3.8984792232513428,2.793645143508911,0.04572939872741699,3656.0,3654.0
8.227843284606934,7.256542682647705,2.6497254371643066,0.04574873298406601,3660.0,3658.0
15.506193161010742,4.9132819175720215,2.2860524654388428,0.04576779156923294,3664.0,3662.0
5.068836212158203,5.656686782836914,2.6323904991149902,0.04578685015439987,3668.0,3666.0
9.503192901611328,6.010359764099121,2.831843376159668,0.04580604285001755,3672.0,3670.0
9.784870147705078,8.036905288696289,3.102503538131714,0.04582555592060089,3676.0,3674.0
8.977596282958984,5.9300642013549805,3.1288866996765137,0.04584536701440811,3680.0,3678.0
9.151208877563477,4.741941928863525,2.292332887649536,0.045864857733249664,3684.0,3682.0
4.880705833435059,5.322417259216309,2.7879085540771484,0.045884404331445694,3688.0,3686.0
32.01892852783203,4.966379165649414,2.5955982208251953,0.04590386897325516,3692.0,3690.0
5.624686241149902,5.6809916496276855,1.7158070802688599,0.045922644436359406,3696.0,3694.0
14.589786529541016,6.427178382873535,3.0709123611450195,0.045941755175590515,3700.0,3698.0
9.510986328125,6.355672836303711,2.2401411533355713,0.045960575342178345,3704.0,3702.0
8.039593696594238,4.984170913696289,1.7226214408874512,0.04597876965999603,3708.0,3706.0
7.269221782684326,4.46388053894043,2.364861249923706,0.045996859669685364,3712.0,3710.0
16.148653030395508,4.710597038269043,1.9869732856750488,0.046014584600925446,3716.0,3714.0
10.604171752929688,5.275168418884277,2.9801297187805176,0.046032682061195374,3720.0,3718.0
19.974939346313477,5.249868392944336,2.6366019248962402,0.046050868928432465,3724.0,3722.0
10.017480850219727,6.482002258300781,3.297269821166992,0.04606960341334343,3728.0,3726.0
4.675924301147461,4.395259380340576,2.5110955238342285,0.04608827829360962,3732.0,3730.0
5.464333534240723,4.443173408508301,2.612168312072754,0.0461069755256176,3736.0,3734.0
10.859044075012207,5.435184955596924,2.580901622772217,0.046125657856464386,3740.0,3738.0
33.67803192138672,5.638477325439453,2.550196647644043,0.046144310384988785,3744.0,3742.0
9.878314971923828,4.198153495788574,2.2247397899627686,0.04616270959377289,3748.0,3746.0
9.453437805175781,5.9028520584106445,2.799090623855591,0.04618128016591072,3752.0,3750.0
19.910106658935547,6.363291263580322,2.9265174865722656,0.04620010033249855,3756.0,3754.0
18.54088592529297,5.844683647155762,3.6394002437591553,0.046219632029533386,3760.0,3758.0
7.521152019500732,5.2982025146484375,3.582512140274048,0.046239759773015976,3764.0,3762.0
14.47233772277832,5.637907981872559,3.428435802459717,0.04626031219959259,3768.0,3766.0
10.95428466796875,5.168978214263916,3.028398036956787,0.04628097638487816,3772.0,3770.0
8.283036231994629,6.252172470092773,1.9461019039154053,0.0463009849190712,3776.0,3774.0
4.919360160827637,4.138051986694336,2.862600088119507,0.04632103815674782,3780.0,3778.0
13.15754508972168,4.454975605010986,3.2137393951416016,0.04634137451648712,3784.0,3782.0
14.570096969604492,4.797814846038818,2.568592071533203,0.046361520886421204,3788.0,3786.0
4.893199443817139,4.543272972106934,2.2749314308166504,0.04638128727674484,3792.0,3790.0
14.906402587890625,4.3397321701049805,2.4086380004882812,0.04640080779790878,3796.0,3794.0
7.058392524719238,4.324431419372559,2.6330201625823975,0.04642026126384735,3800.0,3798.0
7.567132949829102,5.951528072357178,2.7761058807373047,0.0464397557079792,3804.0,3802.0
6.563777923583984,2.591201066970825,1.7898423671722412,0.046458594501018524,3808.0,3806.0
8.653076171875,5.187770843505859,2.5485262870788574,0.04647736996412277,3812.0,3810.0
7.164618015289307,4.64251184463501,2.542860984802246,0.04649610072374344,3816.0,3814.0
4.211542129516602,3.6696128845214844,2.7253689765930176,0.046514905989170074,3820.0,3818.0
8.202447891235352,6.119819641113281,1.8319687843322754,0.04653315246105194,3824.0,3822.0
6.456554412841797,4.417132377624512,2.193852663040161,0.046551164239645004,3828.0,3826.0
4.389182090759277,4.613053321838379,2.284564733505249,0.046569012105464935,3832.0,3830.0
6.845113754272461,5.759707450866699,2.8844003677368164,0.04658713936805725,3836.0,3834.0
6.677504062652588,5.255353927612305,3.4537911415100098,0.0466059148311615,3840.0,3838.0
15.521559715270996,5.786294460296631,2.966892957687378,0.04662491753697395,3844.0,3842.0
11.371504783630371,6.8010759353637695,2.8965563774108887,0.046644099056720734,3848.0,3846.0
8.899857521057129,5.113188743591309,2.958216667175293,0.04666346311569214,3852.0,3850.0
11.276391983032227,6.381426811218262,2.773148536682129,0.04668286815285683,3856.0,3854.0
5.535539627075195,3.9898481369018555,2.291806936264038,0.046701982617378235,3860.0,3858.0
5.483471870422363,4.986712455749512,2.3874588012695312,0.04672089219093323,3864.0,3862.0
4.304831504821777,4.448192119598389,1.8411614894866943,0.04673924297094345,3868.0,3866.0
4.734470844268799,4.4023118019104,1.9575096368789673,0.04675716534256935,3872.0,3870.0
35.64011001586914,5.656344413757324,1.8998157978057861,0.046774670481681824,3876.0,3874.0
8.537042617797852,4.683165073394775,3.5253305435180664,0.046792931854724884,3880.0,3878.0
7.190560340881348,4.995640277862549,3.8662757873535156,0.046812087297439575,3884.0,3882.0
6.171603202819824,5.349831581115723,3.105391025543213,0.04683154821395874,3888.0,3886.0
6.959978103637695,5.649827003479004,3.7227771282196045,0.04685167968273163,3892.0,3890.0
5.228645324707031,4.255434036254883,3.373178243637085,0.04687218368053436,3896.0,3894.0
8.959458351135254,5.601303577423096,3.4810190200805664,0.04689309746026993,3900.0,3898.0
21.033489227294922,5.9979329109191895,3.82116436958313,0.04691460356116295,3904.0,3902.0
4.8927412033081055,6.367093086242676,3.364811420440674,0.04693631827831268,3908.0,3906.0
5.334710597991943,5.908644199371338,3.0410218238830566,0.04695801064372063,3912.0,3910.0
9.623948097229004,5.594627857208252,3.904033660888672,0.04698026180267334,3916.0,3914.0
6.5989484786987305,5.538191318511963,2.219470739364624,0.04700187221169472,3920.0,3918.0
6.332077980041504,4.27467679977417,2.884770393371582,0.047023359686136246,3924.0,3922.0
5.699451446533203,4.6499152183532715,2.320645332336426,0.04704434052109718,3928.0,3926.0
6.882855415344238,5.479914665222168,3.208916664123535,0.047065477818250656,3932.0,3930.0
8.29702377319336,4.482574939727783,1.8536105155944824,0.047085825353860855,3936.0,3934.0
5.39174747467041,4.534765720367432,3.043463706970215,0.04710628464818001,3940.0,3938.0
6.220107078552246,5.65330696105957,3.103950023651123,0.0471268855035305,3944.0,3942.0
9.465043067932129,4.172822952270508,2.633397340774536,0.04714728519320488,3948.0,3946.0
6.259869575500488,3.6754064559936523,2.6562724113464355,0.047167520970106125,3952.0,3950.0
4.921095371246338,3.692265272140503,2.373260021209717,0.04718741774559021,3956.0,3954.0
33.10160446166992,4.3467698097229,3.3658132553100586,0.04720768332481384,3960.0,3958.0
8.157288551330566,5.622859954833984,3.146240711212158,0.047228142619132996,3964.0,3962.0
9.357122421264648,6.757274150848389,3.0337352752685547,0.047248683869838715,3968.0,3966.0
7.922320365905762,5.728691101074219,3.4303088188171387,0.04726957529783249,3972.0,3970.0
18.72711753845215,5.5505852699279785,2.807744264602661,0.04729034751653671,3976.0,3974.0
14.248758316040039,4.452381134033203,2.919559955596924,0.047311097383499146,3980.0,3978.0
7.314481258392334,5.847743988037109,3.0405025482177734,0.047331903129816055,3984.0,3982.0
18.25729751586914,5.202762603759766,3.8498315811157227,0.04735330492258072,3988.0,3986.0
16.18276596069336,5.301861763000488,3.123311758041382,0.047374747693538666,3992.0,3990.0
6.285758018493652,4.639734268188477,3.021597385406494,0.04739616811275482,3996.0,3994.0
8.80420207977295,5.447340965270996,2.9680862426757812,0.047417521476745605,4000.0,3998.0
11.318028450012207,6.1472859382629395,3.282607078552246,0.047439027577638626,4004.0,4002.0
8.29361343383789,3.8327791690826416,3.0853171348571777,0.04746054485440254,4008.0,4006.0
18.642080307006836,5.981651306152344,2.8845670223236084,0.047481924295425415,4012.0,4010.0
7.290576934814453,4.288051605224609,2.720799684524536,0.04750307649374008,4016.0,4014.0
4.989778518676758,4.305337905883789,2.370373010635376,0.04752378165721893,4020.0,4018.0
8.894923210144043,4.531940460205078,2.6018049716949463,0.047544240951538086,4024.0,4022.0
6.370553970336914,5.4750285148620605,2.598754405975342,0.04756447672843933,4028.0,4026.0
6.264679431915283,4.840422630310059,2.2015724182128906,0.04758424684405327,4032.0,4030.0
6.838476181030273,3.3867454528808594,2.878770351409912,0.047604046761989594,4036.0,4034.0
9.952010154724121,3.4719414710998535,1.9417788982391357,0.047623246908187866,4040.0,4038.0
5.3496246337890625,4.027833938598633,2.071040630340576,0.04764198511838913,4044.0,4042.0
4.815703392028809,3.638378858566284,1.9893479347229004,0.04766025021672249,4048.0,4046.0
12.90110969543457,4.953865051269531,1.6370537281036377,0.047677867114543915,4052.0,4050.0
8.191755294799805,4.963131427764893,2.1597342491149902,0.04769524186849594,4056.0,4054.0
6.153964042663574,3.273937225341797,1.829887866973877,0.04771217703819275,4060.0,4058.0
5.5482940673828125,3.2453794479370117,1.830639123916626,0.04772871732711792,4064.0,4062.0
34.85192108154297,3.385833263397217,2.091351270675659,0.04774508625268936,4068.0,4066.0
5.710663318634033,5.156989097595215,2.0802903175354004,0.047761283814907074,4072.0,4070.0
7.190028190612793,6.371255874633789,2.460482597351074,0.047777608036994934,4076.0,4074.0
6.879369735717773,5.412970066070557,2.3881356716156006,0.047793976962566376,4080.0,4078.0
5.894347190856934,3.9301538467407227,1.3745381832122803,0.04780969396233559,4084.0,4082.0
6.915281295776367,3.4854891300201416,1.8554902076721191,0.0478251650929451,4088.0,4086.0
5.387746810913086,3.8386077880859375,1.8424482345581055,0.04784040153026581,4092.0,4090.0
12.212345123291016,5.562836647033691,2.8057360649108887,0.04785608500242233,4096.0,4094.0
5.6597442626953125,4.15141487121582,2.395231008529663,0.0478719025850296,4100.0,4098.0
6.651639938354492,3.654374837875366,1.8737924098968506,0.04788747429847717,4104.0,4102.0
6.518233299255371,4.516626834869385,2.054518699645996,0.047902945429086685,4108.0,4106.0
7.576512336730957,4.071173191070557,1.6655305624008179,0.047918058931827545,4112.0,4110.0
6.943950653076172,3.0296196937561035,2.1543424129486084,0.0479331873357296,4116.0,4114.0
9.278791427612305,4.344735145568848,2.1389613151550293,0.04794831946492195,4120.0,4118.0
12.40202522277832,7.11134672164917,2.628938913345337,0.04796380177140236,4124.0,4122.0
7.281351089477539,4.194571495056152,2.3001136779785156,0.04797936975955963,4128.0,4126.0
8.318532943725586,4.207274436950684,1.6997727155685425,0.047994595021009445,4132.0,4130.0
6.362688064575195,3.2118992805480957,1.3353081941604614,0.04800925403833389,4136.0,4134.0
7.1568989753723145,3.82388973236084,2.3837995529174805,0.04802415147423744,4140.0,4138.0
10.326414108276367,4.876030921936035,2.823357582092285,0.048039551824331284,4144.0,4142.0
14.66260051727295,5.264301300048828,3.363588571548462,0.04805578291416168,4148.0,4146.0
7.875890731811523,4.336696624755859,2.183331251144409,0.04807194322347641,4152.0,4150.0
22.504148483276367,5.1083526611328125,2.3352997303009033,0.04808814078569412,4156.0,4154.0
6.545032978057861,5.900032997131348,2.7352662086486816,0.0481046661734581,4160.0,4158.0
5.294081687927246,2.962886333465576,1.9097963571548462,0.0481208935379982,4164.0,4162.0
6.840681076049805,3.920982837677002,2.7397100925445557,0.04813744127750397,4168.0,4166.0
5.717801094055176,3.8466925621032715,1.8139961957931519,0.048153627663850784,4172.0,4170.0
18.1639461517334,4.201292991638184,2.643524169921875,0.048170071095228195,4176.0,4174.0
4.973431587219238,3.1839113235473633,1.3567122220993042,0.048185840249061584,4180.0,4178.0
6.322888374328613,3.9568514823913574,3.0515427589416504,0.04820220544934273,4184.0,4182.0
7.866743087768555,3.769554853439331,2.1247382164001465,0.04821843281388283,4188.0,4186.0
16.20056915283203,5.705196380615234,3.188352584838867,0.04823530092835426,4192.0,4190.0
6.453090190887451,4.662922382354736,2.852170467376709,0.048252496868371964,4196.0,4194.0
26.8150634765625,5.470054626464844,2.0363857746124268,0.048269424587488174,4200.0,4198.0
16.2155818939209,4.627363204956055,1.8597277402877808,0.048285987228155136,4204.0,4202.0
21.24071502685547,4.080435752868652,2.0299391746520996,0.04830234870314598,4208.0,4206.0
6.154094696044922,4.937119960784912,1.630453109741211,0.04831824451684952,4212.0,4210.0
7.378562927246094,3.7257425785064697,2.6047563552856445,0.04833439737558365,4216.0,4214.0
8.404576301574707,5.043943405151367,2.1033382415771484,0.048350438475608826,4220.0,4218.0
25.901063919067383,5.489386081695557,2.0698134899139404,0.048366352915763855,4224.0,4222.0
5.561156749725342,5.521139621734619,2.3455970287323,0.04838234931230545,4228.0,4226.0
29.658889770507812,4.974447250366211,1.6343486309051514,0.048397913575172424,4232.0,4230.0
7.335577487945557,5.616381645202637,2.402165651321411,0.04841364175081253,4236.0,4234.0
6.74971342086792,4.381078243255615,1.887229561805725,0.04842914640903473,4240.0,4238.0
10.77568531036377,4.289988994598389,2.2071382999420166,0.048444680869579315,4244.0,4242.0
5.080886363983154,4.028022289276123,2.5992913246154785,0.04846050590276718,4248.0,4246.0
7.7163262367248535,4.966743469238281,2.063565492630005,0.04847623407840729,4252.0,4250.0
4.766417980194092,5.909814357757568,2.440474033355713,0.048492126166820526,4256.0,4254.0
6.648509979248047,2.927354097366333,1.5942350625991821,0.04850757494568825,4260.0,4258.0
5.700640678405762,4.151930332183838,2.2473559379577637,0.04852308705449104,4264.0,4262.0
6.487062454223633,4.395978927612305,2.6062114238739014,0.04853891581296921,4268.0,4266.0
8.15921688079834,4.601161956787109,1.3488211631774902,0.04855413734912872,4272.0,4270.0
29.031593322753906,6.6894001960754395,2.6259899139404297,0.048569709062576294,4276.0,4274.0
5.559314727783203,4.351439476013184,2.287491798400879,0.048585355281829834,4280.0,4278.0
19.259075164794922,4.692748546600342,2.0860795974731445,0.0486009381711483,4284.0,4282.0
5.796115875244141,5.769819736480713,2.441047191619873,0.04861671105027199,4288.0,4286.0
8.61627197265625,3.86051869392395,1.9287859201431274,0.048632293939590454,4292.0,4290.0
8.991423606872559,3.5842642784118652,2.056267023086548,0.04864778369665146,4296.0,4294.0
7.81287956237793,4.740431308746338,2.143836259841919,0.04866327345371246,4300.0,4298.0
7.340011119842529,3.929785966873169,2.4958913326263428,0.04867899417877197,4304.0,4302.0
9.230511665344238,5.330295085906982,2.2912986278533936,0.04869479313492775,4308.0,4306.0
21.63153839111328,5.176995754241943,1.634117603302002,0.04871018975973129,4312.0,4310.0
18.4257869720459,4.669625282287598,2.11769962310791,0.048725567758083344,4316.0,4314.0
15.259371757507324,5.420085906982422,3.1560802459716797,0.0487416610121727,4320.0,4318.0
4.607435703277588,4.7962327003479,2.281689405441284,0.048757780343294144,4324.0,4322.0
3.1904752254486084,4.11004638671875,1.8929340839385986,0.04877365380525589,4328.0,4326.0
7.427892208099365,4.1993608474731445,2.641347885131836,0.04878982901573181,4332.0,4330.0
6.585776329040527,4.13499641418457,2.4275918006896973,0.04880613088607788,4336.0,4334.0
6.132712364196777,5.493370056152344,2.3592801094055176,0.048822492361068726,4340.0,4338.0
16.444026947021484,4.714984893798828,1.8973530530929565,0.04883859306573868,4344.0,4342.0
5.112961292266846,3.1018226146698,2.275698661804199,0.04885472357273102,4348.0,4346.0
9.929766654968262,5.167478561401367,2.3844995498657227,0.04887095093727112,4352.0,4350.0
12.790648460388184,4.9045305252075195,2.3268356323242188,0.0488872304558754,4356.0,4354.0
5.085944175720215,2.427368640899658,1.9320746660232544,0.048903271555900574,4360.0,4358.0
5.519854545593262,4.953714370727539,2.5898196697235107,0.04891957342624664,4364.0,4362.0
6.493811130523682,5.347397327423096,2.1312718391418457,0.04893577843904495,4368.0,4366.0
8.498077392578125,5.654609680175781,3.0717923641204834,0.048952557146549225,4372.0,4370.0
6.0243706703186035,4.866016387939453,1.424910545349121,0.04896870255470276,4376.0,4374.0
5.96185302734375,5.402152061462402,2.484037399291992,0.048985015600919724,4380.0,4378.0
6.847583770751953,4.652013778686523,1.8023231029510498,0.04900100827217102,4384.0,4382.0
5.907911777496338,2.985457420349121,1.6917296648025513,0.049016617238521576,4388.0,4386.0
5.538458824157715,3.450263500213623,1.4663180112838745,0.04903174191713333,4392.0,4390.0
47.0068359375,6.0134100914001465,2.9263806343078613,0.049047455191612244,4396.0,4394.0
9.332687377929688,4.497217655181885,1.7077436447143555,0.049062833189964294,4400.0,4398.0
12.287198066711426,4.853910446166992,2.40733003616333,0.049078404903411865,4404.0,4402.0
7.491672515869141,4.199965953826904,1.6753839254379272,0.04909364506602287,4408.0,4406.0
4.500189781188965,4.0630035400390625,1.4291120767593384,0.049108393490314484,4412.0,4410.0
16.61125946044922,4.124011516571045,1.8741918802261353,0.04912303388118744,4416.0,4414.0
8.974336624145508,3.9716410636901855,1.9057588577270508,0.04913759231567383,4420.0,4418.0
13.850191116333008,4.945245265960693,2.246786117553711,0.04915232211351395,4424.0,4422.0
7.993699073791504,4.7141876220703125,1.489677906036377,0.049166664481163025,4428.0,4426.0
10.73892593383789,6.470660209655762,2.4122848510742188,0.049181319773197174,4432.0,4430.0
13.490389823913574,5.755818843841553,2.467069625854492,0.04919629544019699,4436.0,4434.0
9.433947563171387,4.73604154586792,1.617187738418579,0.04921095073223114,4440.0,4438.0
8.513242721557617,4.306352138519287,2.304760217666626,0.049225807189941406,4444.0,4442.0
6.288115978240967,3.1477694511413574,2.193645477294922,0.04924077168107033,4448.0,4446.0
5.207686424255371,4.038722991943359,1.2978146076202393,0.049255192279815674,4452.0,4450.0
4.664178848266602,4.001753807067871,1.789217472076416,0.04926947131752968,4456.0,4454.0
4.196967124938965,3.4318342208862305,1.399409294128418,0.04928334802389145,4460.0,4458.0
6.554259777069092,5.13745641708374,2.3195245265960693,0.0492975190281868,4464.0,4462.0
7.087397575378418,4.849787712097168,1.4865508079528809,0.04931136965751648,4468.0,4466.0
4.578067779541016,1.915618658065796,1.3198637962341309,0.049324795603752136,4472.0,4470.0
6.024941921234131,3.719271421432495,1.5280604362487793,0.04933800548315048,4476.0,4474.0
5.071547985076904,4.338434219360352,1.7399462461471558,0.04935117065906525,4480.0,4478.0
5.279910087585449,4.71975564956665,1.8900737762451172,0.049364395439624786,4484.0,4482.0
5.2777628898620605,4.500763893127441,1.5915946960449219,0.04937746003270149,4488.0,4486.0
7.076053619384766,4.48530387878418,1.1302820444107056,0.04939005896449089,4492.0,4490.0
22.541515350341797,3.9661567211151123,1.811853051185608,0.04940272122621536,4496.0,4494.0
19.420574188232422,3.500462055206299,1.4529155492782593,0.04941518232226372,4500.0,4498.0
7.128238677978516,3.4187490940093994,2.0826284885406494,0.04942793399095535,4504.0,4502.0
28.11570167541504,3.1889595985412598,1.6882203817367554,0.04944063723087311,4508.0,4506.0
27.0595645904541,3.613227605819702,1.2404381036758423,0.04945299029350281,4512.0,4510.0
6.029679298400879,4.2730817794799805,2.228182315826416,0.049465738236904144,4516.0,4514.0
11.540704727172852,4.467169761657715,1.8234871625900269,0.04947856068611145,4520.0,4518.0
29.325820922851562,4.905162334442139,2.0097455978393555,0.04949157312512398,4524.0,4522.0
29.848793029785156,5.672981262207031,2.4921746253967285,0.04950511083006859,4528.0,4526.0
18.272937774658203,4.070108890533447,2.2166903018951416,0.04951892048120499,4532.0,4530.0
6.8534698486328125,3.687974452972412,1.943260908126831,0.04953277111053467,4536.0,4534.0
4.7137556076049805,3.701967716217041,1.5762770175933838,0.04954640194773674,4540.0,4538.0
8.680341720581055,4.025012493133545,2.45851469039917,0.04956047236919403,4544.0,4542.0
40.21479797363281,5.301454544067383,3.190685272216797,0.04957547038793564,4548.0,4546.0
5.421139717102051,2.892709970474243,1.7797447443008423,0.04959027096629143,4552.0,4550.0
8.644402503967285,3.380171537399292,2.1470460891723633,0.04960516840219498,4556.0,4554.0
5.777282238006592,3.423304557800293,1.6460528373718262,0.049619801342487335,4560.0,4558.0
9.056957244873047,5.238192558288574,2.592775583267212,0.049634866416454315,4564.0,4562.0
27.615188598632812,3.7875289916992188,2.4529569149017334,0.04965022951364517,4568.0,4566.0
5.355941295623779,3.291797161102295,1.8129103183746338,0.04966539144515991,4572.0,4570.0
8.197746276855469,4.564949035644531,1.7582767009735107,0.04968033730983734,4576.0,4574.0
6.986987113952637,5.55350399017334,3.3867430686950684,0.04969625920057297,4580.0,4578.0
19.829086303710938,4.6972222328186035,2.79667592048645,0.049712639302015305,4584.0,4582.0
4.5884809494018555,4.005431175231934,2.070739984512329,0.04972890391945839,4588.0,4586.0
4.064136981964111,3.8293850421905518,2.232560873031616,0.04974518343806267,4592.0,4590.0
6.9614715576171875,3.958066940307617,2.355468511581421,0.049761563539505005,4596.0,4594.0
6.985142230987549,4.2079596519470215,1.995471477508545,0.049777787178754807,4600.0,4598.0
8.775487899780273,3.37066388130188,2.269840717315674,0.04979405924677849,4604.0,4602.0
7.412918567657471,3.9910192489624023,2.356229066848755,0.04981043189764023,4608.0,4606.0
5.112688064575195,4.382992744445801,2.623067855834961,0.04982709884643555,4612.0,4610.0
8.174582481384277,5.07561731338501,1.7508546113967896,0.04984338581562042,4616.0,4614.0
4.487512588500977,2.8873376846313477,1.5770107507705688,0.049859218299388885,4620.0,4618.0
7.993816375732422,4.357129096984863,2.8460254669189453,0.04987555742263794,4624.0,4622.0
5.291842937469482,4.344245433807373,1.8812956809997559,0.04989165812730789,4628.0,4626.0
20.924997329711914,5.810812473297119,2.944584846496582,0.04990830272436142,4632.0,4630.0
6.331630706787109,3.2774059772491455,2.5391640663146973,0.04992515593767166,4636.0,4634.0
4.472414016723633,3.1690754890441895,1.6374560594558716,0.049941536039114,4640.0,4638.0
8.523770332336426,3.469141960144043,2.20930814743042,0.04995790868997574,4644.0,4642.0
6.12932014465332,3.0429606437683105,1.5542163848876953,0.04997380077838898,4648.0,4646.0
6.103969573974609,3.4414734840393066,1.7725467681884766,0.049989424645900726,4652.0,4650.0
7.617147445678711,6.2035346031188965,2.766385555267334,0.05000551789999008,4656.0,4654.0
9.568525314331055,4.753519058227539,2.0102651119232178,0.050021495670080185,4660.0,4658.0
18.780467987060547,3.016817808151245,1.4495253562927246,0.0500369556248188,4664.0,4662.0
5.907192230224609,3.598018169403076,1.8883137702941895,0.05005226284265518,4668.0,4666.0
7.875613212585449,3.4511361122131348,2.2759361267089844,0.050067730247974396,4672.0,4670.0
3.943601369857788,3.2702410221099854,1.7415720224380493,0.050082940608263016,4676.0,4674.0
3.543360710144043,3.7588307857513428,1.4650734663009644,0.05009772628545761,4680.0,4678.0
20.295093536376953,3.869978666305542,2.423076629638672,0.05011282488703728,4684.0,4682.0
6.2382121086120605,3.2378079891204834,1.4979627132415771,0.0501275360584259,4688.0,4686.0
5.172138214111328,3.342714786529541,2.369955539703369,0.05014253780245781,4692.0,4690.0
5.9261064529418945,4.07772159576416,2.217982769012451,0.05015767365694046,4696.0,4694.0
4.479763031005859,3.9726452827453613,1.5514143705368042,0.05017245560884476,4700.0,4698.0
17.250347137451172,3.314152717590332,1.7825119495391846,0.050187088549137115,4704.0,4702.0
4.497432708740234,2.557302713394165,1.434166431427002,0.05020134150981903,4708.0,4706.0
5.702093124389648,3.390242338180542,2.398416757583618,0.050215944647789,4712.0,4710.0
10.094439506530762,4.330347061157227,2.521915912628174,0.0502309612929821,4716.0,4714.0
4.571320533752441,4.37624454498291,2.874185562133789,0.05024660378694534,4720.0,4718.0
5.061457633972168,3.795742988586426,1.9163322448730469,0.05026210844516754,4724.0,4722.0
4.417472839355469,3.1218924522399902,1.9358822107315063,0.05027750879526138,4728.0,4726.0
30.470233917236328,2.8184657096862793,1.6533452272415161,0.05029260367155075,4732.0,4730.0
4.139652729034424,3.7434206008911133,1.610224962234497,0.05030740052461624,4736.0,4734.0
31.26483154296875,2.9865012168884277,1.8033405542373657,0.05032206326723099,4740.0,4738.0
5.347247123718262,2.2053399085998535,1.8208975791931152,0.05033661797642708,4744.0,4742.0
24.641565322875977,4.2874956130981445,2.1581151485443115,0.050351332873106,4748.0,4746.0
4.554522514343262,4.70304536819458,1.4767390489578247,0.05036567896604538,4752.0,4750.0
5.362166404724121,4.076632022857666,1.5765413045883179,0.05037977918982506,4756.0,4754.0
6.704203128814697,4.751307964324951,1.8800811767578125,0.050393883138895035,4760.0,4758.0
7.360302925109863,3.450115442276001,1.4482760429382324,0.050407666712999344,4764.0,4762.0
5.043354034423828,4.198166847229004,1.8399295806884766,0.05042145401239395,4768.0,4766.0
11.675750732421875,3.8510303497314453,1.6805670261383057,0.05043512210249901,4772.0,4770.0
5.68642520904541,2.866971731185913,1.5623195171356201,0.05044860392808914,4776.0,4774.0
32.729331970214844,4.847326278686523,1.5211632251739502,0.05046188458800316,4780.0,4778.0
3.9281959533691406,2.937112808227539,1.3957880735397339,0.05047488957643509,4784.0,4782.0
5.470981597900391,3.2448997497558594,1.4185956716537476,0.05048765987157822,4788.0,4786.0
5.042749881744385,3.9926812648773193,1.534307599067688,0.05050031468272209,4792.0,4790.0
7.785755634307861,3.7906301021575928,1.5666124820709229,0.0505128875374794,4796.0,4794.0
5.915610313415527,4.08847713470459,1.7968111038208008,0.05052555724978447,4800.0,4798.0
7.841615200042725,3.22021484375,0.5455935001373291,0.05053737759590149,4804.0,4802.0
4.793564319610596,1.5985798835754395,1.0766730308532715,0.05054883658885956,4808.0,4806.0
6.335074424743652,3.139749050140381,1.6842857599258423,0.050560418516397476,4812.0,4810.0
20.86914825439453,4.160046577453613,0.9599934816360474,0.05057158321142197,4816.0,4814.0
5.811801910400391,4.630387783050537,1.364571452140808,0.05058266222476959,4820.0,4818.0
8.646930694580078,5.053809642791748,1.4453734159469604,0.05059373751282692,4824.0,4822.0
5.2724833488464355,2.5824427604675293,1.9917175769805908,0.050605207681655884,4828.0,4826.0
5.88969612121582,2.530027389526367,1.693962812423706,0.05061681568622589,4832.0,4830.0
7.528186798095703,4.452005863189697,1.2951087951660156,0.05062824487686157,4836.0,4834.0
5.338852882385254,3.7008795738220215,1.9177861213684082,0.05063999444246292,4840.0,4838.0
31.51931381225586,3.348007917404175,1.8605819940567017,0.050651971250772476,4844.0,4842.0
6.618521690368652,2.2706217765808105,1.9797687530517578,0.050664253532886505,4848.0,4846.0
4.78523063659668,2.95674729347229,2.063755512237549,0.0506768673658371,4852.0,4850.0
14.284147262573242,4.054369926452637,3.018698215484619,0.05069049820303917,4856.0,4854.0
6.386233806610107,4.953335285186768,2.352362871170044,0.05070454254746437,4860.0,4858.0
5.351874351501465,3.379521369934082,2.1900815963745117,0.050718843936920166,4864.0,4862.0
4.927850723266602,3.183145046234131,2.031170129776001,0.050733260810375214,4868.0,4866.0
3.977436065673828,1.4633842706680298,1.2477682828903198,0.050747185945510864,4872.0,4870.0
38.46306610107422,4.598660469055176,2.442864418029785,0.050761573016643524,4876.0,4874.0
5.254029273986816,2.6210787296295166,2.256495475769043,0.05077623203396797,4880.0,4878.0
3.960625648498535,3.6957926750183105,1.1756253242492676,0.05079032480716705,4884.0,4882.0
6.4684929847717285,4.90068244934082,2.642202854156494,0.05080501735210419,4888.0,4886.0
4.819558620452881,1.8713734149932861,1.9695663452148438,0.05081973597407341,4892.0,4890.0
10.046442985534668,3.1491122245788574,1.6289877891540527,0.050834231078624725,4896.0,4894.0
5.289450168609619,4.357455253601074,1.4273488521575928,0.05084836483001709,4900.0,4898.0
4.8482770919799805,3.686875581741333,1.3058171272277832,0.050862088799476624,4904.0,4902.0
4.235269546508789,3.511889934539795,1.269174337387085,0.05087541788816452,4908.0,4906.0
5.304725646972656,4.355241775512695,1.8499140739440918,0.050888821482658386,4912.0,4910.0
3.9517698287963867,2.9855635166168213,0.9128122329711914,0.050901588052511215,4916.0,4914.0
17.284099578857422,3.2441835403442383,1.3266609907150269,0.05091410130262375,4920.0,4918.0
8.383695602416992,4.0425591468811035,0.8860618472099304,0.050926048308610916,4924.0,4922.0
5.528764724731445,3.5151474475860596,0.7557738423347473,0.050937388092279434,4928.0,4926.0
5.443023681640625,3.586773157119751,1.8009628057479858,0.05094897747039795,4932.0,4930.0
8.269100189208984,2.99914813041687,0.6226620674133301,0.050959885120391846,4936.0,4934.0
32.78791809082031,2.3295326232910156,0.47776859998703003,0.05097007751464844,4940.0,4938.0
5.61742639541626,2.6964950561523438,1.14566171169281,0.05098014324903488,4944.0,4942.0
3.8805012702941895,2.5678608417510986,0.6324554681777954,0.05098968371748924,4948.0,4946.0
6.294437885284424,3.7428438663482666,1.7434453964233398,0.05099961906671524,4952.0,4950.0
5.369007587432861,4.3727192878723145,1.1790908575057983,0.051009468734264374,4956.0,4954.0
5.291084289550781,2.1551849842071533,1.16290283203125,0.05101923644542694,4960.0,4958.0
4.689730167388916,2.0520286560058594,0.7806823253631592,0.051028624176979065,4964.0,4962.0
5.098383903503418,2.381997585296631,1.0229369401931763,0.051037874072790146,4968.0,4966.0
11.582141876220703,2.23759388923645,1.6218328475952148,0.05104745179414749,4972.0,4970.0
4.065129280090332,5.093360424041748,1.9904264211654663,0.0510576032102108,4976.0,4974.0
7.521285533905029,2.7480688095092773,0.861119270324707,0.05106741562485695,4980.0,4978.0
4.349237442016602,2.9916536808013916,1.6236662864685059,0.05107749626040459,4984.0,4982.0
6.897236347198486,4.080683708190918,1.2347087860107422,0.05108753219246864,4988.0,4986.0
6.022752285003662,3.100039005279541,0.778343915939331,0.05109718069434166,4992.0,4990.0
27.26192283630371,4.061723709106445,1.764876365661621,0.051107220351696014,4996.0,4994.0
11.11271858215332,4.057249069213867,1.736384630203247,0.05111760273575783,5000.0,4998.0
5.136960506439209,3.9079833030700684,1.989793300628662,0.051128484308719635,5004.0,5002.0
6.180081367492676,3.2631657123565674,1.8792157173156738,0.05113973841071129,5008.0,5006.0
5.453518867492676,2.548849105834961,1.522338628768921,0.051151055842638016,5012.0,5010.0
6.686855792999268,2.388051986694336,0.9465905427932739,0.051161982119083405,5016.0,5014.0
22.8668155670166,4.926841735839844,1.476548433303833,0.05117296427488327,5020.0,5018.0
10.63946533203125,5.554416179656982,2.101287841796875,0.051184482872486115,5024.0,5022.0
23.346725463867188,6.464159965515137,3.0487585067749023,0.051197197288274765,5028.0,5026.0
6.352516174316406,2.808800220489502,0.824054479598999,0.05120929703116417,5032.0,5030.0
26.990127563476562,4.192185401916504,1.779280185699463,0.0512215681374073,5036.0,5034.0
6.004242897033691,4.353988170623779,1.3220670223236084,0.051233649253845215,5040.0,5038.0
29.511314392089844,4.749260902404785,1.8655725717544556,0.05124597251415253,5044.0,5042.0
41.3834228515625,3.541954278945923,2.3015241622924805,0.05125885456800461,5048.0,5046.0
6.590595245361328,3.956491470336914,2.143355369567871,0.05127211660146713,5052.0,5050.0
10.788209915161133,2.7779221534729004,1.7191271781921387,0.05128539353609085,5056.0,5054.0
7.520438194274902,2.450100898742676,2.224013566970825,0.051299065351486206,5060.0,5058.0
8.969343185424805,3.6253457069396973,2.638050079345703,0.05131342634558678,5064.0,5062.0
12.34721565246582,3.4932637214660645,2.3373892307281494,0.05132816731929779,5068.0,5066.0
26.830514907836914,5.141947269439697,2.405604124069214,0.05134331062436104,5072.0,5070.0
9.125126838684082,6.7559661865234375,3.339827060699463,0.05135950818657875,5076.0,5074.0
11.395257949829102,6.4758710861206055,2.0342459678649902,0.05137567222118378,5080.0,5078.0
33.11690139770508,4.814672946929932,2.1117801666259766,0.05139186978340149,5084.0,5082.0
6.7310638427734375,3.4148077964782715,1.6201741695404053,0.05140771344304085,5088.0,5086.0
8.264156341552734,3.9263343811035156,2.270298957824707,0.05142374709248543,5092.0,5090.0
9.341678619384766,5.539912223815918,2.785768508911133,0.05144033953547478,5096.0,5094.0
8.315526962280273,2.977747917175293,1.9866702556610107,0.05145682394504547,5100.0,5098.0
22.897897720336914,3.103743553161621,1.7972102165222168,0.05147305876016617,5104.0,5102.0
7.681277275085449,3.996457099914551,2.188558578491211,0.05148938298225403,5108.0,5106.0
9.068252563476562,6.668013572692871,2.696356773376465,0.0515061691403389,5112.0,5110.0
22.53200912475586,6.885903358459473,1.9304873943328857,0.05152278393507004,5116.0,5114.0
4.924638748168945,3.6373696327209473,2.41109037399292,0.05153961479663849,5120.0,5118.0
7.286105632781982,4.45089864730835,1.8399465084075928,0.05155620723962784,5124.0,5122.0
8.194469451904297,4.736171722412109,2.144575595855713,0.05157281458377838,5128.0,5126.0
6.96341609954834,4.895674228668213,2.2388317584991455,0.051589518785476685,5132.0,5130.0
10.26896858215332,5.750824451446533,2.845947742462158,0.05160675197839737,5136.0,5134.0
5.801342010498047,5.126813888549805,2.38662052154541,0.051624126732349396,5140.0,5138.0
5.759223937988281,6.281435489654541,2.805521011352539,0.051641955971717834,5144.0,5142.0
16.391136169433594,6.325631141662598,2.818288803100586,0.05166018009185791,5148.0,5146.0
12.528892517089844,7.587124824523926,3.730386734008789,0.051679469645023346,5152.0,5150.0
15.764328002929688,5.09869909286499,2.3371706008911133,0.05169864743947983,5156.0,5154.0
25.69957160949707,5.636781215667725,2.0966694355010986,0.051717545837163925,5160.0,5158.0
4.956742286682129,6.28447151184082,2.2206695079803467,0.051736291497945786,5164.0,5162.0
6.5107011795043945,5.214690208435059,2.787250280380249,0.051755327731370926,5168.0,5166.0
9.012612342834473,5.506468772888184,1.4570037126541138,0.05177360773086548,5172.0,5170.0
5.45949649810791,4.823965549468994,2.149672031402588,0.05179174244403839,5176.0,5174.0
26.3316593170166,3.384596824645996,1.7330968379974365,0.05180942639708519,5180.0,5178.0
20.841205596923828,7.380359649658203,1.8725965023040771,0.05182680860161781,5184.0,5182.0
10.148733139038086,5.850449562072754,1.0404491424560547,0.05184328556060791,5188.0,5186.0
7.423670768737793,7.439974784851074,2.1694674491882324,0.05185981094837189,5192.0,5190.0
6.388702392578125,6.504682540893555,2.273449182510376,0.051876455545425415,5196.0,5194.0
10.113836288452148,6.781558036804199,2.1989262104034424,0.051893170922994614,5200.0,5198.0
6.63446569442749,5.547945976257324,1.9550628662109375,0.051909737288951874,5204.0,5202.0
39.333152770996094,4.819136142730713,1.9244232177734375,0.05192616581916809,5208.0,5206.0
15.427347183227539,4.608763217926025,1.7330188751220703,0.051942311227321625,5212.0,5210.0
5.74008321762085,4.697332859039307,2.0698187351226807,0.05195847526192665,5216.0,5214.0
44.23772430419922,4.014035224914551,1.4434216022491455,0.051974158734083176,5220.0,5218.0
11.887347221374512,5.903875350952148,1.7048749923706055,0.05198962613940239,5224.0,5222.0
10.503978729248047,5.007258892059326,2.061475992202759,0.052005160599946976,5228.0,5226.0
13.510581016540527,8.278260231018066,1.823738694190979,0.052020587027072906,5232.0,5230.0
8.121493339538574,6.060037612915039,1.7611021995544434,0.0520358569920063,5236.0,5234.0
5.90151309967041,3.562472343444824,1.7398310899734497,0.05205097049474716,5240.0,5238.0
8.059685707092285,5.096836566925049,2.1791322231292725,0.05206628516316414,5244.0,5242.0
7.201664924621582,7.126615524291992,2.3032524585723877,0.052081890404224396,5248.0,5246.0
13.603006362915039,5.2829108238220215,1.7351301908493042,0.05209730565547943,5252.0,5250.0
11.275055885314941,8.158258438110352,2.7787041664123535,0.052113354206085205,5256.0,5254.0
8.930770874023438,5.66403341293335,2.569540023803711,0.05212981998920441,5260.0,5258.0
8.057251930236816,5.357780456542969,1.8774611949920654,0.05214612931013107,5264.0,5262.0
9.64787769317627,5.592876434326172,2.049574136734009,0.05216242000460625,5268.0,5266.0
8.499715805053711,4.994287490844727,1.6650131940841675,0.05217840149998665,5272.0,5270.0
10.778495788574219,6.999490737915039,1.9136765003204346,0.05219430476427078,5276.0,5274.0
13.23160171508789,7.676173210144043,1.8021607398986816,0.05221003293991089,5280.0,5278.0
14.770078659057617,8.804243087768555,1.4440414905548096,0.052225347608327866,5284.0,5282.0
12.251569747924805,4.961891174316406,1.2987117767333984,0.05224016681313515,5288.0,5286.0
10.82461929321289,6.127324104309082,1.4926013946533203,0.05225469172000885,5292.0,5290.0
5.7703962326049805,3.1166927814483643,1.3357857465744019,0.052268821746110916,5296.0,5294.0
38.514286041259766,5.35483455657959,2.0444724559783936,0.05228316783905029,5300.0,5298.0
8.313047409057617,5.892741680145264,1.261040449142456,0.05229708179831505,5304.0,5302.0
29.53156089782715,10.263381004333496,2.9377856254577637,0.05231191962957382,5308.0,5306.0
14.597776412963867,7.375147819519043,1.6482219696044922,0.052326589822769165,5312.0,5310.0
43.64800262451172,7.790400505065918,2.538309335708618,0.052341800183057785,5316.0,5314.0
6.914488792419434,5.169370651245117,1.5555286407470703,0.05235672742128372,5320.0,5318.0
7.698041915893555,5.32207727432251,1.7986968755722046,0.05237159505486488,5324.0,5322.0
11.74410629272461,5.273771286010742,1.671852469444275,0.05238630622625351,5328.0,5326.0
37.26599884033203,8.635584831237793,3.0284347534179688,0.05240194499492645,5332.0,5330.0
10.11589241027832,5.532495498657227,1.2931022644042969,0.052417054772377014,5336.0,5334.0
14.614179611206055,5.276095390319824,1.5154277086257935,0.0524318665266037,5340.0,5338.0
57.867584228515625,5.249880790710449,1.6547819375991821,0.05244651809334755,5344.0,5342.0
35.81309509277344,5.056283950805664,1.3791942596435547,0.05246081203222275,5348.0,5346.0
21.293201446533203,6.413417339324951,1.1287453174591064,0.05247458443045616,5352.0,5350.0
8.517955780029297,6.286426544189453,0.5967973470687866,0.052487459033727646,5356.0,5354.0
6.378759860992432,8.040512084960938,1.7891407012939453,0.05250047519803047,5360.0,5358.0
8.924878120422363,6.397563457489014,1.2544915676116943,0.052513208240270615,5364.0,5362.0
6.32902717590332,4.275145530700684,1.7378242015838623,0.05252605676651001,5368.0,5366.0
16.00316047668457,6.140433311462402,1.46692955493927,0.05253879353404045,5372.0,5370.0
13.400369644165039,5.657584190368652,2.0067005157470703,0.05255185812711716,5376.0,5374.0
6.219583511352539,5.830361843109131,1.0436952114105225,0.05256446450948715,5380.0,5378.0
5.419341087341309,4.048229217529297,0.9199524521827698,0.05257656052708626,5384.0,5382.0
12.133142471313477,6.90736198425293,2.3534767627716064,0.05258932337164879,5388.0,5386.0
8.9801025390625,6.37338924407959,1.6968837976455688,0.05260217562317848,5392.0,5390.0
10.389711380004883,6.444554805755615,1.6271331310272217,0.05261504650115967,5396.0,5394.0
62.90658187866211,6.336858749389648,1.8057072162628174,0.052628081291913986,5400.0,5398.0
8.536282539367676,6.935028553009033,1.7517175674438477,0.05264122039079666,5404.0,5402.0
8.98275375366211,4.396854400634766,1.2729206085205078,0.052654072642326355,5408.0,5406.0
23.782764434814453,6.219769477844238,1.2567205429077148,0.052666664123535156,5412.0,5410.0
8.252666473388672,6.209282875061035,1.9600032567977905,0.052679575979709625,5416.0,5414.0
14.838218688964844,6.307977676391602,1.743704080581665,0.05269259959459305,5420.0,5418.0
38.29039764404297,6.969997882843018,2.059450149536133,0.05270598083734512,5424.0,5422.0
6.665322303771973,6.106040000915527,1.7660967111587524,0.052719444036483765,5428.0,5426.0
6.382240295410156,5.450082778930664,1.7898952960968018,0.052733004093170166,5432.0,5430.0
7.779969215393066,4.856948375701904,1.4000866413116455,0.05274634808301926,5436.0,5434.0
12.308893203735352,4.842626571655273,1.8713257312774658,0.052759867161512375,5440.0,5438.0
5.827585220336914,3.268732786178589,1.1298168897628784,0.05277295410633087,5444.0,5442.0
10.057622909545898,3.8705782890319824,0.7708715200424194,0.05278535932302475,5448.0,5446.0
7.370360374450684,7.105559825897217,1.2993407249450684,0.052797582000494,5452.0,5450.0
6.659073352813721,4.115781307220459,1.0973467826843262,0.05280947685241699,5456.0,5454.0
29.227333068847656,7.7025604248046875,2.439631462097168,0.05282215774059296,5460.0,5458.0
23.9226131439209,6.614832401275635,1.1210864782333374,0.05283447727560997,5464.0,5462.0
7.941501617431641,3.63297176361084,1.2935771942138672,0.052846621721982956,5468.0,5466.0
6.800584316253662,4.151594161987305,1.0872611999511719,0.052858442068099976,5472.0,5470.0
7.913515090942383,6.35506534576416,0.8289890289306641,0.0528697595000267,5476.0,5474.0
9.937907218933105,5.77850866317749,2.422999143600464,0.05288190022110939,5480.0,5478.0
9.755456924438477,4.597661018371582,1.2138866186141968,0.052893828600645065,5484.0,5482.0
11.454517364501953,5.449582576751709,1.3866711854934692,0.05290568247437477,5488.0,5486.0
17.308191299438477,5.480222702026367,1.9121960401535034,0.052917905151844025,5492.0,5490.0
23.020858764648438,4.842637062072754,1.2053221464157104,0.052929893136024475,5496.0,5494.0
29.342178344726562,4.707833290100098,1.515946626663208,0.05294192209839821,5500.0,5498.0
11.248183250427246,4.708005905151367,1.6431548595428467,0.052954092621803284,5504.0,5502.0
40.27675247192383,4.948484897613525,1.2632559537887573,0.05296607315540314,5508.0,5506.0
22.72449493408203,5.560336112976074,2.190833568572998,0.05297864228487015,5512.0,5510.0
7.748955726623535,6.878986358642578,1.3809306621551514,0.05299108475446701,5516.0,5514.0
6.182046890258789,6.561441421508789,2.14762020111084,0.053004033863544464,5520.0,5518.0
8.022571563720703,5.255846977233887,1.5429933071136475,0.05301695317029953,5524.0,5522.0
26.175655364990234,6.240860939025879,1.6789277791976929,0.053029946982860565,5528.0,5526.0
6.757524490356445,4.958426475524902,1.5557606220245361,0.05304292216897011,5532.0,5530.0
40.819236755371094,4.730335712432861,1.8122456073760986,0.05305608734488487,5536.0,5534.0
9.76666259765625,8.127452850341797,2.6234476566314697,0.053070068359375,5540.0,5538.0
4.914835453033447,5.253171920776367,2.00652813911438,0.05308429151773453,5544.0,5542.0
15.366188049316406,5.8149261474609375,2.589085578918457,0.05309920012950897,5548.0,5546.0
28.516094207763672,7.459615230560303,2.6274197101593018,0.053114764392375946,5552.0,5550.0
10.017862319946289,6.375273704528809,2.5070953369140625,0.05313080921769142,5556.0,5554.0
9.229738235473633,5.2661542892456055,2.3714747428894043,0.05314719304442406,5560.0,5558.0
6.9032440185546875,3.734297752380371,2.7073974609375,0.05316413566470146,5564.0,5562.0
6.236353397369385,4.852094650268555,2.1830525398254395,0.05318117514252663,5568.0,5566.0
8.44479751586914,5.634605884552002,2.276182174682617,0.05319837108254433,5572.0,5570.0
24.935609817504883,5.97490930557251,1.482802391052246,0.053215064108371735,5576.0,5574.0
10.914159774780273,5.368317604064941,1.6707631349563599,0.053231459110975266,5580.0,5578.0
7.154792785644531,2.8231282234191895,1.3790420293807983,0.053247351199388504,5584.0,5582.0
12.179093360900879,3.80260968208313,1.2686491012573242,0.053262703120708466,5588.0,5586.0
13.664712905883789,5.781277656555176,1.7863291501998901,0.05327799171209335,5592.0,5590.0
8.893813133239746,3.5636796951293945,1.749229073524475,0.05329318717122078,5596.0,5594.0
13.704357147216797,4.918612480163574,2.1981735229492188,0.05330866575241089,5600.0,5598.0
21.793014526367188,4.3995680809021,1.4824992418289185,0.05332382023334503,5604.0,5602.0
37.206512451171875,6.154192924499512,1.647594928741455,0.05333882197737694,5608.0,5606.0
8.973360061645508,4.766987323760986,1.6939911842346191,0.05335371568799019,5612.0,5610.0
5.908116340637207,7.487719535827637,1.6666078567504883,0.053368501365184784,5616.0,5614.0
7.697961807250977,5.067363739013672,1.258583903312683,0.053382840007543564,5620.0,5618.0
31.16145896911621,5.866539478302002,2.083710193634033,0.053397469222545624,5624.0,5622.0
11.524454116821289,5.0166168212890625,1.9831708669662476,0.053412262350320816,5628.0,5626.0
40.18690872192383,5.040832996368408,1.4022754430770874,0.05342674255371094,5632.0,5630.0
9.230011940002441,5.850238800048828,2.034503221511841,0.05344145745038986,5636.0,5634.0
7.354283332824707,5.4515767097473145,1.8302825689315796,0.05345621332526207,5640.0,5638.0
7.493014335632324,5.456747055053711,1.7381304502487183,0.05347093567252159,5644.0,5642.0
9.893892288208008,6.839997291564941,2.8910574913024902,0.05348655581474304,5648.0,5646.0
6.785086631774902,4.155017852783203,1.6233410835266113,0.05350196361541748,5652.0,5650.0
41.93016052246094,3.3906431198120117,1.41854727268219,0.05351700633764267,5656.0,5654.0
12.794018745422363,4.75644588470459,2.764784574508667,0.05353281646966934,5660.0,5658.0
36.07706069946289,3.979264259338379,1.7220854759216309,0.053548477590084076,5664.0,5662.0
7.113734245300293,5.830522537231445,1.9936058521270752,0.053564220666885376,5668.0,5666.0
8.266303062438965,4.6682353019714355,1.3828849792480469,0.05357953533530235,5672.0,5670.0
23.015392303466797,4.0998334884643555,1.4959568977355957,0.053594574332237244,5676.0,5674.0
7.547155380249023,3.4265689849853516,0.9761755466461182,0.05360892415046692,5680.0,5678.0
10.726195335388184,4.786223888397217,1.2456517219543457,0.05362287163734436,5684.0,5682.0
10.491291046142578,4.105323314666748,1.6996066570281982,0.05363684892654419,5688.0,5686.0
6.2095842361450195,6.156485557556152,1.5989727973937988,0.05365075170993805,5692.0,5690.0
6.689221382141113,6.681628704071045,0.8135875463485718,0.0536639541387558,5696.0,5694.0
7.615729331970215,6.039814472198486,1.3837714195251465,0.053676992654800415,5700.0,5698.0
7.381146430969238,4.2692694664001465,1.703169584274292,0.05369013547897339,5704.0,5702.0
8.088486671447754,7.227865695953369,1.672488808631897,0.05370336025953293,5708.0,5706.0
6.135786056518555,3.2627668380737305,0.6050256490707397,0.053715780377388,5712.0,5710.0
25.45570945739746,6.651887893676758,1.4974184036254883,0.05372820794582367,5716.0,5714.0
12.355960845947266,6.591431617736816,1.5640445947647095,0.053740695118904114,5720.0,5718.0
16.04745864868164,5.345611095428467,1.0666942596435547,0.0537528470158577,5724.0,5722.0
6.162294387817383,5.940632343292236,1.1858267784118652,0.053764764219522476,5728.0,5726.0
5.485978126525879,3.9420852661132812,1.2686394453048706,0.05377655848860741,5732.0,5730.0
6.167605400085449,4.605250835418701,0.9520924091339111,0.05378798395395279,5736.0,5734.0
11.518218994140625,3.933337688446045,1.1762943267822266,0.05379924550652504,5740.0,5738.0
30.8916015625,3.7131237983703613,1.1660733222961426,0.05381036549806595,5744.0,5742.0
38.90367889404297,4.43572998046875,1.1396480798721313,0.05382133647799492,5748.0,5746.0
8.704893112182617,6.034162998199463,1.4044950008392334,0.05383238568902016,5752.0,5750.0
31.51848030090332,3.8534107208251953,1.6811988353729248,0.05384374409914017,5756.0,5754.0
6.13419246673584,6.884054183959961,0.924013614654541,0.053854748606681824,5760.0,5758.0
19.774456024169922,6.48809814453125,1.0299806594848633,0.053865522146224976,5764.0,5762.0
6.737908840179443,5.815139293670654,1.630786418914795,0.053876593708992004,5768.0,5766.0
7.555203914642334,5.981844902038574,1.145979404449463,0.05388752743601799,5772.0,5770.0
9.127628326416016,4.680997848510742,1.1057168245315552,0.05389830470085144,5776.0,5774.0
57.08381652832031,6.02478551864624,2.1967201232910156,0.053909845650196075,5780.0,5778.0
9.552734375,5.913851737976074,1.8440240621566772,0.053921788930892944,5784.0,5782.0
5.666875839233398,3.798797130584717,2.083028793334961,0.053934287279844284,5788.0,5786.0
5.454558372497559,3.2372939586639404,1.335450530052185,0.05394667387008667,5792.0,5790.0
10.02739429473877,5.531870365142822,1.5384981632232666,0.05395912379026413,5796.0,5794.0
5.613149166107178,4.514662742614746,0.9767069816589355,0.05397115275263786,5800.0,5798.0
6.545187950134277,5.227212429046631,0.7637341022491455,0.053982630372047424,5804.0,5802.0
8.537667274475098,5.64721155166626,1.15790593624115,0.05399394780397415,5808.0,5806.0
10.972955703735352,5.057816028594971,1.1604540348052979,0.05400512367486954,5812.0,5810.0
4.657591819763184,4.128899574279785,1.1764731407165527,0.05401618406176567,5816.0,5814.0
10.482847213745117,6.359252452850342,1.773308277130127,0.054027631878852844,5820.0,5818.0
40.20872497558594,4.753300666809082,1.0524001121520996,0.054038841277360916,5824.0,5822.0
5.463237762451172,5.157732963562012,1.2736244201660156,0.054050013422966,5828.0,5826.0
7.184385299682617,4.971449851989746,1.0156478881835938,0.0540609285235405,5832.0,5830.0
6.978729248046875,6.249466896057129,1.13411283493042,0.054071731865406036,5836.0,5834.0
4.3415446281433105,4.7534332275390625,1.7168102264404297,0.05408290773630142,5840.0,5838.0
22.14244270324707,7.2189764976501465,1.907107949256897,0.0540945939719677,5844.0,5842.0
21.861665725708008,6.922031402587891,0.8333594799041748,0.054105814546346664,5848.0,5846.0
6.004295349121094,5.091332912445068,1.0096778869628906,0.054116781800985336,5852.0,5850.0
7.617619514465332,4.709173202514648,1.4289724826812744,0.054127879440784454,5856.0,5854.0
4.450140476226807,3.664128303527832,0.42973557114601135,0.054138243198394775,5860.0,5858.0
22.105712890625,5.354658126831055,1.1292098760604858,0.05414852872490883,5864.0,5862.0
11.177762985229492,4.475417137145996,0.6780452728271484,0.05415838211774826,5868.0,5866.0
5.18015718460083,5.13213586807251,1.5280500650405884,0.054168544709682465,5872.0,5870.0
46.415191650390625,3.216813802719116,0.3189685344696045,0.05417797341942787,5876.0,5874.0
7.804193496704102,5.351652145385742,1.5095176696777344,0.054187752306461334,5880.0,5878.0
40.29247283935547,4.497885704040527,1.1355316638946533,0.054197534918785095,5884.0,5882.0
5.831785678863525,3.4938836097717285,0.9917823672294617,0.05420718714594841,5888.0,5886.0
8.944366455078125,4.879976272583008,0.6794106960296631,0.05421646684408188,5892.0,5890.0
43.107330322265625,6.748147964477539,1.7407984733581543,0.05422630533576012,5896.0,5894.0
41.34104919433594,4.0550737380981445,1.5148605108261108,0.05423646792769432,5900.0,5898.0
5.716965675354004,4.662365436553955,1.0384678840637207,0.05424650013446808,5904.0,5902.0
13.107730865478516,6.461582183837891,1.071523904800415,0.054256461560726166,5908.0,5906.0
6.318131446838379,4.042764186859131,1.5671935081481934,0.05426677316427231,5912.0,5910.0
21.44005584716797,4.771835803985596,1.1551343202590942,0.054277047514915466,5916.0,5914.0
8.46401596069336,3.6223509311676025,0.6003947257995605,0.05428681895136833,5920.0,5918.0
45.07023620605469,5.665170192718506,1.2448177337646484,0.054296694695949554,5924.0,5922.0
25.03338623046875,3.104985237121582,0.6151772737503052,0.05430611968040466,5928.0,5926.0
22.174880981445312,4.705318450927734,0.9268355369567871,0.05431540310382843,5932.0,5930.0
6.4656500816345215,3.270550489425659,0.7538059949874878,0.05432441830635071,5936.0,5934.0
10.664717674255371,5.003665924072266,1.184301495552063,0.05433354899287224,5940.0,5938.0
10.781370162963867,6.604620456695557,1.2227959632873535,0.054342836141586304,5944.0,5942.0
23.82614517211914,6.946204662322998,1.6552809476852417,0.054352618753910065,5948.0,5946.0
5.260774612426758,4.6047868728637695,0.832949697971344,0.054362159222364426,5952.0,5950.0
6.673617362976074,2.8851261138916016,0.7579541802406311,0.05437140166759491,5956.0,5954.0
6.504790782928467,3.596325635910034,1.4156768321990967,0.05438094213604927,5960.0,5958.0
6.396976470947266,3.602437734603882,1.5332705974578857,0.054390862584114075,5964.0,5962.0
5.643514633178711,3.7298383712768555,0.605982780456543,0.054400328546762466,5968.0,5966.0
11.251657485961914,3.7391743659973145,1.5492305755615234,0.054410189390182495,5972.0,5970.0
6.0450215339660645,4.916193008422852,2.0641942024230957,0.05442085117101669,5976.0,5974.0
7.268620491027832,6.393837928771973,1.0684261322021484,0.05443139001727104,5980.0,5978.0
24.56909942626953,3.8860411643981934,1.609682559967041,0.05444226413965225,5984.0,5982.0
8.773143768310547,4.782384872436523,1.7690577507019043,0.05445359647274017,5988.0,5986.0
7.882938385009766,4.3715033531188965,1.1901847124099731,0.05446484312415123,5992.0,5990.0
7.89315938949585,6.1064372062683105,1.529137134552002,0.054476298391819,5996.0,5994.0
4.893285751342773,4.344848155975342,1.3149890899658203,0.05448775365948677,6000.0,5998.0
9.152170181274414,4.344947338104248,0.7595489025115967,0.05449873208999634,6004.0,6002.0
13.512430191040039,3.0500173568725586,0.982562243938446,0.0545094758272171,6008.0,6006.0
19.356019973754883,4.0370707511901855,0.23129671812057495,0.05451935529708862,6012.0,6010.0
7.8420610427856445,4.226975917816162,1.4659173488616943,0.05452953279018402,6016.0,6014.0
8.018617630004883,4.296154975891113,0.7305382490158081,0.05453933775424957,6020.0,6018.0
32.227561950683594,4.023782253265381,1.311392903327942,0.054549314081668854,6024.0,6022.0
37.38706970214844,5.758748531341553,1.4450198411941528,0.05455955117940903,6028.0,6026.0
40.8197021484375,5.85221004486084,2.031989097595215,0.05457054078578949,6032.0,6030.0
6.32965087890625,5.782155990600586,1.4883288145065308,0.05458174645900726,6036.0,6034.0
9.370052337646484,5.264429092407227,0.9583640098571777,0.05459267646074295,6040.0,6038.0
26.088356018066406,6.566545486450195,1.4837381839752197,0.05460382252931595,6044.0,6042.0
14.022507667541504,7.50877571105957,1.947774887084961,0.05461554974317551,6048.0,6046.0
12.080217361450195,6.9102582931518555,2.559476852416992,0.05462835356593132,6052.0,6050.0
11.833121299743652,5.521113395690918,1.2587610483169556,0.05464097484946251,6056.0,6054.0
5.6027398109436035,5.128605842590332,1.909355878829956,0.054654017090797424,6060.0,6058.0
5.870290756225586,2.8192996978759766,0.43977680802345276,0.054666150361299515,6064.0,6062.0
24.300992965698242,7.637984275817871,1.5102405548095703,0.054678402841091156,6068.0,6066.0
6.130586624145508,4.801819801330566,0.750625491142273,0.05469009652733803,6072.0,6070.0
8.140758514404297,5.0424370765686035,1.1176154613494873,0.054701611399650574,6076.0,6074.0
8.042460441589355,5.020883560180664,1.3932626247406006,0.054713208228349686,6080.0,6078.0
7.644307613372803,3.850910186767578,0.9845158457756042,0.054724518209695816,6084.0,6082.0
5.29888916015625,6.165313243865967,1.8011049032211304,0.05473628640174866,6088.0,6086.0
9.480085372924805,5.574877738952637,1.8055040836334229,0.05474846437573433,6092.0,6090.0
13.303633689880371,5.765648365020752,1.1341866254806519,0.054760437458753586,6096.0,6094.0
6.729942321777344,6.076992034912109,1.3727333545684814,0.05477242171764374,6100.0,6098.0
5.206519603729248,4.304215431213379,1.2887979745864868,0.05478436127305031,6104.0,6102.0
8.627676963806152,7.299710273742676,1.9690693616867065,0.05479683727025986,6108.0,6106.0
6.267095565795898,4.82675838470459,1.763330101966858,0.05480962619185448,6112.0,6110.0
6.957331657409668,7.1364521980285645,1.5555689334869385,0.05482252687215805,6116.0,6114.0
8.403465270996094,6.82835578918457,1.5168919563293457,0.0548354797065258,6120.0,6118.0
7.422183036804199,5.6986870765686035,1.2443976402282715,0.05484824255108833,6124.0,6122.0
11.358691215515137,6.476573944091797,0.9637558460235596,0.054860588163137436,6128.0,6126.0
8.9266939163208,7.725149154663086,1.7175873517990112,0.05487322434782982,6132.0,6130.0
8.031435012817383,8.212484359741211,1.8117897510528564,0.05488620325922966,6136.0,6134.0
9.670291900634766,6.592897415161133,1.5240302085876465,0.05489923804998398,6140.0,6138.0
7.602151393890381,7.2730326652526855,1.076838731765747,0.054911937564611435,6144.0,6142.0
10.091119766235352,4.12462043762207,1.3725683689117432,0.05492458492517471,6148.0,6146.0
6.64912748336792,8.459569931030273,1.2862942218780518,0.05493712052702904,6152.0,6150.0
27.605674743652344,4.915212631225586,0.7069844007492065,0.05494903773069382,6156.0,6154.0
11.302719116210938,8.89452838897705,1.818044662475586,0.05496138334274292,6160.0,6158.0
6.475500106811523,9.117059707641602,1.510585904121399,0.054973844438791275,6164.0,6162.0
7.602616310119629,8.412168502807617,1.9753828048706055,0.054986823350191116,6168.0,6166.0
6.13613748550415,6.907425880432129,1.4021623134613037,0.05499975010752678,6172.0,6170.0
14.828838348388672,6.735583305358887,0.7074272036552429,0.05501202493906021,6176.0,6174.0
9.22443675994873,5.210554122924805,1.5082015991210938,0.05502442270517349,6180.0,6178.0
7.116445541381836,8.304556846618652,2.2325170040130615,0.055037569254636765,6184.0,6182.0
6.655561447143555,6.347482681274414,1.3452423810958862,0.05505061149597168,6188.0,6186.0
11.48504638671875,7.474313259124756,0.8821502327919006,0.055063147097826004,6192.0,6190.0
9.106607437133789,5.392951488494873,1.05611252784729,0.05507538467645645,6196.0,6194.0
8.141958236694336,5.397359371185303,1.2678593397140503,0.055087532848119736,6200.0,6198.0
21.527835845947266,7.584803581237793,1.3336288928985596,0.055099669843912125,6204.0,6202.0
7.094447612762451,7.827515602111816,1.840549111366272,0.055112242698669434,6208.0,6206.0
14.077730178833008,9.77121639251709,1.3986660242080688,0.05512481927871704,6212.0,6210.0
6.876670837402344,6.063477516174316,1.6437163352966309,0.05513760820031166,6216.0,6214.0
10.063762664794922,6.682957172393799,0.7907945513725281,0.05514983460307121,6220.0,6218.0
6.4544148445129395,6.759125709533691,1.0610456466674805,0.05516180396080017,6224.0,6222.0
44.57127380371094,8.913440704345703,1.080796480178833,0.05517354980111122,6228.0,6226.0
7.983364105224609,6.576500415802002,0.7434024810791016,0.05518479645252228,6232.0,6230.0
7.131943702697754,8.32166862487793,0.7237091660499573,0.05519557371735573,6236.0,6234.0
8.115370750427246,5.770415306091309,1.2568016052246094,0.05520641803741455,6240.0,6238.0
12.801817893981934,9.088722229003906,1.0478425025939941,0.05521712079644203,6244.0,6242.0
30.55936050415039,8.294563293457031,1.4948065280914307,0.0552280992269516,6248.0,6246.0
11.15379524230957,7.555708885192871,1.568488359451294,0.05523941293358803,6252.0,6250.0
5.508347511291504,11.329309463500977,1.6554570198059082,0.05525108426809311,6256.0,6254.0
10.960426330566406,9.24746322631836,1.3251960277557373,0.055262792855501175,6260.0,6258.0
4.382972717285156,5.304602146148682,1.4117828607559204,0.055274613201618195,6264.0,6262.0
7.083884239196777,7.234767913818359,0.7898944020271301,0.0552859753370285,6268.0,6266.0
6.926238536834717,6.077620983123779,1.6560031175613403,0.055297695100307465,6272.0,6270.0
6.20641565322876,6.3150200843811035,1.4453171491622925,0.055309560149908066,6276.0,6274.0
6.875242233276367,7.9045562744140625,1.3158929347991943,0.055321432650089264,6280.0,6278.0
7.67829704284668,7.1661529541015625,0.8238561153411865,0.05533286929130554,6284.0,6282.0
29.599834442138672,9.155938148498535,2.3155131340026855,0.05534525588154793,6288.0,6286.0
7.787940979003906,7.059737682342529,1.2183692455291748,0.055357515811920166,6292.0,6290.0
40.63749694824219,7.962939262390137,1.8268272876739502,0.05537021532654762,6296.0,6294.0
5.299729347229004,6.154633045196533,2.100261688232422,0.05538354814052582,6300.0,6298.0
8.424116134643555,5.734202861785889,2.1122536659240723,0.055397454649209976,6304.0,6302.0
42.57109832763672,5.8386712074279785,1.4306936264038086,0.055411286652088165,6308.0,6306.0
10.961977005004883,7.657575607299805,1.8077834844589233,0.05542537197470665,6312.0,6310.0
36.042381286621094,8.10992431640625,1.619493842124939,0.05543952435255051,6316.0,6314.0
62.313819885253906,9.235618591308594,1.7352943420410156,0.055453840643167496,6320.0,6318.0
7.9683098793029785,7.630496025085449,1.9179766178131104,0.05546848103404045,6324.0,6322.0
11.38456916809082,9.80081558227539,2.1415929794311523,0.05548359826207161,6328.0,6326.0
7.272615432739258,7.862565517425537,1.0729899406433105,0.055498190224170685,6332.0,6330.0
11.268024444580078,8.178699493408203,1.5200567245483398,0.05551270768046379,6336.0,6334.0
27.47772979736328,7.906190872192383,0.7671324014663696,0.0555264875292778,6340.0,6338.0
7.1490912437438965,8.19589614868164,1.7624883651733398,0.05554049462080002,6344.0,6342.0
29.404708862304688,7.303441047668457,1.5922411680221558,0.05555456131696701,6348.0,6346.0
36.225059509277344,7.547584056854248,1.4533826112747192,0.055568549782037735,6352.0,6350.0
6.706138610839844,6.593230247497559,1.4970874786376953,0.05558251589536667,6356.0,6354.0
43.66975784301758,8.552787780761719,1.6972434520721436,0.05559663102030754,6360.0,6358.0
85.84962463378906,8.738786697387695,2.2605741024017334,0.055611398071050644,6364.0,6362.0
42.97732925415039,8.321786880493164,1.4313323497772217,0.05562601238489151,6368.0,6366.0
9.04964828491211,9.796490669250488,1.0399394035339355,0.055640123784542084,6372.0,6370.0
7.556711196899414,9.41598129272461,1.4222588539123535,0.0556541346013546,6376.0,6374.0
25.685672760009766,6.412169456481934,2.051225185394287,0.05566861107945442,6380.0,6378.0
6.397184371948242,6.86746883392334,1.1900322437286377,0.055682748556137085,6384.0,6382.0
11.99102783203125,8.098929405212402,1.2696956396102905,0.05569663643836975,6388.0,6386.0
7.585224151611328,7.831237316131592,1.3457403182983398,0.055710382759571075,6392.0,6390.0
9.864996910095215,8.188460350036621,2.062892198562622,0.05572463572025299,6396.0,6394.0
8.039498329162598,6.92170524597168,1.369781494140625,0.05573873594403267,6400.0,6398.0
10.203185081481934,4.179250717163086,1.4476542472839355,0.05575275793671608,6404.0,6402.0
8.613304138183594,6.45754337310791,1.078355312347412,0.05576637014746666,6408.0,6406.0
5.121912956237793,7.1415486335754395,0.5656252503395081,0.05577916279435158,6412.0,6410.0
5.893071174621582,4.377769947052002,0.5547367334365845,0.055791184306144714,6416.0,6414.0
9.360803604125977,8.999964714050293,1.160528302192688,0.0558030903339386,6420.0,6418.0
7.14801025390625,6.180142402648926,0.8086898326873779,0.05581456050276756,6424.0,6422.0
5.687954425811768,5.156606197357178,0.7852396368980408,0.0558256059885025,6428.0,6426.0
6.000142574310303,8.1972017288208,0.37957918643951416,0.05583591014146805,6432.0,6430.0
10.040366172790527,9.56056022644043,1.1891237497329712,0.055846281349658966,6436.0,6434.0
15.29736042022705,7.704517364501953,1.0864464044570923,0.055856626480817795,6440.0,6438.0
7.541851043701172,6.669548034667969,0.7962019443511963,0.05586668476462364,6444.0,6442.0
7.667197227478027,11.341035842895508,1.4276399612426758,0.05587705969810486,6448.0,6446.0
8.859975814819336,7.182689666748047,0.9999802112579346,0.055887334048748016,6452.0,6450.0
41.84413146972656,7.841857433319092,1.2150356769561768,0.05589771270751953,6456.0,6454.0
10.65449333190918,9.074216842651367,0.976873517036438,0.0559079647064209,6460.0,6458.0
13.763833999633789,5.815120697021484,0.9937097430229187,0.055918119847774506,6464.0,6462.0
9.636978149414062,7.704140663146973,1.2078590393066406,0.05592838674783707,6468.0,6466.0
42.946746826171875,8.414216041564941,1.4264233112335205,0.055938947945833206,6472.0,6470.0
8.454042434692383,8.922118186950684,2.181699275970459,0.05595048516988754,6476.0,6474.0
22.75939178466797,8.084539413452148,1.7437186241149902,0.055962495505809784,6480.0,6478.0
8.345378875732422,9.818090438842773,1.3539519309997559,0.055974557995796204,6484.0,6482.0
7.525888442993164,7.7139410972595215,1.2519948482513428,0.055986594408750534,6488.0,6486.0
7.292333602905273,9.33169937133789,1.7036511898040771,0.05599901080131531,6492.0,6490.0
9.217911720275879,7.68718957901001,1.3144340515136719,0.056011416018009186,6496.0,6494.0
8.727815628051758,5.3797783851623535,0.9310541152954102,0.05602346360683441,6500.0,6498.0
11.132404327392578,10.734750747680664,2.0511813163757324,0.05603620409965515,6504.0,6502.0
5.57190465927124,3.9945523738861084,1.2695751190185547,0.05604887381196022,6508.0,6506.0
29.9898738861084,7.168167591094971,1.7219624519348145,0.05606187507510185,6512.0,6510.0
20.831880569458008,8.54967212677002,1.2629303932189941,0.056074775755405426,6516.0,6514.0
10.567440032958984,9.715106964111328,1.4501338005065918,0.05608774721622467,6520.0,6518.0
4.812717914581299,6.319611549377441,1.6596400737762451,0.05610097199678421,6524.0,6522.0
42.753395080566406,10.319780349731445,1.698325514793396,0.056114472448825836,6528.0,6526.0
7.809825897216797,7.779257774353027,0.9007918834686279,0.05612746253609657,6532.0,6530.0
5.712934494018555,7.299832344055176,1.1506184339523315,0.056140244007110596,6536.0,6534.0
7.523731231689453,6.709352970123291,1.705871820449829,0.056153349578380585,6540.0,6538.0
5.231991767883301,5.874809265136719,1.988666296005249,0.056167006492614746,6544.0,6542.0
8.482131958007812,6.74416446685791,1.0888659954071045,0.056180331856012344,6548.0,6546.0
42.7315673828125,9.655141830444336,1.1812424659729004,0.056193433701992035,6552.0,6550.0
23.300498962402344,7.667485237121582,1.6000620126724243,0.05620672553777695,6556.0,6554.0
5.596556663513184,9.934298515319824,2.6251325607299805,0.05622114613652229,6560.0,6558.0
5.089841842651367,7.15854549407959,1.7123758792877197,0.056235745549201965,6564.0,6562.0
7.120820999145508,9.362743377685547,1.7611675262451172,0.05625053495168686,6568.0,6566.0
5.739267826080322,5.259580612182617,1.3991496562957764,0.05626516789197922,6572.0,6570.0
7.985623836517334,7.636507034301758,1.4596881866455078,0.05627971142530441,6576.0,6574.0
26.452632904052734,8.761802673339844,2.1592907905578613,0.05629483610391617,6580.0,6578.0
11.266798973083496,8.484844207763672,1.7141308784484863,0.05631006136536598,6584.0,6582.0
9.327383995056152,5.887264728546143,1.2788587808609009,0.056324977427721024,6588.0,6586.0
6.330693244934082,5.5359344482421875,0.7719638347625732,0.056339144706726074,6592.0,6590.0
9.680540084838867,8.260543823242188,1.0743076801300049,0.05635291710495949,6596.0,6594.0
7.959822177886963,6.846503257751465,0.7271147966384888,0.056366004049777985,6600.0,6598.0
7.457394123077393,6.591947555541992,1.3993347883224487,0.056379109621047974,6604.0,6602.0
22.685115814208984,7.878050804138184,1.0120012760162354,0.05639186501502991,6608.0,6606.0
7.331514358520508,8.451881408691406,0.9902639985084534,0.056404292583465576,6612.0,6610.0
7.81182861328125,6.911874771118164,1.1221672296524048,0.05641654133796692,6616.0,6614.0
8.430957794189453,6.410576820373535,0.9940484166145325,0.056428514420986176,6620.0,6618.0
9.61771011352539,6.136631965637207,1.1294569969177246,0.05644036829471588,6624.0,6622.0
9.470914840698242,11.9366455078125,1.8309991359710693,0.05645277723670006,6628.0,6626.0
9.087152481079102,7.276317596435547,1.462221384048462,0.05646533519029617,6632.0,6630.0
9.141805648803711,8.575597763061523,1.6281312704086304,0.05647817999124527,6636.0,6634.0
7.627849578857422,7.006319046020508,1.3047231435775757,0.05649098753929138,6640.0,6638.0
5.274478435516357,5.195380210876465,1.1677491664886475,0.05650363862514496,6644.0,6642.0
9.85794734954834,9.092901229858398,1.5799014568328857,0.05651651695370674,6648.0,6646.0
9.011441230773926,6.5889434814453125,1.4878839254379272,0.05652953311800957,6652.0,6650.0
7.417781829833984,8.00240421295166,1.686440348625183,0.05654285103082657,6656.0,6654.0
31.187904357910156,7.6051506996154785,1.1557618379592896,0.056555941700935364,6660.0,6658.0
7.812040328979492,6.242000579833984,1.191739559173584,0.056568875908851624,6664.0,6662.0
8.304839134216309,7.803943157196045,1.4842197895050049,0.05658193305134773,6668.0,6666.0
8.44957447052002,6.281660079956055,1.3138587474822998,0.05659493803977966,6672.0,6670.0
5.537546634674072,6.05219030380249,1.5534520149230957,0.05660812556743622,6676.0,6674.0
6.163119316101074,6.733638763427734,1.7280982732772827,0.056621648371219635,6680.0,6678.0
5.255638122558594,6.063792705535889,1.9152742624282837,0.056635648012161255,6684.0,6682.0
43.179622650146484,6.767244815826416,2.1227970123291016,0.056650273501873016,6688.0,6686.0
6.247189521789551,8.494333267211914,1.564742088317871,0.056664932519197464,6692.0,6690.0
13.689802169799805,9.963621139526367,2.1984682083129883,0.05668022856116295,6696.0,6694.0
7.1261491775512695,7.5000996589660645,2.4366226196289062,0.05669631063938141,6700.0,6698.0
9.189550399780273,4.447549343109131,1.54422128200531,0.05671226233243942,6704.0,6702.0
26.61495590209961,5.196960926055908,1.7626644372940063,0.056728314608335495,6708.0,6706.0
23.00697898864746,6.670763969421387,1.733913779258728,0.05674442648887634,6712.0,6710.0
10.020979881286621,6.495882034301758,1.5377823114395142,0.056760407984256744,6716.0,6714.0
24.908329010009766,8.553584098815918,2.029207706451416,0.056776728481054306,6720.0,6718.0
9.513473510742188,7.566100597381592,1.9293293952941895,0.05679325759410858,6724.0,6722.0
11.084829330444336,5.827989101409912,1.2533979415893555,0.05680934712290764,6728.0,6726.0
33.79307556152344,8.364415168762207,1.1889443397521973,0.05682498216629028,6732.0,6730.0
10.038835525512695,5.312253952026367,1.8448066711425781,0.05684082210063934,6736.0,6734.0
6.5180158615112305,5.744101524353027,1.3327748775482178,0.056856367737054825,6740.0,6738.0
7.514236927032471,8.477432250976562,2.030151605606079,0.05687229707837105,6744.0,6742.0
8.645898818969727,9.409943580627441,1.7701036930084229,0.056888338178396225,6748.0,6746.0
41.54730224609375,5.927860260009766,2.030974864959717,0.05690472573041916,6752.0,6750.0
13.753517150878906,10.469501495361328,1.886812686920166,0.05692129582166672,6756.0,6754.0
80.75667572021484,7.222463130950928,1.9190537929534912,0.0569380559027195,6760.0,6758.0
9.588685989379883,6.426969051361084,1.7287633419036865,0.056954797357320786,6764.0,6762.0
5.542559623718262,4.795125961303711,1.2046985626220703,0.05697103962302208,6768.0,6766.0
14.197726249694824,8.292957305908203,1.3378745317459106,0.05698695033788681,6772.0,6770.0
7.231084823608398,7.261115074157715,1.2135283946990967,0.057002440094947815,6776.0,6774.0
8.21833324432373,5.021661758422852,1.1101640462875366,0.05701747164130211,6780.0,6778.0
8.021868705749512,8.325945854187012,1.7843601703643799,0.057032711803913116,6784.0,6782.0
7.546105861663818,6.927252769470215,1.8019465208053589,0.05704817548394203,6788.0,6786.0
25.724287033081055,9.340621948242188,1.652978777885437,0.05706369876861572,6792.0,6790.0
40.81124496459961,5.845922946929932,1.3151464462280273,0.05707893520593643,6796.0,6794.0
7.815796852111816,7.529719829559326,1.2026818990707397,0.057093825191259384,6800.0,6798.0
5.9323506355285645,5.35902214050293,1.3281569480895996,0.05710851773619652,6804.0,6802.0
10.355977058410645,6.541471481323242,1.5517960786819458,0.05712323635816574,6808.0,6806.0
7.670502662658691,8.277700424194336,2.092738389968872,0.05713851749897003,6812.0,6810.0
32.004241943359375,8.712285041809082,0.6176603436470032,0.0571528784930706,6816.0,6814.0
6.932884216308594,5.6965131759643555,1.1359634399414062,0.05716691538691521,6820.0,6818.0
9.599310874938965,6.022883415222168,1.2985875606536865,0.05718080699443817,6824.0,6822.0
11.622943878173828,6.23445463180542,0.6104679703712463,0.05719390884041786,6828.0,6826.0
5.833659648895264,5.440258502960205,1.36592435836792,0.05720704421401024,6832.0,6830.0
9.617134094238281,8.177556037902832,1.968435287475586,0.057220764458179474,6836.0,6834.0
7.056369781494141,8.746377944946289,1.9356943368911743,0.0572349950671196,6840.0,6838.0
11.183650970458984,7.354371547698975,2.198828935623169,0.05724994093179703,6844.0,6842.0
23.857147216796875,7.508098602294922,1.8659863471984863,0.057265203446149826,6848.0,6846.0
5.930017948150635,7.042757987976074,1.5021605491638184,0.057280413806438446,6852.0,6850.0
23.631288528442383,6.617138385772705,1.2558449506759644,0.05729532986879349,6856.0,6854.0
7.526995658874512,5.892266750335693,1.467275619506836,0.05731017887592316,6860.0,6858.0
6.478365898132324,9.21295166015625,1.6853936910629272,0.057325199246406555,6864.0,6862.0
6.534183502197266,4.924725532531738,1.5639846324920654,0.05734023451805115,6868.0,6866.0
23.77306365966797,7.3321051597595215,1.4811898469924927,0.05735522136092186,6872.0,6870.0
25.501794815063477,6.924385070800781,1.7762457132339478,0.057370442897081375,6876.0,6874.0
21.835067749023438,8.103158950805664,1.6509016752243042,0.05738576501607895,6880.0,6878.0
8.23815631866455,9.649238586425781,1.4971117973327637,0.05740102007985115,6884.0,6882.0
8.522882461547852,7.2937397956848145,1.3456344604492188,0.05741606280207634,6888.0,6886.0
33.35970687866211,7.8418684005737305,1.259615182876587,0.057430848479270935,6892.0,6890.0
42.168479919433594,8.464750289916992,1.5839499235153198,0.0574457086622715,6896.0,6894.0
7.199785232543945,8.80640983581543,1.1504119634628296,0.05746021494269371,6900.0,6898.0
22.968460083007812,6.2979254722595215,0.8193895816802979,0.057474080473184586,6904.0,6902.0
26.399616241455078,8.62692928314209,1.3502804040908813,0.05748787894845009,6908.0,6906.0
10.88169002532959,9.340502738952637,1.4457083940505981,0.05750172585248947,6912.0,6910.0
24.905960083007812,9.458736419677734,2.059370517730713,0.057516202330589294,6916.0,6914.0
9.075096130371094,9.032742500305176,1.60324227809906,0.057530809193849564,6920.0,6918.0
28.213455200195312,8.484457969665527,1.4366499185562134,0.05754537880420685,6924.0,6922.0
9.04122543334961,7.097811222076416,0.9254571199417114,0.05755940079689026,6928.0,6926.0
11.53954029083252,7.232698440551758,0.6150329113006592,0.057572633028030396,6932.0,6930.0
6.305295944213867,9.287195205688477,1.1894251108169556,0.05758572742342949,6936.0,6934.0
7.829423427581787,6.497164249420166,1.0757179260253906,0.05759857967495918,6940.0,6938.0
23.722883224487305,8.163130760192871,1.9739739894866943,0.05761208385229111,6944.0,6942.0
9.573395729064941,8.727289199829102,1.2166709899902344,0.057625435292720795,6948.0,6946.0
7.011783599853516,7.837154865264893,1.3540425300598145,0.057638805359601974,6952.0,6950.0
7.6431169509887695,6.159283638000488,1.4668223857879639,0.05765228718519211,6956.0,6954.0
11.458499908447266,7.559624671936035,1.6485050916671753,0.057666048407554626,6960.0,6958.0
7.85387659072876,6.306273937225342,1.0292354822158813,0.05767945200204849,6964.0,6962.0
10.325281143188477,8.019475936889648,2.0507640838623047,0.05769355222582817,6968.0,6966.0
10.314685821533203,10.033134460449219,2.3453409671783447,0.05770854651927948,6972.0,6970.0
10.707923889160156,8.966832160949707,1.4885144233703613,0.057723518460989,6976.0,6974.0
12.725478172302246,6.769134521484375,0.7957680821418762,0.057737790048122406,6980.0,6978.0
25.292076110839844,6.435702800750732,0.9021633863449097,0.05775153264403343,6984.0,6982.0
22.474979400634766,6.405585289001465,1.0584795475006104,0.05776495859026909,6988.0,6986.0
10.855621337890625,8.101560592651367,1.4903055429458618,0.05777852609753609,6992.0,6990.0
23.890201568603516,8.279417991638184,0.6743271946907043,0.05779140442609787,6996.0,6994.0
5.956603050231934,6.68988561630249,1.242541790008545,0.05780423432588577,7000.0,6998.0
44.9196662902832,8.31462574005127,0.9440357089042664,0.05781672149896622,7004.0,7002.0
8.321024894714355,9.488031387329102,1.4870359897613525,0.05782944709062576,7008.0,7006.0
8.476844787597656,9.715371131896973,1.888175368309021,0.05784278362989426,7012.0,7010.0
10.618098258972168,6.842578887939453,1.3345016241073608,0.057856105268001556,7016.0,7014.0
23.614591598510742,7.0194573402404785,1.8845525979995728,0.05786997079849243,7020.0,7018.0
7.147005558013916,7.236371994018555,1.883805274963379,0.05788432061672211,7024.0,7022.0
9.546138763427734,7.914241790771484,2.211986541748047,0.05789943411946297,7028.0,7026.0
8.202131271362305,8.365907669067383,1.7784934043884277,0.057914815843105316,7032.0,7030.0
8.592500686645508,8.312600135803223,1.9325875043869019,0.05793057009577751,7036.0,7034.0
9.42469310760498,8.441179275512695,1.681662678718567,0.057946428656578064,7040.0,7038.0
26.70340347290039,10.574787139892578,2.396660327911377,0.05796309560537338,7044.0,7042.0
10.226946830749512,10.666753768920898,2.2998313903808594,0.05798036977648735,7048.0,7046.0
10.11540412902832,8.23021411895752,1.3948118686676025,0.05799731984734535,7052.0,7050.0
10.680371284484863,7.715157508850098,1.8398072719573975,0.0580144003033638,7056.0,7054.0
23.979602813720703,9.432068824768066,1.6998379230499268,0.05803146958351135,7060.0,7058.0
45.81123352050781,6.038672924041748,1.8560240268707275,0.058048684149980545,7064.0,7062.0
7.144062519073486,8.671601295471191,2.4409308433532715,0.058066610246896744,7068.0,7066.0
7.514212608337402,7.056546211242676,1.5862617492675781,0.058084335178136826,7072.0,7070.0
11.219877243041992,9.130812644958496,1.7940013408660889,0.0581020750105381,7076.0,7074.0
7.344300746917725,8.916228294372559,1.3893944025039673,0.058119434863328934,7080.0,7078.0
11.077706336975098,7.741635799407959,1.6745655536651611,0.058136746287345886,7084.0,7082.0
46.17545700073242,9.336969375610352,2.197063446044922,0.058154504746198654,7088.0,7086.0
7.540923595428467,6.873103141784668,2.128471851348877,0.05817261338233948,7092.0,7090.0
25.61930274963379,11.50209903717041,1.847884178161621,0.05819077417254448,7096.0,7094.0
8.261667251586914,7.937623977661133,1.5756800174713135,0.058208685368299484,7100.0,7098.0
71.36955261230469,8.799381256103516,1.9441839456558228,0.05822676047682762,7104.0,7102.0
8.610391616821289,9.907570838928223,1.6401604413986206,0.05824466794729233,7108.0,7106.0
22.47028350830078,9.12614917755127,1.3650645017623901,0.0582621693611145,7112.0,7110.0
8.155145645141602,6.439125061035156,1.2631185054779053,0.058279186487197876,7116.0,7114.0
36.873077392578125,6.927944183349609,1.6377875804901123,0.05829615518450737,7120.0,7118.0
8.22332763671875,10.424616813659668,1.6181752681732178,0.058313045650720596,7124.0,7122.0
12.674749374389648,8.256736755371094,1.6175861358642578,0.058329883962869644,7128.0,7126.0
13.778523445129395,9.558883666992188,1.7808897495269775,0.05834682658314705,7132.0,7130.0
9.509543418884277,10.492624282836914,1.7245361804962158,0.058363813906908035,7136.0,7134.0
10.94761848449707,6.901598930358887,1.5448874235153198,0.05838065221905708,7140.0,7138.0
7.800017356872559,7.813786506652832,1.9632230997085571,0.05839777737855911,7144.0,7142.0
9.24418830871582,8.469869613647461,2.0163660049438477,0.05841522663831711,7148.0,7146.0
13.642897605895996,7.808377265930176,2.2231361865997314,0.05843315273523331,7152.0,7150.0
7.74489688873291,7.905142784118652,1.871562123298645,0.05845116823911667,7156.0,7154.0
9.304510116577148,10.058635711669922,2.340662956237793,0.0584697350859642,7160.0,7158.0
6.818905353546143,7.055753707885742,1.9079837799072266,0.05848836153745651,7164.0,7162.0
23.60924530029297,9.306288719177246,1.6673731803894043,0.058506812900304794,7168.0,7166.0
36.514991760253906,10.76120376586914,2.3450419902801514,0.05852577090263367,7172.0,7170.0
12.305000305175781,8.87686824798584,1.4666227102279663,0.05854431912302971,7176.0,7174.0
9.111019134521484,9.595842361450195,1.67572021484375,0.05856270343065262,7180.0,7178.0
24.992694854736328,8.171051025390625,1.3039929866790771,0.05858058109879494,7184.0,7182.0
7.520318984985352,6.557820796966553,1.2625551223754883,0.05859794467687607,7188.0,7186.0
9.871981620788574,7.550064563751221,1.435011386871338,0.05861503258347511,7192.0,7190.0
9.282052993774414,8.189046859741211,1.4434823989868164,0.05863187462091446,7196.0,7194.0
26.19867515563965,10.018065452575684,2.0252044200897217,0.05864907056093216,7200.0,7198.0
7.865903854370117,6.533178329467773,1.1900582313537598,0.058665767312049866,7204.0,7200.0
11.337389945983887,6.261809349060059,1.125475287437439,0.05868193879723549,7208.0,7204.0
11.467966079711914,8.28771686553955,1.3839598894119263,0.0586979053914547,7212.0,7208.0
13.842676162719727,7.93157958984375,1.356874704360962,0.058713652193546295,7216.0,7212.0
8.175233840942383,5.550998687744141,1.5925437211990356,0.058729443699121475,7220.0,7216.0
53.35923767089844,7.796915531158447,1.336443543434143,0.058745015412569046,7224.0,7220.0
24.375316619873047,8.34880256652832,1.9697983264923096,0.058761026710271835,7228.0,7224.0
9.091217994689941,7.670653343200684,1.5138826370239258,0.05877697467803955,7232.0,7228.0
10.470911026000977,8.330268859863281,1.5093895196914673,0.05879286676645279,7236.0,7232.0
7.331697463989258,8.302574157714844,1.5139797925949097,0.05880870670080185,7240.0,7236.0
8.52692985534668,8.352210998535156,1.6475738286972046,0.058824650943279266,7244.0,7240.0
6.136003494262695,7.705826759338379,1.508442997932434,0.05884053185582161,7248.0,7244.0
8.646021842956543,9.038118362426758,1.6757025718688965,0.0588565394282341,7252.0,7248.0
12.907902717590332,8.048927307128906,2.1216444969177246,0.05887310206890106,7256.0,7252.0
7.319993019104004,6.425078392028809,1.2058205604553223,0.0588892437517643,7260.0,7256.0
13.745956420898438,6.862792491912842,2.113997459411621,0.058905914425849915,7264.0,7260.0
38.21574020385742,8.57892894744873,1.9590164422988892,0.0589229092001915,7268.0,7264.0
45.72190475463867,9.288817405700684,1.578248143196106,0.05893982574343681,7272.0,7268.0
12.349895477294922,9.370077133178711,1.9035931825637817,0.05895698443055153,7276.0,7272.0
8.975204467773438,7.623406887054443,1.4506644010543823,0.05897391214966774,7280.0,7276.0
10.136860847473145,7.664107322692871,1.8339186906814575,0.058991026133298874,7284.0,7280.0
39.20990753173828,10.284172058105469,2.028346061706543,0.05900849774479866,7288.0,7284.0
11.668771743774414,10.177812576293945,1.6492834091186523,0.059025902301073074,7292.0,7288.0
10.948951721191406,8.202190399169922,1.4788691997528076,0.05904308706521988,7296.0,7292.0
11.966114044189453,7.662647724151611,1.4231992959976196,0.05906001105904579,7300.0,7296.0
8.291156768798828,10.211013793945312,2.284175395965576,0.05907757207751274,7304.0,7300.0
8.28093147277832,8.413891792297363,2.1985907554626465,0.05909561738371849,7308.0,7304.0
5.5401835441589355,8.096929550170898,2.403230905532837,0.05911431834101677,7312.0,7308.0
10.401712417602539,7.557376861572266,1.926324725151062,0.05913310870528221,7316.0,7312.0
9.702428817749023,7.786413192749023,1.8289607763290405,0.059151891618967056,7320.0,7316.0
10.490964889526367,7.235761642456055,1.554190754890442,0.05917039513587952,7324.0,7320.0
10.108036041259766,7.1874589920043945,1.829555869102478,0.05918892100453377,7328.0,7324.0
7.902421951293945,6.255767345428467,1.6283860206604004,0.05920727178454399,7332.0,7328.0
11.856820106506348,6.606961250305176,1.6179343461990356,0.05922544002532959,7336.0,7332.0
7.670679092407227,8.049968719482422,2.0136144161224365,0.059243857860565186,7340.0,7336.0
7.2762298583984375,10.801929473876953,1.3395369052886963,0.059261810034513474,7344.0,7340.0
18.518898010253906,13.0745267868042,1.4989955425262451,0.05927951633930206,7348.0,7344.0
43.904178619384766,8.173591613769531,1.6495401859283447,0.059297144412994385,7352.0,7348.0
9.054363250732422,12.61202621459961,2.3981728553771973,0.05931546911597252,7356.0,7352.0
11.940380096435547,8.135733604431152,1.6128274202346802,0.05933361500501633,7360.0,7356.0
6.07145881652832,7.18898344039917,1.4326688051223755,0.05935142934322357,7364.0,7360.0
13.058609008789062,12.575592994689941,1.2986218929290771,0.0593688078224659,7368.0,7364.0
9.511519432067871,10.86380672454834,1.3711702823638916,0.059385865926742554,7372.0,7368.0
6.5388264656066895,8.495207786560059,1.3293218612670898,0.05940259248018265,7376.0,7372.0
43.869140625,10.739726066589355,1.5747653245925903,0.059419263154268265,7380.0,7376.0
26.76113510131836,9.003870010375977,1.4093037843704224,0.059435728937387466,7384.0,7380.0
10.398239135742188,6.526362419128418,1.506157636642456,0.0594521090388298,7388.0,7384.0
8.36911392211914,7.319246292114258,1.3897594213485718,0.059468284249305725,7392.0,7388.0
12.006677627563477,6.003346920013428,0.8072165250778198,0.05948368459939957,7396.0,7392.0
9.489839553833008,12.240779876708984,1.451499104499817,0.059499047696590424,7400.0,7396.0
11.3584623336792,9.30912971496582,1.3442825078964233,0.05951426923274994,7404.0,7400.0
22.151023864746094,7.747170448303223,0.43871650099754333,0.05952843278646469,7408.0,7404.0
8.818964958190918,7.5038933753967285,0.8013529777526855,0.05954201519489288,7412.0,7408.0
5.883176803588867,7.002497673034668,1.1702663898468018,0.05955546349287033,7416.0,7412.0
8.443994522094727,10.229867935180664,1.9431525468826294,0.0595695786178112,7420.0,7416.0
9.340621948242188,6.1293559074401855,1.3736562728881836,0.05958370864391327,7424.0,7420.0
28.03000259399414,8.837051391601562,2.664363145828247,0.05959918349981308,7428.0,7424.0
52.88105010986328,10.501174926757812,1.8479840755462646,0.05961501598358154,7432.0,7428.0
34.68320083618164,5.705709457397461,1.4137662649154663,0.05963073670864105,7436.0,7432.0
9.351079940795898,10.411980628967285,1.9254512786865234,0.05964688956737518,7440.0,7436.0
8.809794425964355,9.69209098815918,1.7613811492919922,0.05966324359178543,7444.0,7440.0
7.987419605255127,8.820038795471191,1.6419798135757446,0.059679675847291946,7448.0,7444.0
6.4884114265441895,10.850959777832031,1.8438255786895752,0.05969638377428055,7452.0,7448.0
9.309905052185059,6.607974529266357,0.22748404741287231,0.059711672365665436,7456.0,7452.0
9.095991134643555,9.109146118164062,1.2302324771881104,0.05972670763731003,7460.0,7456.0
10.117513656616211,8.9562349319458,1.781571626663208,0.05974210426211357,7464.0,7460.0
7.484842300415039,8.473636627197266,0.9543927907943726,0.05975696071982384,7468.0,7464.0
12.975428581237793,8.432794570922852,1.7477059364318848,0.059772148728370667,7472.0,7468.0
9.279004096984863,6.906379222869873,1.5122153759002686,0.05978740006685257,7476.0,7472.0
21.576499938964844,7.199710369110107,1.0516624450683594,0.05980222672224045,7480.0,7476.0
6.291664123535156,6.19155216217041,1.7813618183135986,0.05981742590665817,7484.0,7480.0
9.2911376953125,7.91495418548584,0.8097153306007385,0.05983196198940277,7488.0,7484.0
6.384222507476807,6.544576168060303,0.8073793649673462,0.059845902025699615,7492.0,7488.0
6.804335594177246,10.089539527893066,1.4905694723129272,0.059859998524188995,7496.0,7492.0
9.199681282043457,8.647062301635742,1.4466593265533447,0.059874214231967926,7500.0,7496.0
7.550009727478027,6.8736467361450195,1.182145357131958,0.05988825112581253,7504.0,7500.0
6.297607421875,6.767252445220947,1.2121342420578003,0.05990215763449669,7508.0,7504.0
10.132059097290039,7.61940336227417,0.9467564821243286,0.05991566926240921,7512.0,7508.0
9.402267456054688,6.151921272277832,1.7984274625778198,0.05992971360683441,7516.0,7512.0
12.090758323669434,8.57387638092041,1.35283362865448,0.059943776577711105,7520.0,7516.0
15.762039184570312,8.806885719299316,0.7849530577659607,0.059957269579172134,7524.0,7520.0
7.493066310882568,9.444306373596191,1.9853856563568115,0.05997149273753166,7528.0,7524.0
8.541252136230469,11.587911605834961,2.163010597229004,0.05998656526207924,7532.0,7528.0
7.235993385314941,6.442220211029053,1.3088128566741943,0.06000149995088577,7536.0,7532.0
25.643970489501953,10.204437255859375,1.9246538877487183,0.06001696735620499,7540.0,7536.0
10.868428230285645,10.002653121948242,2.2148385047912598,0.06003320962190628,7544.0,7540.0
13.124523162841797,6.990260124206543,1.435865879058838,0.06004934012889862,7548.0,7544.0
8.530969619750977,9.028909683227539,1.8458001613616943,0.06006579473614693,7552.0,7548.0
7.461185932159424,9.51664924621582,1.883047342300415,0.060082580894231796,7556.0,7552.0
22.755062103271484,9.294875144958496,2.2389097213745117,0.060100045055150986,7560.0,7556.0
8.567105293273926,9.788816452026367,1.9740623235702515,0.06011782959103584,7564.0,7560.0
6.7596845626831055,8.521939277648926,1.4968335628509521,0.06013542041182518,7568.0,7564.0
7.2354583740234375,7.31467342376709,2.136197090148926,0.060153502970933914,7572.0,7568.0
18.123058319091797,10.616376876831055,2.456380605697632,0.06017234921455383,7576.0,7572.0
14.574554443359375,7.86508846282959,2.195949077606201,0.060191620141267776,7580.0,7576.0
43.885955810546875,10.991035461425781,2.2784829139709473,0.06021135672926903,7584.0,7580.0
25.11133575439453,9.035247802734375,1.922753095626831,0.06023114174604416,7588.0,7584.0
13.649564743041992,8.585390090942383,1.3795530796051025,0.06025040149688721,7592.0,7588.0
8.368547439575195,10.077232360839844,1.451088309288025,0.060269277542829514,7596.0,7592.0
8.571089744567871,10.652421951293945,1.9185272455215454,0.06028829142451286,7600.0,7596.0
8.153656005859375,8.96091079711914,1.8994139432907104,0.06030741333961487,7604.0,7600.0
6.893230438232422,7.622180938720703,1.492510199546814,0.060326192528009415,7608.0,7604.0
9.973037719726562,7.936825275421143,1.4241135120391846,0.06034460663795471,7612.0,7608.0
6.653290748596191,8.870113372802734,1.7577005624771118,0.0603630393743515,7616.0,7612.0
10.340766906738281,11.111623764038086,1.7912428379058838,0.06038152053952217,7620.0,7616.0
8.544709205627441,7.675658226013184,1.3852046728134155,0.0603996179997921,7624.0,7620.0
7.206418037414551,7.153195381164551,1.4862935543060303,0.06041749194264412,7628.0,7624.0
7.637849807739258,10.175447463989258,2.2044408321380615,0.060435906052589417,7632.0,7628.0
7.175248622894287,5.256645202636719,1.9157085418701172,0.060454510152339935,7636.0,7632.0
10.136285781860352,8.147014617919922,1.7040982246398926,0.06047304719686508,7640.0,7636.0
8.042339324951172,7.955693244934082,1.3717237710952759,0.060491204261779785,7644.0,7640.0
12.414937973022461,9.60693073272705,1.888487696647644,0.060509536415338516,7648.0,7644.0
9.01870346069336,5.776959419250488,1.5566802024841309,0.06052768975496292,7652.0,7648.0
9.095993041992188,9.515338897705078,1.9803977012634277,0.060546133667230606,7656.0,7652.0
27.054603576660156,8.515823364257812,1.6102325916290283,0.06056443974375725,7660.0,7656.0
7.155847549438477,7.7101240158081055,1.7166427373886108,0.06058273836970329,7664.0,7660.0
11.756046295166016,6.642183303833008,1.7759723663330078,0.06060110032558441,7668.0,7664.0
9.535868644714355,8.040702819824219,1.4907994270324707,0.060619205236434937,7672.0,7668.0
10.850835800170898,8.068832397460938,1.484344244003296,0.060637086629867554,7676.0,7672.0
10.183189392089844,9.401062965393066,1.4771299362182617,0.06065475568175316,7680.0,7676.0
8.497077941894531,8.501862525939941,1.2521826028823853,0.06067199632525444,7684.0,7680.0
10.136842727661133,8.347433090209961,1.4938634634017944,0.060689110308885574,7688.0,7684.0
45.460575103759766,9.484156608581543,1.7985286712646484,0.06070643290877342,7692.0,7688.0
7.169990539550781,8.818361282348633,1.4385793209075928,0.06072355806827545,7696.0,7692.0
12.389165878295898,9.45326042175293,1.578977108001709,0.06074065715074539,7700.0,7696.0
15.448970794677734,9.55495834350586,1.6150188446044922,0.06075777858495712,7704.0,7700.0
9.058658599853516,9.558562278747559,1.7763900756835938,0.06077507510781288,7708.0,7704.0
9.43496322631836,9.61513614654541,1.5355587005615234,0.06079229339957237,7712.0,7708.0
21.166336059570312,8.06512451171875,1.4198054075241089,0.060809310525655746,7716.0,7712.0
9.152063369750977,8.83480167388916,1.0326671600341797,0.060825739055871964,7720.0,7716.0
12.767065048217773,9.583593368530273,2.61350154876709,0.06084330379962921,7724.0,7720.0
9.324142456054688,8.120314598083496,1.551133632659912,0.0608607716858387,7728.0,7724.0
9.26626968383789,8.521651268005371,2.818432569503784,0.06087949499487877,7732.0,7728.0
5.138076305389404,7.30004358291626,0.8381447196006775,0.06089724972844124,7736.0,7732.0
6.465948104858398,9.583126068115234,0.7978516221046448,0.060914091765880585,7740.0,7736.0
5.966409206390381,7.438329696655273,1.4022282361984253,0.060930751264095306,7744.0,7740.0
10.200401306152344,8.951411247253418,1.890274167060852,0.060947779566049576,7748.0,7744.0
7.210572242736816,7.8477253913879395,1.295836329460144,0.060964494943618774,7752.0,7748.0
7.593812942504883,5.822597026824951,1.324934959411621,0.060980964452028275,7756.0,7752.0
5.946372985839844,6.350220680236816,1.1462303400039673,0.06099701672792435,7760.0,7756.0
6.36586856842041,6.714970588684082,1.3858857154846191,0.061012957245111465,7764.0,7760.0
8.166918754577637,7.592719554901123,1.621895432472229,0.06102905049920082,7768.0,7764.0
9.958045959472656,5.475207805633545,1.0470877885818481,0.061044663190841675,7772.0,7768.0
8.775362968444824,9.145479202270508,1.8479657173156738,0.06106070429086685,7776.0,7772.0
8.046175003051758,7.206521987915039,1.2521922588348389,0.06107650324702263,7780.0,7776.0
26.59146499633789,7.241607666015625,1.7077909708023071,0.0610925517976284,7784.0,7780.0
7.245504856109619,8.211159706115723,1.3980830907821655,0.06110850349068642,7788.0,7784.0
10.57652759552002,6.988245487213135,1.3224211931228638,0.061124298721551895,7792.0,7788.0
5.9777302742004395,6.051893711090088,0.9510034918785095,0.0611395426094532,7796.0,7792.0
10.771879196166992,10.063519477844238,2.051713705062866,0.06115547940135002,7800.0,7796.0
9.609329223632812,9.185785293579102,2.216219902038574,0.06117220222949982,7804.0,7800.0
10.772348403930664,9.801986694335938,1.4110751152038574,0.061188776046037674,7808.0,7804.0
8.560775756835938,5.787934303283691,1.1196684837341309,0.06120491027832031,7812.0,7808.0
8.592544555664062,10.490715026855469,1.8691534996032715,0.061221446841955185,7816.0,7812.0
6.9858856201171875,7.491586685180664,1.2794194221496582,0.061237722635269165,7820.0,7816.0
26.853233337402344,6.651304721832275,1.015038251876831,0.06125348061323166,7824.0,7820.0
11.560675621032715,8.496942520141602,1.7397782802581787,0.06126954406499863,7828.0,7824.0
9.736756324768066,8.13152027130127,1.659891963005066,0.06128579378128052,7832.0,7828.0
6.403120040893555,8.575448989868164,1.4563815593719482,0.06130199879407883,7836.0,7832.0
6.232696533203125,8.892156600952148,0.7089609503746033,0.061317361891269684,7840.0,7836.0
27.805307388305664,9.730613708496094,1.267425537109375,0.061332568526268005,7844.0,7840.0
15.738936424255371,9.542911529541016,1.3488388061523438,0.06134771928191185,7848.0,7844.0
9.090161323547363,5.819465637207031,1.3892757892608643,0.06136287376284599,7852.0,7848.0
53.4606819152832,12.320623397827148,1.3285980224609375,0.061377957463264465,7856.0,7852.0
9.258523941040039,7.674939155578613,0.8977152109146118,0.06139251962304115,7860.0,7856.0
6.215716361999512,6.259760856628418,1.026632308959961,0.06140675023198128,7864.0,7860.0
22.216224670410156,6.680133819580078,0.7747266292572021,0.06142041087150574,7868.0,7864.0
6.6790666580200195,6.861715316772461,1.4175150394439697,0.06143425032496452,7872.0,7868.0
23.36141586303711,7.064753532409668,1.3385372161865234,0.06144816800951958,7876.0,7872.0
10.380979537963867,8.66712760925293,1.3502206802368164,0.0614621601998806,7880.0,7876.0
33.80125045776367,9.59311294555664,2.3977036476135254,0.061477355659008026,7884.0,7880.0
4.531953811645508,9.017650604248047,1.9611170291900635,0.061493173241615295,7888.0,7884.0
6.052191734313965,8.858022689819336,1.4842214584350586,0.061509039252996445,7892.0,7888.0
25.382415771484375,7.41267204284668,0.7799040079116821,0.061524175107479095,7896.0,7892.0
6.604228973388672,6.395505905151367,0.961835503578186,0.06153884530067444,7900.0,7896.0
8.177842140197754,5.631966590881348,0.9164541959762573,0.06155306473374367,7904.0,7900.0
8.78536319732666,7.1296162605285645,1.1256287097930908,0.061567097902297974,7908.0,7904.0
7.17391300201416,8.382640838623047,1.266768455505371,0.061581116169691086,7912.0,7908.0
9.638603210449219,8.732368469238281,1.5080242156982422,0.06159538775682449,7916.0,7912.0
7.589194297790527,6.04691219329834,0.6783646941184998,0.06160898879170418,7920.0,7916.0
24.26770782470703,8.911998748779297,1.087125301361084,0.061622414737939835,7924.0,7920.0
23.758487701416016,7.703457832336426,0.8036826848983765,0.06163538992404938,7928.0,7924.0
12.514837265014648,10.028885841369629,1.3571116924285889,0.06164855882525444,7932.0,7928.0
10.057660102844238,10.412556648254395,1.783876895904541,0.061662375926971436,7936.0,7932.0
11.988536834716797,9.7438325881958,1.4763387441635132,0.06167643144726753,7940.0,7936.0
7.283642768859863,9.292102813720703,0.8883980512619019,0.0616900660097599,7944.0,7940.0
4.484118938446045,6.321444511413574,0.7826294898986816,0.06170320138335228,7948.0,7944.0
39.259124755859375,7.3991546630859375,1.4163494110107422,0.06171659007668495,7952.0,7948.0
9.796515464782715,10.02318000793457,1.034232258796692,0.06172977387905121,7956.0,7952.0
10.448521614074707,6.774322032928467,1.424692153930664,0.06174321472644806,7960.0,7956.0
12.252632141113281,10.290675163269043,1.8518340587615967,0.061757348477840424,7964.0,7960.0
10.504690170288086,9.915664672851562,1.8506156206130981,0.061772119253873825,7968.0,7964.0
5.77684211730957,8.406838417053223,1.4993977546691895,0.06178706884384155,7972.0,7968.0
7.8318352699279785,6.568085670471191,1.4221676588058472,0.06180209666490555,7976.0,7972.0
11.259203910827637,6.966658592224121,1.0747442245483398,0.061816804111003876,7980.0,7976.0
25.85350799560547,8.541280746459961,1.3392544984817505,0.0618315264582634,7984.0,7980.0
8.921451568603516,9.04594898223877,0.911009669303894,0.061845798045396805,7988.0,7984.0
8.923377990722656,9.428560256958008,0.7526212334632874,0.061859484761953354,7992.0,7988.0
11.120806694030762,8.463045120239258,1.33181893825531,0.06187327578663826,7996.0,7992.0
9.79437255859375,9.250837326049805,1.4505791664123535,0.061887290328741074,8000.0,7996.0
61.09783935546875,7.300788879394531,1.0992714166641235,0.06190113350749016,8004.0,8000.0
7.288260459899902,8.64354419708252,1.5064611434936523,0.061915259808301926,8008.0,8004.0
22.210086822509766,8.680970191955566,1.5437877178192139,0.06192968413233757,8012.0,8008.0
42.941165924072266,6.942573070526123,1.3331538438796997,0.061944153159856796,8016.0,8012.0
8.409194946289062,8.095135688781738,0.6406422853469849,0.061957892030477524,8020.0,8016.0
50.27490997314453,7.536507606506348,1.6068896055221558,0.06197204440832138,8024.0,8020.0
20.392786026000977,7.703315258026123,1.6218085289001465,0.06198658421635628,8028.0,8024.0
11.967961311340332,10.052910804748535,2.0356855392456055,0.062001924961805344,8032.0,8028.0
7.713876247406006,8.28729248046875,1.4079021215438843,0.062017302960157394,8036.0,8032.0
11.37228775024414,9.690372467041016,1.3955295085906982,0.06203269585967064,8040.0,8036.0
7.571683883666992,7.611415863037109,1.168756365776062,0.06204785779118538,8044.0,8040.0
11.483957290649414,6.585269927978516,1.4773609638214111,0.06206315755844116,8048.0,8044.0
11.683286666870117,6.708731174468994,0.6411425471305847,0.06207764521241188,8052.0,8048.0
6.546281814575195,9.208805084228516,0.9042077660560608,0.062091704457998276,8056.0,8052.0
7.56562614440918,6.011654853820801,1.0065304040908813,0.06210549175739288,8060.0,8056.0
9.557947158813477,6.198890686035156,1.0857468843460083,0.06211911514401436,8064.0,8060.0
8.217670440673828,9.717827796936035,0.9004172086715698,0.06213238462805748,8068.0,8064.0
9.634624481201172,7.581120491027832,1.2231221199035645,0.06214570254087448,8072.0,8068.0
13.521218299865723,8.256142616271973,1.3076070547103882,0.062159158289432526,8076.0,8072.0
24.995441436767578,6.909377098083496,0.9785116910934448,0.06217236444354057,8080.0,8076.0
12.077018737792969,7.039496898651123,0.6359955072402954,0.06218496710062027,8084.0,8080.0
8.419322967529297,7.595943927764893,0.9133388996124268,0.06219734624028206,8088.0,8084.0
57.72517395019531,9.740750312805176,1.8663768768310547,0.0622105747461319,8092.0,8088.0
9.383867263793945,9.380170822143555,1.1203553676605225,0.06222374737262726,8096.0,8092.0
10.17126178741455,10.043621063232422,1.0422935485839844,0.06223677471280098,8100.0,8096.0
7.544389724731445,5.872843265533447,1.072218656539917,0.06224970147013664,8104.0,8100.0
20.84082794189453,7.81688117980957,1.313292384147644,0.062262821942567825,8108.0,8104.0
6.551687240600586,7.7586188316345215,0.4095795750617981,0.062275100499391556,8112.0,8108.0
8.786783218383789,8.664944648742676,1.4014941453933716,0.062287721782922745,8116.0,8112.0
22.57832908630371,5.268130302429199,0.7208787202835083,0.06229989975690842,8120.0,8116.0
9.098090171813965,8.84490966796875,1.2804521322250366,0.062312304973602295,8124.0,8120.0
8.256586074829102,8.060361862182617,1.7812576293945312,0.062325481325387955,8128.0,8124.0
5.7329511642456055,6.79262638092041,0.5649232268333435,0.062337979674339294,8132.0,8128.0
11.240457534790039,6.614664554595947,0.301201730966568,0.062349576503038406,8136.0,8132.0
12.680113792419434,9.776700973510742,1.4142251014709473,0.062361616641283035,8140.0,8136.0
15.061989784240723,10.607392311096191,1.0604231357574463,0.06237366050481796,8144.0,8140.0
9.146949768066406,10.360137939453125,1.0274784564971924,0.06238566339015961,8148.0,8144.0
34.69363784790039,7.05259370803833,1.3772006034851074,0.062398023903369904,8152.0,8148.0
11.86508560180664,6.451870441436768,1.4194341897964478,0.062410760670900345,8156.0,8152.0
12.642831802368164,9.138677597045898,1.3525938987731934,0.06242375075817108,8160.0,8156.0
8.292028427124023,10.31477165222168,1.6167160272598267,0.062437281012535095,8164.0,8160.0
8.775533676147461,8.192987442016602,2.0638082027435303,0.06245178356766701,8168.0,8164.0
10.210638999938965,8.42187213897705,1.5367865562438965,0.0624665841460228,8172.0,8168.0
9.781307220458984,12.71883487701416,2.532576084136963,0.06248276308178902,8176.0,8172.0
6.806506633758545,9.736127853393555,1.6722373962402344,0.062499210238456726,8180.0,8176.0
8.399579048156738,9.182395935058594,1.6235651969909668,0.06251585483551025,8184.0,8180.0
9.045867919921875,8.550529479980469,1.5615205764770508,0.06253261119127274,8188.0,8184.0
12.421940803527832,5.977383613586426,1.1986784934997559,0.06254906207323074,8192.0,8188.0
7.600522041320801,9.412039756774902,2.1335740089416504,0.06256628781557083,8196.0,8192.0
8.843894004821777,8.558722496032715,1.354513168334961,0.0625833198428154,8200.0,8196.0
7.383615016937256,9.297887802124023,1.1556284427642822,0.06259997934103012,8204.0,8200.0
25.639787673950195,11.436012268066406,1.2098464965820312,0.06261634826660156,8208.0,8204.0
31.12192153930664,11.227777481079102,1.0154972076416016,0.062632255256176,8212.0,8208.0
9.270153999328613,9.250574111938477,0.8193030953407288,0.0626474991440773,8216.0,8212.0
7.472038269042969,8.800299644470215,1.3685743808746338,0.06266278028488159,8220.0,8216.0
7.743743419647217,7.446802616119385,0.8369729518890381,0.06267750263214111,8224.0,8220.0
11.273626327514648,10.497333526611328,1.1813749074935913,0.06269209831953049,8228.0,8224.0
8.897588729858398,8.29425048828125,1.2155781984329224,0.06270663440227509,8232.0,8228.0
6.791225433349609,10.889167785644531,1.2259202003479004,0.0627211183309555,8236.0,8232.0
7.3856120109558105,9.943971633911133,0.5712776184082031,0.06273481994867325,8240.0,8236.0
7.664935111999512,7.415027618408203,1.135362982749939,0.06274844706058502,8244.0,8240.0
5.936263084411621,7.966267108917236,1.3227232694625854,0.06276223063468933,8248.0,8244.0
29.76302719116211,9.713207244873047,1.0893502235412598,0.06277588754892349,8252.0,8248.0
10.412450790405273,10.943095207214355,1.622584342956543,0.06279003620147705,8256.0,8252.0
10.17911148071289,9.86697769165039,1.409738302230835,0.06280439347028732,8260.0,8256.0
7.821013450622559,9.116692543029785,1.769099473953247,0.06281933933496475,8264.0,8260.0
6.904057502746582,10.465539932250977,1.2801892757415771,0.0628342553973198,8268.0,8264.0
14.049503326416016,13.746606826782227,1.9641978740692139,0.06284993141889572,8272.0,8268.0
30.801219940185547,10.730501174926758,1.586477518081665,0.06286586076021194,8276.0,8272.0
21.880535125732422,11.211024284362793,0.7499056458473206,0.06288107484579086,8280.0,8276.0
13.756623268127441,10.81214427947998,2.020096778869629,0.06289707869291306,8284.0,8280.0
11.31644058227539,12.521032333374023,1.3521103858947754,0.06291303038597107,8288.0,8284.0
13.837841987609863,10.890556335449219,1.5113087892532349,0.06292913109064102,8292.0,8288.0
6.301459312438965,6.754311561584473,0.9977605938911438,0.06294477730989456,8296.0,8292.0
36.43341064453125,6.699619293212891,0.94407057762146,0.0629599541425705,8300.0,8296.0
9.007726669311523,11.936758041381836,0.9731095433235168,0.06297474354505539,8304.0,8300.0
11.072599411010742,13.637052536010742,1.7303504943847656,0.06299003958702087,8308.0,8304.0
10.44699764251709,11.25103759765625,1.0780558586120605,0.06300505995750427,8312.0,8308.0
11.323603630065918,11.12584114074707,1.0116727352142334,0.0630197525024414,8316.0,8312.0
8.453512191772461,9.788717269897461,0.9711859226226807,0.06303410977125168,8320.0,8316.0
8.48513126373291,8.708511352539062,1.4444870948791504,0.06304868310689926,8324.0,8320.0
11.053461074829102,9.395456314086914,1.0990269184112549,0.06306308507919312,8328.0,8324.0
11.214005470275879,7.801738739013672,1.0591576099395752,0.06307728588581085,8332.0,8328.0
9.147956848144531,11.326345443725586,0.7343380451202393,0.06309091299772263,8336.0,8332.0
9.963844299316406,11.060527801513672,1.426410436630249,0.06310482323169708,8340.0,8336.0
9.899493217468262,10.125900268554688,0.6698643565177917,0.06311814486980438,8344.0,8340.0
14.133604049682617,9.564798355102539,1.3261826038360596,0.0631316527724266,8348.0,8344.0
7.512664794921875,12.197587013244629,0.8436872959136963,0.06314481049776077,8352.0,8348.0
8.170327186584473,9.957014083862305,0.83750319480896,0.06315762549638748,8356.0,8352.0
45.96227264404297,10.427239418029785,0.9274963140487671,0.06317024677991867,8360.0,8356.0
13.186368942260742,10.51289176940918,0.856299877166748,0.06318259984254837,8364.0,8360.0
8.4125394821167,9.542760848999023,1.3163866996765137,0.06319525092840195,8368.0,8364.0
7.804271697998047,10.251948356628418,1.4675390720367432,0.06320834904909134,8372.0,8368.0
8.87485122680664,7.459437370300293,0.7707884907722473,0.0632210373878479,8376.0,8372.0
22.562564849853516,8.37774658203125,1.111599326133728,0.06323376297950745,8380.0,8376.0
7.042319297790527,9.902449607849121,0.599891185760498,0.06324591487646103,8384.0,8380.0
25.21647834777832,8.07883358001709,0.8913033604621887,0.06325790286064148,8388.0,8384.0
50.01103210449219,9.969012260437012,0.9642757773399353,0.06326981633901596,8392.0,8388.0
7.328873634338379,8.663698196411133,1.0308245420455933,0.06328175216913223,8396.0,8392.0
10.73697280883789,10.096839904785156,1.3691405057907104,0.06329409033060074,8400.0,8396.0
10.216753005981445,14.159814834594727,1.6367274522781372,0.06330711394548416,8404.0,8400.0
13.132377624511719,13.360074043273926,1.0317916870117188,0.06332004070281982,8408.0,8404.0
28.026134490966797,13.77558708190918,1.0092105865478516,0.06333285570144653,8412.0,8408.0
7.975840091705322,8.031379699707031,0.14927667379379272,0.0633445754647255,8416.0,8412.0
15.634099960327148,14.395307540893555,1.167466640472412,0.06335648894309998,8420.0,8416.0
46.59749984741211,10.461673736572266,0.29710546135902405,0.0633675828576088,8424.0,8420.0
40.81568908691406,10.776779174804688,0.8057562112808228,0.06337850540876389,8428.0,8424.0
8.561100006103516,12.116933822631836,0.4707586169242859,0.0633888989686966,8432.0,8428.0
7.782262802124023,8.430524826049805,0.49748164415359497,0.06339884549379349,8436.0,8432.0
48.365928649902344,9.43449592590332,1.0981299877166748,0.06340909749269485,8440.0,8436.0
10.007603645324707,8.708353042602539,1.1145750284194946,0.0634196326136589,8444.0,8440.0
9.227977752685547,11.106304168701172,0.5852943062782288,0.0634298101067543,8448.0,8444.0
10.119364738464355,10.23627758026123,1.3464839458465576,0.06344054639339447,8452.0,8448.0
13.63296890258789,11.888834953308105,0.7281140685081482,0.06345107406377792,8456.0,8452.0
20.589004516601562,10.029336929321289,1.0244932174682617,0.0634617730975151,8460.0,8456.0
24.357635498046875,10.534579277038574,1.0234808921813965,0.06347260624170303,8464.0,8460.0
69.71437072753906,9.88737678527832,0.36901211738586426,0.06348279118537903,8468.0,8464.0
12.938270568847656,9.899619102478027,0.6230787634849548,0.06349270790815353,8472.0,8468.0
9.790427207946777,11.875238418579102,1.1028120517730713,0.06350294500589371,8476.0,8472.0
44.766822814941406,11.009620666503906,1.4693472385406494,0.06351388990879059,8480.0,8476.0
14.967967987060547,10.953709602355957,0.7945305109024048,0.06352468580007553,8484.0,8480.0
9.71902847290039,14.700864791870117,1.3041000366210938,0.06353594362735748,8488.0,8484.0
8.75391674041748,7.144116401672363,0.9212934374809265,0.06354716420173645,8492.0,8488.0
42.459442138671875,11.801189422607422,0.98821622133255,0.06355845183134079,8496.0,8492.0
6.604823589324951,10.100674629211426,0.917790412902832,0.06356970220804214,8500.0,8496.0
7.565731525421143,11.204095840454102,1.0645731687545776,0.06358108669519424,8504.0,8500.0
25.369140625,10.311111450195312,0.23263265192508698,0.0635916218161583,8508.0,8504.0
7.490566253662109,8.492375373840332,0.19785833358764648,0.06360133737325668,8512.0,8508.0
23.45793342590332,12.45828628540039,1.3390940427780151,0.06361167877912521,8516.0,8512.0
26.648775100708008,13.48975944519043,0.21166233718395233,0.06362125277519226,8520.0,8516.0
8.897554397583008,9.158000946044922,0.6226927638053894,0.063630610704422,8524.0,8520.0
10.923263549804688,12.64443588256836,0.6645404100418091,0.06363983452320099,8528.0,8524.0
6.621600151062012,9.853482246398926,0.744856595993042,0.0636490136384964,8532.0,8528.0
15.26894760131836,10.476078033447266,0.5040923357009888,0.06365789473056793,8536.0,8532.0
9.31057357788086,10.522076606750488,0.8570640087127686,0.06366690993309021,8540.0,8536.0
6.4101786613464355,11.432077407836914,1.296725869178772,0.06367656588554382,8544.0,8540.0
10.789766311645508,10.073162078857422,0.5543324947357178,0.06368593126535416,8548.0,8544.0
11.259307861328125,12.836292266845703,0.6132330894470215,0.06369510293006897,8552.0,8548.0
6.942886829376221,9.38691520690918,0.2873700261116028,0.06370370090007782,8556.0,8552.0
42.115379333496094,13.263108253479004,1.3661515712738037,0.06371307373046875,8560.0,8556.0
10.052898406982422,11.125885009765625,0.7203277945518494,0.06372237205505371,8564.0,8560.0
8.58474063873291,6.371596336364746,0.28366416692733765,0.06373108923435211,8568.0,8564.0
9.130472183227539,11.974061965942383,1.1162748336791992,0.06374028325080872,8572.0,8568.0
8.037683486938477,12.170666694641113,1.273762583732605,0.06375008821487427,8576.0,8572.0
9.237260818481445,10.984940528869629,1.2386361360549927,0.06376039236783981,8580.0,8576.0
8.79214859008789,6.551055908203125,0.5661368370056152,0.0637703537940979,8584.0,8580.0
8.678024291992188,9.27728271484375,1.255290150642395,0.06378082931041718,8588.0,8584.0
10.950780868530273,13.111250877380371,1.4223415851593018,0.06379197537899017,8592.0,8588.0
34.48998260498047,8.151886940002441,1.3573781251907349,0.06380364298820496,8596.0,8592.0
8.394123077392578,8.86159896850586,1.2813293933868408,0.06381567567586899,8600.0,8596.0
21.84300994873047,9.347344398498535,2.1196045875549316,0.06382904946804047,8604.0,8600.0
35.41188049316406,11.470108032226562,2.0530035495758057,0.06384355574846268,8608.0,8604.0
28.831340789794922,10.501882553100586,1.7109110355377197,0.06385867297649384,8612.0,8608.0
8.055413246154785,5.2125396728515625,1.3676012754440308,0.06387393176555634,8616.0,8612.0
6.5703558921813965,11.686291694641113,1.8385140895843506,0.06388987600803375,8620.0,8616.0
8.293603897094727,9.672247886657715,2.1010515689849854,0.06390673667192459,8624.0,8620.0
12.359466552734375,7.6165547370910645,0.2609250247478485,0.06392225623130798,8628.0,8624.0
25.6746826171875,9.303765296936035,1.1483033895492554,0.06393760442733765,8632.0,8628.0
8.467930793762207,8.476325988769531,1.1259407997131348,0.06395278871059418,8636.0,8632.0
7.384239196777344,11.071249008178711,1.0484349727630615,0.06396771222352982,8640.0,8636.0
8.906047821044922,12.002645492553711,0.7224528789520264,0.0639820396900177,8644.0,8640.0
11.288166046142578,10.244775772094727,1.1664544343948364,0.0639963448047638,8648.0,8644.0
21.892852783203125,8.685224533081055,0.7986879944801331,0.06401018798351288,8652.0,8648.0
9.23196029663086,11.216667175292969,1.0008296966552734,0.06402386724948883,8656.0,8652.0
7.8852691650390625,9.148300170898438,1.6005656719207764,0.06403810530900955,8660.0,8656.0
11.448509216308594,11.174182891845703,1.3279212713241577,0.0640525370836258,8664.0,8660.0
13.180660247802734,10.083784103393555,1.6774455308914185,0.06406756490468979,8668.0,8664.0
11.168891906738281,11.474611282348633,1.6411759853363037,0.06408306956291199,8672.0,8668.0
9.297483444213867,10.563507080078125,0.9394208192825317,0.06409818679094315,8676.0,8672.0
9.671422004699707,9.338031768798828,1.1198256015777588,0.06411314755678177,8680.0,8676.0
11.39657211303711,10.19365119934082,1.7388627529144287,0.06412872672080994,8684.0,8680.0
14.79916000366211,11.19660758972168,0.6855634450912476,0.0641435906291008,8688.0,8684.0
9.558895111083984,11.142274856567383,1.3440520763397217,0.0641586109995842,8692.0,8688.0
9.193008422851562,8.916032791137695,1.1252254247665405,0.06417348980903625,8696.0,8692.0
13.413789749145508,9.680678367614746,0.8570518493652344,0.06418793648481369,8700.0,8696.0
12.518049240112305,11.002102851867676,1.2346879243850708,0.0642024502158165,8704.0,8700.0
24.207176208496094,12.633560180664062,1.8328548669815063,0.06421773880720139,8708.0,8704.0
19.393699645996094,8.238354682922363,0.7269933819770813,0.06423239409923553,8712.0,8708.0
7.7815046310424805,11.969657897949219,0.7914386987686157,0.06424656510353088,8716.0,8712.0
12.708972930908203,10.311836242675781,1.5978355407714844,0.06426125019788742,8720.0,8716.0
10.677972793579102,11.40087890625,1.2156202793121338,0.06427596509456635,8724.0,8720.0
8.84432601928711,9.701997756958008,1.1750901937484741,0.06429064273834229,8728.0,8724.0
9.146855354309082,12.170708656311035,0.8793091177940369,0.06430494785308838,8732.0,8728.0
7.744376182556152,10.137116432189941,1.2239278554916382,0.06431931257247925,8736.0,8732.0
7.508062839508057,10.920781135559082,0.8523430824279785,0.06433330476284027,8740.0,8736.0
44.260520935058594,8.408937454223633,1.2328640222549438,0.06434740126132965,8744.0,8740.0
10.412787437438965,10.763382911682129,0.498366117477417,0.06436070054769516,8748.0,8744.0
8.655311584472656,8.940362930297852,1.403258204460144,0.0643744096159935,8752.0,8748.0
7.613943099975586,9.286626815795898,0.7612869143486023,0.06438767164945602,8756.0,8752.0
9.21735668182373,11.032238960266113,0.8408553600311279,0.06440065801143646,8760.0,8756.0
12.914838790893555,10.381848335266113,1.7508000135421753,0.06441449373960495,8764.0,8760.0
24.814226150512695,9.807144165039062,1.1551501750946045,0.06442835927009583,8768.0,8764.0
9.317440032958984,9.939284324645996,1.2212916612625122,0.06444235891103745,8772.0,8768.0
7.179501056671143,10.785001754760742,0.5828073620796204,0.06445568054914474,8776.0,8772.0
7.435598373413086,10.329761505126953,0.8344913125038147,0.06446869671344757,8780.0,8776.0
6.887506484985352,7.391880989074707,0.6184793710708618,0.06448117643594742,8784.0,8780.0
8.529409408569336,8.771873474121094,0.9843207597732544,0.06449363380670547,8788.0,8784.0
65.06625366210938,11.190447807312012,0.4133402109146118,0.06450536847114563,8792.0,8788.0
8.38763427734375,8.519570350646973,0.5247305631637573,0.064516581594944,8796.0,8792.0
10.22381591796875,11.26580810546875,1.7436022758483887,0.06452882289886475,8800.0,8796.0
6.528634071350098,8.839723587036133,-0.07582823932170868,0.06453974545001984,8804.0,8800.0
6.474582672119141,8.98132610321045,0.6111745834350586,0.06455035507678986,8808.0,8804.0
23.45387840270996,9.75202751159668,-0.3804345726966858,0.06455942988395691,8812.0,8808.0
21.573131561279297,9.238752365112305,1.2886569499969482,0.06456919014453888,8816.0,8812.0
33.49702072143555,12.056925773620605,0.49770694971084595,0.0645786002278328,8820.0,8816.0
8.752992630004883,10.301321029663086,0.6140259504318237,0.06458783894777298,8824.0,8820.0
47.40995788574219,7.990687370300293,0.8615418076515198,0.0645972192287445,8828.0,8824.0
10.249465942382812,12.052213668823242,1.2312068939208984,0.0646071806550026,8832.0,8828.0
8.34764575958252,9.388630867004395,1.1385712623596191,0.0646175816655159,8836.0,8832.0
6.310230255126953,6.0587968826293945,0.9729440212249756,0.06462814658880234,8840.0,8836.0
7.138314247131348,11.100261688232422,1.1298267841339111,0.06463906168937683,8844.0,8840.0
8.393882751464844,11.301979064941406,1.4688812494277954,0.06465071439743042,8848.0,8844.0
8.589332580566406,8.491228103637695,1.1818337440490723,0.06466267257928848,8852.0,8848.0
27.33745574951172,8.83942699432373,1.2098948955535889,0.06467494368553162,8856.0,8852.0
7.1303510665893555,11.508340835571289,0.7169143557548523,0.06468687951564789,8860.0,8856.0
12.921173095703125,12.017335891723633,1.5485100746154785,0.06469956040382385,8864.0,8860.0
8.703779220581055,8.870655059814453,1.7655547857284546,0.06471316516399384,8868.0,8864.0
6.307834625244141,10.285600662231445,2.1723508834838867,0.06472811847925186,8872.0,8868.0
21.121910095214844,9.186640739440918,1.0570669174194336,0.06474289298057556,8876.0,8872.0
13.103153228759766,8.272501945495605,1.6213123798370361,0.06475820392370224,8880.0,8876.0
11.265262603759766,8.489633560180664,0.7538108825683594,0.06477293372154236,8884.0,8880.0
12.134260177612305,11.860240936279297,0.9995641708374023,0.06478745490312576,8888.0,8884.0
31.498249053955078,11.165634155273438,1.0263540744781494,0.06480180472135544,8892.0,8888.0
13.525341033935547,9.194144248962402,0.911291241645813,0.06481586396694183,8896.0,8892.0
25.78649139404297,9.496429443359375,1.3629502058029175,0.0648302212357521,8900.0,8896.0
9.5433349609375,8.305244445800781,0.6933645009994507,0.0648440271615982,8904.0,8900.0
18.293991088867188,13.16652774810791,1.963409662246704,0.06485889852046967,8908.0,8904.0
30.540939331054688,11.568136215209961,0.405748188495636,0.06487280875444412,8912.0,8908.0
9.308697700500488,7.028935432434082,-0.05466799437999725,0.06488525867462158,8916.0,8912.0
11.232789993286133,8.161969184875488,0.2781852185726166,0.0648968294262886,8920.0,8916.0
23.262924194335938,10.244828224182129,0.5656347274780273,0.06490795314311981,8924.0,8920.0
13.344837188720703,13.951274871826172,1.5730758905410767,0.06491994857788086,8928.0,8924.0
11.93604850769043,7.475417613983154,1.0043641328811646,0.06493201106786728,8932.0,8928.0
9.98219108581543,11.13389778137207,0.5751224756240845,0.0649435892701149,8936.0,8932.0
29.09724235534668,11.012253761291504,1.4280389547348022,0.06495580822229385,8940.0,8936.0
5.993398666381836,8.164007186889648,0.760595977306366,0.06496776640415192,8944.0,8940.0
23.10577964782715,10.88624095916748,0.14568491280078888,0.0649787187576294,8948.0,8944.0
6.968016624450684,8.01072883605957,0.5029770135879517,0.06498922407627106,8952.0,8948.0
6.608885765075684,8.228261947631836,0.44066256284713745,0.06499923020601273,8956.0,8952.0
16.175209045410156,9.298757553100586,0.33485639095306396,0.06500867009162903,8960.0,8956.0
11.019721984863281,8.02221965789795,0.22798122465610504,0.0650174617767334,8964.0,8960.0
11.497001647949219,10.836519241333008,0.7183585166931152,0.06502627581357956,8968.0,8964.0
12.575990676879883,11.238239288330078,1.075577735900879,0.06503558158874512,8972.0,8968.0
8.350889205932617,7.699883937835693,0.777769148349762,0.06504494696855545,8976.0,8972.0
7.084554195404053,10.748651504516602,1.3008230924606323,0.0650550127029419,8980.0,8976.0
9.498698234558105,7.271512985229492,0.244986891746521,0.06506440043449402,8984.0,8980.0
10.408656120300293,11.342813491821289,1.190454125404358,0.06507435441017151,8988.0,8984.0
9.480283737182617,9.72087574005127,1.1216470003128052,0.06508474051952362,8992.0,8988.0
7.271587371826172,13.598491668701172,0.9233709573745728,0.06509526073932648,8996.0,8992.0
6.003503322601318,9.240972518920898,0.9366095066070557,0.06510592252016068,9000.0,8996.0
17.307031631469727,8.488444328308105,0.6694633960723877,0.06511636823415756,9004.0,9000.0
17.096294403076172,10.391695976257324,1.2045104503631592,0.06512729823589325,9008.0,9004.0
10.370933532714844,9.841338157653809,0.7215725183486938,0.0651380643248558,9012.0,9008.0
7.88399076461792,7.3402509689331055,1.241186499595642,0.06514933705329895,9016.0,9012.0
7.263634204864502,8.340400695800781,0.3719160854816437,0.06515996158123016,9020.0,9016.0
5.6009416580200195,9.812177658081055,1.1186614036560059,0.06517094373703003,9024.0,9020.0
13.81660270690918,10.124231338500977,0.5999389886856079,0.06518160551786423,9028.0,9024.0
10.496870040893555,10.565683364868164,0.8131415843963623,0.06519223749637604,9032.0,9028.0
5.4080915451049805,8.263958930969238,0.2856280207633972,0.06520218402147293,9036.0,9032.0
26.868114471435547,10.880477905273438,1.3944194316864014,0.0652129128575325,9040.0,9036.0
15.125553131103516,9.710880279541016,1.112434983253479,0.06522399932146072,9044.0,9040.0
10.179681777954102,12.212447166442871,1.0652568340301514,0.06523533910512924,9048.0,9044.0
12.365148544311523,7.914357662200928,0.19251002371311188,0.06524579226970673,9052.0,9048.0
7.3157548904418945,10.086498260498047,1.0645538568496704,0.06525657325983047,9056.0,9052.0
10.005285263061523,9.798272132873535,1.4710358381271362,0.0652681440114975,9060.0,9056.0
11.690326690673828,10.257503509521484,0.8066762685775757,0.06527961790561676,9064.0,9060.0
36.223060607910156,8.651738166809082,1.1548705101013184,0.06529141217470169,9068.0,9064.0
33.739200592041016,9.631936073303223,0.6618989706039429,0.06530288606882095,9072.0,9068.0
12.807870864868164,15.736435890197754,0.8041521310806274,0.06531425565481186,9076.0,9072.0
9.22667407989502,10.251413345336914,1.335862398147583,0.06532619893550873,9080.0,9076.0
10.134198188781738,10.445860862731934,0.6165301203727722,0.06533773988485336,9084.0,9080.0
12.158273696899414,8.42881965637207,0.7638522386550903,0.06534913182258606,9088.0,9084.0
10.246553421020508,11.738097190856934,1.774973750114441,0.06536165624856949,9092.0,9088.0
26.078100204467773,10.743276596069336,0.7643822431564331,0.06537392735481262,9096.0,9092.0
11.044135093688965,12.689366340637207,1.4464902877807617,0.0653868168592453,9100.0,9096.0
9.78022575378418,10.672861099243164,0.8114324808120728,0.06539947539567947,9104.0,9100.0
7.5868330001831055,9.892413139343262,1.184972882270813,0.06541240215301514,9108.0,9104.0
44.70561599731445,8.469588279724121,0.9639039039611816,0.06542528420686722,9112.0,9108.0
8.652502059936523,10.956474304199219,0.27282142639160156,0.06543723493814468,9116.0,9112.0
7.683101654052734,10.357017517089844,0.8289074897766113,0.065449059009552,9120.0,9116.0
10.068272590637207,8.196901321411133,0.5894722938537598,0.06546047329902649,9124.0,9120.0
12.191264152526855,12.530813217163086,1.0480931997299194,0.06547209620475769,9128.0,9124.0
9.36870002746582,5.593560218811035,0.437916100025177,0.06548313796520233,9132.0,9128.0
10.107023239135742,8.739535331726074,0.9539637565612793,0.06549431383609772,9136.0,9132.0
7.6328887939453125,7.530796051025391,0.7069764137268066,0.06550529599189758,9140.0,9136.0
8.211433410644531,9.032320022583008,1.2340173721313477,0.06551676988601685,9144.0,9140.0
10.769889831542969,7.275321006774902,0.9231966733932495,0.06552830338478088,9148.0,9144.0
35.86577606201172,10.223931312561035,0.8871070146560669,0.06553983688354492,9152.0,9148.0
27.721925735473633,10.633207321166992,0.8909640908241272,0.06555138528347015,9156.0,9152.0
14.395069122314453,11.72879409790039,0.6186293363571167,0.06556259095668793,9160.0,9156.0
8.747390747070312,8.814664840698242,0.7890479564666748,0.06557370722293854,9164.0,9160.0
12.409117698669434,12.671865463256836,1.180269479751587,0.06558524072170258,9168.0,9164.0
10.652626037597656,10.202528953552246,1.0752267837524414,0.0655970349907875,9172.0,9168.0
19.288677215576172,9.155009269714355,0.7530508041381836,0.06560862064361572,9176.0,9172.0
10.010506629943848,9.413954734802246,0.9294513463973999,0.06562028080224991,9180.0,9176.0
9.764031410217285,10.781072616577148,1.204188346862793,0.06563234329223633,9184.0,9180.0
12.45822525024414,9.434296607971191,0.15268740057945251,0.06564340740442276,9188.0,9184.0
10.794160842895508,9.969059944152832,0.5699982047080994,0.06565411388874054,9192.0,9188.0
8.648595809936523,10.519822120666504,0.22367599606513977,0.06566403806209564,9196.0,9192.0
32.9650764465332,13.501872062683105,0.4241090416908264,0.06567353755235672,9200.0,9196.0
8.753860473632812,9.324073791503906,0.5386047959327698,0.0656827911734581,9204.0,9200.0
9.546451568603516,9.397323608398438,0.782073974609375,0.06569215655326843,9208.0,9204.0
7.834753036499023,9.222414016723633,0.6601907014846802,0.0657014474272728,9212.0,9208.0
6.990591049194336,9.679953575134277,0.23326557874679565,0.06571012735366821,9216.0,9212.0
12.971930503845215,12.611030578613281,0.590255856513977,0.06571871042251587,9220.0,9216.0
8.709901809692383,11.330002784729004,0.7255337238311768,0.06572739034891129,9224.0,9220.0
13.723298072814941,14.063823699951172,1.2112172842025757,0.0657367929816246,9228.0,9224.0
15.20145034790039,7.232617378234863,0.5844281315803528,0.06574603170156479,9232.0,9228.0
8.351696014404297,10.948156356811523,0.315727174282074,0.06575475633144379,9236.0,9232.0
11.963699340820312,13.031655311584473,0.45218074321746826,0.06576322764158249,9240.0,9236.0
13.429487228393555,8.620113372802734,0.3857614994049072,0.06577134877443314,9244.0,9240.0
11.66502857208252,10.803638458251953,0.17802554368972778,0.06577890366315842,9248.0,9244.0
8.940518379211426,9.11894702911377,1.1167280673980713,0.065787173807621,9252.0,9248.0
10.596742630004883,11.18576431274414,0.6842337846755981,0.06579551845788956,9256.0,9252.0
9.568849563598633,11.745038986206055,1.1572409868240356,0.06580455601215363,9260.0,9256.0
7.450136661529541,8.374227523803711,1.0660350322723389,0.06581410765647888,9264.0,9260.0
9.53490161895752,10.733447074890137,0.6893749237060547,0.06582362204790115,9268.0,9264.0
8.876460075378418,9.005820274353027,0.3966495394706726,0.0658327043056488,9272.0,9268.0
9.115554809570312,9.12788200378418,0.7318291664123535,0.06584185361862183,9276.0,9272.0
7.807890892028809,10.407326698303223,0.6622211933135986,0.06585098057985306,9280.0,9276.0
8.461959838867188,10.74140739440918,0.8886644244194031,0.06586036831140518,9284.0,9280.0
27.26389503479004,10.58946704864502,0.5103327035903931,0.06586948782205582,9288.0,9284.0
6.507636547088623,9.185819625854492,0.464339017868042,0.06587831676006317,9292.0,9288.0
13.340166091918945,11.047409057617188,1.2038257122039795,0.06588786840438843,9296.0,9292.0
11.08564281463623,13.498557090759277,0.9389145970344543,0.06589771807193756,9300.0,9296.0
8.561347961425781,11.050458908081055,1.2663217782974243,0.06590826064348221,9304.0,9300.0
27.982791900634766,14.176839828491211,0.9290487170219421,0.06591898202896118,9308.0,9304.0
10.803105354309082,9.875174522399902,0.46882858872413635,0.06592925637960434,9312.0,9308.0
43.97283935546875,12.107192039489746,1.0702269077301025,0.06593993306159973,9316.0,9312.0
10.517452239990234,10.963176727294922,0.6711024045944214,0.0659504383802414,9320.0,9316.0
7.89803409576416,12.155858039855957,1.4811413288116455,0.06596186757087708,9324.0,9320.0
14.233386993408203,11.468393325805664,0.9066084623336792,0.06597336381673813,9328.0,9324.0
46.541038513183594,12.112834930419922,0.7237751483917236,0.06598468869924545,9332.0,9328.0
14.180468559265137,11.262523651123047,0.7460057735443115,0.06599587947130203,9336.0,9332.0
26.26485824584961,14.44133186340332,0.28089162707328796,0.06600632518529892,9340.0,9336.0
9.455643653869629,8.521947860717773,0.5478202104568481,0.06601645797491074,9344.0,9340.0
13.271703720092773,13.188852310180664,1.0112577676773071,0.06602694094181061,9348.0,9344.0
9.98215103149414,13.613815307617188,0.2393774390220642,0.06603670120239258,9352.0,9348.0
12.36237907409668,12.795209884643555,1.1323082447052002,0.06604700535535812,9356.0,9352.0
7.202014923095703,11.423431396484375,1.3818250894546509,0.06605812162160873,9360.0,9356.0
13.202181816101074,10.197553634643555,1.1609113216400146,0.06606968492269516,9364.0,9360.0
8.08010196685791,10.82962703704834,0.5962685346603394,0.06608089804649353,9368.0,9364.0
19.80622100830078,11.290157318115234,0.79210364818573,0.06609205156564713,9372.0,9368.0
68.63734436035156,10.927051544189453,0.7028948664665222,0.06610305607318878,9376.0,9372.0
12.123580932617188,8.995140075683594,0.7399223446846008,0.06611394137144089,9380.0,9376.0
27.677181243896484,11.678558349609375,0.9952112436294556,0.06612508744001389,9384.0,9380.0
9.666722297668457,6.636985778808594,0.1353278011083603,0.06613530963659286,9388.0,9384.0
6.975196838378906,9.639071464538574,0.3980017602443695,0.06614503264427185,9392.0,9388.0
8.920863151550293,11.848562240600586,0.12628938257694244,0.06615398079156876,9396.0,9392.0
33.11665725708008,7.930758476257324,0.6676508188247681,0.06616292148828506,9400.0,9396.0
9.157970428466797,11.14966869354248,1.1245242357254028,0.06617249548435211,9404.0,9400.0
8.623106956481934,9.96036434173584,0.806334376335144,0.0661822035908699,9408.0,9404.0
31.161436080932617,14.446526527404785,0.9781680107116699,0.06619225442409515,9412.0,9408.0
45.12118911743164,14.047883987426758,1.444298505783081,0.06620325148105621,9416.0,9412.0
7.210866451263428,8.949356079101562,0.8951576352119446,0.06621436774730682,9420.0,9416.0
7.877730369567871,8.910634994506836,0.8356024622917175,0.06622549891471863,9424.0,9420.0
51.21100616455078,9.367487907409668,0.9336585402488708,0.06623678654432297,9428.0,9424.0
10.04648208618164,14.563191413879395,0.8037564754486084,0.06624802947044373,9432.0,9428.0
8.40026569366455,12.382762908935547,0.9546796083450317,0.06625945121049881,9436.0,9432.0
10.684616088867188,11.043445587158203,0.9575753211975098,0.06627103686332703,9440.0,9436.0
9.887075424194336,13.235365867614746,0.5775445103645325,0.0662822350859642,9444.0,9440.0
14.410379409790039,11.117948532104492,0.9893488883972168,0.06629367917776108,9448.0,9444.0
10.695182800292969,11.874321937561035,0.7665507197380066,0.066305011510849,9452.0,9448.0
11.555994987487793,8.492607116699219,0.1040412038564682,0.06631536781787872,9456.0,9452.0
25.02775764465332,12.289587020874023,0.9665926694869995,0.06632599234580994,9460.0,9456.0
10.682573318481445,12.519350051879883,1.2675312757492065,0.06633728742599487,9464.0,9460.0
8.339438438415527,9.06452751159668,0.9743154644966125,0.06634878367185593,9468.0,9464.0
54.51435852050781,9.16436767578125,0.7250094413757324,0.06636013090610504,9472.0,9468.0
12.72568130493164,11.047334671020508,0.5101993680000305,0.06637103110551834,9476.0,9472.0
8.26154899597168,10.20014762878418,0.6879793405532837,0.0663817897439003,9480.0,9476.0
9.362115859985352,10.038419723510742,0.5490320920944214,0.06639222055673599,9484.0,9480.0
9.95659065246582,9.393472671508789,0.7161988615989685,0.06640259176492691,9488.0,9484.0
9.690890312194824,11.458248138427734,0.08321213722229004,0.0664120465517044,9492.0,9488.0
22.602008819580078,11.563054084777832,0.9027599692344666,0.06642178446054459,9496.0,9492.0
11.706193923950195,13.776054382324219,0.817386269569397,0.0664316788315773,9500.0,9496.0
11.925074577331543,11.187063217163086,0.657825231552124,0.06644148379564285,9504.0,9500.0
7.360304832458496,9.987197875976562,0.8457491397857666,0.06645146757364273,9508.0,9504.0
9.346426963806152,9.367120742797852,0.24085086584091187,0.06646079570055008,9512.0,9508.0
10.48690414428711,9.653347969055176,0.2799944579601288,0.06646957993507385,9516.0,9512.0
7.407538414001465,11.610502243041992,0.598332941532135,0.06647831201553345,9520.0,9516.0
8.458358764648438,11.8290376663208,0.9826083183288574,0.06648752093315125,9524.0,9520.0
30.257278442382812,12.082096099853516,0.5364832282066345,0.06649653613567352,9528.0,9524.0
6.616211414337158,9.194620132446289,0.5345094203948975,0.06650540232658386,9532.0,9528.0
10.620372772216797,9.900263786315918,-0.4673544764518738,0.06651274114847183,9536.0,9532.0
44.13396453857422,7.425753593444824,0.0990029126405716,0.06651948392391205,9540.0,9536.0
8.796079635620117,7.626520156860352,0.09002033621072769,0.06652568280696869,9544.0,9540.0
11.192455291748047,12.972027778625488,0.9941682815551758,0.06653263419866562,9548.0,9544.0
39.612525939941406,11.90561294555664,0.6520935297012329,0.06653978675603867,9552.0,9548.0
6.675691604614258,10.594926834106445,0.5386635661125183,0.0665469765663147,9556.0,9552.0
10.250961303710938,11.115311622619629,1.8448866605758667,0.06655598431825638,9560.0,9556.0
7.225818634033203,12.247913360595703,0.5380468964576721,0.06656484305858612,9564.0,9560.0
6.85642147064209,9.149200439453125,0.19350013136863708,0.06657307595014572,9568.0,9564.0
13.520608901977539,9.476554870605469,0.7373421788215637,0.06658152490854263,9572.0,9568.0
41.566009521484375,10.425792694091797,1.1097769737243652,0.06659065186977386,9576.0,9572.0
25.53150749206543,10.894655227661133,0.5100653767585754,0.06659957766532898,9580.0,9576.0
11.885978698730469,11.284502983093262,0.6018316745758057,0.06660845130681992,9584.0,9580.0
49.656524658203125,9.026237487792969,0.1584673523902893,0.06661666184663773,9588.0,9584.0
28.62723159790039,12.238778114318848,1.2096377611160278,0.06662572920322418,9592.0,9588.0
10.244625091552734,9.090760231018066,0.686568021774292,0.06663484871387482,9596.0,9592.0
84.36395263671875,10.264176368713379,0.3981553316116333,0.0666436031460762,9600.0,9596.0
11.331186294555664,12.581770896911621,0.5303968787193298,0.06665223091840744,9604.0,9600.0
6.533420562744141,11.846098899841309,0.17653842270374298,0.06666024029254913,9608.0,9604.0
9.932695388793945,11.200508117675781,0.6716151237487793,0.06666839867830276,9612.0,9608.0
23.693098068237305,11.063057899475098,0.017177291214466095,0.06667575240135193,9616.0,9612.0
34.96805953979492,9.35484790802002,0.24758002161979675,0.06668273359537125,9620.0,9616.0
11.891060829162598,13.602887153625488,0.6387044191360474,0.06668990850448608,9624.0,9620.0
11.995211601257324,9.502731323242188,0.4257403016090393,0.06669694930315018,9628.0,9624.0
41.710060119628906,12.935062408447266,1.6543967723846436,0.0667055994272232,9632.0,9628.0
9.616762161254883,9.509761810302734,0.7293424010276794,0.06671439856290817,9636.0,9632.0
11.936602592468262,8.832357406616211,0.5070464015007019,0.06672303378582001,9640.0,9636.0
6.474398612976074,9.330445289611816,0.9073868989944458,0.06673207134008408,9644.0,9640.0
9.07081413269043,11.810239791870117,0.7090134024620056,0.0667412057518959,9648.0,9644.0
7.018654823303223,8.76778793334961,1.0676063299179077,0.0667509138584137,9652.0,9648.0
39.23313522338867,10.28901481628418,0.9050623178482056,0.06676091998815536,9656.0,9652.0
23.79253387451172,8.396173477172852,0.4835507869720459,0.06677061319351196,9660.0,9656.0
10.604533195495605,9.891990661621094,0.6012647747993469,0.06678017973899841,9664.0,9660.0
6.826939105987549,6.665370464324951,0.7041608095169067,0.06678978353738785,9668.0,9664.0
12.423622131347656,13.287871360778809,1.5246236324310303,0.0668005645275116,9672.0,9668.0
26.32624053955078,8.404662132263184,0.24975724518299103,0.06681061536073685,9676.0,9672.0
25.201770782470703,8.909672737121582,-0.10610203444957733,0.06681951880455017,9680.0,9676.0
11.75198745727539,13.851228713989258,0.43219247460365295,0.066828154027462,9684.0,9680.0
7.340980529785156,8.155213356018066,0.5412609577178955,0.06683668494224548,9688.0,9684.0
7.991580963134766,9.254557609558105,0.2549065351486206,0.06684471666812897,9692.0,9688.0
24.10848045349121,11.00655746459961,0.5228260159492493,0.06685268133878708,9696.0,9692.0
23.507614135742188,10.309731483459473,0.6266424059867859,0.06686075031757355,9700.0,9696.0
27.070568084716797,10.181451797485352,0.7176687717437744,0.06686902046203613,9704.0,9700.0
11.475597381591797,10.401473999023438,0.3303249478340149,0.06687693297863007,9708.0,9704.0
8.413999557495117,11.553860664367676,1.0931183099746704,0.06688559055328369,9712.0,9708.0
25.87136459350586,11.31600284576416,0.8511706590652466,0.06689458340406418,9716.0,9712.0
13.921271324157715,12.727571487426758,1.2708696126937866,0.0669044703245163,9720.0,9716.0
10.826852798461914,11.228469848632812,1.3824282884597778,0.06691533327102661,9724.0,9720.0
13.253080368041992,10.653250694274902,0.2216828465461731,0.06692543625831604,9728.0,9724.0
6.511043548583984,11.523187637329102,0.8226182460784912,0.06693568080663681,9732.0,9728.0
9.691308975219727,8.104569435119629,0.14922559261322021,0.06694512814283371,9736.0,9732.0
9.324463844299316,12.227185249328613,0.7436320185661316,0.06695468723773956,9740.0,9736.0
8.873644828796387,11.082026481628418,1.233655333518982,0.06696503609418869,9744.0,9740.0
25.132732391357422,9.857372283935547,0.39545488357543945,0.06697491556406021,9748.0,9744.0
14.51616096496582,12.093546867370605,1.1064890623092651,0.06698537617921829,9752.0,9748.0
9.873010635375977,13.267692565917969,1.550832986831665,0.0669969916343689,9756.0,9752.0
34.383148193359375,11.505804061889648,1.1653233766555786,0.0670090988278389,9760.0,9756.0
6.699080944061279,10.660815238952637,0.5945581197738647,0.06702084094285965,9764.0,9760.0
12.573068618774414,9.392614364624023,1.0315011739730835,0.06703287363052368,9768.0,9764.0
6.402125358581543,12.445042610168457,0.8066953420639038,0.06704486161470413,9772.0,9768.0
41.38322067260742,10.946856498718262,1.476981282234192,0.06705774366855621,9776.0,9772.0
10.302704811096191,10.892919540405273,0.6956042051315308,0.06707035005092621,9780.0,9776.0
13.48282527923584,11.693713188171387,1.2617723941802979,0.06708347797393799,9784.0,9780.0
22.662742614746094,12.575206756591797,1.1012451648712158,0.06709686666727066,9788.0,9784.0
8.134786605834961,10.701786041259766,0.76238614320755,0.06711000204086304,9792.0,9788.0
8.940912246704102,10.916637420654297,1.2556391954421997,0.06712361425161362,9796.0,9792.0
8.759233474731445,9.3689546585083,0.8907705545425415,0.06713715940713882,9800.0,9796.0
6.2427263259887695,9.93124008178711,0.5277841091156006,0.06715009361505508,9804.0,9800.0
15.223064422607422,9.023716926574707,0.7047344446182251,0.06716275960206985,9808.0,9804.0
8.420665740966797,9.624602317810059,0.521612823009491,0.06717489659786224,9812.0,9808.0
8.354674339294434,9.033018112182617,0.8102045059204102,0.06718698889017105,9816.0,9812.0
37.45720672607422,12.731229782104492,0.743198037147522,0.06719893962144852,9820.0,9816.0
63.492431640625,9.483988761901855,0.33327361941337585,0.06721018999814987,9824.0,9820.0
9.738786697387695,11.646530151367188,1.1340081691741943,0.06722193211317062,9828.0,9824.0
39.42970657348633,9.306295394897461,0.8984824419021606,0.06723379343748093,9832.0,9828.0
11.372422218322754,11.991463661193848,0.6468667984008789,0.06724540144205093,9836.0,9832.0
7.770410060882568,10.585509300231934,0.693682074546814,0.0672568529844284,9840.0,9836.0
34.58002853393555,13.44197940826416,1.1690051555633545,0.06726883351802826,9844.0,9840.0
27.160903930664062,10.212902069091797,1.3246679306030273,0.06728151440620422,9848.0,9844.0
58.777565002441406,9.431601524353027,0.5261409282684326,0.0672936961054802,9852.0,9848.0
8.884949684143066,12.381518363952637,0.4276171922683716,0.06730528175830841,9856.0,9852.0
18.560754776000977,9.933968544006348,0.5250817537307739,0.0673164650797844,9860.0,9856.0
25.34095573425293,9.716774940490723,0.4039270281791687,0.067327119410038,9864.0,9860.0
12.133922576904297,10.800313949584961,0.27278974652290344,0.06733711063861847,9868.0,9864.0
23.611072540283203,12.79088020324707,-0.20959654450416565,0.06734581291675568,9872.0,9868.0
19.9747314453125,9.062687873840332,-0.29159408807754517,0.06735322624444962,9876.0,9872.0
13.552069664001465,10.526274681091309,0.3411932587623596,0.06736038625240326,9880.0,9876.0
14.591968536376953,10.853808403015137,0.04645312950015068,0.06736691296100616,9884.0,9880.0
12.245870590209961,12.63961124420166,0.2535559833049774,0.06737314164638519,9888.0,9884.0
27.905916213989258,12.279475212097168,-0.05810137093067169,0.0673786848783493,9892.0,9888.0
7.333874702453613,9.40846061706543,-0.25334596633911133,0.0673832967877388,9896.0,9892.0
8.853245735168457,8.77734375,0.1879384070634842,0.06738772988319397,9900.0,9896.0
9.032333374023438,10.022254943847656,0.5279307961463928,0.06739248335361481,9904.0,9900.0
9.464166641235352,10.937188148498535,0.8840023279190063,0.06739804148674011,9908.0,9904.0
6.654158115386963,9.444473266601562,0.9994590878486633,0.06740450859069824,9912.0,9908.0
35.032806396484375,9.10377025604248,0.8334569334983826,0.06741152703762054,9916.0,9912.0
8.657132148742676,10.301972389221191,0.3204896152019501,0.06741831451654434,9920.0,9916.0
15.057321548461914,12.600449562072754,0.3492640554904938,0.06742493063211441,9924.0,9920.0
21.56896209716797,12.036458015441895,0.6050581932067871,0.06743178516626358,9928.0,9924.0
11.720224380493164,11.46921157836914,0.8406204581260681,0.06743916124105453,9932.0,9928.0
25.58995819091797,10.21944522857666,0.7726333737373352,0.06744693219661713,9936.0,9932.0
7.649142742156982,9.322458267211914,-0.17305786907672882,0.06745368242263794,9940.0,9936.0
8.12704086303711,6.888363361358643,0.6657989621162415,0.06746073067188263,9944.0,9940.0
10.428350448608398,10.258291244506836,0.7675338983535767,0.06746818870306015,9948.0,9944.0
9.559986114501953,10.113903045654297,0.3348393440246582,0.06747539341449738,9952.0,9948.0
8.592308044433594,9.527956008911133,0.8716002702713013,0.06748317182064056,9956.0,9952.0
10.14438533782959,12.107945442199707,0.800060510635376,0.0674913227558136,9960.0,9956.0
10.00343132019043,13.556017875671387,1.3014564514160156,0.06750056147575378,9964.0,9960.0
9.18021297454834,11.06191635131836,0.8380775451660156,0.06751010566949844,9968.0,9964.0
19.360427856445312,11.828920364379883,-0.024156220257282257,0.06751866638660431,9972.0,9968.0
12.320589065551758,9.909038543701172,0.2258930802345276,0.06752672046422958,9976.0,9972.0
12.440384864807129,10.751861572265625,0.13084155321121216,0.06753415614366531,9980.0,9976.0
13.081209182739258,12.6229887008667,1.2061580419540405,0.06754261255264282,9984.0,9980.0
8.06568431854248,8.085948944091797,0.5373442769050598,0.06755101680755615,9988.0,9984.0
9.402626037597656,11.603941917419434,0.751823902130127,0.06755968183279037,9992.0,9988.0
10.272246360778809,11.557694435119629,0.3365718722343445,0.06756798177957535,9996.0,9992.0
7.563305854797363,9.767683982849121,0.781127393245697,0.06757660210132599,10000.0,9996.0
60.548805236816406,10.738557815551758,0.6307810544967651,0.0675852820277214,10004.0,10000.0
7.561801433563232,11.37399673461914,1.104129672050476,0.0675947293639183,10008.0,10004.0
12.544965744018555,10.935705184936523,1.032468557357788,0.06760475039482117,10012.0,10008.0
6.835859298706055,8.651073455810547,0.1352795958518982,0.06761397421360016,10016.0,10012.0
8.009998321533203,9.457077980041504,0.2945503294467926,0.06762270629405975,10020.0,10016.0
7.045466899871826,8.495863914489746,0.7264624834060669,0.06763165444135666,10024.0,10020.0
38.0557975769043,11.17855167388916,-0.27514904737472534,0.0676392987370491,10028.0,10024.0
6.883917331695557,8.76302433013916,0.3950220048427582,0.06764677166938782,10032.0,10028.0
33.21657180786133,13.046104431152344,0.5136858224868774,0.06765425205230713,10036.0,10032.0
6.847573280334473,10.282705307006836,-0.050804123282432556,0.06766091287136078,10040.0,10036.0
45.346221923828125,9.319829940795898,0.010962679982185364,0.0676669329404831,10044.0,10040.0
6.987851619720459,11.351097106933594,0.335551381111145,0.06767285615205765,10048.0,10044.0
8.174656867980957,8.615942001342773,0.18685775995254517,0.06767845153808594,10052.0,10048.0
16.28418731689453,10.98420524597168,0.5885791778564453,0.06768437474966049,10056.0,10052.0
21.001340866088867,10.619733810424805,1.0039969682693481,0.06769118458032608,10060.0,10056.0
7.910415172576904,9.819103240966797,0.2434566766023636,0.0676976889371872,10064.0,10060.0
7.876009941101074,9.340982437133789,0.5435198545455933,0.06770435720682144,10068.0,10064.0
7.888096809387207,9.048988342285156,0.12608546018600464,0.06771053373813629,10072.0,10068.0
7.916387557983398,7.987543106079102,0.064752496778965,0.06771620362997055,10076.0,10072.0
6.770978927612305,8.953446388244629,-0.21979303658008575,0.06772097945213318,10080.0,10076.0
29.813154220581055,13.526986122131348,0.8125045299530029,0.0677264854311943,10084.0,10080.0
23.048858642578125,10.250177383422852,0.5639013648033142,0.06773228943347931,10088.0,10084.0
10.767879486083984,8.33469009399414,0.34608590602874756,0.06773801892995834,10092.0,10088.0
8.283099174499512,8.76981258392334,0.3979049026966095,0.06774378567934036,10096.0,10092.0
6.746548175811768,12.887394905090332,0.960273265838623,0.06775040924549103,10100.0,10096.0
15.974906921386719,11.683168411254883,1.5658947229385376,0.06775869429111481,10104.0,10100.0
16.104799270629883,12.226655960083008,0.2558879256248474,0.06776654720306396,10108.0,10104.0
6.47064733505249,8.827373504638672,0.5894569754600525,0.06777449697256088,10112.0,10108.0
12.822100639343262,8.6858491897583,1.1406718492507935,0.06778334826231003,10116.0,10112.0
11.886299133300781,9.531444549560547,0.6917934417724609,0.06779235601425171,10120.0,10116.0
32.684959411621094,8.963783264160156,0.3508511185646057,0.06780098378658295,10124.0,10120.0
35.95082092285156,12.143560409545898,0.38536131381988525,0.0678093433380127,10128.0,10124.0
6.034852027893066,10.70843505859375,0.48790407180786133,0.06781759113073349,10132.0,10128.0
39.45623016357422,10.968327522277832,0.816721498966217,0.06782624125480652,10136.0,10132.0
20.935773849487305,10.814046859741211,0.23815961182117462,0.06783439218997955,10140.0,10136.0
25.04828453063965,8.333321571350098,0.3526805639266968,0.0678422674536705,10144.0,10140.0
19.947296142578125,9.778738021850586,0.3000532388687134,0.06784980744123459,10148.0,10144.0
37.04616928100586,12.214216232299805,0.33019644021987915,0.06785708665847778,10152.0,10148.0
9.491340637207031,12.011480331420898,0.2818531394004822,0.0678640753030777,10156.0,10152.0
10.25694465637207,11.436389923095703,0.12822192907333374,0.06787056475877762,10160.0,10156.0
8.616844177246094,9.90684986114502,0.10597409307956696,0.06787656247615814,10164.0,10160.0
6.950882434844971,7.322607517242432,0.5829362273216248,0.06788284331560135,10168.0,10164.0
11.009892463684082,8.53042984008789,0.6570613384246826,0.06788948178291321,10172.0,10168.0
6.495254993438721,12.064264297485352,0.1914183497428894,0.06789574772119522,10176.0,10172.0
8.634040832519531,8.74609088897705,0.4096221327781677,0.06790201365947723,10180.0,10176.0
14.46481990814209,9.283146858215332,0.4835869371891022,0.067908376455307,10184.0,10180.0
47.83539962768555,12.538895606994629,0.42719000577926636,0.06791475415229797,10188.0,10184.0
9.285998344421387,9.978538513183594,0.6523139476776123,0.06792148947715759,10192.0,10188.0
36.01081466674805,10.849471092224121,0.6152317523956299,0.0679284855723381,10196.0,10194.0
54.19070053100586,8.71820068359375,0.7481198906898499,0.06793592125177383,10200.0,10198.0
7.545825958251953,8.529268264770508,0.3473803997039795,0.06794312596321106,10204.0,10202.0
10.320879936218262,11.216896057128906,0.6822425127029419,0.06795065850019455,10208.0,10206.0
25.886032104492188,12.548505783081055,0.31614482402801514,0.06795791536569595,10212.0,10210.0
