critic_loss,actor_loss,alpha_loss,alpha,global_step,buffer_size
8.144721031188965,8.083759307861328,-1.43694269657135,0.03530699387192726,260.0,258.0
11.569432258605957,8.785867691040039,-1.2857387065887451,0.035296447575092316,264.0,262.0
11.203924179077148,8.40372085571289,-1.2373223304748535,0.035285938531160355,268.0,266.0
6.774356842041016,7.217494010925293,-1.4745962619781494,0.03527537360787392,272.0,270.0
7.256640434265137,7.734755516052246,-1.2416107654571533,0.03526485338807106,276.0,274.0
6.906210899353027,8.135902404785156,-0.625035285949707,0.03525485098361969,280.0,278.0
6.035340309143066,7.797966003417969,-1.2763144969940186,0.03524473309516907,284.0,282.0
5.284420967102051,8.349041938781738,-1.356309175491333,0.035234492272138596,288.0,286.0
5.91334342956543,7.843478679656982,-0.6958509683609009,0.03522457927465439,292.0,290.0
4.226934432983398,8.23481273651123,-1.055176019668579,0.03521466255187988,296.0,294.0
4.564558029174805,7.204610824584961,-1.2258362770080566,0.03520463779568672,300.0,298.0
6.045614719390869,7.592433929443359,-0.9206528663635254,0.035194721072912216,304.0,302.0
4.516556262969971,7.7744832038879395,-0.9136908650398254,0.03518488630652428,308.0,306.0
3.828064441680908,8.338677406311035,-0.12718939781188965,0.03517585247755051,312.0,310.0
3.6362533569335938,8.051523208618164,-0.5630447864532471,0.035167064517736435,316.0,314.0
3.5466089248657227,7.227775573730469,-1.6743137836456299,0.03515775874257088,320.0,318.0
3.5452685356140137,8.232200622558594,-0.31914979219436646,0.035148974508047104,324.0,322.0
3.5166451930999756,7.909661293029785,-1.139333963394165,0.03513997048139572,328.0,326.0
5.599781513214111,8.11516284942627,-0.6570582389831543,0.03513113036751747,332.0,330.0
3.262857437133789,8.182172775268555,-1.4044488668441772,0.03512191027402878,336.0,334.0
4.795070171356201,8.261360168457031,-0.6813690066337585,0.035112857818603516,340.0,338.0
3.3714170455932617,8.277599334716797,-0.9350244998931885,0.03510376065969467,344.0,342.0
2.999141216278076,7.500350475311279,-0.8982946276664734,0.03509464114904404,348.0,346.0
4.299530982971191,8.349644660949707,-0.5170928239822388,0.03508581966161728,352.0,350.0
3.4342246055603027,7.495293617248535,-1.3513286113739014,0.03507662191987038,356.0,354.0
4.1725873947143555,7.751521110534668,-0.6966370344161987,0.03506757318973541,360.0,358.0
4.280969142913818,8.515730857849121,-0.19597259163856506,0.0350591316819191,364.0,362.0
3.654049873352051,8.310709953308105,-0.54952472448349,0.0350508876144886,368.0,366.0
4.009517192840576,7.859457969665527,-0.9417012929916382,0.035042475908994675,372.0,370.0
4.078311920166016,8.433162689208984,-0.7732187509536743,0.03503405302762985,376.0,374.0
4.742227077484131,7.6976799964904785,-0.8520119190216064,0.03502555191516876,380.0,378.0
2.298360586166382,7.188530445098877,-0.7295385599136353,0.03501708433032036,384.0,382.0
4.134056091308594,7.320644855499268,-0.3849719762802124,0.03500897064805031,388.0,386.0
3.5432119369506836,7.580771446228027,-0.8402985334396362,0.035000741481781006,392.0,390.0
3.0670735836029053,7.888615131378174,-0.5224629044532776,0.034992706030607224,396.0,394.0
3.0150885581970215,7.737813949584961,-0.525473952293396,0.03498484194278717,400.0,398.0
3.949699640274048,7.643283367156982,-0.5763116478919983,0.03497706726193428,404.0,402.0
3.9006333351135254,7.919575214385986,-0.025869540870189667,0.034969963133335114,408.0,406.0
2.121385097503662,7.271490097045898,-0.6296017169952393,0.03496282920241356,412.0,410.0
2.917647361755371,7.507907390594482,-0.47739726305007935,0.03495581075549126,416.0,414.0
3.4308338165283203,7.3808512687683105,-0.7770731449127197,0.03494858369231224,420.0,418.0
3.6710174083709717,7.369718551635742,-0.22584669291973114,0.03494176268577576,424.0,422.0
3.0628061294555664,7.141729354858398,-0.9895982146263123,0.034934498369693756,428.0,426.0
2.155531644821167,7.094638824462891,-0.5297057628631592,0.03492730110883713,432.0,430.0
3.2058615684509277,7.256505489349365,-0.781507134437561,0.03491990640759468,436.0,434.0
2.156581401824951,6.801544189453125,-0.9618480205535889,0.03491215035319328,440.0,438.0
3.269679069519043,6.962105751037598,-0.5682251453399658,0.034904468804597855,444.0,442.0
2.262907028198242,6.632322788238525,-0.412602961063385,0.034897010773420334,448.0,446.0
2.6379401683807373,6.710283279418945,-0.7873311638832092,0.03488936647772789,452.0,450.0
2.9712471961975098,6.6445770263671875,-0.26827332377433777,0.03488210588693619,456.0,454.0
2.808363437652588,6.664703845977783,0.14106854796409607,0.03487567603588104,460.0,458.0
2.569976806640625,6.910327911376953,0.013105541467666626,0.034869857132434845,464.0,462.0
2.396892786026001,6.112675666809082,-0.5505104064941406,0.034863922744989395,468.0,466.0
2.5759501457214355,6.261845111846924,0.4576027989387512,0.03485910966992378,472.0,470.0
2.932870388031006,5.925968647003174,-0.37800025939941406,0.034854281693696976,476.0,474.0
3.081683397293091,6.040029525756836,-0.17593097686767578,0.03484967723488808,480.0,478.0
2.098597288131714,5.967472076416016,-0.30962011218070984,0.03484511747956276,484.0,482.0
2.3550219535827637,5.927698135375977,-0.0678742378950119,0.034840889275074005,488.0,486.0
2.7448360919952393,5.4971113204956055,0.3704768717288971,0.03483753278851509,492.0,490.0
2.134371280670166,6.110157012939453,-0.18156105279922485,0.034834250807762146,496.0,494.0
2.066828489303589,6.119307518005371,0.507931113243103,0.0348319411277771,500.0,498.0
2.719759941101074,6.284949779510498,0.22549469769001007,0.03483014181256294,504.0,502.0
2.368922472000122,5.8399481773376465,0.49885836243629456,0.03482916206121445,508.0,506.0
3.0974855422973633,5.6795501708984375,0.7293670177459717,0.03482922911643982,512.0,510.0
1.9223947525024414,5.417929172515869,1.0627800226211548,0.03483066335320473,516.0,514.0
3.1910524368286133,5.786612033843994,1.2837400436401367,0.03483358770608902,520.0,518.0
2.026914596557617,5.895340919494629,0.6362546682357788,0.034837041050195694,524.0,522.0
3.2999351024627686,5.507565021514893,0.682651937007904,0.034841038286685944,528.0,526.0
1.8067023754119873,5.563106060028076,0.5164666771888733,0.034845322370529175,532.0,530.0
2.3228042125701904,5.514056205749512,0.9844968914985657,0.034850433468818665,536.0,534.0
2.4354734420776367,5.4118757247924805,0.5707523822784424,0.03485579416155815,540.0,538.0
2.853118896484375,5.224773406982422,0.88198322057724,0.03486175090074539,544.0,542.0
2.094424247741699,5.10738468170166,0.7762146592140198,0.03486812114715576,548.0,546.0
2.4862749576568604,4.842308044433594,0.2983047068119049,0.03487427160143852,552.0,550.0
1.9316771030426025,4.64185905456543,0.9683809876441956,0.03488105908036232,556.0,554.0
2.5235023498535156,4.615527153015137,0.7643358707427979,0.03488815948367119,560.0,558.0
2.514580726623535,4.2774977684021,0.4569818675518036,0.03489518165588379,564.0,562.0
2.073580741882324,4.045576572418213,0.7517970204353333,0.03490248695015907,568.0,566.0
2.658651113510132,4.3463335037231445,1.2760906219482422,0.0349106527864933,572.0,570.0
2.667387008666992,4.416998863220215,1.3973138332366943,0.03491969034075737,576.0,574.0
2.0302562713623047,3.935927391052246,1.0582695007324219,0.03492914140224457,580.0,578.0
1.8074045181274414,3.851975440979004,0.6120061874389648,0.03493846207857132,584.0,582.0
2.144956588745117,3.8548452854156494,1.4238009452819824,0.03494854271411896,588.0,586.0
2.6299052238464355,4.943259239196777,1.1474136114120483,0.034959010779857635,592.0,590.0
2.3036282062530518,4.2819061279296875,0.8301302790641785,0.03496947139501572,596.0,594.0
2.0909557342529297,4.28459358215332,1.0255941152572632,0.03498014435172081,600.0,598.0
2.1171841621398926,3.7436363697052,1.205423355102539,0.034991197288036346,604.0,602.0
2.4029178619384766,4.586423397064209,1.106867790222168,0.03500247746706009,608.0,606.0
2.4520561695098877,4.074474811553955,0.8159937262535095,0.035013653337955475,612.0,610.0
1.960760474205017,4.212618350982666,0.7853590846061707,0.03502470254898071,616.0,614.0
2.603872299194336,4.2551069259643555,0.256063312292099,0.035035014152526855,620.0,618.0
2.489166021347046,4.420472621917725,0.6287922263145447,0.035045117139816284,624.0,622.0
2.4919309616088867,4.325722694396973,0.7155426740646362,0.035055119544267654,628.0,626.0
2.4744114875793457,4.922604560852051,0.7210373878479004,0.03506503999233246,632.0,630.0
3.1036171913146973,4.478661060333252,1.205002784729004,0.03507543355226517,636.0,634.0
2.9198100566864014,3.8557863235473633,1.773507833480835,0.03508679196238518,640.0,638.0
2.7088334560394287,4.858914852142334,1.2515145540237427,0.03509848937392235,644.0,642.0
2.7848305702209473,4.587341785430908,1.834859848022461,0.03511102497577667,648.0,646.0
2.7602362632751465,4.467853546142578,1.5066382884979248,0.03512398898601532,652.0,650.0
2.3845033645629883,4.914814472198486,1.7576847076416016,0.035137537866830826,656.0,654.0
3.053563117980957,4.9278035163879395,1.6890246868133545,0.035151541233062744,660.0,658.0
2.484644889831543,4.853315353393555,1.7732517719268799,0.03516599163413048,664.0,662.0
2.481274366378784,4.111950397491455,1.3947622776031494,0.03518050163984299,668.0,666.0
3.062143325805664,4.371175765991211,2.1579713821411133,0.03519567474722862,672.0,670.0
2.466841220855713,5.0883307456970215,2.0168282985687256,0.035211313515901566,676.0,674.0
2.8622145652770996,4.38657808303833,2.0079758167266846,0.035227324813604355,680.0,678.0
2.356698989868164,3.599003553390503,1.9004236459732056,0.035243574529886246,684.0,682.0
2.457399845123291,3.8773674964904785,2.2081716060638428,0.03526023030281067,688.0,686.0
2.658907413482666,4.001226425170898,2.314180850982666,0.03527729958295822,692.0,690.0
2.417945384979248,3.7502574920654297,2.1644175052642822,0.035294607281684875,696.0,694.0
2.682878017425537,4.097417831420898,1.8163280487060547,0.035311851650476456,700.0,698.0
2.5933003425598145,4.117379665374756,2.1284689903259277,0.035329267382621765,704.0,702.0
2.3844151496887207,4.221133232116699,1.6420221328735352,0.03534645587205887,708.0,706.0
2.4423251152038574,4.443924903869629,1.7506635189056396,0.03536352515220642,712.0,710.0
2.4746901988983154,4.783807277679443,2.048348903656006,0.035380683839321136,716.0,714.0
2.1431210041046143,4.0504469871521,2.1215391159057617,0.0353979729115963,720.0,718.0
2.0162320137023926,4.0894694328308105,1.9071300029754639,0.035415202379226685,724.0,722.0
2.6223552227020264,4.258411407470703,2.099680185317993,0.03543251007795334,728.0,726.0
1.83315110206604,4.169226169586182,1.736857295036316,0.03544960916042328,732.0,730.0
2.185081958770752,3.6193628311157227,1.7752717733383179,0.03546655923128128,736.0,734.0
2.06974458694458,3.751875400543213,1.5621602535247803,0.03548320382833481,740.0,738.0
2.4202568531036377,3.8248722553253174,1.555745244026184,0.035499561578035355,744.0,742.0
2.2901859283447266,3.9252593517303467,1.9502546787261963,0.035515960305929184,748.0,746.0
2.2867064476013184,3.475231409072876,1.6800075769424438,0.03553218021988869,752.0,750.0
1.9592828750610352,3.647831439971924,1.8964729309082031,0.03554839640855789,756.0,754.0
2.182607650756836,4.072720050811768,1.5413610935211182,0.03556434437632561,760.0,758.0
1.982347011566162,3.7442941665649414,1.5143296718597412,0.035580024123191833,764.0,762.0
1.9029273986816406,3.011773109436035,1.5761393308639526,0.03559551015496254,768.0,766.0
1.9353796243667603,2.9430556297302246,1.9764389991760254,0.0356111116707325,772.0,770.0
2.59837007522583,3.912280797958374,1.8698625564575195,0.035626739263534546,776.0,774.0
2.010922431945801,3.503314256668091,1.686402678489685,0.035642243921756744,780.0,778.0
2.3411567211151123,3.2297818660736084,1.3952269554138184,0.03565741330385208,784.0,782.0
3.1733040809631348,3.8840889930725098,1.882347822189331,0.03567265346646309,788.0,786.0
1.9682508707046509,3.575622320175171,1.1718010902404785,0.0356874018907547,792.0,790.0
1.589885950088501,3.413693904876709,1.667140245437622,0.03570210188627243,796.0,794.0
2.065934419631958,3.3003997802734375,1.5956207513809204,0.03571668267250061,800.0,798.0
1.653438925743103,3.6319212913513184,1.669934868812561,0.0357312336564064,804.0,802.0
1.8501111268997192,2.7513928413391113,1.9128451347351074,0.03574591130018234,808.0,806.0
1.4621179103851318,3.215935468673706,1.9406906366348267,0.03576073795557022,812.0,810.0
2.653402328491211,3.170227289199829,1.4832935333251953,0.03577533736824989,816.0,814.0
2.0777554512023926,3.0447263717651367,1.7947168350219727,0.03578996658325195,820.0,818.0
2.010356903076172,2.945260524749756,1.3041688203811646,0.03580426424741745,824.0,822.0
2.9168121814727783,2.7060141563415527,2.3364858627319336,0.035819001495838165,828.0,826.0
2.306150197982788,2.628730535507202,1.3678522109985352,0.03583342581987381,832.0,830.0
2.663642168045044,3.3000142574310303,1.9044954776763916,0.035847969353199005,836.0,834.0
2.672175645828247,3.2318167686462402,1.5538785457611084,0.035862356424331665,840.0,838.0
2.419559955596924,2.930765390396118,1.6488161087036133,0.035876672714948654,844.0,842.0
2.2451767921447754,3.496044158935547,1.2573649883270264,0.03589062765240669,848.0,846.0
2.561375379562378,3.4960126876831055,1.698887586593628,0.03590458631515503,852.0,850.0
1.8726714849472046,2.1442935466766357,1.7464382648468018,0.03591858595609665,856.0,854.0
2.0475234985351562,2.8396472930908203,1.4050863981246948,0.03593235835433006,860.0,858.0
2.0190539360046387,3.133840322494507,2.0304908752441406,0.03594639524817467,864.0,862.0
2.183891534805298,2.985036611557007,1.3261313438415527,0.035960134118795395,868.0,866.0
2.076374053955078,3.089975357055664,1.014729380607605,0.03597337380051613,872.0,870.0
2.7390975952148438,3.1227495670318604,2.3247408866882324,0.035987142473459244,876.0,874.0
2.1713321208953857,2.9202425479888916,1.6780420541763306,0.036000899970531464,880.0,878.0
2.4175477027893066,2.50093674659729,1.5528364181518555,0.036014556884765625,884.0,882.0
2.050750255584717,2.7288293838500977,2.007216691970825,0.03602846339344978,888.0,886.0
1.9141056537628174,3.424825668334961,1.583579182624817,0.03604226931929588,892.0,890.0
1.5555328130722046,2.232154607772827,1.406685709953308,0.03605584800243378,896.0,894.0
2.123086452484131,3.2222368717193604,1.3492250442504883,0.03606919199228287,900.0,898.0
2.4612255096435547,2.89469051361084,1.8431034088134766,0.036082688719034195,904.0,902.0
1.644404411315918,2.1542763710021973,1.7169973850250244,0.03609621524810791,908.0,906.0
1.960113763809204,1.976714849472046,1.2557271718978882,0.03610943630337715,912.0,910.0
1.8227825164794922,2.4537792205810547,1.3212076425552368,0.03612241894006729,916.0,914.0
1.787933349609375,2.6746742725372314,1.2196475267410278,0.036135125905275345,920.0,918.0
2.0231921672821045,3.038489580154419,0.8877716064453125,0.03614731878042221,924.0,922.0
2.254573345184326,1.4372731447219849,1.248800277709961,0.03615933284163475,928.0,926.0
1.9404009580612183,2.013787031173706,1.1289746761322021,0.036171093583106995,932.0,930.0
2.199878692626953,2.3204050064086914,0.5368519425392151,0.03618215024471283,936.0,934.0
1.8897321224212646,2.049888849258423,1.1546427011489868,0.03619307652115822,940.0,938.0
2.02333664894104,2.6877005100250244,1.417649269104004,0.036204077303409576,944.0,942.0
2.701822280883789,2.2730536460876465,1.1539287567138672,0.036214955151081085,948.0,946.0
2.186816692352295,2.13433575630188,1.2069287300109863,0.036225758492946625,952.0,950.0
1.7113049030303955,1.5404831171035767,1.7146981954574585,0.03623688593506813,956.0,954.0
2.600465774536133,2.6508569717407227,2.1550257205963135,0.03624862805008888,960.0,958.0
2.188398838043213,2.1727445125579834,1.8725299835205078,0.03626071289181709,964.0,962.0
2.47476863861084,2.7585482597351074,2.661492347717285,0.036273665726184845,968.0,966.0
1.9358316659927368,2.607111930847168,1.8937567472457886,0.036286838352680206,972.0,970.0
2.2221879959106445,1.6275739669799805,2.016716957092285,0.036300286650657654,976.0,974.0
2.6881022453308105,2.1727542877197266,1.851313591003418,0.036313869059085846,980.0,978.0
2.074553966522217,2.0422744750976562,2.2789993286132812,0.03632786124944687,984.0,982.0
1.6657195091247559,1.6303688287734985,1.9770272970199585,0.03634200990200043,988.0,986.0
2.3330039978027344,2.3982999324798584,2.5004680156707764,0.03635665401816368,992.0,990.0
1.5035967826843262,2.268836259841919,2.219271659851074,0.036371540278196335,996.0,994.0
2.4102423191070557,1.4187273979187012,2.101931095123291,0.036386553198099136,1000.0,998.0
2.4314956665039062,1.1409178972244263,1.6966264247894287,0.036401402205228806,1004.0,1002.0
2.2659106254577637,2.0380070209503174,2.572396755218506,0.03641669452190399,1008.0,1006.0
2.4304397106170654,2.300877809524536,2.311946392059326,0.03643220663070679,1012.0,1010.0
2.424678325653076,2.005833387374878,2.20438289642334,0.03644782677292824,1016.0,1014.0
6.288416862487793,2.1616005897521973,1.864978551864624,0.03646331652998924,1020.0,1018.0
2.266427516937256,2.428485631942749,2.3188834190368652,0.03647899255156517,1024.0,1022.0
2.9938108921051025,2.7835488319396973,1.8086540699005127,0.03649448603391647,1028.0,1026.0
5.50629186630249,2.847743034362793,1.8408981561660767,0.03650983050465584,1032.0,1030.0
2.099757432937622,1.9451311826705933,2.0453028678894043,0.0365251787006855,1036.0,1034.0
2.097966194152832,2.4315567016601562,1.6103391647338867,0.03654022887349129,1040.0,1038.0
5.169277191162109,2.637716293334961,1.940314769744873,0.03655524551868439,1044.0,1042.0
2.854085922241211,2.640383005142212,1.3476632833480835,0.03656980022788048,1048.0,1046.0
2.809659957885742,1.81475830078125,1.6944711208343506,0.03658419847488403,1052.0,1050.0
5.6197590827941895,1.5458897352218628,2.1219329833984375,0.036598749458789825,1056.0,1054.0
2.0041847229003906,1.4871342182159424,1.5293262004852295,0.03661302104592323,1060.0,1058.0
5.786982536315918,2.0016539096832275,1.1810665130615234,0.03662678971886635,1064.0,1062.0
1.649204969406128,2.7041399478912354,1.823952555656433,0.03664056211709976,1068.0,1066.0
4.565793991088867,2.959291934967041,1.8450957536697388,0.036654360592365265,1072.0,1070.0
5.776826858520508,2.4504380226135254,1.4506049156188965,0.03666789084672928,1076.0,1074.0
2.432558059692383,1.7557644844055176,1.7619457244873047,0.0366814061999321,1080.0,1078.0
2.6933846473693848,2.0001766681671143,2.0351548194885254,0.03669510781764984,1084.0,1082.0
2.523301124572754,1.8214002847671509,1.777315378189087,0.0367087721824646,1088.0,1086.0
7.31569242477417,2.210390567779541,1.559464931488037,0.036722272634506226,1092.0,1090.0
2.9839048385620117,1.988802433013916,1.9899680614471436,0.036735907196998596,1096.0,1094.0
4.615893363952637,2.61690616607666,2.193364381790161,0.036749809980392456,1100.0,1098.0
2.8991432189941406,1.334382176399231,1.6139733791351318,0.036763548851013184,1104.0,1102.0
7.146176338195801,1.6045576333999634,2.013329267501831,0.03677741810679436,1108.0,1106.0
2.811075210571289,1.6354354619979858,1.4975799322128296,0.036791037768125534,1112.0,1110.0
1.8903632164001465,1.2859251499176025,1.025486707687378,0.03680410236120224,1116.0,1114.0
6.0878753662109375,2.0231223106384277,1.3648614883422852,0.03681689873337746,1120.0,1118.0
5.838230133056641,1.4603595733642578,1.5995296239852905,0.0368296355009079,1124.0,1122.0
2.542349338531494,1.6186587810516357,0.7627450823783875,0.036841705441474915,1128.0,1126.0
2.437124013900757,1.6002771854400635,1.3720189332962036,0.0368536151945591,1132.0,1130.0
3.96891450881958,1.5811562538146973,1.6777374744415283,0.036865610629320145,1136.0,1134.0
5.28659200668335,1.9868255853652954,1.3716436624526978,0.03687746077775955,1140.0,1138.0
1.5935012102127075,1.1903376579284668,1.2423231601715088,0.03688908740878105,1144.0,1142.0
5.145605564117432,1.899050235748291,1.2000901699066162,0.03690047934651375,1148.0,1146.0
5.001267433166504,1.9649150371551514,1.0680649280548096,0.03691156581044197,1152.0,1150.0
5.587682723999023,1.4004398584365845,1.1780368089675903,0.03692246228456497,1156.0,1154.0
4.246219635009766,1.2826828956604004,1.5040128231048584,0.03693342208862305,1160.0,1158.0
2.089901924133301,1.5321276187896729,1.1161317825317383,0.036944158375263214,1164.0,1162.0
2.75083327293396,1.8909311294555664,0.7065887451171875,0.03695438802242279,1168.0,1166.0
2.524313449859619,1.5301214456558228,1.2864350080490112,0.03696459159255028,1172.0,1170.0
1.7955703735351562,1.682106375694275,1.2713730335235596,0.03697476163506508,1176.0,1174.0
1.8677546977996826,0.553956925868988,0.9030941724777222,0.036984629929065704,1180.0,1178.0
2.042706251144409,1.656973958015442,1.0105109214782715,0.03699430078268051,1184.0,1182.0
3.359189510345459,0.7094763517379761,1.1343296766281128,0.03700390085577965,1188.0,1186.0
1.9591530561447144,0.5163748264312744,1.3210608959197998,0.037013571709394455,1192.0,1190.0
2.46152925491333,1.619786262512207,1.264969825744629,0.037023261189460754,1196.0,1194.0
2.9080817699432373,0.6873828172683716,1.5216500759124756,0.037033166736364365,1200.0,1198.0
2.4586668014526367,0.2399115264415741,1.1846082210540771,0.0370430126786232,1204.0,1202.0
2.4550576210021973,-0.3759869933128357,1.4151883125305176,0.037052977830171585,1208.0,1206.0
1.9257230758666992,0.7662016749382019,1.7646325826644897,0.03706330433487892,1212.0,1210.0
3.1905598640441895,0.859437108039856,1.2198009490966797,0.03707355633378029,1216.0,1214.0
2.8298535346984863,1.4846646785736084,1.3508594036102295,0.037083838135004044,1220.0,1218.0
2.0713706016540527,0.8532238006591797,0.961156964302063,0.03709385544061661,1224.0,1222.0
3.4111125469207764,0.42766088247299194,1.5773818492889404,0.03710409998893738,1228.0,1226.0
1.4188268184661865,0.5052818655967712,1.3750264644622803,0.03711439669132233,1232.0,1230.0
2.2100837230682373,0.902811586856842,1.4175703525543213,0.03712477162480354,1236.0,1234.0
2.641177177429199,0.39144957065582275,1.2402395009994507,0.037135083228349686,1240.0,1238.0
3.447481155395508,-0.10803364962339401,0.4859863221645355,0.037144772708415985,1244.0,1242.0
4.677448749542236,0.4628656506538391,1.3166983127593994,0.03715452179312706,1248.0,1246.0
2.0579166412353516,0.18826529383659363,1.1739215850830078,0.037164222449064255,1252.0,1250.0
4.434731483459473,1.2772685289382935,1.2976255416870117,0.037173978984355927,1256.0,1254.0
4.556604385375977,0.32349687814712524,0.8527711033821106,0.03718344867229462,1260.0,1258.0
3.5752081871032715,-0.08126874268054962,1.3963769674301147,0.037193067371845245,1264.0,1262.0
4.319714546203613,0.15220534801483154,1.3613559007644653,0.037202805280685425,1268.0,1266.0
1.590035080909729,-0.789972186088562,1.7486611604690552,0.03721293434500694,1272.0,1270.0
5.473773956298828,-0.25679153203964233,1.8037047386169434,0.0372234582901001,1276.0,1274.0
2.0046610832214355,-0.306609570980072,1.7747042179107666,0.037234313786029816,1280.0,1278.0
4.502432823181152,0.4648786783218384,1.6684982776641846,0.037245385348796844,1284.0,1282.0
3.0712966918945312,-0.16624155640602112,1.5266196727752686,0.037256550043821335,1288.0,1286.0
5.677337646484375,0.395136296749115,1.2899997234344482,0.03726761043071747,1292.0,1290.0
2.6052985191345215,-0.3202483057975769,1.624688982963562,0.03727884590625763,1296.0,1294.0
3.202448844909668,-0.2959250807762146,1.6424345970153809,0.03729023039340973,1300.0,1298.0
2.4307198524475098,0.04769796133041382,1.575247049331665,0.037301719188690186,1304.0,1302.0
2.0927281379699707,1.260817050933838,1.0968073606491089,0.03731292858719826,1308.0,1306.0
2.4015917778015137,0.7426813244819641,1.0797603130340576,0.037323880940675735,1312.0,1310.0
3.2143664360046387,1.4363460540771484,1.9460532665252686,0.03733524680137634,1316.0,1314.0
3.0574517250061035,-0.0380883514881134,0.7702591419219971,0.03734609857201576,1320.0,1318.0
2.4683399200439453,-0.45655110478401184,1.3431041240692139,0.03735692799091339,1324.0,1322.0
2.9852101802825928,0.3044511675834656,1.6619668006896973,0.03736798092722893,1328.0,1326.0
4.655207633972168,1.1441638469696045,1.2603739500045776,0.037378933280706406,1332.0,1330.0
2.563896417617798,0.8696658611297607,1.2421391010284424,0.03738977015018463,1336.0,1334.0
2.9419639110565186,0.8216814398765564,1.7749649286270142,0.03740091621875763,1340.0,1338.0
4.0366668701171875,1.0883992910385132,1.396475076675415,0.03741205483675003,1344.0,1342.0
2.5331075191497803,0.48297157883644104,0.9667048454284668,0.03742285817861557,1348.0,1346.0
5.175483226776123,0.6267447471618652,1.4506609439849854,0.03743372857570648,1352.0,1350.0
2.514080047607422,0.5737226605415344,1.4213052988052368,0.03744463622570038,1356.0,1354.0
1.982032060623169,-0.17987316846847534,0.9985728859901428,0.037455249577760696,1360.0,1358.0
1.8752442598342896,0.5298980474472046,1.3765621185302734,0.0374658964574337,1364.0,1362.0
2.2812247276306152,1.027360439300537,1.5208134651184082,0.03747668117284775,1368.0,1366.0
2.9883904457092285,1.7762706279754639,1.2121334075927734,0.03748735785484314,1372.0,1370.0
3.816265821456909,1.4677915573120117,1.647718906402588,0.037498265504837036,1376.0,1374.0
2.72637939453125,0.7867268323898315,1.003185749053955,0.037508897483348846,1380.0,1378.0
2.022179365158081,1.0173348188400269,0.7416029572486877,0.03751906752586365,1384.0,1382.0
1.9091644287109375,0.6005798578262329,1.3568263053894043,0.03752930089831352,1388.0,1386.0
1.814122200012207,0.6330080032348633,1.204906940460205,0.03753947466611862,1392.0,1390.0
2.5164854526519775,0.9676914215087891,1.4291006326675415,0.03754977881908417,1396.0,1394.0
4.848777770996094,0.9993772506713867,0.8757194876670837,0.037559762597084045,1400.0,1398.0
2.6255271434783936,1.8296061754226685,1.4454331398010254,0.03756989911198616,1404.0,1402.0
2.0060787200927734,1.371078372001648,0.9974265694618225,0.03757983446121216,1408.0,1406.0
2.0250332355499268,0.346315860748291,1.2501827478408813,0.03758978098630905,1412.0,1410.0
2.645444869995117,0.8787317872047424,1.53110671043396,0.03759995475411415,1416.0,1414.0
3.4801483154296875,0.7621645927429199,2.0059807300567627,0.03761069476604462,1420.0,1418.0
11.302557945251465,1.754101037979126,1.8841524124145508,0.03762185201048851,1424.0,1422.0
5.524473190307617,2.4344229698181152,1.2128889560699463,0.03763286769390106,1428.0,1426.0
2.783140182495117,1.3919012546539307,1.5232182741165161,0.03764399513602257,1432.0,1430.0
2.3529179096221924,1.3325817584991455,1.2550272941589355,0.03765501827001572,1436.0,1434.0
6.117861747741699,1.0990594625473022,1.1634440422058105,0.037665873765945435,1440.0,1438.0
5.110342025756836,1.526761770248413,1.3400124311447144,0.037676725536584854,1444.0,1442.0
2.1140525341033936,1.462592601776123,1.2212181091308594,0.037687480449676514,1448.0,1446.0
2.498528242111206,2.239933490753174,1.384230375289917,0.03769826143980026,1452.0,1450.0
2.6147103309631348,1.6761677265167236,1.2258479595184326,0.037708960473537445,1456.0,1454.0
4.117237091064453,1.518552303314209,1.1642236709594727,0.03771952539682388,1460.0,1458.0
4.63413667678833,1.4927184581756592,1.2557802200317383,0.03773004934191704,1464.0,1462.0
5.6344122886657715,1.4321757555007935,1.2540943622589111,0.03774053975939751,1468.0,1466.0
4.679931163787842,1.3268663883209229,0.9543077945709229,0.037750761955976486,1472.0,1470.0
2.161372184753418,1.9352304935455322,1.1070127487182617,0.037760861217975616,1476.0,1474.0
6.825699806213379,1.8552278280258179,1.244149923324585,0.03777095675468445,1480.0,1478.0
3.76712703704834,1.219327688217163,1.2151823043823242,0.03778102621436119,1484.0,1482.0
2.1247615814208984,2.169818878173828,1.4473356008529663,0.037791259586811066,1488.0,1486.0
2.2025277614593506,1.1507976055145264,1.3354846239089966,0.03780154883861542,1492.0,1490.0
2.1996240615844727,2.4595987796783447,1.2574158906936646,0.03781183436512947,1496.0,1494.0
4.377768516540527,2.435455560684204,1.7992274761199951,0.03782253712415695,1500.0,1498.0
2.488435745239258,2.1014373302459717,1.1355080604553223,0.03783309832215309,1504.0,1502.0
2.182441234588623,2.037109851837158,1.0044457912445068,0.03784341737627983,1508.0,1506.0
2.7027478218078613,1.3683524131774902,1.6053946018218994,0.03785400465130806,1512.0,1510.0
4.461278915405273,1.7431397438049316,1.1054046154022217,0.03786443918943405,1516.0,1514.0
4.409233093261719,2.3774898052215576,1.2774550914764404,0.037874866276979446,1520.0,1518.0
2.6293256282806396,1.322382926940918,1.7764039039611816,0.03788568452000618,1524.0,1522.0
2.6237053871154785,2.0432355403900146,1.8107619285583496,0.03789687901735306,1528.0,1526.0
4.663407802581787,1.684980034828186,1.6688218116760254,0.037908293306827545,1532.0,1530.0
1.9965839385986328,1.3061480522155762,1.6970741748809814,0.03791993483901024,1536.0,1534.0
4.250876426696777,1.2178750038146973,1.3132548332214355,0.03793148323893547,1540.0,1538.0
2.21687650680542,2.210289478302002,1.8544502258300781,0.03794335946440697,1544.0,1542.0
2.373534917831421,2.2375540733337402,1.3133066892623901,0.037955112755298615,1548.0,1546.0
2.3846139907836914,2.3086862564086914,1.476349949836731,0.037966884672641754,1552.0,1550.0
2.3233768939971924,0.6324627995491028,1.1570756435394287,0.03797842934727669,1556.0,1554.0
3.8604507446289062,3.019609212875366,0.9968402981758118,0.03798963874578476,1560.0,1558.0
2.1083078384399414,1.331352949142456,1.3069019317626953,0.038000792264938354,1564.0,1562.0
1.8670802116394043,2.4080889225006104,1.5285396575927734,0.0380120724439621,1568.0,1566.0
5.072958946228027,1.0876801013946533,1.567840337753296,0.03802349418401718,1572.0,1570.0
2.2493515014648438,1.8914883136749268,1.4240772724151611,0.03803492709994316,1576.0,1574.0
4.401186943054199,1.788815975189209,1.437814474105835,0.03804638981819153,1580.0,1578.0
6.785924911499023,0.8155726194381714,1.242964506149292,0.03805772215127945,1584.0,1582.0
1.615684986114502,0.968255877494812,1.548814058303833,0.03806917369365692,1588.0,1586.0
1.8605936765670776,0.9677551984786987,1.3127704858779907,0.03808055818080902,1592.0,1590.0
1.937766194343567,1.6542571783065796,1.3524551391601562,0.038091909140348434,1596.0,1594.0
2.994019031524658,1.0344942808151245,1.9076893329620361,0.03810366243124008,1600.0,1598.0
3.0980782508850098,2.0442819595336914,1.8033466339111328,0.038115695118904114,1604.0,1602.0
4.100359916687012,0.581636369228363,1.0406789779663086,0.03812738135457039,1608.0,1606.0
4.512154579162598,1.0108962059020996,0.9950650930404663,0.03813871741294861,1612.0,1610.0
2.718594789505005,2.4642257690429688,1.8629571199417114,0.038150422275066376,1616.0,1614.0
2.0335569381713867,1.4914964437484741,1.3635804653167725,0.038162074983119965,1620.0,1618.0
1.761572003364563,0.46735453605651855,1.4249694347381592,0.038173723965883255,1624.0,1622.0
2.048029899597168,1.3082494735717773,1.4119446277618408,0.03818535804748535,1628.0,1626.0
4.422669410705566,1.290850281715393,2.0197653770446777,0.038197457790374756,1632.0,1630.0
2.1457061767578125,2.130872964859009,1.1613285541534424,0.038209300488233566,1636.0,1634.0
1.9324774742126465,2.3492112159729004,1.346519112586975,0.03822106122970581,1640.0,1638.0
2.1025912761688232,0.8832632303237915,0.816730260848999,0.03823232650756836,1644.0,1642.0
2.0724902153015137,2.2015914916992188,1.5159893035888672,0.03824370354413986,1648.0,1646.0
4.906096458435059,1.8682622909545898,0.8636325597763062,0.03825465589761734,1652.0,1650.0
2.524186134338379,0.8800936341285706,1.5951972007751465,0.038265813142061234,1656.0,1654.0
2.0178298950195312,1.7747807502746582,1.4849967956542969,0.038277074694633484,1660.0,1658.0
2.2006874084472656,1.5427768230438232,1.3778539896011353,0.038288336247205734,1664.0,1662.0
1.7946803569793701,0.49159541726112366,1.5190266370773315,0.03829971328377724,1668.0,1666.0
8.94545841217041,2.104475975036621,1.3633145093917847,0.03831107169389725,1672.0,1670.0
1.7849931716918945,1.899973750114441,1.2966320514678955,0.038322366774082184,1676.0,1674.0
10.133479118347168,0.2120998203754425,1.6527122259140015,0.038333870470523834,1680.0,1678.0
2.3464345932006836,0.38484859466552734,1.510371446609497,0.03834545984864235,1684.0,1682.0
7.076629161834717,0.532014012336731,1.622592806816101,0.038357220590114594,1688.0,1686.0
2.223881959915161,2.126413583755493,1.9760631322860718,0.038369402289390564,1692.0,1690.0
2.6275463104248047,0.6354274153709412,1.8531930446624756,0.03838186338543892,1696.0,1694.0
2.7731986045837402,0.8497380614280701,1.4085602760314941,0.03839423879981041,1700.0,1698.0
2.065377712249756,0.604357123374939,1.5464633703231812,0.03840663284063339,1704.0,1702.0
2.3599767684936523,1.7212731838226318,1.6313459873199463,0.03841911628842354,1708.0,1706.0
1.6186845302581787,1.4324886798858643,1.5234841108322144,0.03843160346150398,1712.0,1710.0
1.8765153884887695,0.6973331570625305,1.3572229146957397,0.038443949073553085,1716.0,1714.0
3.9078757762908936,0.6701155304908752,1.6721410751342773,0.038456425070762634,1720.0,1718.0
3.5451745986938477,1.5740866661071777,1.237149715423584,0.038468677550554276,1724.0,1722.0
3.35996413230896,0.8890037536621094,1.5450996160507202,0.038480959832668304,1728.0,1726.0
2.3630664348602295,1.2616318464279175,1.2449910640716553,0.038493044674396515,1732.0,1730.0
4.385500907897949,1.404033899307251,1.247847080230713,0.0385049507021904,1736.0,1734.0
2.0780951976776123,1.5709128379821777,1.2312796115875244,0.03851667419075966,1740.0,1738.0
4.6600236892700195,0.6929888129234314,2.1738228797912598,0.038528990000486374,1744.0,1742.0
1.7115453481674194,1.3479063510894775,1.7162575721740723,0.03854147717356682,1748.0,1746.0
1.8572853803634644,0.4836062788963318,1.2816160917282104,0.038553763180971146,1752.0,1750.0
1.8408961296081543,-0.08443164825439453,1.3287672996520996,0.03856591880321503,1756.0,1754.0
1.9807325601577759,0.17494869232177734,1.6376723051071167,0.03857819363474846,1760.0,1758.0
2.0126185417175293,1.0993123054504395,1.7379170656204224,0.03859065845608711,1764.0,1762.0
2.2447116374969482,0.659868597984314,1.8216197490692139,0.03860335797071457,1768.0,1766.0
2.0308663845062256,1.3027340173721313,1.0867196321487427,0.038615692406892776,1772.0,1770.0
2.594731330871582,1.1288328170776367,1.5756347179412842,0.03862807899713516,1776.0,1774.0
1.6796120405197144,1.2168433666229248,2.0178475379943848,0.038640864193439484,1780.0,1778.0
1.6313214302062988,1.0529615879058838,1.8718464374542236,0.038653891533613205,1784.0,1782.0
2.2285966873168945,1.328171968460083,1.3502057790756226,0.038666725158691406,1788.0,1786.0
1.6116857528686523,1.5826467275619507,1.8550704717636108,0.03867977857589722,1792.0,1790.0
3.7604246139526367,0.9612138271331787,1.4854316711425781,0.03869274631142616,1796.0,1794.0
1.8319687843322754,0.23857708275318146,1.5535035133361816,0.03870568424463272,1800.0,1798.0
1.9625954627990723,0.5593537092208862,1.6005260944366455,0.038718633353710175,1804.0,1802.0
1.575771450996399,0.4806041717529297,1.7958877086639404,0.03873175382614136,1808.0,1806.0
1.9318397045135498,0.8258503675460815,1.5297216176986694,0.038744810968637466,1812.0,1810.0
3.676575183868408,1.0258055925369263,1.4963902235031128,0.038757793605327606,1816.0,1814.0
2.151431083679199,0.6999783515930176,1.5035011768341064,0.038770705461502075,1820.0,1818.0
6.179501533508301,0.7928992509841919,1.0232281684875488,0.038783177733421326,1824.0,1822.0
2.248791217803955,1.142617106437683,1.2679967880249023,0.03879544883966446,1828.0,1826.0
1.7346301078796387,0.5150433778762817,1.535665512084961,0.03880774974822998,1832.0,1830.0
2.126521110534668,0.3566408157348633,0.9354531168937683,0.038819607347249985,1836.0,1834.0
2.4073734283447266,1.102522850036621,1.6679282188415527,0.03883164003491402,1840.0,1838.0
2.030771493911743,1.2751262187957764,1.8773995637893677,0.038843993097543716,1844.0,1842.0
5.225108623504639,0.7918623685836792,1.4390968084335327,0.03885629400610924,1848.0,1846.0
2.228527069091797,-0.05436655879020691,1.4877022504806519,0.03886858746409416,1852.0,1850.0
1.872130036354065,1.2125482559204102,1.8157298564910889,0.03888113796710968,1856.0,1854.0
1.9611713886260986,0.37473592162132263,1.1324210166931152,0.03889336809515953,1860.0,1858.0
7.287202835083008,0.9824610948562622,1.131485939025879,0.0389053113758564,1864.0,1862.0
3.666494131088257,1.0942738056182861,1.1969599723815918,0.03891705721616745,1868.0,1866.0
2.625319480895996,1.095030665397644,1.054187297821045,0.03892850875854492,1872.0,1870.0
4.353160858154297,1.0396778583526611,1.8231549263000488,0.03894030675292015,1876.0,1874.0
2.564976215362549,1.310803771018982,1.2463710308074951,0.03895195201039314,1880.0,1878.0
1.988715410232544,-0.15614962577819824,1.1735129356384277,0.03896341100335121,1884.0,1882.0
2.024552583694458,0.1168750524520874,1.5329976081848145,0.03897498920559883,1888.0,1886.0
2.0258970260620117,0.86749666929245,1.1341973543167114,0.03898634761571884,1892.0,1890.0
2.28691029548645,0.015804171562194824,1.6360973119735718,0.038997918367385864,1896.0,1894.0
3.1626641750335693,1.8868480920791626,1.4284148216247559,0.039009515196084976,1900.0,1898.0
5.750028610229492,2.0255751609802246,1.0761173963546753,0.0390208475291729,1904.0,1902.0
2.342712163925171,0.9661771059036255,1.4193729162216187,0.0390322245657444,1908.0,1906.0
2.003818988800049,0.5746153593063354,1.192429780960083,0.03904346004128456,1912.0,1910.0
2.0248172283172607,0.21009323000907898,0.8656390905380249,0.03905429691076279,1916.0,1914.0
2.1080002784729004,1.0873534679412842,0.953953206539154,0.03906484693288803,1920.0,1918.0
4.920304298400879,1.1424216032028198,1.2876076698303223,0.039075419306755066,1924.0,1922.0
3.5856964588165283,0.6317919492721558,0.8227220773696899,0.03908563405275345,1928.0,1926.0
2.5542078018188477,0.7818209528923035,1.0311766862869263,0.039095688611269,1932.0,1930.0
4.050342559814453,0.6125646233558655,0.4675196409225464,0.039105139672756195,1936.0,1934.0
2.1512982845306396,0.5425329208374023,1.1460890769958496,0.03911460563540459,1940.0,1938.0
5.024788856506348,0.7242336273193359,1.2565909624099731,0.039124175906181335,1944.0,1942.0
2.433821201324463,-0.08635228872299194,1.2303619384765625,0.03913382068276405,1948.0,1946.0
1.8750617504119873,0.8105028867721558,1.6680045127868652,0.039143890142440796,1952.0,1950.0
3.486351490020752,1.3070868253707886,1.1416454315185547,0.03915391489863396,1956.0,1954.0
4.129368782043457,0.08577707409858704,1.1046336889266968,0.03916386514902115,1960.0,1958.0
2.133455276489258,0.8648848533630371,1.4995543956756592,0.039174072444438934,1964.0,1962.0
2.1959848403930664,0.04901815950870514,1.1947178840637207,0.039184264838695526,1968.0,1966.0
3.2242794036865234,0.5388655662536621,1.0226973295211792,0.03919430077075958,1972.0,1970.0
4.342541694641113,-0.10232949256896973,1.0394937992095947,0.03920421749353409,1976.0,1974.0
2.212489604949951,1.2882941961288452,0.6313365697860718,0.03921367600560188,1980.0,1978.0
2.151092529296875,0.5656331777572632,0.8237906694412231,0.039222896099090576,1984.0,1982.0
1.7793021202087402,0.09930561482906342,0.9689642190933228,0.03923201560974121,1988.0,1986.0
4.1503682136535645,1.2559462785720825,1.441023588180542,0.03924143314361572,1992.0,1990.0
1.88950777053833,0.361217200756073,0.46388378739356995,0.039250314235687256,1996.0,1994.0
2.6805973052978516,1.2634391784667969,1.2506872415542603,0.03925936296582222,2000.0,1998.0
2.2596590518951416,0.9526839256286621,1.683443546295166,0.03926893323659897,2004.0,2002.0
2.605131149291992,1.1130375862121582,1.0706167221069336,0.03927844390273094,2008.0,2006.0
2.2846126556396484,1.3628406524658203,1.5997705459594727,0.03928835317492485,2012.0,2010.0
5.162907600402832,0.5914300084114075,1.4662058353424072,0.03929850831627846,2016.0,2014.0
4.975016117095947,1.6547492742538452,0.8685390949249268,0.039308395236730576,2020.0,2018.0
2.4857406616210938,0.5688862800598145,1.28805673122406,0.03931838646531105,2024.0,2022.0
3.7487282752990723,0.635569155216217,1.783348798751831,0.03932887688279152,2028.0,2026.0
5.406846523284912,0.852855920791626,1.4189863204956055,0.039339520037174225,2032.0,2030.0
6.46035099029541,2.439065933227539,1.6274597644805908,0.039350468665361404,2036.0,2034.0
2.542778730392456,1.965584635734558,1.6871347427368164,0.03936174884438515,2040.0,2038.0
4.439303398132324,0.2052592933177948,1.6853539943695068,0.03937331959605217,2044.0,2042.0
3.672764778137207,0.6309707164764404,1.4355618953704834,0.03938494622707367,2048.0,2046.0
5.712054252624512,1.3083033561706543,1.4829075336456299,0.03939666599035263,2052.0,2050.0
3.3183774948120117,1.489358901977539,1.9453644752502441,0.039408840239048004,2056.0,2054.0
3.346672534942627,1.0700514316558838,0.8655686378479004,0.039420537650585175,2060.0,2058.0
2.887253761291504,1.1468991041183472,0.737584114074707,0.03943170607089996,2064.0,2062.0
7.091579914093018,1.515326976776123,1.1438186168670654,0.03944273665547371,2068.0,2066.0
3.4788475036621094,1.6032618284225464,0.9963605403900146,0.03945351392030716,2072.0,2070.0
2.676194429397583,0.9148414731025696,0.5826702117919922,0.039463721215724945,2076.0,2074.0
4.69321346282959,1.6273356676101685,1.2707937955856323,0.0394739955663681,2080.0,2078.0
4.807069778442383,1.6283766031265259,1.5230463743209839,0.03948453813791275,2084.0,2082.0
3.6720871925354004,0.9699996113777161,1.3000969886779785,0.039495132863521576,2088.0,2086.0
6.632928371429443,1.476438283920288,1.6969422101974487,0.039506103843450546,2092.0,2090.0
3.345905303955078,0.9832568168640137,1.0563945770263672,0.039516888558864594,2096.0,2094.0
4.508978843688965,1.1059739589691162,0.9095101356506348,0.039527375251054764,2100.0,2098.0
6.282337188720703,2.6267459392547607,1.1632721424102783,0.039537809789180756,2104.0,2102.0
3.5719571113586426,1.3139771223068237,1.0831259489059448,0.039548132568597794,2108.0,2106.0
5.591420650482178,0.5232247114181519,1.0729084014892578,0.039558347314596176,2112.0,2110.0
3.835796356201172,1.9945299625396729,1.0418357849121094,0.03956843912601471,2116.0,2114.0
6.422409534454346,2.9136104583740234,1.8068069219589233,0.03957906365394592,2120.0,2118.0
4.278923988342285,2.085641860961914,1.3607152700424194,0.039589785039424896,2124.0,2122.0
2.949500799179077,1.569904088973999,1.4028922319412231,0.039600640535354614,2128.0,2126.0
3.2853786945343018,1.4300787448883057,1.9181708097457886,0.03961203992366791,2132.0,2130.0
3.1627063751220703,2.2011265754699707,0.717338502407074,0.039622917771339417,2136.0,2134.0
3.3834805488586426,1.04166841506958,1.137904405593872,0.03963369131088257,2140.0,2138.0
4.902980804443359,1.1668708324432373,1.197951316833496,0.03964441642165184,2144.0,2142.0
2.4416494369506836,2.670043706893921,0.7472332119941711,0.039654720574617386,2148.0,2146.0
4.697105407714844,3.1902875900268555,1.4656232595443726,0.039665255695581436,2152.0,2150.0
3.8011715412139893,0.8627126812934875,0.7810002565383911,0.03967541456222534,2156.0,2154.0
4.762087821960449,1.9767892360687256,0.8960462212562561,0.039685338735580444,2160.0,2158.0
3.000211477279663,1.7385575771331787,0.7248332500457764,0.039694905281066895,2164.0,2162.0
3.123887062072754,1.4647893905639648,1.4531300067901611,0.03970476612448692,2168.0,2166.0
2.6320881843566895,1.4593112468719482,1.1083661317825317,0.03971460461616516,2172.0,2170.0
3.5313525199890137,1.7592061758041382,0.848892867565155,0.0397241972386837,2176.0,2174.0
2.9899349212646484,1.9020404815673828,0.912390947341919,0.039733629673719406,2180.0,2178.0
6.7531256675720215,1.7600181102752686,1.4782381057739258,0.03974339738488197,2184.0,2182.0
4.755627632141113,1.0550721883773804,0.5610569715499878,0.03975268453359604,2188.0,2186.0
4.935081481933594,1.3885130882263184,0.39918792247772217,0.03976139798760414,2192.0,2190.0
3.708831548690796,1.3467586040496826,0.8207069039344788,0.03976995870471001,2196.0,2194.0
4.957317352294922,1.7239830493927002,0.7973668575286865,0.039778370410203934,2200.0,2198.0
3.9129157066345215,1.4519914388656616,1.0545830726623535,0.03978686034679413,2204.0,2202.0
2.4556798934936523,2.7728841304779053,1.4316463470458984,0.03979573771357536,2208.0,2206.0
3.5872485637664795,1.5068475008010864,1.194969654083252,0.03980477154254913,2212.0,2210.0
2.988225221633911,3.1697521209716797,1.4933853149414062,0.03981420397758484,2216.0,2214.0
3.3728582859039307,1.5668411254882812,1.418544888496399,0.039823926985263824,2220.0,2218.0
2.366525650024414,1.594116449356079,1.1835803985595703,0.03983371704816818,2224.0,2222.0
2.8309710025787354,0.8961248397827148,0.5617526769638062,0.03984302654862404,2228.0,2226.0
2.679342746734619,1.9225064516067505,1.4965755939483643,0.03985270857810974,2232.0,2230.0
5.732325077056885,1.2547284364700317,1.5806059837341309,0.039862800389528275,2236.0,2234.0
3.0592093467712402,1.8050167560577393,1.317716360092163,0.03987302631139755,2240.0,2238.0
2.9422860145568848,2.4232616424560547,1.3357980251312256,0.03988339751958847,2244.0,2242.0
2.816364049911499,1.90757155418396,1.2122591733932495,0.03989380598068237,2248.0,2246.0
3.4796881675720215,1.8438079357147217,1.2782484292984009,0.039904288947582245,2252.0,2250.0
5.935408592224121,1.0589815378189087,0.9758691787719727,0.039914581924676895,2256.0,2254.0
2.2613134384155273,1.440882921218872,0.7132586240768433,0.03992448002099991,2260.0,2258.0
3.0533676147460938,1.8647522926330566,0.9879848957061768,0.03993426635861397,2264.0,2262.0
3.1440844535827637,1.0340238809585571,1.6489133834838867,0.03994451463222504,2268.0,2266.0
2.6677305698394775,1.80013108253479,1.302872896194458,0.03995487466454506,2272.0,2270.0
3.7702646255493164,1.6146671772003174,2.0052480697631836,0.03996594622731209,2276.0,2274.0
3.2170252799987793,2.177834987640381,1.6653037071228027,0.039977364242076874,2280.0,2278.0
3.4844727516174316,1.9719412326812744,1.0832598209381104,0.03998859226703644,2284.0,2282.0
4.355354309082031,1.1144205331802368,1.0867369174957275,0.03999966382980347,2288.0,2286.0
3.157763957977295,1.2174980640411377,1.1857290267944336,0.04001066833734512,2292.0,2290.0
3.5078649520874023,2.3941447734832764,1.3923563957214355,0.040021803230047226,2296.0,2294.0
3.7358622550964355,1.5885809659957886,1.2886807918548584,0.04003296047449112,2300.0,2298.0
3.696934700012207,1.9307003021240234,1.4139058589935303,0.04004424437880516,2304.0,2302.0
2.19734525680542,1.4536550045013428,1.3143504858016968,0.04005555808544159,2308.0,2306.0
3.477017402648926,2.2818593978881836,1.3015930652618408,0.04006688669323921,2312.0,2310.0
3.3088154792785645,1.0416816473007202,1.1672790050506592,0.04007811099290848,2316.0,2314.0
5.087756633758545,0.96562659740448,1.0345970392227173,0.04008913040161133,2320.0,2318.0
5.131669998168945,2.0862841606140137,0.5421264171600342,0.04009954258799553,2324.0,2322.0
2.8056817054748535,3.128248453140259,0.9936798214912415,0.0401097908616066,2328.0,2326.0
4.082151412963867,1.288837194442749,1.4094140529632568,0.04012026637792587,2332.0,2330.0
2.7380752563476562,1.4137303829193115,0.8500222563743591,0.04013045132160187,2336.0,2334.0
5.631503582000732,1.6649951934814453,1.3777406215667725,0.040140844881534576,2340.0,2338.0
2.456559419631958,1.8293254375457764,1.320960283279419,0.04015136510133743,2344.0,2342.0
3.4374048709869385,1.9949555397033691,0.804316520690918,0.04016155004501343,2348.0,2346.0
3.3511428833007812,2.3377180099487305,1.1362673044204712,0.040171731263399124,2352.0,2350.0
2.701183319091797,2.4190192222595215,1.0556175708770752,0.04018183797597885,2356.0,2354.0
3.428600311279297,2.6177620887756348,1.0004642009735107,0.040191829204559326,2360.0,2358.0
3.82658052444458,0.8316445350646973,1.3795279264450073,0.04020204767584801,2364.0,2362.0
2.800428867340088,1.0533174276351929,1.3468141555786133,0.04021243751049042,2368.0,2366.0
3.035555362701416,1.5082827806472778,0.6789527535438538,0.0402224101126194,2372.0,2370.0
3.811389923095703,1.9511034488677979,1.2601819038391113,0.04023250937461853,2376.0,2374.0
2.8402037620544434,0.5069501399993896,1.3524974584579468,0.04024280235171318,2380.0,2378.0
3.5783188343048096,2.6554081439971924,2.042868137359619,0.04025386646389961,2384.0,2382.0
2.4209156036376953,1.4377878904342651,1.1198806762695312,0.040264829993247986,2388.0,2386.0
2.5148732662200928,1.7114791870117188,1.3010534048080444,0.040275849401950836,2392.0,2390.0
3.0460777282714844,0.6187162399291992,0.5766164660453796,0.04028629884123802,2396.0,2394.0
2.219454288482666,2.1663742065429688,1.7037731409072876,0.04029722139239311,2400.0,2398.0
2.554771900177002,0.6915473937988281,1.1207690238952637,0.04030805081129074,2404.0,2402.0
3.1757259368896484,1.0077252388000488,1.1781508922576904,0.04031885415315628,2408.0,2406.0
2.7682299613952637,1.3446238040924072,0.9110646843910217,0.040329400449991226,2412.0,2410.0
2.9537253379821777,1.2457293272018433,1.1994872093200684,0.04033996909856796,2416.0,2414.0
1.9737067222595215,1.1179085969924927,1.8746614456176758,0.04035114869475365,2420.0,2418.0
2.475274085998535,1.5111982822418213,1.385892629623413,0.04036244377493858,2424.0,2422.0
2.4142098426818848,2.4838857650756836,1.7662718296051025,0.040374185889959335,2428.0,2426.0
2.5584964752197266,1.4834349155426025,0.8850609064102173,0.04038555547595024,2432.0,2430.0
2.017101287841797,1.5996413230895996,0.9582535028457642,0.04039664939045906,2436.0,2434.0
2.693234920501709,1.5084950923919678,0.45347458124160767,0.040407054126262665,2440.0,2438.0
4.0839104652404785,1.8956547975540161,1.0748361349105835,0.04041738063097,2444.0,2442.0
3.820077419281006,1.2477052211761475,1.2642931938171387,0.04042781889438629,2448.0,2446.0
2.2066876888275146,1.5332975387573242,1.3175969123840332,0.040438391268253326,2452.0,2450.0
3.0248217582702637,1.4157843589782715,1.2478628158569336,0.04044903814792633,2456.0,2454.0
2.4239776134490967,2.0679566860198975,0.46940022706985474,0.040459051728248596,2460.0,2458.0
2.380549907684326,2.2944388389587402,0.8662989735603333,0.04046885296702385,2464.0,2462.0
2.574737310409546,1.9263371229171753,1.345302939414978,0.040478888899087906,2468.0,2466.0
2.493192672729492,1.0566537380218506,1.571366310119629,0.040489330887794495,2472.0,2470.0
2.3652091026306152,1.7528413534164429,1.08197021484375,0.04049970954656601,2476.0,2474.0
2.4922475814819336,1.1714680194854736,1.095399022102356,0.04051004350185394,2480.0,2478.0
4.192792892456055,1.663210391998291,0.9292072057723999,0.040520183742046356,2484.0,2482.0
2.9628045558929443,1.8838412761688232,1.0844590663909912,0.04053030163049698,2488.0,2486.0
2.599228858947754,2.392679214477539,1.2639912366867065,0.040540553629398346,2492.0,2490.0
2.5376505851745605,1.7671116590499878,1.197950005531311,0.04055086895823479,2496.0,2494.0
4.318896293640137,1.0376968383789062,1.1550884246826172,0.04056119918823242,2500.0,2498.0
2.6443605422973633,1.7819606065750122,1.7247562408447266,0.04057204723358154,2504.0,2502.0
3.9712400436401367,1.3526859283447266,1.4468194246292114,0.04058312624692917,2508.0,2506.0
2.107621669769287,2.262091636657715,1.1904926300048828,0.04059417545795441,2512.0,2510.0
3.139680862426758,2.0829319953918457,1.45941162109375,0.040605444461107254,2516.0,2514.0
2.6103756427764893,1.9794120788574219,1.8240891695022583,0.04061722755432129,2520.0,2518.0
1.9996249675750732,1.743232250213623,1.4203686714172363,0.04062911123037338,2524.0,2522.0
4.203496932983398,1.8910760879516602,1.260325312614441,0.04064096137881279,2528.0,2526.0
2.9359405040740967,2.739678144454956,0.9530522227287292,0.04065249115228653,2532.0,2530.0
3.768308401107788,2.7538905143737793,1.511765718460083,0.04066424071788788,2536.0,2534.0
3.4503328800201416,2.7016968727111816,1.0566273927688599,0.04067578166723251,2540.0,2538.0
3.3574812412261963,1.878492832183838,1.3585169315338135,0.040687400847673416,2544.0,2542.0
3.6660046577453613,1.9937117099761963,1.3642553091049194,0.040699101984500885,2548.0,2546.0
2.8944592475891113,2.602161407470703,1.493825912475586,0.04071097820997238,2552.0,2550.0
4.808221340179443,2.856492042541504,1.1586072444915771,0.04072273522615433,2556.0,2554.0
3.5845608711242676,1.5804576873779297,1.270740032196045,0.04073447734117508,2560.0,2558.0
2.455828905105591,1.9023274183273315,1.856216549873352,0.04074671491980553,2564.0,2562.0
2.674014091491699,3.1831846237182617,0.9206429719924927,0.04075857624411583,2568.0,2566.0
2.0776004791259766,1.6453657150268555,1.0241615772247314,0.040770191699266434,2572.0,2570.0
2.288370370864868,1.372562289237976,1.3022774457931519,0.04078182950615883,2576.0,2574.0
3.0759119987487793,1.9699997901916504,1.0200178623199463,0.040793247520923615,2580.0,2578.0
1.6774177551269531,1.4606126546859741,1.467849850654602,0.04080485925078392,2584.0,2582.0
3.2324113845825195,2.1786980628967285,0.8931378126144409,0.040816135704517365,2588.0,2586.0
2.7784247398376465,2.611435890197754,0.9400372505187988,0.04082714393734932,2592.0,2590.0
2.089801788330078,2.3723175525665283,0.7551672458648682,0.04083775728940964,2596.0,2594.0
3.2258801460266113,2.0114593505859375,1.0624300241470337,0.04084828123450279,2600.0,2598.0
3.378211736679077,2.1739132404327393,1.2244577407836914,0.040858879685401917,2604.0,2602.0
1.7608568668365479,2.4091827869415283,0.5614123344421387,0.04086894541978836,2608.0,2606.0
3.364985704421997,2.073155403137207,0.7721233367919922,0.040878716856241226,2612.0,2610.0
2.1102912425994873,1.0132548809051514,1.1580138206481934,0.04088858142495155,2616.0,2614.0
2.246734619140625,2.536036491394043,0.7798371911048889,0.04089818522334099,2620.0,2618.0
2.521235942840576,2.2499992847442627,0.9607946872711182,0.040907714515924454,2624.0,2622.0
3.4907455444335938,2.2683749198913574,0.41854017972946167,0.04091668874025345,2628.0,2626.0
2.6801493167877197,1.5220715999603271,1.244688868522644,0.04092591628432274,2632.0,2630.0
2.2212436199188232,1.7164595127105713,0.7419745922088623,0.040934912860393524,2636.0,2634.0
2.9931275844573975,1.7823681831359863,0.6080945730209351,0.040943581610918045,2640.0,2638.0
3.4790053367614746,1.359879970550537,0.657602071762085,0.04095199704170227,2644.0,2642.0
2.57798433303833,1.651347041130066,0.5865967273712158,0.040960121899843216,2648.0,2646.0
2.723759651184082,2.66902232170105,0.40253040194511414,0.04096781834959984,2652.0,2650.0
2.2604074478149414,1.5395901203155518,0.7847236394882202,0.040975477546453476,2656.0,2654.0
3.926140785217285,2.632079601287842,1.5085976123809814,0.040983762592077255,2660.0,2658.0
3.3049676418304443,2.7835450172424316,0.817314863204956,0.04099199175834656,2664.0,2662.0
4.107358932495117,2.4227328300476074,1.4168262481689453,0.04100070893764496,2668.0,2666.0
2.463590621948242,3.0774459838867188,0.5453611612319946,0.04100906848907471,2672.0,2670.0
2.6393799781799316,2.934581756591797,0.5888535380363464,0.04101714491844177,2676.0,2674.0
3.9307146072387695,2.106574058532715,1.3578304052352905,0.04102568328380585,2680.0,2678.0
2.5524699687957764,1.4623759984970093,0.7412967681884766,0.041034065186977386,2684.0,2682.0
2.515259265899658,2.598186492919922,1.137038230895996,0.041042666882276535,2688.0,2686.0
2.350733757019043,2.695136308670044,0.6790927648544312,0.04105105251073837,2692.0,2690.0
2.4494032859802246,1.7917639017105103,0.5948882102966309,0.04105916619300842,2696.0,2694.0
2.73463773727417,2.9448673725128174,0.9625172019004822,0.041067369282245636,2700.0,2698.0
2.3393800258636475,0.8819997906684875,1.3329330682754517,0.041075997054576874,2704.0,2702.0
8.584245681762695,3.1677210330963135,1.1201529502868652,0.04108481481671333,2708.0,2706.0
10.817178726196289,3.6107113361358643,1.1672735214233398,0.041093844920396805,2712.0,2710.0
15.327627182006836,4.551774024963379,1.2732795476913452,0.04110317304730415,2716.0,2714.0
17.037132263183594,3.0575857162475586,0.6821357011795044,0.04111221060156822,2720.0,2718.0
34.47100830078125,2.2057857513427734,1.4617524147033691,0.041121721267700195,2724.0,2722.0
15.680761337280273,2.760164499282837,0.8033381700515747,0.04113103449344635,2728.0,2726.0
18.32676124572754,2.648721218109131,1.0150481462478638,0.04114038124680519,2732.0,2730.0
44.55125427246094,3.4291090965270996,1.2931900024414062,0.04115000367164612,2736.0,2734.0
28.984617233276367,4.868581771850586,2.255728006362915,0.04116076976060867,2740.0,2738.0
23.597557067871094,3.47238826751709,1.2686419486999512,0.04117164388298988,2744.0,2742.0
74.04533386230469,3.926848888397217,2.1082777976989746,0.04118339344859123,2748.0,2746.0
10.740866661071777,3.768869161605835,1.2369275093078613,0.041195131838321686,2752.0,2750.0
13.341143608093262,3.1246721744537354,2.279697895050049,0.04120781272649765,2756.0,2754.0
25.2622013092041,4.3150787353515625,1.7885591983795166,0.04122088849544525,2760.0,2758.0
31.847702026367188,4.02646017074585,1.8024388551712036,0.0412343367934227,2764.0,2762.0
49.653770446777344,4.671894073486328,1.5655972957611084,0.0412478968501091,2768.0,2766.0
32.51145553588867,6.4004387855529785,2.7906010150909424,0.041262660175561905,2772.0,2770.0
26.060649871826172,5.174595355987549,2.1957883834838867,0.04127797111868858,2776.0,2774.0
66.99136352539062,5.657303333282471,2.486837387084961,0.041294023394584656,2780.0,2778.0
20.79949951171875,5.438148498535156,2.3948991298675537,0.041310667991638184,2784.0,2782.0
11.649669647216797,5.4324188232421875,2.129615068435669,0.041327591985464096,2788.0,2786.0
17.648481369018555,6.686092376708984,2.696563243865967,0.041345272213220596,2792.0,2790.0
25.71922492980957,6.440571308135986,3.058540105819702,0.04136393591761589,2796.0,2794.0
13.84564208984375,3.372738838195801,2.231065034866333,0.04138275608420372,2800.0,2798.0
9.3385591506958,4.581288814544678,3.7392525672912598,0.04140299931168556,2804.0,2802.0
11.733732223510742,4.8721795082092285,2.6800551414489746,0.041423603892326355,2808.0,2806.0
43.89527130126953,7.1598591804504395,2.9270992279052734,0.041444744914770126,2812.0,2810.0
37.18843078613281,5.383125305175781,3.0158591270446777,0.04146642982959747,2816.0,2814.0
21.14007568359375,6.639074325561523,3.3520097732543945,0.041488878428936005,2820.0,2818.0
16.150297164916992,6.580046653747559,3.4458513259887695,0.04151207208633423,2824.0,2822.0
16.130859375,6.283928871154785,3.3730273246765137,0.04153585061430931,2828.0,2826.0
17.93138885498047,5.64398193359375,3.9526848793029785,0.041560616344213486,2832.0,2830.0
17.825115203857422,4.460236072540283,2.9185469150543213,0.04158541560173035,2836.0,2834.0
6.717803955078125,6.361135959625244,2.617537498474121,0.041610002517700195,2840.0,2838.0
30.960176467895508,5.954021453857422,4.080206394195557,0.041635554283857346,2844.0,2842.0
15.397930145263672,6.057409286499023,4.152815818786621,0.04166199639439583,2848.0,2846.0
15.630508422851562,6.04443359375,3.79972505569458,0.0416889563202858,2852.0,2850.0
7.3512864112854,4.176172256469727,3.6107656955718994,0.041716206818819046,2856.0,2854.0
11.828189849853516,3.999995470046997,2.831580877304077,0.04174310714006424,2860.0,2858.0
19.741619110107422,5.4676642417907715,3.3748536109924316,0.04177011922001839,2864.0,2862.0
10.109031677246094,5.7616400718688965,3.177711009979248,0.04179706424474716,2868.0,2866.0
8.862883567810059,3.4693727493286133,2.722738742828369,0.04182359203696251,2872.0,2870.0
14.852481842041016,4.26737117767334,3.275085926055908,0.04185016453266144,2876.0,2874.0
11.015231132507324,5.517583847045898,4.144471168518066,0.041877422481775284,2880.0,2878.0
11.742316246032715,6.825065612792969,3.4514102935791016,0.04190476983785629,2884.0,2882.0
28.054363250732422,6.135303974151611,3.4081337451934814,0.04193214327096939,2888.0,2886.0
12.89229679107666,4.886845588684082,2.9508886337280273,0.04195919632911682,2892.0,2890.0
11.508787155151367,4.3295512199401855,2.9022955894470215,0.04198591411113739,2896.0,2894.0
10.614397048950195,7.362273693084717,4.2461371421813965,0.04201333224773407,2900.0,2898.0
6.409143447875977,4.32871150970459,2.6752891540527344,0.04204018414020538,2904.0,2902.0
10.020917892456055,6.393184661865234,3.361823081970215,0.042067043483257294,2908.0,2906.0
18.732776641845703,6.454422950744629,3.1712751388549805,0.04209376126527786,2912.0,2910.0
9.262091636657715,6.091947078704834,3.388422966003418,0.042120516300201416,2916.0,2914.0
16.478727340698242,4.672990322113037,2.796888589859009,0.042146846652030945,2920.0,2918.0
7.488361358642578,4.26763391494751,2.813606023788452,0.04217279702425003,2924.0,2922.0
13.708185195922852,5.570690155029297,3.4434449672698975,0.04219888895750046,2928.0,2926.0
14.527290344238281,5.657817840576172,2.881432056427002,0.04222467169165611,2932.0,2930.0
8.809028625488281,6.169490814208984,3.190261125564575,0.042250413447618484,2936.0,2934.0
21.78038215637207,6.693156719207764,3.420295238494873,0.04227626696228981,2940.0,2938.0
8.708162307739258,6.515387058258057,3.888558864593506,0.04230257496237755,2944.0,2942.0
14.70248794555664,5.57952880859375,2.2323520183563232,0.042328037321567535,2948.0,2946.0
8.131301879882812,6.828183650970459,3.4392552375793457,0.04235364869236946,2952.0,2950.0
11.106799125671387,4.631670951843262,2.9080891609191895,0.0423789918422699,2956.0,2954.0
18.487991333007812,5.602241516113281,3.3647966384887695,0.0424044206738472,2960.0,2958.0
5.404322147369385,4.629805088043213,2.7807507514953613,0.042429499328136444,2964.0,2962.0
15.037697792053223,7.267533302307129,4.389738082885742,0.04245542734861374,2968.0,2966.0
10.801214218139648,6.056118965148926,4.84376859664917,0.0424823984503746,2972.0,2970.0
5.955242156982422,5.596298694610596,2.5489461421966553,0.04250866174697876,2976.0,2974.0
7.156844139099121,6.983511924743652,3.490940570831299,0.0425349697470665,2980.0,2978.0
13.694340705871582,6.565097808837891,3.5305285453796387,0.04256134480237961,2984.0,2982.0
22.59090232849121,7.150198459625244,4.36386775970459,0.04258834570646286,2988.0,2986.0
22.376632690429688,7.71396017074585,4.086292266845703,0.04261570796370506,2992.0,2990.0
4.499695777893066,5.470211982727051,2.9161272048950195,0.042642559856176376,2996.0,2994.0
7.317599296569824,6.776048183441162,2.8479909896850586,0.0426689013838768,3000.0,2998.0
8.427740097045898,5.810628414154053,3.1724534034729004,0.042695000767707825,3004.0,3002.0
7.24132776260376,5.596206188201904,3.4288887977600098,0.04272107779979706,3008.0,3006.0
12.965642929077148,6.6273512840271,3.6154232025146484,0.04274725541472435,3012.0,3010.0
20.765918731689453,5.8418097496032715,2.8615095615386963,0.04277297481894493,3016.0,3014.0
8.109397888183594,5.65647554397583,3.1432816982269287,0.0427984893321991,3020.0,3018.0
3.8315000534057617,4.780233383178711,1.6217455863952637,0.042822711169719696,3024.0,3022.0
28.777515411376953,7.065060138702393,3.6370272636413574,0.04284721985459328,3028.0,3026.0
7.528918266296387,4.570770263671875,1.5287325382232666,0.04287046566605568,3032.0,3030.0
21.679668426513672,7.399311065673828,2.42620849609375,0.04289323464035988,3036.0,3034.0
10.671180725097656,6.264240741729736,1.8804452419281006,0.042915165424346924,3040.0,3038.0
4.485370635986328,5.347463607788086,1.842316746711731,0.04293632134795189,3044.0,3042.0
12.729745864868164,7.21469783782959,2.503892421722412,0.04295726865530014,3048.0,3046.0
7.867894172668457,6.134594917297363,1.957815408706665,0.042977623641490936,3052.0,3050.0
9.716680526733398,4.643128395080566,2.015578269958496,0.042997486889362335,3056.0,3054.0
2.4398446083068848,4.5751776695251465,1.5275063514709473,0.043016549199819565,3060.0,3058.0
12.903875350952148,6.439159393310547,2.2889742851257324,0.043035443872213364,3064.0,3062.0
6.561089038848877,5.4568071365356445,2.332930088043213,0.043054237961769104,3068.0,3066.0
4.309024810791016,6.195492744445801,2.77473521232605,0.043073251843452454,3072.0,3070.0
15.239665985107422,7.085751533508301,3.0005335807800293,0.043092623353004456,3076.0,3074.0
20.299102783203125,9.267073631286621,3.7082769870758057,0.043112825602293015,3080.0,3078.0
7.773020267486572,5.057290554046631,2.0648796558380127,0.04313257709145546,3084.0,3082.0
13.41346549987793,7.801457405090332,3.1435976028442383,0.04315270483493805,3088.0,3086.0
6.548803329467773,7.229389190673828,2.246105432510376,0.043172527104616165,3092.0,3090.0
9.831293106079102,5.644737720489502,2.5053675174713135,0.043192263692617416,3096.0,3094.0
6.589337348937988,6.718040943145752,2.255208969116211,0.04321173205971718,3100.0,3098.0
12.553491592407227,4.845430374145508,2.539180278778076,0.043231166899204254,3104.0,3102.0
4.591588497161865,5.233323097229004,2.4585373401641846,0.043250516057014465,3108.0,3106.0
9.329277992248535,5.846505641937256,1.9972922801971436,0.04326944053173065,3112.0,3110.0
12.075337409973145,5.742396354675293,2.046281576156616,0.043288037180900574,3116.0,3114.0
6.768712043762207,5.715009689331055,2.5453550815582275,0.04330668970942497,3120.0,3118.0
10.695060729980469,5.996506690979004,2.1940720081329346,0.04332513362169266,3124.0,3122.0
10.922578811645508,7.615095138549805,2.259707450866699,0.0433434434235096,3128.0,3126.0
7.172337532043457,5.424737930297852,2.919853925704956,0.04336211085319519,3132.0,3130.0
9.591320037841797,6.141312599182129,2.4348361492156982,0.0433807447552681,3136.0,3134.0
6.385815620422363,4.554655075073242,2.2799410820007324,0.04339924082159996,3140.0,3138.0
16.047597885131836,6.413131237030029,2.5725908279418945,0.04341781884431839,3144.0,3142.0
6.918176651000977,6.976357460021973,2.65925931930542,0.043436527252197266,3148.0,3146.0
18.43766212463379,8.724032402038574,3.6410303115844727,0.0434560626745224,3152.0,3150.0
8.485966682434082,7.542326927185059,2.731255531311035,0.0434756875038147,3156.0,3154.0
8.750312805175781,5.929163932800293,2.551891803741455,0.043495263904333115,3160.0,3158.0
6.5813188552856445,4.911255836486816,2.3639779090881348,0.04351465031504631,3164.0,3162.0
14.150716781616211,5.037059783935547,2.9172778129577637,0.04353427141904831,3168.0,3166.0
5.184115409851074,5.588078498840332,1.9015882015228271,0.043553367257118225,3172.0,3170.0
10.407295227050781,7.150114059448242,2.3225960731506348,0.04357228800654411,3176.0,3174.0
4.793767929077148,5.506861209869385,1.9594851732254028,0.04359079524874687,3180.0,3178.0
6.084808826446533,7.602147102355957,2.0734522342681885,0.04360900819301605,3184.0,3182.0
4.256572246551514,4.157754421234131,1.7899754047393799,0.04362675920128822,3188.0,3186.0
4.3516926765441895,5.382165431976318,2.0590710639953613,0.04364427924156189,3192.0,3190.0
25.380138397216797,5.829129695892334,3.091933250427246,0.04366234689950943,3196.0,3194.0
5.5506110191345215,5.62123441696167,1.3707385063171387,0.043679650872945786,3200.0,3198.0
5.719954490661621,6.19664192199707,2.4644927978515625,0.043697066605091095,3204.0,3202.0
12.618782043457031,6.4866251945495605,1.6838176250457764,0.043714020401239395,3208.0,3206.0
5.162407398223877,5.991793155670166,1.9683210849761963,0.04373076185584068,3212.0,3210.0
9.87222671508789,7.839766502380371,2.863706350326538,0.04374795779585838,3216.0,3214.0
12.394216537475586,4.8745012283325195,2.5775554180145264,0.0437653586268425,3220.0,3218.0
9.278511047363281,6.829638957977295,2.2249979972839355,0.04378269240260124,3224.0,3222.0
3.424556255340576,5.550930023193359,2.0259180068969727,0.04379981756210327,3228.0,3226.0
15.995941162109375,6.935708045959473,2.1442031860351562,0.04381684213876724,3232.0,3230.0
18.46297836303711,8.600196838378906,2.947791576385498,0.04383435100317001,3236.0,3234.0
19.71282196044922,6.410289764404297,2.45005464553833,0.04385194554924965,3240.0,3238.0
8.140615463256836,6.004887580871582,2.0305776596069336,0.04386930540204048,3244.0,3242.0
5.831822872161865,5.4090166091918945,1.5512049198150635,0.04388609528541565,3248.0,3246.0
8.854863166809082,4.573235988616943,2.7784640789031982,0.043903280049562454,3252.0,3250.0
13.048620223999023,6.338695049285889,2.1863465309143066,0.04392038658261299,3256.0,3254.0
33.483360290527344,6.199670791625977,2.1382322311401367,0.04393738508224487,3260.0,3258.0
32.838321685791016,7.603639602661133,2.531221866607666,0.04395456612110138,3264.0,3262.0
13.539705276489258,6.770999908447266,1.9376956224441528,0.04397148638963699,3268.0,3266.0
5.570013046264648,4.989691734313965,2.2383999824523926,0.043988388031721115,3272.0,3270.0
16.354597091674805,6.709995746612549,2.702877998352051,0.044005610048770905,3276.0,3274.0
6.690406799316406,5.870789527893066,2.471890687942505,0.04402295872569084,3280.0,3278.0
8.076796531677246,4.954935073852539,1.561305284500122,0.044039756059646606,3284.0,3282.0
7.25345516204834,5.702295303344727,2.5311079025268555,0.04405675828456879,3288.0,3286.0
4.782010078430176,6.153203010559082,2.4858527183532715,0.044073913246393204,3292.0,3290.0
6.835503578186035,6.342055320739746,1.5824699401855469,0.044090550392866135,3296.0,3294.0
7.9466657638549805,6.982960224151611,1.6962175369262695,0.044106803834438324,3300.0,3298.0
9.033602714538574,4.829483985900879,1.4064993858337402,0.044122498482465744,3304.0,3302.0
6.209837913513184,6.06665563583374,1.9030883312225342,0.044138047844171524,3308.0,3306.0
11.772987365722656,6.474734783172607,3.348449945449829,0.04415453225374222,3312.0,3310.0
5.315520286560059,4.336767196655273,1.930912733078003,0.0441708117723465,3316.0,3314.0
13.251884460449219,7.2659125328063965,2.8416898250579834,0.044187579303979874,3320.0,3318.0
10.36772346496582,9.459162712097168,3.0627174377441406,0.04420493543148041,3324.0,3322.0
13.220550537109375,6.8594794273376465,2.771908760070801,0.04422260820865631,3328.0,3326.0
7.479467391967773,3.9895524978637695,1.6554700136184692,0.04423976689577103,3332.0,3330.0
12.210094451904297,6.63532018661499,2.604926109313965,0.04425714164972305,3336.0,3334.0
8.902909278869629,5.641593933105469,2.4946813583374023,0.04427464306354523,3340.0,3338.0
8.072491645812988,6.180047035217285,2.1025898456573486,0.04429195821285248,3344.0,3342.0
5.724391460418701,6.885669708251953,2.6922829151153564,0.04430954158306122,3348.0,3346.0
15.265556335449219,3.9596004486083984,1.7846297025680542,0.044326700270175934,3352.0,3350.0
9.073928833007812,5.609384536743164,2.107374668121338,0.044343721121549606,3356.0,3354.0
17.249452590942383,5.786354064941406,1.5262396335601807,0.04436018317937851,3360.0,3358.0
10.720175743103027,6.718766212463379,2.5286197662353516,0.04437688738107681,3364.0,3362.0
9.096616744995117,4.986654281616211,1.7319538593292236,0.04439322650432587,3368.0,3366.0
10.981514930725098,6.683742523193359,3.3106093406677246,0.04441036656498909,3372.0,3370.0
18.496198654174805,6.12497091293335,1.5804367065429688,0.04442698508501053,3376.0,3374.0
10.150495529174805,6.009557723999023,2.165283441543579,0.04444355145096779,3380.0,3378.0
28.047828674316406,8.140360832214355,3.4534592628479004,0.04446100443601608,3384.0,3382.0
11.372650146484375,5.671972751617432,2.036929130554199,0.04447823762893677,3388.0,3386.0
9.943038940429688,7.2564897537231445,3.300482988357544,0.04449617117643356,3392.0,3390.0
7.283734321594238,6.052539825439453,2.513883590698242,0.04451417922973633,3396.0,3394.0
6.402336597442627,4.443132400512695,1.6365036964416504,0.04453160613775253,3400.0,3398.0
5.592087745666504,3.7409534454345703,1.2924047708511353,0.04454828053712845,3404.0,3402.0
13.035965919494629,5.032924652099609,2.3935093879699707,0.044565051794052124,3408.0,3406.0
6.920417308807373,6.485134601593018,2.459746837615967,0.04458198323845863,3412.0,3410.0
4.545970916748047,5.771953582763672,2.20489501953125,0.04459885507822037,3416.0,3414.0
11.510112762451172,6.394783973693848,3.10617733001709,0.044616326689720154,3420.0,3418.0
7.732131004333496,3.973886013031006,2.883528709411621,0.04463418200612068,3424.0,3422.0
5.603644371032715,5.672664642333984,2.8108158111572266,0.04465232789516449,3428.0,3426.0
13.931705474853516,5.940159320831299,2.1608474254608154,0.044670261442661285,3432.0,3430.0
6.680288314819336,4.159501075744629,1.4526668787002563,0.04468749463558197,3436.0,3434.0
4.193978309631348,6.002435684204102,2.180208921432495,0.0447046235203743,3440.0,3438.0
9.66987419128418,6.32141637802124,2.8547897338867188,0.04472214728593826,3444.0,3442.0
4.246480941772461,5.733296871185303,2.4810049533843994,0.044739753007888794,3448.0,3446.0
5.54849100112915,5.136048793792725,2.798400640487671,0.0447576679289341,3452.0,3450.0
4.1365509033203125,5.349013328552246,2.6362454891204834,0.04477572441101074,3456.0,3454.0
4.646812438964844,4.331273078918457,2.6470298767089844,0.044793933629989624,3460.0,3458.0
6.199168682098389,4.908610820770264,2.207064628601074,0.044811952859163284,3464.0,3462.0
8.13331413269043,6.22032356262207,3.002509355545044,0.04483037441968918,3468.0,3466.0
6.076013565063477,6.620126724243164,2.8659133911132812,0.04484906047582626,3472.0,3470.0
10.752374649047852,5.557438850402832,2.636361837387085,0.04486782103776932,3476.0,3474.0
7.444641590118408,5.115104675292969,2.4877676963806152,0.04488653689622879,3480.0,3478.0
6.540427207946777,5.516202926635742,2.638087749481201,0.044905319809913635,3484.0,3482.0
5.404312610626221,5.968795299530029,2.2854390144348145,0.044923920184373856,3488.0,3486.0
7.259943008422852,5.343249797821045,2.6106467247009277,0.04494258388876915,3492.0,3490.0
5.599527835845947,6.304328441619873,2.602524518966675,0.04496128484606743,3496.0,3494.0
6.322142601013184,6.460119724273682,3.0467476844787598,0.04498034715652466,3500.0,3498.0
13.899032592773438,5.550881385803223,2.361039876937866,0.044999249279499054,3504.0,3502.0
20.20880889892578,6.5486321449279785,3.622009515762329,0.04501888528466225,3508.0,3506.0
10.375831604003906,6.230593681335449,2.1678483486175537,0.04503815621137619,3512.0,3510.0
13.72722053527832,5.587681293487549,3.3568530082702637,0.04505793750286102,3516.0,3514.0
14.46363353729248,5.874524116516113,3.2102978229522705,0.04507807642221451,3520.0,3518.0
9.316571235656738,6.289398193359375,2.7647132873535156,0.04509822279214859,3524.0,3522.0
17.242279052734375,6.4063310623168945,2.3658041954040527,0.04511808604001999,3528.0,3526.0
4.890082836151123,4.311413764953613,1.9752213954925537,0.045137420296669006,3532.0,3530.0
6.234476566314697,5.604092597961426,2.549527645111084,0.04515668749809265,3536.0,3534.0
5.534607887268066,6.599079608917236,3.031062126159668,0.04517623037099838,3540.0,3538.0
6.0109686851501465,5.655858516693115,2.8568201065063477,0.04519590362906456,3544.0,3542.0
9.840818405151367,4.6101837158203125,2.403427839279175,0.04521536827087402,3548.0,3546.0
15.948347091674805,4.202522277832031,2.4403486251831055,0.045234668999910355,3552.0,3550.0
6.054896354675293,4.346480369567871,3.0326578617095947,0.045254237949848175,3556.0,3554.0
15.361599922180176,4.241420269012451,2.7448105812072754,0.04527384787797928,3560.0,3558.0
6.6380438804626465,5.585086822509766,2.634880781173706,0.0452934205532074,3564.0,3562.0
6.861617565155029,4.4271135330200195,2.450936794281006,0.04531281813979149,3568.0,3566.0
7.3380303382873535,6.467983722686768,2.661874294281006,0.04533221572637558,3572.0,3570.0
6.315117835998535,5.389743804931641,2.1780872344970703,0.04535127431154251,3576.0,3574.0
9.909832000732422,5.338965892791748,2.7453842163085938,0.04537041485309601,3580.0,3578.0
12.065633773803711,5.192934036254883,2.651611804962158,0.045389577746391296,3584.0,3582.0
5.204148769378662,5.223137378692627,2.5551936626434326,0.04540868103504181,3588.0,3586.0
5.672571659088135,6.384036064147949,2.126495122909546,0.045427434146404266,3592.0,3590.0
5.626162528991699,5.527600288391113,1.8267518281936646,0.04544565826654434,3596.0,3594.0
6.929243087768555,4.5407562255859375,2.9317727088928223,0.045464180409908295,3600.0,3598.0
13.53546142578125,5.477703094482422,2.832111120223999,0.04548291116952896,3604.0,3602.0
12.851541519165039,3.8936309814453125,2.2730815410614014,0.04550142586231232,3608.0,3606.0
10.476432800292969,4.855160713195801,2.894392490386963,0.04552018642425537,3612.0,3610.0
9.85376262664795,4.198647499084473,2.617811679840088,0.04553897678852081,3616.0,3614.0
21.169082641601562,5.9511284828186035,2.5655877590179443,0.04555775225162506,3620.0,3618.0
21.24441146850586,5.735227584838867,3.0100960731506348,0.04557683318853378,3624.0,3622.0
4.021798133850098,3.7206029891967773,2.1496024131774902,0.045595571398735046,3628.0,3626.0
5.316828727722168,5.430449962615967,2.61287522315979,0.0456143356859684,3632.0,3630.0
4.982968330383301,5.096804618835449,2.332874059677124,0.045632924884557724,3636.0,3634.0
16.40505599975586,6.31099796295166,3.0167276859283447,0.045651838183403015,3640.0,3638.0
11.040163040161133,6.377274036407471,3.7352521419525146,0.045671530067920685,3644.0,3642.0
10.17282485961914,5.492584228515625,2.1187548637390137,0.04569079726934433,3648.0,3646.0
4.731883525848389,5.207698345184326,2.6418662071228027,0.04571004956960678,3652.0,3650.0
8.017255783081055,3.8984792232513428,2.793645143508911,0.04572939872741699,3656.0,3654.0
8.227843284606934,7.256542682647705,2.6497254371643066,0.04574873298406601,3660.0,3658.0
15.506193161010742,4.9132819175720215,2.2860524654388428,0.04576779156923294,3664.0,3662.0
5.068836212158203,5.656686782836914,2.6323904991149902,0.04578685015439987,3668.0,3666.0
9.503192901611328,6.010359764099121,2.831843376159668,0.04580604285001755,3672.0,3670.0
9.784870147705078,8.036905288696289,3.102503538131714,0.04582555592060089,3676.0,3674.0
8.977596282958984,5.9300642013549805,3.1288866996765137,0.04584536701440811,3680.0,3678.0
9.151208877563477,4.741941928863525,2.292332887649536,0.045864857733249664,3684.0,3682.0
4.880705833435059,5.322417259216309,2.7879085540771484,0.045884404331445694,3688.0,3686.0
32.01892852783203,4.966379165649414,2.5955982208251953,0.04590386897325516,3692.0,3690.0
5.624686241149902,5.6809916496276855,1.7158070802688599,0.045922644436359406,3696.0,3694.0
14.589786529541016,6.427178382873535,3.0709123611450195,0.045941755175590515,3700.0,3698.0
9.510986328125,6.355672836303711,2.2401411533355713,0.045960575342178345,3704.0,3702.0
8.039593696594238,4.984170913696289,1.7226214408874512,0.04597876965999603,3708.0,3706.0
7.269221782684326,4.46388053894043,2.364861249923706,0.045996859669685364,3712.0,3710.0
16.148653030395508,4.710597038269043,1.9869732856750488,0.046014584600925446,3716.0,3714.0
10.604171752929688,5.275168418884277,2.9801297187805176,0.046032682061195374,3720.0,3718.0
19.974939346313477,5.249868392944336,2.6366019248962402,0.046050868928432465,3724.0,3722.0
10.017480850219727,6.482002258300781,3.297269821166992,0.04606960341334343,3728.0,3726.0
4.675924301147461,4.395259380340576,2.5110955238342285,0.04608827829360962,3732.0,3730.0
5.464333534240723,4.443173408508301,2.612168312072754,0.0461069755256176,3736.0,3734.0
10.859044075012207,5.435184955596924,2.580901622772217,0.046125657856464386,3740.0,3738.0
33.67803192138672,5.638477325439453,2.550196647644043,0.046144310384988785,3744.0,3742.0
9.878314971923828,4.198153495788574,2.2247397899627686,0.04616270959377289,3748.0,3746.0
9.453437805175781,5.9028520584106445,2.799090623855591,0.04618128016591072,3752.0,3750.0
19.910106658935547,6.363291263580322,2.9265174865722656,0.04620010033249855,3756.0,3754.0
18.54088592529297,5.844683647155762,3.6394002437591553,0.046219632029533386,3760.0,3758.0
7.521152019500732,5.2982025146484375,3.582512140274048,0.046239759773015976,3764.0,3762.0
14.47233772277832,5.637907981872559,3.428435802459717,0.04626031219959259,3768.0,3766.0
10.95428466796875,5.168978214263916,3.028398036956787,0.04628097638487816,3772.0,3770.0
8.283036231994629,6.252172470092773,1.9461019039154053,0.0463009849190712,3776.0,3774.0
4.919360160827637,4.138051986694336,2.862600088119507,0.04632103815674782,3780.0,3778.0
13.15754508972168,4.454975605010986,3.2137393951416016,0.04634137451648712,3784.0,3782.0
14.570096969604492,4.797814846038818,2.568592071533203,0.046361520886421204,3788.0,3786.0
4.893199443817139,4.543272972106934,2.2749314308166504,0.04638128727674484,3792.0,3790.0
14.906402587890625,4.3397321701049805,2.4086380004882812,0.04640080779790878,3796.0,3794.0
7.058392524719238,4.324431419372559,2.6330201625823975,0.04642026126384735,3800.0,3798.0
7.567132949829102,5.951528072357178,2.7761058807373047,0.0464397557079792,3804.0,3802.0
6.563777923583984,2.591201066970825,1.7898423671722412,0.046458594501018524,3808.0,3806.0
8.653076171875,5.187770843505859,2.5485262870788574,0.04647736996412277,3812.0,3810.0
7.164618015289307,4.64251184463501,2.542860984802246,0.04649610072374344,3816.0,3814.0
4.211542129516602,3.6696128845214844,2.7253689765930176,0.046514905989170074,3820.0,3818.0
8.202447891235352,6.119819641113281,1.8319687843322754,0.04653315246105194,3824.0,3822.0
6.456554412841797,4.417132377624512,2.193852663040161,0.046551164239645004,3828.0,3826.0
4.389182090759277,4.613053321838379,2.284564733505249,0.046569012105464935,3832.0,3830.0
6.845113754272461,5.759707450866699,2.8844003677368164,0.04658713936805725,3836.0,3834.0
6.677504062652588,5.255353927612305,3.4537911415100098,0.0466059148311615,3840.0,3838.0
15.521559715270996,5.786294460296631,2.966892957687378,0.04662491753697395,3844.0,3842.0
11.371504783630371,6.8010759353637695,2.8965563774108887,0.046644099056720734,3848.0,3846.0
8.899857521057129,5.113188743591309,2.958216667175293,0.04666346311569214,3852.0,3850.0
11.276391983032227,6.381426811218262,2.773148536682129,0.04668286815285683,3856.0,3854.0
5.535539627075195,3.9898481369018555,2.291806936264038,0.046701982617378235,3860.0,3858.0
5.483471870422363,4.986712455749512,2.3874588012695312,0.04672089219093323,3864.0,3862.0
4.304831504821777,4.448192119598389,1.8411614894866943,0.04673924297094345,3868.0,3866.0
4.734470844268799,4.4023118019104,1.9575096368789673,0.04675716534256935,3872.0,3870.0
35.64011001586914,5.656344413757324,1.8998157978057861,0.046774670481681824,3876.0,3874.0
8.537042617797852,4.683165073394775,3.5253305435180664,0.046792931854724884,3880.0,3878.0
7.190560340881348,4.995640277862549,3.8662757873535156,0.046812087297439575,3884.0,3882.0
6.171603202819824,5.349831581115723,3.105391025543213,0.04683154821395874,3888.0,3886.0
6.959978103637695,5.649827003479004,3.7227771282196045,0.04685167968273163,3892.0,3890.0
5.228645324707031,4.255434036254883,3.373178243637085,0.04687218368053436,3896.0,3894.0
8.959458351135254,5.601303577423096,3.4810190200805664,0.04689309746026993,3900.0,3898.0
21.033489227294922,5.9979329109191895,3.82116436958313,0.04691460356116295,3904.0,3902.0
4.8927412033081055,6.367093086242676,3.364811420440674,0.04693631827831268,3908.0,3906.0
5.334710597991943,5.908644199371338,3.0410218238830566,0.04695801064372063,3912.0,3910.0
9.623948097229004,5.594627857208252,3.904033660888672,0.04698026180267334,3916.0,3914.0
6.5989484786987305,5.538191318511963,2.219470739364624,0.04700187221169472,3920.0,3918.0
6.332077980041504,4.27467679977417,2.884770393371582,0.047023359686136246,3924.0,3922.0
5.699451446533203,4.6499152183532715,2.320645332336426,0.04704434052109718,3928.0,3926.0
6.882855415344238,5.479914665222168,3.208916664123535,0.047065477818250656,3932.0,3930.0
8.29702377319336,4.482574939727783,1.8536105155944824,0.047085825353860855,3936.0,3934.0
5.39174747467041,4.534765720367432,3.043463706970215,0.04710628464818001,3940.0,3938.0
6.220107078552246,5.65330696105957,3.103950023651123,0.0471268855035305,3944.0,3942.0
9.465043067932129,4.172822952270508,2.633397340774536,0.04714728519320488,3948.0,3946.0
6.259869575500488,3.6754064559936523,2.6562724113464355,0.047167520970106125,3952.0,3950.0
4.921095371246338,3.692265272140503,2.373260021209717,0.04718741774559021,3956.0,3954.0
33.10160446166992,4.3467698097229,3.3658132553100586,0.04720768332481384,3960.0,3958.0
8.157288551330566,5.622859954833984,3.146240711212158,0.047228142619132996,3964.0,3962.0
9.357122421264648,6.757274150848389,3.0337352752685547,0.047248683869838715,3968.0,3966.0
7.922320365905762,5.728691101074219,3.4303088188171387,0.04726957529783249,3972.0,3970.0
18.72711753845215,5.5505852699279785,2.807744264602661,0.04729034751653671,3976.0,3974.0
14.248758316040039,4.452381134033203,2.919559955596924,0.047311097383499146,3980.0,3978.0
7.314481258392334,5.847743988037109,3.0405025482177734,0.047331903129816055,3984.0,3982.0
18.25729751586914,5.202762603759766,3.8498315811157227,0.04735330492258072,3988.0,3986.0
16.18276596069336,5.301861763000488,3.123311758041382,0.047374747693538666,3992.0,3990.0
6.285758018493652,4.639734268188477,3.021597385406494,0.04739616811275482,3996.0,3994.0
8.80420207977295,5.447340965270996,2.9680862426757812,0.047417521476745605,4000.0,3998.0
11.318028450012207,6.1472859382629395,3.282607078552246,0.047439027577638626,4004.0,4002.0
8.29361343383789,3.8327791690826416,3.0853171348571777,0.04746054485440254,4008.0,4006.0
18.642080307006836,5.981651306152344,2.8845670223236084,0.047481924295425415,4012.0,4010.0
7.290576934814453,4.288051605224609,2.720799684524536,0.04750307649374008,4016.0,4014.0
4.989778518676758,4.305337905883789,2.370373010635376,0.04752378165721893,4020.0,4018.0
8.894923210144043,4.531940460205078,2.6018049716949463,0.047544240951538086,4024.0,4022.0
6.370553970336914,5.4750285148620605,2.598754405975342,0.04756447672843933,4028.0,4026.0
6.264679431915283,4.840422630310059,2.2015724182128906,0.04758424684405327,4032.0,4030.0
6.838476181030273,3.3867454528808594,2.878770351409912,0.047604046761989594,4036.0,4034.0
9.952010154724121,3.4719414710998535,1.9417788982391357,0.047623246908187866,4040.0,4038.0
5.3496246337890625,4.027833938598633,2.071040630340576,0.04764198511838913,4044.0,4042.0
4.815703392028809,3.638378858566284,1.9893479347229004,0.04766025021672249,4048.0,4046.0
12.90110969543457,4.953865051269531,1.6370537281036377,0.047677867114543915,4052.0,4050.0
8.191755294799805,4.963131427764893,2.1597342491149902,0.04769524186849594,4056.0,4054.0
6.153964042663574,3.273937225341797,1.829887866973877,0.04771217703819275,4060.0,4058.0
5.5482940673828125,3.2453794479370117,1.830639123916626,0.04772871732711792,4064.0,4062.0
34.85192108154297,3.385833263397217,2.091351270675659,0.04774508625268936,4068.0,4066.0
5.710663318634033,5.156989097595215,2.0802903175354004,0.047761283814907074,4072.0,4070.0
7.190028190612793,6.371255874633789,2.460482597351074,0.047777608036994934,4076.0,4074.0
6.879369735717773,5.412970066070557,2.3881356716156006,0.047793976962566376,4080.0,4078.0
5.894347190856934,3.9301538467407227,1.3745381832122803,0.04780969396233559,4084.0,4082.0
6.915281295776367,3.4854891300201416,1.8554902076721191,0.0478251650929451,4088.0,4086.0
5.387746810913086,3.8386077880859375,1.8424482345581055,0.04784040153026581,4092.0,4090.0
12.212345123291016,5.562836647033691,2.8057360649108887,0.04785608500242233,4096.0,4094.0
5.6597442626953125,4.15141487121582,2.395231008529663,0.0478719025850296,4100.0,4098.0
6.651639938354492,3.654374837875366,1.8737924098968506,0.04788747429847717,4104.0,4102.0
6.518233299255371,4.516626834869385,2.054518699645996,0.047902945429086685,4108.0,4106.0
7.576512336730957,4.071173191070557,1.6655305624008179,0.047918058931827545,4112.0,4110.0
6.943950653076172,3.0296196937561035,2.1543424129486084,0.0479331873357296,4116.0,4114.0
9.278791427612305,4.344735145568848,2.1389613151550293,0.04794831946492195,4120.0,4118.0
12.40202522277832,7.11134672164917,2.628938913345337,0.04796380177140236,4124.0,4122.0
7.281351089477539,4.194571495056152,2.3001136779785156,0.04797936975955963,4128.0,4126.0
8.318532943725586,4.207274436950684,1.6997727155685425,0.047994595021009445,4132.0,4130.0
6.362688064575195,3.2118992805480957,1.3353081941604614,0.04800925403833389,4136.0,4134.0
7.1568989753723145,3.82388973236084,2.3837995529174805,0.04802415147423744,4140.0,4138.0
10.326414108276367,4.876030921936035,2.823357582092285,0.048039551824331284,4144.0,4142.0
14.66260051727295,5.264301300048828,3.363588571548462,0.04805578291416168,4148.0,4146.0
7.875890731811523,4.336696624755859,2.183331251144409,0.04807194322347641,4152.0,4150.0
22.504148483276367,5.1083526611328125,2.3352997303009033,0.04808814078569412,4156.0,4154.0
6.545032978057861,5.900032997131348,2.7352662086486816,0.0481046661734581,4160.0,4158.0
5.294081687927246,2.962886333465576,1.9097963571548462,0.0481208935379982,4164.0,4162.0
6.840681076049805,3.920982837677002,2.7397100925445557,0.04813744127750397,4168.0,4166.0
5.717801094055176,3.8466925621032715,1.8139961957931519,0.048153627663850784,4172.0,4170.0
18.1639461517334,4.201292991638184,2.643524169921875,0.048170071095228195,4176.0,4174.0
4.973431587219238,3.1839113235473633,1.3567122220993042,0.048185840249061584,4180.0,4178.0
6.322888374328613,3.9568514823913574,3.0515427589416504,0.04820220544934273,4184.0,4182.0
7.866743087768555,3.769554853439331,2.1247382164001465,0.04821843281388283,4188.0,4186.0
16.20056915283203,5.705196380615234,3.188352584838867,0.04823530092835426,4192.0,4190.0
6.453090190887451,4.662922382354736,2.852170467376709,0.048252496868371964,4196.0,4194.0
26.8150634765625,5.470054626464844,2.0363857746124268,0.048269424587488174,4200.0,4198.0
16.2155818939209,4.627363204956055,1.8597277402877808,0.048285987228155136,4204.0,4202.0
21.24071502685547,4.080435752868652,2.0299391746520996,0.04830234870314598,4208.0,4206.0
6.154094696044922,4.937119960784912,1.630453109741211,0.04831824451684952,4212.0,4210.0
7.378562927246094,3.7257425785064697,2.6047563552856445,0.04833439737558365,4216.0,4214.0
8.404576301574707,5.043943405151367,2.1033382415771484,0.048350438475608826,4220.0,4218.0
25.901063919067383,5.489386081695557,2.0698134899139404,0.048366352915763855,4224.0,4222.0
5.561156749725342,5.521139621734619,2.3455970287323,0.04838234931230545,4228.0,4226.0
29.658889770507812,4.974447250366211,1.6343486309051514,0.048397913575172424,4232.0,4230.0
7.335577487945557,5.616381645202637,2.402165651321411,0.04841364175081253,4236.0,4234.0
6.74971342086792,4.381078243255615,1.887229561805725,0.04842914640903473,4240.0,4238.0
10.77568531036377,4.289988994598389,2.2071382999420166,0.048444680869579315,4244.0,4242.0
5.080886363983154,4.028022289276123,2.5992913246154785,0.04846050590276718,4248.0,4246.0
7.7163262367248535,4.966743469238281,2.063565492630005,0.04847623407840729,4252.0,4250.0
4.766417980194092,5.909814357757568,2.440474033355713,0.048492126166820526,4256.0,4254.0
6.648509979248047,2.927354097366333,1.5942350625991821,0.04850757494568825,4260.0,4258.0
5.700640678405762,4.151930332183838,2.2473559379577637,0.04852308705449104,4264.0,4262.0
6.487062454223633,4.395978927612305,2.6062114238739014,0.04853891581296921,4268.0,4266.0
8.15921688079834,4.601161956787109,1.3488211631774902,0.04855413734912872,4272.0,4270.0
29.031593322753906,6.6894001960754395,2.6259899139404297,0.048569709062576294,4276.0,4274.0
5.559314727783203,4.351439476013184,2.287491798400879,0.048585355281829834,4280.0,4278.0
19.259075164794922,4.692748546600342,2.0860795974731445,0.0486009381711483,4284.0,4282.0
5.796115875244141,5.769819736480713,2.441047191619873,0.04861671105027199,4288.0,4286.0
8.61627197265625,3.86051869392395,1.9287859201431274,0.048632293939590454,4292.0,4290.0
8.991423606872559,3.5842642784118652,2.056267023086548,0.04864778369665146,4296.0,4294.0
7.81287956237793,4.740431308746338,2.143836259841919,0.04866327345371246,4300.0,4298.0
7.340011119842529,3.929785966873169,2.4958913326263428,0.04867899417877197,4304.0,4302.0
9.230511665344238,5.330295085906982,2.2912986278533936,0.04869479313492775,4308.0,4306.0
21.63153839111328,5.176995754241943,1.634117603302002,0.04871018975973129,4312.0,4310.0
18.4257869720459,4.669625282287598,2.11769962310791,0.048725567758083344,4316.0,4314.0
15.259371757507324,5.420085906982422,3.1560802459716797,0.0487416610121727,4320.0,4318.0
4.607435703277588,4.7962327003479,2.281689405441284,0.048757780343294144,4324.0,4322.0
3.1904752254486084,4.11004638671875,1.8929340839385986,0.04877365380525589,4328.0,4326.0
7.427892208099365,4.1993608474731445,2.641347885131836,0.04878982901573181,4332.0,4330.0
6.585776329040527,4.13499641418457,2.4275918006896973,0.04880613088607788,4336.0,4334.0
6.132712364196777,5.493370056152344,2.3592801094055176,0.048822492361068726,4340.0,4338.0
16.444026947021484,4.714984893798828,1.8973530530929565,0.04883859306573868,4344.0,4342.0
5.112961292266846,3.1018226146698,2.275698661804199,0.04885472357273102,4348.0,4346.0
9.929766654968262,5.167478561401367,2.3844995498657227,0.04887095093727112,4352.0,4350.0
12.790648460388184,4.9045305252075195,2.3268356323242188,0.0488872304558754,4356.0,4354.0
5.085944175720215,2.427368640899658,1.9320746660232544,0.048903271555900574,4360.0,4358.0
5.519854545593262,4.953714370727539,2.5898196697235107,0.04891957342624664,4364.0,4362.0
6.493811130523682,5.347397327423096,2.1312718391418457,0.04893577843904495,4368.0,4366.0
8.498077392578125,5.654609680175781,3.0717923641204834,0.048952557146549225,4372.0,4370.0
6.0243706703186035,4.866016387939453,1.424910545349121,0.04896870255470276,4376.0,4374.0
5.96185302734375,5.402152061462402,2.484037399291992,0.048985015600919724,4380.0,4378.0
6.847583770751953,4.652013778686523,1.8023231029510498,0.04900100827217102,4384.0,4382.0
5.907911777496338,2.985457420349121,1.6917296648025513,0.049016617238521576,4388.0,4386.0
5.538458824157715,3.450263500213623,1.4663180112838745,0.04903174191713333,4392.0,4390.0
47.0068359375,6.0134100914001465,2.9263806343078613,0.049047455191612244,4396.0,4394.0
9.332687377929688,4.497217655181885,1.7077436447143555,0.049062833189964294,4400.0,4398.0
12.287198066711426,4.853910446166992,2.40733003616333,0.049078404903411865,4404.0,4402.0
7.491672515869141,4.199965953826904,1.6753839254379272,0.04909364506602287,4408.0,4406.0
4.500189781188965,4.0630035400390625,1.4291120767593384,0.049108393490314484,4412.0,4410.0
16.61125946044922,4.124011516571045,1.8741918802261353,0.04912303388118744,4416.0,4414.0
8.974336624145508,3.9716410636901855,1.9057588577270508,0.04913759231567383,4420.0,4418.0
13.850191116333008,4.945245265960693,2.246786117553711,0.04915232211351395,4424.0,4422.0
7.993699073791504,4.7141876220703125,1.489677906036377,0.049166664481163025,4428.0,4426.0
10.73892593383789,6.470660209655762,2.4122848510742188,0.049181319773197174,4432.0,4430.0
13.490389823913574,5.755818843841553,2.467069625854492,0.04919629544019699,4436.0,4434.0
9.433947563171387,4.73604154586792,1.617187738418579,0.04921095073223114,4440.0,4438.0
8.513242721557617,4.306352138519287,2.304760217666626,0.049225807189941406,4444.0,4442.0
6.288115978240967,3.1477694511413574,2.193645477294922,0.04924077168107033,4448.0,4446.0
5.207686424255371,4.038722991943359,1.2978146076202393,0.049255192279815674,4452.0,4450.0
4.664178848266602,4.001753807067871,1.789217472076416,0.04926947131752968,4456.0,4454.0
4.196967124938965,3.4318342208862305,1.399409294128418,0.04928334802389145,4460.0,4458.0
6.554259777069092,5.13745641708374,2.3195245265960693,0.0492975190281868,4464.0,4462.0
7.087397575378418,4.849787712097168,1.4865508079528809,0.04931136965751648,4468.0,4466.0
4.578067779541016,1.915618658065796,1.3198637962341309,0.049324795603752136,4472.0,4470.0
6.024941921234131,3.719271421432495,1.5280604362487793,0.04933800548315048,4476.0,4474.0
5.071547985076904,4.338434219360352,1.7399462461471558,0.04935117065906525,4480.0,4478.0
5.279910087585449,4.71975564956665,1.8900737762451172,0.049364395439624786,4484.0,4482.0
5.2777628898620605,4.500763893127441,1.5915946960449219,0.04937746003270149,4488.0,4486.0
7.076053619384766,4.48530387878418,1.1302820444107056,0.04939005896449089,4492.0,4490.0
22.541515350341797,3.9661567211151123,1.811853051185608,0.04940272122621536,4496.0,4494.0
19.420574188232422,3.500462055206299,1.4529155492782593,0.04941518232226372,4500.0,4498.0
7.128238677978516,3.4187490940093994,2.0826284885406494,0.04942793399095535,4504.0,4502.0
28.11570167541504,3.1889595985412598,1.6882203817367554,0.04944063723087311,4508.0,4506.0
27.0595645904541,3.613227605819702,1.2404381036758423,0.04945299029350281,4512.0,4510.0
6.029679298400879,4.2730817794799805,2.228182315826416,0.049465738236904144,4516.0,4514.0
11.540704727172852,4.467169761657715,1.8234871625900269,0.04947856068611145,4520.0,4518.0
29.325820922851562,4.905162334442139,2.0097455978393555,0.04949157312512398,4524.0,4522.0
29.848793029785156,5.672981262207031,2.4921746253967285,0.04950511083006859,4528.0,4526.0
18.272937774658203,4.070108890533447,2.2166903018951416,0.04951892048120499,4532.0,4530.0
6.8534698486328125,3.687974452972412,1.943260908126831,0.04953277111053467,4536.0,4534.0
4.7137556076049805,3.701967716217041,1.5762770175933838,0.04954640194773674,4540.0,4538.0
8.680341720581055,4.025012493133545,2.45851469039917,0.04956047236919403,4544.0,4542.0
40.21479797363281,5.301454544067383,3.190685272216797,0.04957547038793564,4548.0,4546.0
5.421139717102051,2.892709970474243,1.7797447443008423,0.04959027096629143,4552.0,4550.0
8.644402503967285,3.380171537399292,2.1470460891723633,0.04960516840219498,4556.0,4554.0
5.777282238006592,3.423304557800293,1.6460528373718262,0.049619801342487335,4560.0,4558.0
9.056957244873047,5.238192558288574,2.592775583267212,0.049634866416454315,4564.0,4562.0
27.615188598632812,3.7875289916992188,2.4529569149017334,0.04965022951364517,4568.0,4566.0
5.355941295623779,3.291797161102295,1.8129103183746338,0.04966539144515991,4572.0,4570.0
8.197746276855469,4.564949035644531,1.7582767009735107,0.04968033730983734,4576.0,4574.0
6.986987113952637,5.55350399017334,3.3867430686950684,0.04969625920057297,4580.0,4578.0
19.829086303710938,4.6972222328186035,2.79667592048645,0.049712639302015305,4584.0,4582.0
4.5884809494018555,4.005431175231934,2.070739984512329,0.04972890391945839,4588.0,4586.0
4.064136981964111,3.8293850421905518,2.232560873031616,0.04974518343806267,4592.0,4590.0
6.9614715576171875,3.958066940307617,2.355468511581421,0.049761563539505005,4596.0,4594.0
6.985142230987549,4.2079596519470215,1.995471477508545,0.049777787178754807,4600.0,4598.0
8.775487899780273,3.37066388130188,2.269840717315674,0.04979405924677849,4604.0,4602.0
7.412918567657471,3.9910192489624023,2.356229066848755,0.04981043189764023,4608.0,4606.0
5.112688064575195,4.382992744445801,2.623067855834961,0.04982709884643555,4612.0,4610.0
8.174582481384277,5.07561731338501,1.7508546113967896,0.04984338581562042,4616.0,4614.0
4.487512588500977,2.8873376846313477,1.5770107507705688,0.049859218299388885,4620.0,4618.0
7.993816375732422,4.357129096984863,2.8460254669189453,0.04987555742263794,4624.0,4622.0
5.291842937469482,4.344245433807373,1.8812956809997559,0.04989165812730789,4628.0,4626.0
20.924997329711914,5.810812473297119,2.944584846496582,0.04990830272436142,4632.0,4630.0
6.331630706787109,3.2774059772491455,2.5391640663146973,0.04992515593767166,4636.0,4634.0
4.472414016723633,3.1690754890441895,1.6374560594558716,0.049941536039114,4640.0,4638.0
8.523770332336426,3.469141960144043,2.20930814743042,0.04995790868997574,4644.0,4642.0
6.12932014465332,3.0429606437683105,1.5542163848876953,0.04997380077838898,4648.0,4646.0
6.103969573974609,3.4414734840393066,1.7725467681884766,0.049989424645900726,4652.0,4650.0
7.617147445678711,6.2035346031188965,2.766385555267334,0.05000551789999008,4656.0,4654.0
9.568525314331055,4.753519058227539,2.0102651119232178,0.050021495670080185,4660.0,4658.0
18.780467987060547,3.016817808151245,1.4495253562927246,0.0500369556248188,4664.0,4662.0
5.907192230224609,3.598018169403076,1.8883137702941895,0.05005226284265518,4668.0,4666.0
7.875613212585449,3.4511361122131348,2.2759361267089844,0.050067730247974396,4672.0,4670.0
3.943601369857788,3.2702410221099854,1.7415720224380493,0.050082940608263016,4676.0,4674.0
3.543360710144043,3.7588307857513428,1.4650734663009644,0.05009772628545761,4680.0,4678.0
20.295093536376953,3.869978666305542,2.423076629638672,0.05011282488703728,4684.0,4682.0
6.2382121086120605,3.2378079891204834,1.4979627132415771,0.0501275360584259,4688.0,4686.0
5.172138214111328,3.342714786529541,2.369955539703369,0.05014253780245781,4692.0,4690.0
5.9261064529418945,4.07772159576416,2.217982769012451,0.05015767365694046,4696.0,4694.0
4.479763031005859,3.9726452827453613,1.5514143705368042,0.05017245560884476,4700.0,4698.0
17.250347137451172,3.314152717590332,1.7825119495391846,0.050187088549137115,4704.0,4702.0
4.497432708740234,2.557302713394165,1.434166431427002,0.05020134150981903,4708.0,4706.0
5.702093124389648,3.390242338180542,2.398416757583618,0.050215944647789,4712.0,4710.0
10.094439506530762,4.330347061157227,2.521915912628174,0.0502309612929821,4716.0,4714.0
4.571320533752441,4.37624454498291,2.874185562133789,0.05024660378694534,4720.0,4718.0
5.061457633972168,3.795742988586426,1.9163322448730469,0.05026210844516754,4724.0,4722.0
4.417472839355469,3.1218924522399902,1.9358822107315063,0.05027750879526138,4728.0,4726.0
30.470233917236328,2.8184657096862793,1.6533452272415161,0.05029260367155075,4732.0,4730.0
4.139652729034424,3.7434206008911133,1.610224962234497,0.05030740052461624,4736.0,4734.0
31.26483154296875,2.9865012168884277,1.8033405542373657,0.05032206326723099,4740.0,4738.0
5.347247123718262,2.2053399085998535,1.8208975791931152,0.05033661797642708,4744.0,4742.0
24.641565322875977,4.2874956130981445,2.1581151485443115,0.050351332873106,4748.0,4746.0
4.554522514343262,4.70304536819458,1.4767390489578247,0.05036567896604538,4752.0,4750.0
5.362166404724121,4.076632022857666,1.5765413045883179,0.05037977918982506,4756.0,4754.0
6.704203128814697,4.751307964324951,1.8800811767578125,0.050393883138895035,4760.0,4758.0
7.360302925109863,3.450115442276001,1.4482760429382324,0.050407666712999344,4764.0,4762.0
5.043354034423828,4.198166847229004,1.8399295806884766,0.05042145401239395,4768.0,4766.0
11.675750732421875,3.8510303497314453,1.6805670261383057,0.05043512210249901,4772.0,4770.0
5.68642520904541,2.866971731185913,1.5623195171356201,0.05044860392808914,4776.0,4774.0
32.729331970214844,4.847326278686523,1.5211632251739502,0.05046188458800316,4780.0,4778.0
3.9281959533691406,2.937112808227539,1.3957880735397339,0.05047488957643509,4784.0,4782.0
5.470981597900391,3.2448997497558594,1.4185956716537476,0.05048765987157822,4788.0,4786.0
5.042749881744385,3.9926812648773193,1.534307599067688,0.05050031468272209,4792.0,4790.0
7.785755634307861,3.7906301021575928,1.5666124820709229,0.0505128875374794,4796.0,4794.0
5.915610313415527,4.08847713470459,1.7968111038208008,0.05052555724978447,4800.0,4798.0
7.841615200042725,3.22021484375,0.5455935001373291,0.05053737759590149,4804.0,4802.0
4.793564319610596,1.5985798835754395,1.0766730308532715,0.05054883658885956,4808.0,4806.0
6.335074424743652,3.139749050140381,1.6842857599258423,0.050560418516397476,4812.0,4810.0
20.86914825439453,4.160046577453613,0.9599934816360474,0.05057158321142197,4816.0,4814.0
5.811801910400391,4.630387783050537,1.364571452140808,0.05058266222476959,4820.0,4818.0
8.646930694580078,5.053809642791748,1.4453734159469604,0.05059373751282692,4824.0,4822.0
5.2724833488464355,2.5824427604675293,1.9917175769805908,0.050605207681655884,4828.0,4826.0
5.88969612121582,2.530027389526367,1.693962812423706,0.05061681568622589,4832.0,4830.0
7.528186798095703,4.452005863189697,1.2951087951660156,0.05062824487686157,4836.0,4834.0
5.338852882385254,3.7008795738220215,1.9177861213684082,0.05063999444246292,4840.0,4838.0
31.51931381225586,3.348007917404175,1.8605819940567017,0.050651971250772476,4844.0,4842.0
6.618521690368652,2.2706217765808105,1.9797687530517578,0.050664253532886505,4848.0,4846.0
4.78523063659668,2.95674729347229,2.063755512237549,0.0506768673658371,4852.0,4850.0
14.284147262573242,4.054369926452637,3.018698215484619,0.05069049820303917,4856.0,4854.0
6.386233806610107,4.953335285186768,2.352362871170044,0.05070454254746437,4860.0,4858.0
5.351874351501465,3.379521369934082,2.1900815963745117,0.050718843936920166,4864.0,4862.0
4.927850723266602,3.183145046234131,2.031170129776001,0.050733260810375214,4868.0,4866.0
3.977436065673828,1.4633842706680298,1.2477682828903198,0.050747185945510864,4872.0,4870.0
38.46306610107422,4.598660469055176,2.442864418029785,0.050761573016643524,4876.0,4874.0
5.254029273986816,2.6210787296295166,2.256495475769043,0.05077623203396797,4880.0,4878.0
3.960625648498535,3.6957926750183105,1.1756253242492676,0.05079032480716705,4884.0,4882.0
6.4684929847717285,4.90068244934082,2.642202854156494,0.05080501735210419,4888.0,4886.0
4.819558620452881,1.8713734149932861,1.9695663452148438,0.05081973597407341,4892.0,4890.0
10.046442985534668,3.1491122245788574,1.6289877891540527,0.050834231078624725,4896.0,4894.0
5.289450168609619,4.357455253601074,1.4273488521575928,0.05084836483001709,4900.0,4898.0
4.8482770919799805,3.686875581741333,1.3058171272277832,0.050862088799476624,4904.0,4902.0
4.235269546508789,3.511889934539795,1.269174337387085,0.05087541788816452,4908.0,4906.0
5.304725646972656,4.355241775512695,1.8499140739440918,0.050888821482658386,4912.0,4910.0
3.9517698287963867,2.9855635166168213,0.9128122329711914,0.050901588052511215,4916.0,4914.0
17.284099578857422,3.2441835403442383,1.3266609907150269,0.05091410130262375,4920.0,4918.0
8.383695602416992,4.0425591468811035,0.8860618472099304,0.050926048308610916,4924.0,4922.0
5.528764724731445,3.5151474475860596,0.7557738423347473,0.050937388092279434,4928.0,4926.0
5.443023681640625,3.586773157119751,1.8009628057479858,0.05094897747039795,4932.0,4930.0
8.269100189208984,2.99914813041687,0.6226620674133301,0.050959885120391846,4936.0,4934.0
32.78791809082031,2.3295326232910156,0.47776859998703003,0.05097007751464844,4940.0,4938.0
5.61742639541626,2.6964950561523438,1.14566171169281,0.05098014324903488,4944.0,4942.0
3.8805012702941895,2.5678608417510986,0.6324554681777954,0.05098968371748924,4948.0,4946.0
6.294437885284424,3.7428438663482666,1.7434453964233398,0.05099961906671524,4952.0,4950.0
5.369007587432861,4.3727192878723145,1.1790908575057983,0.051009468734264374,4956.0,4954.0
5.291084289550781,2.1551849842071533,1.16290283203125,0.05101923644542694,4960.0,4958.0
4.689730167388916,2.0520286560058594,0.7806823253631592,0.051028624176979065,4964.0,4962.0
5.098383903503418,2.381997585296631,1.0229369401931763,0.051037874072790146,4968.0,4966.0
11.582141876220703,2.23759388923645,1.6218328475952148,0.05104745179414749,4972.0,4970.0
4.065129280090332,5.093360424041748,1.9904264211654663,0.0510576032102108,4976.0,4974.0
7.521285533905029,2.7480688095092773,0.861119270324707,0.05106741562485695,4980.0,4978.0
4.349237442016602,2.9916536808013916,1.6236662864685059,0.05107749626040459,4984.0,4982.0
6.897236347198486,4.080683708190918,1.2347087860107422,0.05108753219246864,4988.0,4986.0
6.022752285003662,3.100039005279541,0.778343915939331,0.05109718069434166,4992.0,4990.0
27.26192283630371,4.061723709106445,1.764876365661621,0.051107220351696014,4996.0,4994.0
11.11271858215332,4.057249069213867,1.736384630203247,0.05111760273575783,5000.0,4998.0
5.136960506439209,3.9079833030700684,1.989793300628662,0.051128484308719635,5004.0,5002.0
6.180081367492676,3.2631657123565674,1.8792157173156738,0.05113973841071129,5008.0,5006.0
5.453518867492676,2.548849105834961,1.522338628768921,0.051151055842638016,5012.0,5010.0
6.686855792999268,2.388051986694336,0.9465905427932739,0.051161982119083405,5016.0,5014.0
22.8668155670166,4.926841735839844,1.476548433303833,0.05117296427488327,5020.0,5018.0
10.63946533203125,5.554416179656982,2.101287841796875,0.051184482872486115,5024.0,5022.0
23.346725463867188,6.464159965515137,3.0487585067749023,0.051197197288274765,5028.0,5026.0
6.352516174316406,2.808800220489502,0.824054479598999,0.05120929703116417,5032.0,5030.0
26.990127563476562,4.192185401916504,1.779280185699463,0.0512215681374073,5036.0,5034.0
6.004242897033691,4.353988170623779,1.3220670223236084,0.051233649253845215,5040.0,5038.0
29.511314392089844,4.749260902404785,1.8655725717544556,0.05124597251415253,5044.0,5042.0
41.3834228515625,3.541954278945923,2.3015241622924805,0.05125885456800461,5048.0,5046.0
6.590595245361328,3.956491470336914,2.143355369567871,0.05127211660146713,5052.0,5050.0
10.788209915161133,2.7779221534729004,1.7191271781921387,0.05128539353609085,5056.0,5054.0
7.520438194274902,2.450100898742676,2.224013566970825,0.051299065351486206,5060.0,5058.0
8.969343185424805,3.6253457069396973,2.638050079345703,0.05131342634558678,5064.0,5062.0
12.34721565246582,3.4932637214660645,2.3373892307281494,0.05132816731929779,5068.0,5066.0
26.830514907836914,5.141947269439697,2.405604124069214,0.05134331062436104,5072.0,5070.0
9.125126838684082,6.7559661865234375,3.339827060699463,0.05135950818657875,5076.0,5074.0
11.395257949829102,6.4758710861206055,2.0342459678649902,0.05137567222118378,5080.0,5078.0
33.11690139770508,4.814672946929932,2.1117801666259766,0.05139186978340149,5084.0,5082.0
6.7310638427734375,3.4148077964782715,1.6201741695404053,0.05140771344304085,5088.0,5086.0
8.264156341552734,3.9263343811035156,2.270298957824707,0.05142374709248543,5092.0,5090.0
9.341678619384766,5.539912223815918,2.785768508911133,0.05144033953547478,5096.0,5094.0
8.315526962280273,2.977747917175293,1.9866702556610107,0.05145682394504547,5100.0,5098.0
22.897897720336914,3.103743553161621,1.7972102165222168,0.05147305876016617,5104.0,5102.0
7.681277275085449,3.996457099914551,2.188558578491211,0.05148938298225403,5108.0,5106.0
9.068252563476562,6.668013572692871,2.696356773376465,0.0515061691403389,5112.0,5110.0
22.53200912475586,6.885903358459473,1.9304873943328857,0.05152278393507004,5116.0,5114.0
4.924638748168945,3.6373696327209473,2.41109037399292,0.05153961479663849,5120.0,5118.0
7.286105632781982,4.45089864730835,1.8399465084075928,0.05155620723962784,5124.0,5122.0
8.194469451904297,4.736171722412109,2.144575595855713,0.05157281458377838,5128.0,5126.0
6.96341609954834,4.895674228668213,2.2388317584991455,0.051589518785476685,5132.0,5130.0
10.26896858215332,5.750824451446533,2.845947742462158,0.05160675197839737,5136.0,5134.0
5.801342010498047,5.126813888549805,2.38662052154541,0.051624126732349396,5140.0,5138.0
5.759223937988281,6.281435489654541,2.805521011352539,0.051641955971717834,5144.0,5142.0
16.391136169433594,6.325631141662598,2.818288803100586,0.05166018009185791,5148.0,5146.0
12.528892517089844,7.587124824523926,3.730386734008789,0.051679469645023346,5152.0,5150.0
15.764328002929688,5.09869909286499,2.3371706008911133,0.05169864743947983,5156.0,5154.0
25.69957160949707,5.636781215667725,2.0966694355010986,0.051717545837163925,5160.0,5158.0
4.956742286682129,6.28447151184082,2.2206695079803467,0.051736291497945786,5164.0,5162.0
6.5107011795043945,5.214690208435059,2.787250280380249,0.051755327731370926,5168.0,5166.0
9.012612342834473,5.506468772888184,1.4570037126541138,0.05177360773086548,5172.0,5170.0
5.45949649810791,4.823965549468994,2.149672031402588,0.05179174244403839,5176.0,5174.0
26.3316593170166,3.384596824645996,1.7330968379974365,0.05180942639708519,5180.0,5178.0
20.841205596923828,7.380359649658203,1.8725965023040771,0.05182680860161781,5184.0,5182.0
10.148733139038086,5.850449562072754,1.0404491424560547,0.05184328556060791,5188.0,5186.0
7.423670768737793,7.439974784851074,2.1694674491882324,0.05185981094837189,5192.0,5190.0
6.388702392578125,6.504682540893555,2.273449182510376,0.051876455545425415,5196.0,5194.0
10.113836288452148,6.781558036804199,2.1989262104034424,0.051893170922994614,5200.0,5198.0
6.63446569442749,5.547945976257324,1.9550628662109375,0.051909737288951874,5204.0,5202.0
39.333152770996094,4.819136142730713,1.9244232177734375,0.05192616581916809,5208.0,5206.0
15.427347183227539,4.608763217926025,1.7330188751220703,0.051942311227321625,5212.0,5210.0
5.74008321762085,4.697332859039307,2.0698187351226807,0.05195847526192665,5216.0,5214.0
44.23772430419922,4.014035224914551,1.4434216022491455,0.051974158734083176,5220.0,5218.0
11.887347221374512,5.903875350952148,1.7048749923706055,0.05198962613940239,5224.0,5222.0
10.503978729248047,5.007258892059326,2.061475992202759,0.052005160599946976,5228.0,5226.0
13.510581016540527,8.278260231018066,1.823738694190979,0.052020587027072906,5232.0,5230.0
8.121493339538574,6.060037612915039,1.7611021995544434,0.0520358569920063,5236.0,5234.0
5.90151309967041,3.562472343444824,1.7398310899734497,0.05205097049474716,5240.0,5238.0
8.059685707092285,5.096836566925049,2.1791322231292725,0.05206628516316414,5244.0,5242.0
7.201664924621582,7.126615524291992,2.3032524585723877,0.052081890404224396,5248.0,5246.0
13.603006362915039,5.2829108238220215,1.7351301908493042,0.05209730565547943,5252.0,5250.0
11.275055885314941,8.158258438110352,2.7787041664123535,0.052113354206085205,5256.0,5254.0
8.930770874023438,5.66403341293335,2.569540023803711,0.05212981998920441,5260.0,5258.0
8.057251930236816,5.357780456542969,1.8774611949920654,0.05214612931013107,5264.0,5262.0
9.64787769317627,5.592876434326172,2.049574136734009,0.05216242000460625,5268.0,5266.0
8.499715805053711,4.994287490844727,1.6650131940841675,0.05217840149998665,5272.0,5270.0
10.778495788574219,6.999490737915039,1.9136765003204346,0.05219430476427078,5276.0,5274.0
13.23160171508789,7.676173210144043,1.8021607398986816,0.05221003293991089,5280.0,5278.0
14.770078659057617,8.804243087768555,1.4440414905548096,0.052225347608327866,5284.0,5282.0
12.251569747924805,4.961891174316406,1.2987117767333984,0.05224016681313515,5288.0,5286.0
10.82461929321289,6.127324104309082,1.4926013946533203,0.05225469172000885,5292.0,5290.0
5.7703962326049805,3.1166927814483643,1.3357857465744019,0.052268821746110916,5296.0,5294.0
38.514286041259766,5.35483455657959,2.0444724559783936,0.05228316783905029,5300.0,5298.0
8.313047409057617,5.892741680145264,1.261040449142456,0.05229708179831505,5304.0,5302.0
29.53156089782715,10.263381004333496,2.9377856254577637,0.05231191962957382,5308.0,5306.0
14.597776412963867,7.375147819519043,1.6482219696044922,0.052326589822769165,5312.0,5310.0
43.64800262451172,7.790400505065918,2.538309335708618,0.052341800183057785,5316.0,5314.0
6.914488792419434,5.169370651245117,1.5555286407470703,0.05235672742128372,5320.0,5318.0
7.698041915893555,5.32207727432251,1.7986968755722046,0.05237159505486488,5324.0,5322.0
11.74410629272461,5.273771286010742,1.671852469444275,0.05238630622625351,5328.0,5326.0
37.26599884033203,8.635584831237793,3.0284347534179688,0.05240194499492645,5332.0,5330.0
10.11589241027832,5.532495498657227,1.2931022644042969,0.052417054772377014,5336.0,5334.0
14.614179611206055,5.276095390319824,1.5154277086257935,0.0524318665266037,5340.0,5338.0
57.867584228515625,5.249880790710449,1.6547819375991821,0.05244651809334755,5344.0,5342.0
35.81309509277344,5.056283950805664,1.3791942596435547,0.05246081203222275,5348.0,5346.0
21.293201446533203,6.413417339324951,1.1287453174591064,0.05247458443045616,5352.0,5350.0
8.517955780029297,6.286426544189453,0.5967973470687866,0.052487459033727646,5356.0,5354.0
6.378759860992432,8.040512084960938,1.7891407012939453,0.05250047519803047,5360.0,5358.0
8.924878120422363,6.397563457489014,1.2544915676116943,0.052513208240270615,5364.0,5362.0
6.32902717590332,4.275145530700684,1.7378242015838623,0.05252605676651001,5368.0,5366.0
16.00316047668457,6.140433311462402,1.46692955493927,0.05253879353404045,5372.0,5370.0
13.400369644165039,5.657584190368652,2.0067005157470703,0.05255185812711716,5376.0,5374.0
6.219583511352539,5.830361843109131,1.0436952114105225,0.05256446450948715,5380.0,5378.0
5.419341087341309,4.048229217529297,0.9199524521827698,0.05257656052708626,5384.0,5382.0
12.133142471313477,6.90736198425293,2.3534767627716064,0.05258932337164879,5388.0,5386.0
8.9801025390625,6.37338924407959,1.6968837976455688,0.05260217562317848,5392.0,5390.0
10.389711380004883,6.444554805755615,1.6271331310272217,0.05261504650115967,5396.0,5394.0
62.90658187866211,6.336858749389648,1.8057072162628174,0.052628081291913986,5400.0,5398.0
8.536282539367676,6.935028553009033,1.7517175674438477,0.05264122039079666,5404.0,5402.0
8.98275375366211,4.396854400634766,1.2729206085205078,0.052654072642326355,5408.0,5406.0
23.782764434814453,6.219769477844238,1.2567205429077148,0.052666664123535156,5412.0,5410.0
8.252666473388672,6.209282875061035,1.9600032567977905,0.052679575979709625,5416.0,5414.0
14.838218688964844,6.307977676391602,1.743704080581665,0.05269259959459305,5420.0,5418.0
38.29039764404297,6.969997882843018,2.059450149536133,0.05270598083734512,5424.0,5422.0
6.665322303771973,6.106040000915527,1.7660967111587524,0.052719444036483765,5428.0,5426.0
6.382240295410156,5.450082778930664,1.7898952960968018,0.052733004093170166,5432.0,5430.0
7.779969215393066,4.856948375701904,1.4000866413116455,0.05274634808301926,5436.0,5434.0
12.308893203735352,4.842626571655273,1.8713257312774658,0.052759867161512375,5440.0,5438.0
5.827585220336914,3.268732786178589,1.1298168897628784,0.05277295410633087,5444.0,5442.0
10.057622909545898,3.8705782890319824,0.7708715200424194,0.05278535932302475,5448.0,5446.0
7.370360374450684,7.105559825897217,1.2993407249450684,0.052797582000494,5452.0,5450.0
6.659073352813721,4.115781307220459,1.0973467826843262,0.05280947685241699,5456.0,5454.0
29.227333068847656,7.7025604248046875,2.439631462097168,0.05282215774059296,5460.0,5458.0
23.9226131439209,6.614832401275635,1.1210864782333374,0.05283447727560997,5464.0,5462.0
7.941501617431641,3.63297176361084,1.2935771942138672,0.052846621721982956,5468.0,5466.0
6.800584316253662,4.151594161987305,1.0872611999511719,0.052858442068099976,5472.0,5470.0
7.913515090942383,6.35506534576416,0.8289890289306641,0.0528697595000267,5476.0,5474.0
9.937907218933105,5.77850866317749,2.422999143600464,0.05288190022110939,5480.0,5478.0
9.755456924438477,4.597661018371582,1.2138866186141968,0.052893828600645065,5484.0,5482.0
11.454517364501953,5.449582576751709,1.3866711854934692,0.05290568247437477,5488.0,5486.0
17.308191299438477,5.480222702026367,1.9121960401535034,0.052917905151844025,5492.0,5490.0
23.020858764648438,4.842637062072754,1.2053221464157104,0.052929893136024475,5496.0,5494.0
29.342178344726562,4.707833290100098,1.515946626663208,0.05294192209839821,5500.0,5498.0
11.248183250427246,4.708005905151367,1.6431548595428467,0.052954092621803284,5504.0,5502.0
40.27675247192383,4.948484897613525,1.2632559537887573,0.05296607315540314,5508.0,5506.0
22.72449493408203,5.560336112976074,2.190833568572998,0.05297864228487015,5512.0,5510.0
7.748955726623535,6.878986358642578,1.3809306621551514,0.05299108475446701,5516.0,5514.0
6.182046890258789,6.561441421508789,2.14762020111084,0.053004033863544464,5520.0,5518.0
8.022571563720703,5.255846977233887,1.5429933071136475,0.05301695317029953,5524.0,5522.0
26.175655364990234,6.240860939025879,1.6789277791976929,0.053029946982860565,5528.0,5526.0
6.757524490356445,4.958426475524902,1.5557606220245361,0.05304292216897011,5532.0,5530.0
40.819236755371094,4.730335712432861,1.8122456073760986,0.05305608734488487,5536.0,5534.0
9.76666259765625,8.127452850341797,2.6234476566314697,0.053070068359375,5540.0,5538.0
4.914835453033447,5.253171920776367,2.00652813911438,0.05308429151773453,5544.0,5542.0
15.366188049316406,5.8149261474609375,2.589085578918457,0.05309920012950897,5548.0,5546.0
28.516094207763672,7.459615230560303,2.6274197101593018,0.053114764392375946,5552.0,5550.0
10.017862319946289,6.375273704528809,2.5070953369140625,0.05313080921769142,5556.0,5554.0
9.229738235473633,5.2661542892456055,2.3714747428894043,0.05314719304442406,5560.0,5558.0
6.9032440185546875,3.734297752380371,2.7073974609375,0.05316413566470146,5564.0,5562.0
6.236353397369385,4.852094650268555,2.1830525398254395,0.05318117514252663,5568.0,5566.0
8.44479751586914,5.634605884552002,2.276182174682617,0.05319837108254433,5572.0,5570.0
24.935609817504883,5.97490930557251,1.482802391052246,0.053215064108371735,5576.0,5574.0
10.914159774780273,5.368317604064941,1.6707631349563599,0.053231459110975266,5580.0,5578.0
7.154792785644531,2.8231282234191895,1.3790420293807983,0.053247351199388504,5584.0,5582.0
12.179093360900879,3.80260968208313,1.2686491012573242,0.053262703120708466,5588.0,5586.0
13.664712905883789,5.781277656555176,1.7863291501998901,0.05327799171209335,5592.0,5590.0
8.893813133239746,3.5636796951293945,1.749229073524475,0.05329318717122078,5596.0,5594.0
13.704357147216797,4.918612480163574,2.1981735229492188,0.05330866575241089,5600.0,5598.0
21.793014526367188,4.3995680809021,1.4824992418289185,0.05332382023334503,5604.0,5602.0
37.206512451171875,6.154192924499512,1.647594928741455,0.05333882197737694,5608.0,5606.0
8.973360061645508,4.766987323760986,1.6939911842346191,0.05335371568799019,5612.0,5610.0
5.908116340637207,7.487719535827637,1.6666078567504883,0.053368501365184784,5616.0,5614.0
7.697961807250977,5.067363739013672,1.258583903312683,0.053382840007543564,5620.0,5618.0
31.16145896911621,5.866539478302002,2.083710193634033,0.053397469222545624,5624.0,5622.0
11.524454116821289,5.0166168212890625,1.9831708669662476,0.053412262350320816,5628.0,5626.0
40.18690872192383,5.040832996368408,1.4022754430770874,0.05342674255371094,5632.0,5630.0
9.230011940002441,5.850238800048828,2.034503221511841,0.05344145745038986,5636.0,5634.0
7.354283332824707,5.4515767097473145,1.8302825689315796,0.05345621332526207,5640.0,5638.0
7.493014335632324,5.456747055053711,1.7381304502487183,0.05347093567252159,5644.0,5642.0
9.893892288208008,6.839997291564941,2.8910574913024902,0.05348655581474304,5648.0,5646.0
6.785086631774902,4.155017852783203,1.6233410835266113,0.05350196361541748,5652.0,5650.0
41.93016052246094,3.3906431198120117,1.41854727268219,0.05351700633764267,5656.0,5654.0
12.794018745422363,4.75644588470459,2.764784574508667,0.05353281646966934,5660.0,5658.0
36.07706069946289,3.979264259338379,1.7220854759216309,0.053548477590084076,5664.0,5662.0
7.113734245300293,5.830522537231445,1.9936058521270752,0.053564220666885376,5668.0,5666.0
8.266303062438965,4.6682353019714355,1.3828849792480469,0.05357953533530235,5672.0,5670.0
23.015392303466797,4.0998334884643555,1.4959568977355957,0.053594574332237244,5676.0,5674.0
7.547155380249023,3.4265689849853516,0.9761755466461182,0.05360892415046692,5680.0,5678.0
10.726195335388184,4.786223888397217,1.2456517219543457,0.05362287163734436,5684.0,5682.0
10.491291046142578,4.105323314666748,1.6996066570281982,0.05363684892654419,5688.0,5686.0
6.2095842361450195,6.156485557556152,1.5989727973937988,0.05365075170993805,5692.0,5690.0
6.689221382141113,6.681628704071045,0.8135875463485718,0.0536639541387558,5696.0,5694.0
7.615729331970215,6.039814472198486,1.3837714195251465,0.053676992654800415,5700.0,5698.0
7.381146430969238,4.2692694664001465,1.703169584274292,0.05369013547897339,5704.0,5702.0
8.088486671447754,7.227865695953369,1.672488808631897,0.05370336025953293,5708.0,5706.0
6.135786056518555,3.2627668380737305,0.6050256490707397,0.053715780377388,5712.0,5710.0
25.45570945739746,6.651887893676758,1.4974184036254883,0.05372820794582367,5716.0,5714.0
12.355960845947266,6.591431617736816,1.5640445947647095,0.053740695118904114,5720.0,5718.0
16.04745864868164,5.345611095428467,1.0666942596435547,0.0537528470158577,5724.0,5722.0
6.162294387817383,5.940632343292236,1.1858267784118652,0.053764764219522476,5728.0,5726.0
5.485978126525879,3.9420852661132812,1.2686394453048706,0.05377655848860741,5732.0,5730.0
6.167605400085449,4.605250835418701,0.9520924091339111,0.05378798395395279,5736.0,5734.0
11.518218994140625,3.933337688446045,1.1762943267822266,0.05379924550652504,5740.0,5738.0
30.8916015625,3.7131237983703613,1.1660733222961426,0.05381036549806595,5744.0,5742.0
38.90367889404297,4.43572998046875,1.1396480798721313,0.05382133647799492,5748.0,5746.0
8.704893112182617,6.034162998199463,1.4044950008392334,0.05383238568902016,5752.0,5750.0
31.51848030090332,3.8534107208251953,1.6811988353729248,0.05384374409914017,5756.0,5754.0
6.13419246673584,6.884054183959961,0.924013614654541,0.053854748606681824,5760.0,5758.0
19.774456024169922,6.48809814453125,1.0299806594848633,0.053865522146224976,5764.0,5762.0
6.737908840179443,5.815139293670654,1.630786418914795,0.053876593708992004,5768.0,5766.0
7.555203914642334,5.981844902038574,1.145979404449463,0.05388752743601799,5772.0,5770.0
9.127628326416016,4.680997848510742,1.1057168245315552,0.05389830470085144,5776.0,5774.0
57.08381652832031,6.02478551864624,2.1967201232910156,0.053909845650196075,5780.0,5778.0
9.552734375,5.913851737976074,1.8440240621566772,0.053921788930892944,5784.0,5782.0
5.666875839233398,3.798797130584717,2.083028793334961,0.053934287279844284,5788.0,5786.0
5.454558372497559,3.2372939586639404,1.335450530052185,0.05394667387008667,5792.0,5790.0
10.02739429473877,5.531870365142822,1.5384981632232666,0.05395912379026413,5796.0,5794.0
5.613149166107178,4.514662742614746,0.9767069816589355,0.05397115275263786,5800.0,5798.0
6.545187950134277,5.227212429046631,0.7637341022491455,0.053982630372047424,5804.0,5802.0
8.537667274475098,5.64721155166626,1.15790593624115,0.05399394780397415,5808.0,5806.0
10.972955703735352,5.057816028594971,1.1604540348052979,0.05400512367486954,5812.0,5810.0
4.657591819763184,4.128899574279785,1.1764731407165527,0.05401618406176567,5816.0,5814.0
10.482847213745117,6.359252452850342,1.773308277130127,0.054027631878852844,5820.0,5818.0
40.20872497558594,4.753300666809082,1.0524001121520996,0.054038841277360916,5824.0,5822.0
5.463237762451172,5.157732963562012,1.2736244201660156,0.054050013422966,5828.0,5826.0
7.184385299682617,4.971449851989746,1.0156478881835938,0.0540609285235405,5832.0,5830.0
6.978729248046875,6.249466896057129,1.13411283493042,0.054071731865406036,5836.0,5834.0
4.3415446281433105,4.7534332275390625,1.7168102264404297,0.05408290773630142,5840.0,5838.0
22.14244270324707,7.2189764976501465,1.907107949256897,0.0540945939719677,5844.0,5842.0
21.861665725708008,6.922031402587891,0.8333594799041748,0.054105814546346664,5848.0,5846.0
6.004295349121094,5.091332912445068,1.0096778869628906,0.054116781800985336,5852.0,5850.0
7.617619514465332,4.709173202514648,1.4289724826812744,0.054127879440784454,5856.0,5854.0
4.450140476226807,3.664128303527832,0.42973557114601135,0.054138243198394775,5860.0,5858.0
22.105712890625,5.354658126831055,1.1292098760604858,0.05414852872490883,5864.0,5862.0
11.177762985229492,4.475417137145996,0.6780452728271484,0.05415838211774826,5868.0,5866.0
5.18015718460083,5.13213586807251,1.5280500650405884,0.054168544709682465,5872.0,5870.0
46.415191650390625,3.216813802719116,0.3189685344696045,0.05417797341942787,5876.0,5874.0
7.804193496704102,5.351652145385742,1.5095176696777344,0.054187752306461334,5880.0,5878.0
40.29247283935547,4.497885704040527,1.1355316638946533,0.054197534918785095,5884.0,5882.0
5.831785678863525,3.4938836097717285,0.9917823672294617,0.05420718714594841,5888.0,5886.0
8.944366455078125,4.879976272583008,0.6794106960296631,0.05421646684408188,5892.0,5890.0
43.107330322265625,6.748147964477539,1.7407984733581543,0.05422630533576012,5896.0,5894.0
41.34104919433594,4.0550737380981445,1.5148605108261108,0.05423646792769432,5900.0,5898.0
5.716965675354004,4.662365436553955,1.0384678840637207,0.05424650013446808,5904.0,5902.0
13.107730865478516,6.461582183837891,1.071523904800415,0.054256461560726166,5908.0,5906.0
6.318131446838379,4.042764186859131,1.5671935081481934,0.05426677316427231,5912.0,5910.0
21.44005584716797,4.771835803985596,1.1551343202590942,0.054277047514915466,5916.0,5914.0
8.46401596069336,3.6223509311676025,0.6003947257995605,0.05428681895136833,5920.0,5918.0
45.07023620605469,5.665170192718506,1.2448177337646484,0.054296694695949554,5924.0,5922.0
25.03338623046875,3.104985237121582,0.6151772737503052,0.05430611968040466,5928.0,5926.0
22.174880981445312,4.705318450927734,0.9268355369567871,0.05431540310382843,5932.0,5930.0
6.4656500816345215,3.270550489425659,0.7538059949874878,0.05432441830635071,5936.0,5934.0
10.664717674255371,5.003665924072266,1.184301495552063,0.05433354899287224,5940.0,5938.0
10.781370162963867,6.604620456695557,1.2227959632873535,0.054342836141586304,5944.0,5942.0
23.82614517211914,6.946204662322998,1.6552809476852417,0.054352618753910065,5948.0,5946.0
5.260774612426758,4.6047868728637695,0.832949697971344,0.054362159222364426,5952.0,5950.0
6.673617362976074,2.8851261138916016,0.7579541802406311,0.05437140166759491,5956.0,5954.0
6.504790782928467,3.596325635910034,1.4156768321990967,0.05438094213604927,5960.0,5958.0
6.396976470947266,3.602437734603882,1.5332705974578857,0.054390862584114075,5964.0,5962.0
5.643514633178711,3.7298383712768555,0.605982780456543,0.054400328546762466,5968.0,5966.0
11.251657485961914,3.7391743659973145,1.5492305755615234,0.054410189390182495,5972.0,5970.0
6.0450215339660645,4.916193008422852,2.0641942024230957,0.05442085117101669,5976.0,5974.0
7.268620491027832,6.393837928771973,1.0684261322021484,0.05443139001727104,5980.0,5978.0
24.56909942626953,3.8860411643981934,1.609682559967041,0.05444226413965225,5984.0,5982.0
8.773143768310547,4.782384872436523,1.7690577507019043,0.05445359647274017,5988.0,5986.0
7.882938385009766,4.3715033531188965,1.1901847124099731,0.05446484312415123,5992.0,5990.0
7.89315938949585,6.1064372062683105,1.529137134552002,0.054476298391819,5996.0,5994.0
4.893285751342773,4.344848155975342,1.3149890899658203,0.05448775365948677,6000.0,5998.0
9.152170181274414,4.344947338104248,0.7595489025115967,0.05449873208999634,6004.0,6002.0
13.512430191040039,3.0500173568725586,0.982562243938446,0.0545094758272171,6008.0,6006.0
19.356019973754883,4.0370707511901855,0.23129671812057495,0.05451935529708862,6012.0,6010.0
7.8420610427856445,4.226975917816162,1.4659173488616943,0.05452953279018402,6016.0,6014.0
8.018617630004883,4.296154975891113,0.7305382490158081,0.05453933775424957,6020.0,6018.0
32.227561950683594,4.023782253265381,1.311392903327942,0.054549314081668854,6024.0,6022.0
37.38706970214844,5.758748531341553,1.4450198411941528,0.05455955117940903,6028.0,6026.0
40.8197021484375,5.85221004486084,2.031989097595215,0.05457054078578949,6032.0,6030.0
6.32965087890625,5.782155990600586,1.4883288145065308,0.05458174645900726,6036.0,6034.0
9.370052337646484,5.264429092407227,0.9583640098571777,0.05459267646074295,6040.0,6038.0
26.088356018066406,6.566545486450195,1.4837381839752197,0.05460382252931595,6044.0,6042.0
14.022507667541504,7.50877571105957,1.947774887084961,0.05461554974317551,6048.0,6046.0
12.080217361450195,6.9102582931518555,2.559476852416992,0.05462835356593132,6052.0,6050.0
11.833121299743652,5.521113395690918,1.2587610483169556,0.05464097484946251,6056.0,6054.0
5.6027398109436035,5.128605842590332,1.909355878829956,0.054654017090797424,6060.0,6058.0
5.870290756225586,2.8192996978759766,0.43977680802345276,0.054666150361299515,6064.0,6062.0
24.300992965698242,7.637984275817871,1.5102405548095703,0.054678402841091156,6068.0,6066.0
6.130586624145508,4.801819801330566,0.750625491142273,0.05469009652733803,6072.0,6070.0
8.140758514404297,5.0424370765686035,1.1176154613494873,0.054701611399650574,6076.0,6074.0
8.042460441589355,5.020883560180664,1.3932626247406006,0.054713208228349686,6080.0,6078.0
7.644307613372803,3.850910186767578,0.9845158457756042,0.054724518209695816,6084.0,6082.0
5.29888916015625,6.165313243865967,1.8011049032211304,0.05473628640174866,6088.0,6086.0
9.480085372924805,5.574877738952637,1.8055040836334229,0.05474846437573433,6092.0,6090.0
13.303633689880371,5.765648365020752,1.1341866254806519,0.054760437458753586,6096.0,6094.0
6.729942321777344,6.076992034912109,1.3727333545684814,0.05477242171764374,6100.0,6098.0
5.206519603729248,4.304215431213379,1.2887979745864868,0.05478436127305031,6104.0,6102.0
8.627676963806152,7.299710273742676,1.9690693616867065,0.05479683727025986,6108.0,6106.0
6.267095565795898,4.82675838470459,1.763330101966858,0.05480962619185448,6112.0,6110.0
6.957331657409668,7.1364521980285645,1.5555689334869385,0.05482252687215805,6116.0,6114.0
8.403465270996094,6.82835578918457,1.5168919563293457,0.0548354797065258,6120.0,6118.0
7.422183036804199,5.6986870765686035,1.2443976402282715,0.05484824255108833,6124.0,6122.0
11.358691215515137,6.476573944091797,0.9637558460235596,0.054860588163137436,6128.0,6126.0
8.9266939163208,7.725149154663086,1.7175873517990112,0.05487322434782982,6132.0,6130.0
8.031435012817383,8.212484359741211,1.8117897510528564,0.05488620325922966,6136.0,6134.0
9.670291900634766,6.592897415161133,1.5240302085876465,0.05489923804998398,6140.0,6138.0
7.602151393890381,7.2730326652526855,1.076838731765747,0.054911937564611435,6144.0,6142.0
10.091119766235352,4.12462043762207,1.3725683689117432,0.05492458492517471,6148.0,6146.0
6.64912748336792,8.459569931030273,1.2862942218780518,0.05493712052702904,6152.0,6150.0
27.605674743652344,4.915212631225586,0.7069844007492065,0.05494903773069382,6156.0,6154.0
11.302719116210938,8.89452838897705,1.818044662475586,0.05496138334274292,6160.0,6158.0
6.475500106811523,9.117059707641602,1.510585904121399,0.054973844438791275,6164.0,6162.0
7.602616310119629,8.412168502807617,1.9753828048706055,0.054986823350191116,6168.0,6166.0
6.13613748550415,6.907425880432129,1.4021623134613037,0.05499975010752678,6172.0,6170.0
14.828838348388672,6.735583305358887,0.7074272036552429,0.05501202493906021,6176.0,6174.0
9.22443675994873,5.210554122924805,1.5082015991210938,0.05502442270517349,6180.0,6178.0
7.116445541381836,8.304556846618652,2.2325170040130615,0.055037569254636765,6184.0,6182.0
6.655561447143555,6.347482681274414,1.3452423810958862,0.05505061149597168,6188.0,6186.0
11.48504638671875,7.474313259124756,0.8821502327919006,0.055063147097826004,6192.0,6190.0
9.106607437133789,5.392951488494873,1.05611252784729,0.05507538467645645,6196.0,6194.0
8.141958236694336,5.397359371185303,1.2678593397140503,0.055087532848119736,6200.0,6198.0
21.527835845947266,7.584803581237793,1.3336288928985596,0.055099669843912125,6204.0,6202.0
7.094447612762451,7.827515602111816,1.840549111366272,0.055112242698669434,6208.0,6206.0
14.077730178833008,9.77121639251709,1.3986660242080688,0.05512481927871704,6212.0,6210.0
6.876670837402344,6.063477516174316,1.6437163352966309,0.05513760820031166,6216.0,6214.0
10.063762664794922,6.682957172393799,0.7907945513725281,0.05514983460307121,6220.0,6218.0
6.4544148445129395,6.759125709533691,1.0610456466674805,0.05516180396080017,6224.0,6222.0
44.57127380371094,8.913440704345703,1.080796480178833,0.05517354980111122,6228.0,6226.0
7.983364105224609,6.576500415802002,0.7434024810791016,0.05518479645252228,6232.0,6230.0
7.131943702697754,8.32166862487793,0.7237091660499573,0.05519557371735573,6236.0,6234.0
8.115370750427246,5.770415306091309,1.2568016052246094,0.05520641803741455,6240.0,6238.0
12.801817893981934,9.088722229003906,1.0478425025939941,0.05521712079644203,6244.0,6242.0
30.55936050415039,8.294563293457031,1.4948065280914307,0.0552280992269516,6248.0,6246.0
11.15379524230957,7.555708885192871,1.568488359451294,0.05523941293358803,6252.0,6250.0
5.508347511291504,11.329309463500977,1.6554570198059082,0.05525108426809311,6256.0,6254.0
10.960426330566406,9.24746322631836,1.3251960277557373,0.055262792855501175,6260.0,6258.0
4.382972717285156,5.304602146148682,1.4117828607559204,0.055274613201618195,6264.0,6262.0
7.083884239196777,7.234767913818359,0.7898944020271301,0.0552859753370285,6268.0,6266.0
6.926238536834717,6.077620983123779,1.6560031175613403,0.055297695100307465,6272.0,6270.0
6.20641565322876,6.3150200843811035,1.4453171491622925,0.055309560149908066,6276.0,6274.0
6.875242233276367,7.9045562744140625,1.3158929347991943,0.055321432650089264,6280.0,6278.0
7.67829704284668,7.1661529541015625,0.8238561153411865,0.05533286929130554,6284.0,6282.0
29.599834442138672,9.155938148498535,2.3155131340026855,0.05534525588154793,6288.0,6286.0
7.787940979003906,7.059737682342529,1.2183692455291748,0.055357515811920166,6292.0,6290.0
40.63749694824219,7.962939262390137,1.8268272876739502,0.05537021532654762,6296.0,6294.0
5.299729347229004,6.154633045196533,2.100261688232422,0.05538354814052582,6300.0,6298.0
8.424116134643555,5.734202861785889,2.1122536659240723,0.055397454649209976,6304.0,6302.0
42.57109832763672,5.8386712074279785,1.4306936264038086,0.055411286652088165,6308.0,6306.0
10.961977005004883,7.657575607299805,1.8077834844589233,0.05542537197470665,6312.0,6310.0
36.042381286621094,8.10992431640625,1.619493842124939,0.05543952435255051,6316.0,6314.0
62.313819885253906,9.235618591308594,1.7352943420410156,0.055453840643167496,6320.0,6318.0
7.9683098793029785,7.630496025085449,1.9179766178131104,0.05546848103404045,6324.0,6322.0
11.38456916809082,9.80081558227539,2.1415929794311523,0.05548359826207161,6328.0,6326.0
7.272615432739258,7.862565517425537,1.0729899406433105,0.055498190224170685,6332.0,6330.0
11.268024444580078,8.178699493408203,1.5200567245483398,0.05551270768046379,6336.0,6334.0
27.47772979736328,7.906190872192383,0.7671324014663696,0.0555264875292778,6340.0,6338.0
7.1490912437438965,8.19589614868164,1.7624883651733398,0.05554049462080002,6344.0,6342.0
29.404708862304688,7.303441047668457,1.5922411680221558,0.05555456131696701,6348.0,6346.0
36.225059509277344,7.547584056854248,1.4533826112747192,0.055568549782037735,6352.0,6350.0
6.706138610839844,6.593230247497559,1.4970874786376953,0.05558251589536667,6356.0,6354.0
43.66975784301758,8.552787780761719,1.6972434520721436,0.05559663102030754,6360.0,6358.0
85.84962463378906,8.738786697387695,2.2605741024017334,0.055611398071050644,6364.0,6362.0
42.97732925415039,8.321786880493164,1.4313323497772217,0.05562601238489151,6368.0,6366.0
9.04964828491211,9.796490669250488,1.0399394035339355,0.055640123784542084,6372.0,6370.0
7.556711196899414,9.41598129272461,1.4222588539123535,0.0556541346013546,6376.0,6374.0
25.685672760009766,6.412169456481934,2.051225185394287,0.05566861107945442,6380.0,6378.0
6.397184371948242,6.86746883392334,1.1900322437286377,0.055682748556137085,6384.0,6382.0
11.99102783203125,8.098929405212402,1.2696956396102905,0.05569663643836975,6388.0,6386.0
7.585224151611328,7.831237316131592,1.3457403182983398,0.055710382759571075,6392.0,6390.0
9.864996910095215,8.188460350036621,2.062892198562622,0.05572463572025299,6396.0,6394.0
8.039498329162598,6.92170524597168,1.369781494140625,0.05573873594403267,6400.0,6398.0
10.203185081481934,4.179250717163086,1.4476542472839355,0.05575275793671608,6404.0,6402.0
8.613304138183594,6.45754337310791,1.078355312347412,0.05576637014746666,6408.0,6406.0
5.121912956237793,7.1415486335754395,0.5656252503395081,0.05577916279435158,6412.0,6410.0
5.893071174621582,4.377769947052002,0.5547367334365845,0.055791184306144714,6416.0,6414.0
9.360803604125977,8.999964714050293,1.160528302192688,0.0558030903339386,6420.0,6418.0
7.14801025390625,6.180142402648926,0.8086898326873779,0.05581456050276756,6424.0,6422.0
5.687954425811768,5.156606197357178,0.7852396368980408,0.0558256059885025,6428.0,6426.0
6.000142574310303,8.1972017288208,0.37957918643951416,0.05583591014146805,6432.0,6430.0
10.040366172790527,9.56056022644043,1.1891237497329712,0.055846281349658966,6436.0,6434.0
15.29736042022705,7.704517364501953,1.0864464044570923,0.055856626480817795,6440.0,6438.0
7.541851043701172,6.669548034667969,0.7962019443511963,0.05586668476462364,6444.0,6442.0
7.667197227478027,11.341035842895508,1.4276399612426758,0.05587705969810486,6448.0,6446.0
8.859975814819336,7.182689666748047,0.9999802112579346,0.055887334048748016,6452.0,6450.0
41.84413146972656,7.841857433319092,1.2150356769561768,0.05589771270751953,6456.0,6454.0
10.65449333190918,9.074216842651367,0.976873517036438,0.0559079647064209,6460.0,6458.0
13.763833999633789,5.815120697021484,0.9937097430229187,0.055918119847774506,6464.0,6462.0
9.636978149414062,7.704140663146973,1.2078590393066406,0.05592838674783707,6468.0,6466.0
42.946746826171875,8.414216041564941,1.4264233112335205,0.055938947945833206,6472.0,6470.0
8.454042434692383,8.922118186950684,2.181699275970459,0.05595048516988754,6476.0,6474.0
22.75939178466797,8.084539413452148,1.7437186241149902,0.055962495505809784,6480.0,6478.0
8.345378875732422,9.818090438842773,1.3539519309997559,0.055974557995796204,6484.0,6482.0
7.525888442993164,7.7139410972595215,1.2519948482513428,0.055986594408750534,6488.0,6486.0
7.292333602905273,9.33169937133789,1.7036511898040771,0.05599901080131531,6492.0,6490.0
9.217911720275879,7.68718957901001,1.3144340515136719,0.056011416018009186,6496.0,6494.0
8.727815628051758,5.3797783851623535,0.9310541152954102,0.05602346360683441,6500.0,6498.0
11.132404327392578,10.734750747680664,2.0511813163757324,0.05603620409965515,6504.0,6502.0
5.57190465927124,3.9945523738861084,1.2695751190185547,0.05604887381196022,6508.0,6506.0
29.9898738861084,7.168167591094971,1.7219624519348145,0.05606187507510185,6512.0,6510.0
20.831880569458008,8.54967212677002,1.2629303932189941,0.056074775755405426,6516.0,6514.0
10.567440032958984,9.715106964111328,1.4501338005065918,0.05608774721622467,6520.0,6518.0
4.812717914581299,6.319611549377441,1.6596400737762451,0.05610097199678421,6524.0,6522.0
42.753395080566406,10.319780349731445,1.698325514793396,0.056114472448825836,6528.0,6526.0
7.809825897216797,7.779257774353027,0.9007918834686279,0.05612746253609657,6532.0,6530.0
5.712934494018555,7.299832344055176,1.1506184339523315,0.056140244007110596,6536.0,6534.0
7.523731231689453,6.709352970123291,1.705871820449829,0.056153349578380585,6540.0,6538.0
5.231991767883301,5.874809265136719,1.988666296005249,0.056167006492614746,6544.0,6542.0
8.482131958007812,6.74416446685791,1.0888659954071045,0.056180331856012344,6548.0,6546.0
42.7315673828125,9.655141830444336,1.1812424659729004,0.056193433701992035,6552.0,6550.0
23.300498962402344,7.667485237121582,1.6000620126724243,0.05620672553777695,6556.0,6554.0
5.596556663513184,9.934298515319824,2.6251325607299805,0.05622114613652229,6560.0,6558.0
5.089841842651367,7.15854549407959,1.7123758792877197,0.056235745549201965,6564.0,6562.0
7.120820999145508,9.362743377685547,1.7611675262451172,0.05625053495168686,6568.0,6566.0
5.739267826080322,5.259580612182617,1.3991496562957764,0.05626516789197922,6572.0,6570.0
7.985623836517334,7.636507034301758,1.4596881866455078,0.05627971142530441,6576.0,6574.0
26.452632904052734,8.761802673339844,2.1592907905578613,0.05629483610391617,6580.0,6578.0
11.266798973083496,8.484844207763672,1.7141308784484863,0.05631006136536598,6584.0,6582.0
9.327383995056152,5.887264728546143,1.2788587808609009,0.056324977427721024,6588.0,6586.0
6.330693244934082,5.5359344482421875,0.7719638347625732,0.056339144706726074,6592.0,6590.0
9.680540084838867,8.260543823242188,1.0743076801300049,0.05635291710495949,6596.0,6594.0
7.959822177886963,6.846503257751465,0.7271147966384888,0.056366004049777985,6600.0,6598.0
7.457394123077393,6.591947555541992,1.3993347883224487,0.056379109621047974,6604.0,6602.0
22.685115814208984,7.878050804138184,1.0120012760162354,0.05639186501502991,6608.0,6606.0
7.331514358520508,8.451881408691406,0.9902639985084534,0.056404292583465576,6612.0,6610.0
7.81182861328125,6.911874771118164,1.1221672296524048,0.05641654133796692,6616.0,6614.0
8.430957794189453,6.410576820373535,0.9940484166145325,0.056428514420986176,6620.0,6618.0
9.61771011352539,6.136631965637207,1.1294569969177246,0.05644036829471588,6624.0,6622.0
9.470914840698242,11.9366455078125,1.8309991359710693,0.05645277723670006,6628.0,6626.0
9.087152481079102,7.276317596435547,1.462221384048462,0.05646533519029617,6632.0,6630.0
9.141805648803711,8.575597763061523,1.6281312704086304,0.05647817999124527,6636.0,6634.0
7.627849578857422,7.006319046020508,1.3047231435775757,0.05649098753929138,6640.0,6638.0
5.274478435516357,5.195380210876465,1.1677491664886475,0.05650363862514496,6644.0,6642.0
9.85794734954834,9.092901229858398,1.5799014568328857,0.05651651695370674,6648.0,6646.0
9.011441230773926,6.5889434814453125,1.4878839254379272,0.05652953311800957,6652.0,6650.0
7.417781829833984,8.00240421295166,1.686440348625183,0.05654285103082657,6656.0,6654.0
31.187904357910156,7.6051506996154785,1.1557618379592896,0.056555941700935364,6660.0,6658.0
7.812040328979492,6.242000579833984,1.191739559173584,0.056568875908851624,6664.0,6662.0
8.304839134216309,7.803943157196045,1.4842197895050049,0.05658193305134773,6668.0,6666.0
8.44957447052002,6.281660079956055,1.3138587474822998,0.05659493803977966,6672.0,6670.0
5.537546634674072,6.05219030380249,1.5534520149230957,0.05660812556743622,6676.0,6674.0
6.163119316101074,6.733638763427734,1.7280982732772827,0.056621648371219635,6680.0,6678.0
5.255638122558594,6.063792705535889,1.9152742624282837,0.056635648012161255,6684.0,6682.0
43.179622650146484,6.767244815826416,2.1227970123291016,0.056650273501873016,6688.0,6686.0
6.247189521789551,8.494333267211914,1.564742088317871,0.056664932519197464,6692.0,6690.0
13.689802169799805,9.963621139526367,2.1984682083129883,0.05668022856116295,6696.0,6694.0
7.1261491775512695,7.5000996589660645,2.4366226196289062,0.05669631063938141,6700.0,6698.0
9.189550399780273,4.447549343109131,1.54422128200531,0.05671226233243942,6704.0,6702.0
26.61495590209961,5.196960926055908,1.7626644372940063,0.056728314608335495,6708.0,6706.0
23.00697898864746,6.670763969421387,1.733913779258728,0.05674442648887634,6712.0,6710.0
10.020979881286621,6.495882034301758,1.5377823114395142,0.056760407984256744,6716.0,6714.0
24.908329010009766,8.553584098815918,2.029207706451416,0.056776728481054306,6720.0,6718.0
9.513473510742188,7.566100597381592,1.9293293952941895,0.05679325759410858,6724.0,6722.0
11.084829330444336,5.827989101409912,1.2533979415893555,0.05680934712290764,6728.0,6726.0
33.79307556152344,8.364415168762207,1.1889443397521973,0.05682498216629028,6732.0,6730.0
10.038835525512695,5.312253952026367,1.8448066711425781,0.05684082210063934,6736.0,6734.0
6.5180158615112305,5.744101524353027,1.3327748775482178,0.056856367737054825,6740.0,6738.0
7.514236927032471,8.477432250976562,2.030151605606079,0.05687229707837105,6744.0,6742.0
8.645898818969727,9.409943580627441,1.7701036930084229,0.056888338178396225,6748.0,6746.0
41.54730224609375,5.927860260009766,2.030974864959717,0.05690472573041916,6752.0,6750.0
13.753517150878906,10.469501495361328,1.886812686920166,0.05692129582166672,6756.0,6754.0
80.75667572021484,7.222463130950928,1.9190537929534912,0.0569380559027195,6760.0,6758.0
9.588685989379883,6.426969051361084,1.7287633419036865,0.056954797357320786,6764.0,6762.0
5.542559623718262,4.795125961303711,1.2046985626220703,0.05697103962302208,6768.0,6766.0
14.197726249694824,8.292957305908203,1.3378745317459106,0.05698695033788681,6772.0,6770.0
7.231084823608398,7.261115074157715,1.2135283946990967,0.057002440094947815,6776.0,6774.0
8.21833324432373,5.021661758422852,1.1101640462875366,0.05701747164130211,6780.0,6778.0
8.021868705749512,8.325945854187012,1.7843601703643799,0.057032711803913116,6784.0,6782.0
7.546105861663818,6.927252769470215,1.8019465208053589,0.05704817548394203,6788.0,6786.0
25.724287033081055,9.340621948242188,1.652978777885437,0.05706369876861572,6792.0,6790.0
40.81124496459961,5.845922946929932,1.3151464462280273,0.05707893520593643,6796.0,6794.0
7.815796852111816,7.529719829559326,1.2026818990707397,0.057093825191259384,6800.0,6798.0
5.9323506355285645,5.35902214050293,1.3281569480895996,0.05710851773619652,6804.0,6802.0
10.355977058410645,6.541471481323242,1.5517960786819458,0.05712323635816574,6808.0,6806.0
7.670502662658691,8.277700424194336,2.092738389968872,0.05713851749897003,6812.0,6810.0
32.004241943359375,8.712285041809082,0.6176603436470032,0.0571528784930706,6816.0,6814.0
6.932884216308594,5.6965131759643555,1.1359634399414062,0.05716691538691521,6820.0,6818.0
9.599310874938965,6.022883415222168,1.2985875606536865,0.05718080699443817,6824.0,6822.0
11.622943878173828,6.23445463180542,0.6104679703712463,0.05719390884041786,6828.0,6826.0
5.833659648895264,5.440258502960205,1.36592435836792,0.05720704421401024,6832.0,6830.0
9.617134094238281,8.177556037902832,1.968435287475586,0.057220764458179474,6836.0,6834.0
7.056369781494141,8.746377944946289,1.9356943368911743,0.0572349950671196,6840.0,6838.0
11.183650970458984,7.354371547698975,2.198828935623169,0.05724994093179703,6844.0,6842.0
23.857147216796875,7.508098602294922,1.8659863471984863,0.057265203446149826,6848.0,6846.0
5.930017948150635,7.042757987976074,1.5021605491638184,0.057280413806438446,6852.0,6850.0
23.631288528442383,6.617138385772705,1.2558449506759644,0.05729532986879349,6856.0,6854.0
7.526995658874512,5.892266750335693,1.467275619506836,0.05731017887592316,6860.0,6858.0
6.478365898132324,9.21295166015625,1.6853936910629272,0.057325199246406555,6864.0,6862.0
6.534183502197266,4.924725532531738,1.5639846324920654,0.05734023451805115,6868.0,6866.0
23.77306365966797,7.3321051597595215,1.4811898469924927,0.05735522136092186,6872.0,6870.0
25.501794815063477,6.924385070800781,1.7762457132339478,0.057370442897081375,6876.0,6874.0
21.835067749023438,8.103158950805664,1.6509016752243042,0.05738576501607895,6880.0,6878.0
8.23815631866455,9.649238586425781,1.4971117973327637,0.05740102007985115,6884.0,6882.0
8.522882461547852,7.2937397956848145,1.3456344604492188,0.05741606280207634,6888.0,6886.0
33.35970687866211,7.8418684005737305,1.259615182876587,0.057430848479270935,6892.0,6890.0
42.168479919433594,8.464750289916992,1.5839499235153198,0.0574457086622715,6896.0,6894.0
7.199785232543945,8.80640983581543,1.1504119634628296,0.05746021494269371,6900.0,6898.0
22.968460083007812,6.2979254722595215,0.8193895816802979,0.057474080473184586,6904.0,6902.0
26.399616241455078,8.62692928314209,1.3502804040908813,0.05748787894845009,6908.0,6906.0
10.88169002532959,9.340502738952637,1.4457083940505981,0.05750172585248947,6912.0,6910.0
24.905960083007812,9.458736419677734,2.059370517730713,0.057516202330589294,6916.0,6914.0
9.075096130371094,9.032742500305176,1.60324227809906,0.057530809193849564,6920.0,6918.0
28.213455200195312,8.484457969665527,1.4366499185562134,0.05754537880420685,6924.0,6922.0
9.04122543334961,7.097811222076416,0.9254571199417114,0.05755940079689026,6928.0,6926.0
11.53954029083252,7.232698440551758,0.6150329113006592,0.057572633028030396,6932.0,6930.0
6.305295944213867,9.287195205688477,1.1894251108169556,0.05758572742342949,6936.0,6934.0
7.829423427581787,6.497164249420166,1.0757179260253906,0.05759857967495918,6940.0,6938.0
23.722883224487305,8.163130760192871,1.9739739894866943,0.05761208385229111,6944.0,6942.0
9.573395729064941,8.727289199829102,1.2166709899902344,0.057625435292720795,6948.0,6946.0
7.011783599853516,7.837154865264893,1.3540425300598145,0.057638805359601974,6952.0,6950.0
7.6431169509887695,6.159283638000488,1.4668223857879639,0.05765228718519211,6956.0,6954.0
11.458499908447266,7.559624671936035,1.6485050916671753,0.057666048407554626,6960.0,6958.0
7.85387659072876,6.306273937225342,1.0292354822158813,0.05767945200204849,6964.0,6962.0
10.325281143188477,8.019475936889648,2.0507640838623047,0.05769355222582817,6968.0,6966.0
10.314685821533203,10.033134460449219,2.3453409671783447,0.05770854651927948,6972.0,6970.0
10.707923889160156,8.966832160949707,1.4885144233703613,0.057723518460989,6976.0,6974.0
12.725478172302246,6.769134521484375,0.7957680821418762,0.057737790048122406,6980.0,6978.0
25.292076110839844,6.435702800750732,0.9021633863449097,0.05775153264403343,6984.0,6982.0
22.474979400634766,6.405585289001465,1.0584795475006104,0.05776495859026909,6988.0,6986.0
10.855621337890625,8.101560592651367,1.4903055429458618,0.05777852609753609,6992.0,6990.0
23.890201568603516,8.279417991638184,0.6743271946907043,0.05779140442609787,6996.0,6994.0
5.956603050231934,6.68988561630249,1.242541790008545,0.05780423432588577,7000.0,6998.0
44.9196662902832,8.31462574005127,0.9440357089042664,0.05781672149896622,7004.0,7002.0
8.321024894714355,9.488031387329102,1.4870359897613525,0.05782944709062576,7008.0,7006.0
8.476844787597656,9.715371131896973,1.888175368309021,0.05784278362989426,7012.0,7010.0
10.618098258972168,6.842578887939453,1.3345016241073608,0.057856105268001556,7016.0,7014.0
23.614591598510742,7.0194573402404785,1.8845525979995728,0.05786997079849243,7020.0,7018.0
7.147005558013916,7.236371994018555,1.883805274963379,0.05788432061672211,7024.0,7022.0
9.546138763427734,7.914241790771484,2.211986541748047,0.05789943411946297,7028.0,7026.0
8.202131271362305,8.365907669067383,1.7784934043884277,0.057914815843105316,7032.0,7030.0
8.592500686645508,8.312600135803223,1.9325875043869019,0.05793057009577751,7036.0,7034.0
9.42469310760498,8.441179275512695,1.681662678718567,0.057946428656578064,7040.0,7038.0
26.70340347290039,10.574787139892578,2.396660327911377,0.05796309560537338,7044.0,7042.0
10.226946830749512,10.666753768920898,2.2998313903808594,0.05798036977648735,7048.0,7046.0
10.11540412902832,8.23021411895752,1.3948118686676025,0.05799731984734535,7052.0,7050.0
10.680371284484863,7.715157508850098,1.8398072719573975,0.0580144003033638,7056.0,7054.0
23.979602813720703,9.432068824768066,1.6998379230499268,0.05803146958351135,7060.0,7058.0
45.81123352050781,6.038672924041748,1.8560240268707275,0.058048684149980545,7064.0,7062.0
7.144062519073486,8.671601295471191,2.4409308433532715,0.058066610246896744,7068.0,7066.0
7.514212608337402,7.056546211242676,1.5862617492675781,0.058084335178136826,7072.0,7070.0
11.219877243041992,9.130812644958496,1.7940013408660889,0.0581020750105381,7076.0,7074.0
7.344300746917725,8.916228294372559,1.3893944025039673,0.058119434863328934,7080.0,7078.0
11.077706336975098,7.741635799407959,1.6745655536651611,0.058136746287345886,7084.0,7082.0
46.17545700073242,9.336969375610352,2.197063446044922,0.058154504746198654,7088.0,7086.0
7.540923595428467,6.873103141784668,2.128471851348877,0.05817261338233948,7092.0,7090.0
25.61930274963379,11.50209903717041,1.847884178161621,0.05819077417254448,7096.0,7094.0
8.261667251586914,7.937623977661133,1.5756800174713135,0.058208685368299484,7100.0,7098.0
71.36955261230469,8.799381256103516,1.9441839456558228,0.05822676047682762,7104.0,7102.0
8.610391616821289,9.907570838928223,1.6401604413986206,0.05824466794729233,7108.0,7106.0
22.47028350830078,9.12614917755127,1.3650645017623901,0.0582621693611145,7112.0,7110.0
8.155145645141602,6.439125061035156,1.2631185054779053,0.058279186487197876,7116.0,7114.0
36.873077392578125,6.927944183349609,1.6377875804901123,0.05829615518450737,7120.0,7118.0
8.22332763671875,10.424616813659668,1.6181752681732178,0.058313045650720596,7124.0,7122.0
12.674749374389648,8.256736755371094,1.6175861358642578,0.058329883962869644,7128.0,7126.0
13.778523445129395,9.558883666992188,1.7808897495269775,0.05834682658314705,7132.0,7130.0
9.509543418884277,10.492624282836914,1.7245361804962158,0.058363813906908035,7136.0,7134.0
10.94761848449707,6.901598930358887,1.5448874235153198,0.05838065221905708,7140.0,7138.0
7.800017356872559,7.813786506652832,1.9632230997085571,0.05839777737855911,7144.0,7142.0
9.24418830871582,8.469869613647461,2.0163660049438477,0.05841522663831711,7148.0,7146.0
13.642897605895996,7.808377265930176,2.2231361865997314,0.05843315273523331,7152.0,7150.0
7.74489688873291,7.905142784118652,1.871562123298645,0.05845116823911667,7156.0,7154.0
9.304510116577148,10.058635711669922,2.340662956237793,0.0584697350859642,7160.0,7158.0
6.818905353546143,7.055753707885742,1.9079837799072266,0.05848836153745651,7164.0,7162.0
23.60924530029297,9.306288719177246,1.6673731803894043,0.058506812900304794,7168.0,7166.0
36.514991760253906,10.76120376586914,2.3450419902801514,0.05852577090263367,7172.0,7170.0
12.305000305175781,8.87686824798584,1.4666227102279663,0.05854431912302971,7176.0,7174.0
9.111019134521484,9.595842361450195,1.67572021484375,0.05856270343065262,7180.0,7178.0
24.992694854736328,8.171051025390625,1.3039929866790771,0.05858058109879494,7184.0,7182.0
7.520318984985352,6.557820796966553,1.2625551223754883,0.05859794467687607,7188.0,7186.0
9.871981620788574,7.550064563751221,1.435011386871338,0.05861503258347511,7192.0,7190.0
9.282052993774414,8.189046859741211,1.4434823989868164,0.05863187462091446,7196.0,7194.0
26.19867515563965,10.018065452575684,2.0252044200897217,0.05864907056093216,7200.0,7198.0
7.865903854370117,6.533178329467773,1.1900582313537598,0.058665767312049866,7204.0,7200.0
11.337389945983887,6.261809349060059,1.125475287437439,0.05868193879723549,7208.0,7204.0
11.467966079711914,8.28771686553955,1.3839598894119263,0.0586979053914547,7212.0,7208.0
13.842676162719727,7.93157958984375,1.356874704360962,0.058713652193546295,7216.0,7212.0
8.175233840942383,5.550998687744141,1.5925437211990356,0.058729443699121475,7220.0,7216.0
53.35923767089844,7.796915531158447,1.336443543434143,0.058745015412569046,7224.0,7220.0
24.375316619873047,8.34880256652832,1.9697983264923096,0.058761026710271835,7228.0,7224.0
9.091217994689941,7.670653343200684,1.5138826370239258,0.05877697467803955,7232.0,7228.0
10.470911026000977,8.330268859863281,1.5093895196914673,0.05879286676645279,7236.0,7232.0
7.331697463989258,8.302574157714844,1.5139797925949097,0.05880870670080185,7240.0,7236.0
8.52692985534668,8.352210998535156,1.6475738286972046,0.058824650943279266,7244.0,7240.0
6.136003494262695,7.705826759338379,1.508442997932434,0.05884053185582161,7248.0,7244.0
8.646021842956543,9.038118362426758,1.6757025718688965,0.0588565394282341,7252.0,7248.0
12.907902717590332,8.048927307128906,2.1216444969177246,0.05887310206890106,7256.0,7252.0
7.319993019104004,6.425078392028809,1.2058205604553223,0.0588892437517643,7260.0,7256.0
13.745956420898438,6.862792491912842,2.113997459411621,0.058905914425849915,7264.0,7260.0
38.21574020385742,8.57892894744873,1.9590164422988892,0.0589229092001915,7268.0,7264.0
45.72190475463867,9.288817405700684,1.578248143196106,0.05893982574343681,7272.0,7268.0
12.349895477294922,9.370077133178711,1.9035931825637817,0.05895698443055153,7276.0,7272.0
8.975204467773438,7.623406887054443,1.4506644010543823,0.05897391214966774,7280.0,7276.0
10.136860847473145,7.664107322692871,1.8339186906814575,0.058991026133298874,7284.0,7280.0
39.20990753173828,10.284172058105469,2.028346061706543,0.05900849774479866,7288.0,7284.0
11.668771743774414,10.177812576293945,1.6492834091186523,0.059025902301073074,7292.0,7288.0
10.948951721191406,8.202190399169922,1.4788691997528076,0.05904308706521988,7296.0,7292.0
11.966114044189453,7.662647724151611,1.4231992959976196,0.05906001105904579,7300.0,7296.0
8.291156768798828,10.211013793945312,2.284175395965576,0.05907757207751274,7304.0,7300.0
8.28093147277832,8.413891792297363,2.1985907554626465,0.05909561738371849,7308.0,7304.0
5.5401835441589355,8.096929550170898,2.403230905532837,0.05911431834101677,7312.0,7308.0
10.401712417602539,7.557376861572266,1.926324725151062,0.05913310870528221,7316.0,7312.0
9.702428817749023,7.786413192749023,1.8289607763290405,0.059151891618967056,7320.0,7316.0
10.490964889526367,7.235761642456055,1.554190754890442,0.05917039513587952,7324.0,7320.0
10.108036041259766,7.1874589920043945,1.829555869102478,0.05918892100453377,7328.0,7324.0
7.902421951293945,6.255767345428467,1.6283860206604004,0.05920727178454399,7332.0,7328.0
11.856820106506348,6.606961250305176,1.6179343461990356,0.05922544002532959,7336.0,7332.0
7.670679092407227,8.049968719482422,2.0136144161224365,0.059243857860565186,7340.0,7336.0
7.2762298583984375,10.801929473876953,1.3395369052886963,0.059261810034513474,7344.0,7340.0
18.518898010253906,13.0745267868042,1.4989955425262451,0.05927951633930206,7348.0,7344.0
43.904178619384766,8.173591613769531,1.6495401859283447,0.059297144412994385,7352.0,7348.0
9.054363250732422,12.61202621459961,2.3981728553771973,0.05931546911597252,7356.0,7352.0
11.940380096435547,8.135733604431152,1.6128274202346802,0.05933361500501633,7360.0,7356.0
6.07145881652832,7.18898344039917,1.4326688051223755,0.05935142934322357,7364.0,7360.0
13.058609008789062,12.575592994689941,1.2986218929290771,0.0593688078224659,7368.0,7364.0
9.511519432067871,10.86380672454834,1.3711702823638916,0.059385865926742554,7372.0,7368.0
6.5388264656066895,8.495207786560059,1.3293218612670898,0.05940259248018265,7376.0,7372.0
43.869140625,10.739726066589355,1.5747653245925903,0.059419263154268265,7380.0,7376.0
26.76113510131836,9.003870010375977,1.4093037843704224,0.059435728937387466,7384.0,7380.0
10.398239135742188,6.526362419128418,1.506157636642456,0.0594521090388298,7388.0,7384.0
8.36911392211914,7.319246292114258,1.3897594213485718,0.059468284249305725,7392.0,7388.0
12.006677627563477,6.003346920013428,0.8072165250778198,0.05948368459939957,7396.0,7392.0
9.489839553833008,12.240779876708984,1.451499104499817,0.059499047696590424,7400.0,7396.0
11.3584623336792,9.30912971496582,1.3442825078964233,0.05951426923274994,7404.0,7400.0
22.151023864746094,7.747170448303223,0.43871650099754333,0.05952843278646469,7408.0,7404.0
8.818964958190918,7.5038933753967285,0.8013529777526855,0.05954201519489288,7412.0,7408.0
5.883176803588867,7.002497673034668,1.1702663898468018,0.05955546349287033,7416.0,7412.0
8.443994522094727,10.229867935180664,1.9431525468826294,0.0595695786178112,7420.0,7416.0
9.340621948242188,6.1293559074401855,1.3736562728881836,0.05958370864391327,7424.0,7420.0
28.03000259399414,8.837051391601562,2.664363145828247,0.05959918349981308,7428.0,7424.0
52.88105010986328,10.501174926757812,1.8479840755462646,0.05961501598358154,7432.0,7428.0
34.68320083618164,5.705709457397461,1.4137662649154663,0.05963073670864105,7436.0,7432.0
9.351079940795898,10.411980628967285,1.9254512786865234,0.05964688956737518,7440.0,7436.0
8.809794425964355,9.69209098815918,1.7613811492919922,0.05966324359178543,7444.0,7440.0
7.987419605255127,8.820038795471191,1.6419798135757446,0.059679675847291946,7448.0,7444.0
6.4884114265441895,10.850959777832031,1.8438255786895752,0.05969638377428055,7452.0,7448.0
9.309905052185059,6.607974529266357,0.22748404741287231,0.059711672365665436,7456.0,7452.0
9.095991134643555,9.109146118164062,1.2302324771881104,0.05972670763731003,7460.0,7456.0
10.117513656616211,8.9562349319458,1.781571626663208,0.05974210426211357,7464.0,7460.0
7.484842300415039,8.473636627197266,0.9543927907943726,0.05975696071982384,7468.0,7464.0
12.975428581237793,8.432794570922852,1.7477059364318848,0.059772148728370667,7472.0,7468.0
9.279004096984863,6.906379222869873,1.5122153759002686,0.05978740006685257,7476.0,7472.0
21.576499938964844,7.199710369110107,1.0516624450683594,0.05980222672224045,7480.0,7476.0
6.291664123535156,6.19155216217041,1.7813618183135986,0.05981742590665817,7484.0,7480.0
9.2911376953125,7.91495418548584,0.8097153306007385,0.05983196198940277,7488.0,7484.0
6.384222507476807,6.544576168060303,0.8073793649673462,0.059845902025699615,7492.0,7488.0
6.804335594177246,10.089539527893066,1.4905694723129272,0.059859998524188995,7496.0,7492.0
9.199681282043457,8.647062301635742,1.4466593265533447,0.059874214231967926,7500.0,7496.0
7.550009727478027,6.8736467361450195,1.182145357131958,0.05988825112581253,7504.0,7500.0
6.297607421875,6.767252445220947,1.2121342420578003,0.05990215763449669,7508.0,7504.0
10.132059097290039,7.61940336227417,0.9467564821243286,0.05991566926240921,7512.0,7508.0
9.402267456054688,6.151921272277832,1.7984274625778198,0.05992971360683441,7516.0,7512.0
12.090758323669434,8.57387638092041,1.35283362865448,0.059943776577711105,7520.0,7516.0
15.762039184570312,8.806885719299316,0.7849530577659607,0.059957269579172134,7524.0,7520.0
7.493066310882568,9.444306373596191,1.9853856563568115,0.05997149273753166,7528.0,7524.0
8.541252136230469,11.587911605834961,2.163010597229004,0.05998656526207924,7532.0,7528.0
7.235993385314941,6.442220211029053,1.3088128566741943,0.06000149995088577,7536.0,7532.0
25.643970489501953,10.204437255859375,1.9246538877487183,0.06001696735620499,7540.0,7536.0
10.868428230285645,10.002653121948242,2.2148385047912598,0.06003320962190628,7544.0,7540.0
13.124523162841797,6.990260124206543,1.435865879058838,0.06004934012889862,7548.0,7544.0
8.530969619750977,9.028909683227539,1.8458001613616943,0.06006579473614693,7552.0,7548.0
7.461185932159424,9.51664924621582,1.883047342300415,0.060082580894231796,7556.0,7552.0
22.755062103271484,9.294875144958496,2.2389097213745117,0.060100045055150986,7560.0,7556.0
8.567105293273926,9.788816452026367,1.9740623235702515,0.06011782959103584,7564.0,7560.0
6.7596845626831055,8.521939277648926,1.4968335628509521,0.06013542041182518,7568.0,7564.0
7.2354583740234375,7.31467342376709,2.136197090148926,0.060153502970933914,7572.0,7568.0
18.123058319091797,10.616376876831055,2.456380605697632,0.06017234921455383,7576.0,7572.0
14.574554443359375,7.86508846282959,2.195949077606201,0.060191620141267776,7580.0,7576.0
43.885955810546875,10.991035461425781,2.2784829139709473,0.06021135672926903,7584.0,7580.0
25.11133575439453,9.035247802734375,1.922753095626831,0.06023114174604416,7588.0,7584.0
13.649564743041992,8.585390090942383,1.3795530796051025,0.06025040149688721,7592.0,7588.0
8.368547439575195,10.077232360839844,1.451088309288025,0.060269277542829514,7596.0,7592.0
8.571089744567871,10.652421951293945,1.9185272455215454,0.06028829142451286,7600.0,7596.0
8.153656005859375,8.96091079711914,1.8994139432907104,0.06030741333961487,7604.0,7600.0
6.893230438232422,7.622180938720703,1.492510199546814,0.060326192528009415,7608.0,7604.0
9.973037719726562,7.936825275421143,1.4241135120391846,0.06034460663795471,7612.0,7608.0
6.653290748596191,8.870113372802734,1.7577005624771118,0.0603630393743515,7616.0,7612.0
10.340766906738281,11.111623764038086,1.7912428379058838,0.06038152053952217,7620.0,7616.0
8.544709205627441,7.675658226013184,1.3852046728134155,0.0603996179997921,7624.0,7620.0
7.206418037414551,7.153195381164551,1.4862935543060303,0.06041749194264412,7628.0,7624.0
7.637849807739258,10.175447463989258,2.2044408321380615,0.060435906052589417,7632.0,7628.0
7.175248622894287,5.256645202636719,1.9157085418701172,0.060454510152339935,7636.0,7632.0
10.136285781860352,8.147014617919922,1.7040982246398926,0.06047304719686508,7640.0,7636.0
8.042339324951172,7.955693244934082,1.3717237710952759,0.060491204261779785,7644.0,7640.0
12.414937973022461,9.60693073272705,1.888487696647644,0.060509536415338516,7648.0,7644.0
9.01870346069336,5.776959419250488,1.5566802024841309,0.06052768975496292,7652.0,7648.0
9.095993041992188,9.515338897705078,1.9803977012634277,0.060546133667230606,7656.0,7652.0
27.054603576660156,8.515823364257812,1.6102325916290283,0.06056443974375725,7660.0,7656.0
7.155847549438477,7.7101240158081055,1.7166427373886108,0.06058273836970329,7664.0,7660.0
11.756046295166016,6.642183303833008,1.7759723663330078,0.06060110032558441,7668.0,7664.0
9.535868644714355,8.040702819824219,1.4907994270324707,0.060619205236434937,7672.0,7668.0
10.850835800170898,8.068832397460938,1.484344244003296,0.060637086629867554,7676.0,7672.0
10.183189392089844,9.401062965393066,1.4771299362182617,0.06065475568175316,7680.0,7676.0
8.497077941894531,8.501862525939941,1.2521826028823853,0.06067199632525444,7684.0,7680.0
10.136842727661133,8.347433090209961,1.4938634634017944,0.060689110308885574,7688.0,7684.0
45.460575103759766,9.484156608581543,1.7985286712646484,0.06070643290877342,7692.0,7688.0
7.169990539550781,8.818361282348633,1.4385793209075928,0.06072355806827545,7696.0,7692.0
12.389165878295898,9.45326042175293,1.578977108001709,0.06074065715074539,7700.0,7696.0
15.448970794677734,9.55495834350586,1.6150188446044922,0.06075777858495712,7704.0,7700.0
9.058658599853516,9.558562278747559,1.7763900756835938,0.06077507510781288,7708.0,7704.0
9.43496322631836,9.61513614654541,1.5355587005615234,0.06079229339957237,7712.0,7708.0
21.166336059570312,8.06512451171875,1.4198054075241089,0.060809310525655746,7716.0,7712.0
9.152063369750977,8.83480167388916,1.0326671600341797,0.060825739055871964,7720.0,7716.0
12.767065048217773,9.583593368530273,2.61350154876709,0.06084330379962921,7724.0,7720.0
9.324142456054688,8.120314598083496,1.551133632659912,0.0608607716858387,7728.0,7724.0
9.26626968383789,8.521651268005371,2.818432569503784,0.06087949499487877,7732.0,7728.0
5.138076305389404,7.30004358291626,0.8381447196006775,0.06089724972844124,7736.0,7732.0
6.465948104858398,9.583126068115234,0.7978516221046448,0.060914091765880585,7740.0,7736.0
5.966409206390381,7.438329696655273,1.4022282361984253,0.060930751264095306,7744.0,7740.0
10.200401306152344,8.951411247253418,1.890274167060852,0.060947779566049576,7748.0,7744.0
7.210572242736816,7.8477253913879395,1.295836329460144,0.060964494943618774,7752.0,7748.0
7.593812942504883,5.822597026824951,1.324934959411621,0.060980964452028275,7756.0,7752.0
5.946372985839844,6.350220680236816,1.1462303400039673,0.06099701672792435,7760.0,7756.0
6.36586856842041,6.714970588684082,1.3858857154846191,0.061012957245111465,7764.0,7760.0
8.166918754577637,7.592719554901123,1.621895432472229,0.06102905049920082,7768.0,7764.0
9.958045959472656,5.475207805633545,1.0470877885818481,0.061044663190841675,7772.0,7768.0
8.775362968444824,9.145479202270508,1.8479657173156738,0.06106070429086685,7776.0,7772.0
8.046175003051758,7.206521987915039,1.2521922588348389,0.06107650324702263,7780.0,7776.0
26.59146499633789,7.241607666015625,1.7077909708023071,0.0610925517976284,7784.0,7780.0
7.245504856109619,8.211159706115723,1.3980830907821655,0.06110850349068642,7788.0,7784.0
10.57652759552002,6.988245487213135,1.3224211931228638,0.061124298721551895,7792.0,7788.0
5.9777302742004395,6.051893711090088,0.9510034918785095,0.0611395426094532,7796.0,7792.0
10.771879196166992,10.063519477844238,2.051713705062866,0.06115547940135002,7800.0,7796.0
9.609329223632812,9.185785293579102,2.216219902038574,0.06117220222949982,7804.0,7800.0
10.772348403930664,9.801986694335938,1.4110751152038574,0.061188776046037674,7808.0,7804.0
8.560775756835938,5.787934303283691,1.1196684837341309,0.06120491027832031,7812.0,7808.0
8.592544555664062,10.490715026855469,1.8691534996032715,0.061221446841955185,7816.0,7812.0
6.9858856201171875,7.491586685180664,1.2794194221496582,0.061237722635269165,7820.0,7816.0
26.853233337402344,6.651304721832275,1.015038251876831,0.06125348061323166,7824.0,7820.0
11.560675621032715,8.496942520141602,1.7397782802581787,0.06126954406499863,7828.0,7824.0
9.736756324768066,8.13152027130127,1.659891963005066,0.06128579378128052,7832.0,7828.0
6.403120040893555,8.575448989868164,1.4563815593719482,0.06130199879407883,7836.0,7832.0
6.232696533203125,8.892156600952148,0.7089609503746033,0.061317361891269684,7840.0,7836.0
27.805307388305664,9.730613708496094,1.267425537109375,0.061332568526268005,7844.0,7840.0
15.738936424255371,9.542911529541016,1.3488388061523438,0.06134771928191185,7848.0,7844.0
9.090161323547363,5.819465637207031,1.3892757892608643,0.06136287376284599,7852.0,7848.0
53.4606819152832,12.320623397827148,1.3285980224609375,0.061377957463264465,7856.0,7852.0
9.258523941040039,7.674939155578613,0.8977152109146118,0.06139251962304115,7860.0,7856.0
6.215716361999512,6.259760856628418,1.026632308959961,0.06140675023198128,7864.0,7860.0
22.216224670410156,6.680133819580078,0.7747266292572021,0.06142041087150574,7868.0,7864.0
6.6790666580200195,6.861715316772461,1.4175150394439697,0.06143425032496452,7872.0,7868.0
23.36141586303711,7.064753532409668,1.3385372161865234,0.06144816800951958,7876.0,7872.0
10.380979537963867,8.66712760925293,1.3502206802368164,0.0614621601998806,7880.0,7876.0
33.80125045776367,9.59311294555664,2.3977036476135254,0.061477355659008026,7884.0,7880.0
4.531953811645508,9.017650604248047,1.9611170291900635,0.061493173241615295,7888.0,7884.0
6.052191734313965,8.858022689819336,1.4842214584350586,0.061509039252996445,7892.0,7888.0
25.382415771484375,7.41267204284668,0.7799040079116821,0.061524175107479095,7896.0,7892.0
6.604228973388672,6.395505905151367,0.961835503578186,0.06153884530067444,7900.0,7896.0
8.177842140197754,5.631966590881348,0.9164541959762573,0.06155306473374367,7904.0,7900.0
8.78536319732666,7.1296162605285645,1.1256287097930908,0.061567097902297974,7908.0,7904.0
7.17391300201416,8.382640838623047,1.266768455505371,0.061581116169691086,7912.0,7908.0
9.638603210449219,8.732368469238281,1.5080242156982422,0.06159538775682449,7916.0,7912.0
7.589194297790527,6.04691219329834,0.6783646941184998,0.06160898879170418,7920.0,7916.0
24.26770782470703,8.911998748779297,1.087125301361084,0.061622414737939835,7924.0,7920.0
23.758487701416016,7.703457832336426,0.8036826848983765,0.06163538992404938,7928.0,7924.0
12.514837265014648,10.028885841369629,1.3571116924285889,0.06164855882525444,7932.0,7928.0
10.057660102844238,10.412556648254395,1.783876895904541,0.061662375926971436,7936.0,7932.0
11.988536834716797,9.7438325881958,1.4763387441635132,0.06167643144726753,7940.0,7936.0
7.283642768859863,9.292102813720703,0.8883980512619019,0.0616900660097599,7944.0,7940.0
4.484118938446045,6.321444511413574,0.7826294898986816,0.06170320138335228,7948.0,7944.0
39.259124755859375,7.3991546630859375,1.4163494110107422,0.06171659007668495,7952.0,7948.0
9.796515464782715,10.02318000793457,1.034232258796692,0.06172977387905121,7956.0,7952.0
10.448521614074707,6.774322032928467,1.424692153930664,0.06174321472644806,7960.0,7956.0
12.252632141113281,10.290675163269043,1.8518340587615967,0.061757348477840424,7964.0,7960.0
10.504690170288086,9.915664672851562,1.8506156206130981,0.061772119253873825,7968.0,7964.0
5.77684211730957,8.406838417053223,1.4993977546691895,0.06178706884384155,7972.0,7968.0
7.8318352699279785,6.568085670471191,1.4221676588058472,0.06180209666490555,7976.0,7972.0
11.259203910827637,6.966658592224121,1.0747442245483398,0.061816804111003876,7980.0,7976.0
25.85350799560547,8.541280746459961,1.3392544984817505,0.0618315264582634,7984.0,7980.0
8.921451568603516,9.04594898223877,0.911009669303894,0.061845798045396805,7988.0,7984.0
8.923377990722656,9.428560256958008,0.7526212334632874,0.061859484761953354,7992.0,7988.0
11.120806694030762,8.463045120239258,1.33181893825531,0.06187327578663826,7996.0,7992.0
9.79437255859375,9.250837326049805,1.4505791664123535,0.061887290328741074,8000.0,7996.0
61.09783935546875,7.300788879394531,1.0992714166641235,0.06190113350749016,8004.0,8000.0
7.288260459899902,8.64354419708252,1.5064611434936523,0.061915259808301926,8008.0,8004.0
22.210086822509766,8.680970191955566,1.5437877178192139,0.06192968413233757,8012.0,8008.0
42.941165924072266,6.942573070526123,1.3331538438796997,0.061944153159856796,8016.0,8012.0
8.409194946289062,8.095135688781738,0.6406422853469849,0.061957892030477524,8020.0,8016.0
50.27490997314453,7.536507606506348,1.6068896055221558,0.06197204440832138,8024.0,8020.0
20.392786026000977,7.703315258026123,1.6218085289001465,0.06198658421635628,8028.0,8024.0
11.967961311340332,10.052910804748535,2.0356855392456055,0.062001924961805344,8032.0,8028.0
7.713876247406006,8.28729248046875,1.4079021215438843,0.062017302960157394,8036.0,8032.0
11.37228775024414,9.690372467041016,1.3955295085906982,0.06203269585967064,8040.0,8036.0
7.571683883666992,7.611415863037109,1.168756365776062,0.06204785779118538,8044.0,8040.0
11.483957290649414,6.585269927978516,1.4773609638214111,0.06206315755844116,8048.0,8044.0
11.683286666870117,6.708731174468994,0.6411425471305847,0.06207764521241188,8052.0,8048.0
6.546281814575195,9.208805084228516,0.9042077660560608,0.062091704457998276,8056.0,8052.0
7.56562614440918,6.011654853820801,1.0065304040908813,0.06210549175739288,8060.0,8056.0
9.557947158813477,6.198890686035156,1.0857468843460083,0.06211911514401436,8064.0,8060.0
8.217670440673828,9.717827796936035,0.9004172086715698,0.06213238462805748,8068.0,8064.0
9.634624481201172,7.581120491027832,1.2231221199035645,0.06214570254087448,8072.0,8068.0
13.521218299865723,8.256142616271973,1.3076070547103882,0.062159158289432526,8076.0,8072.0
24.995441436767578,6.909377098083496,0.9785116910934448,0.06217236444354057,8080.0,8076.0
12.077018737792969,7.039496898651123,0.6359955072402954,0.06218496710062027,8084.0,8080.0
8.419322967529297,7.595943927764893,0.9133388996124268,0.06219734624028206,8088.0,8084.0
57.72517395019531,9.740750312805176,1.8663768768310547,0.0622105747461319,8092.0,8088.0
9.383867263793945,9.380170822143555,1.1203553676605225,0.06222374737262726,8096.0,8092.0
10.17126178741455,10.043621063232422,1.0422935485839844,0.06223677471280098,8100.0,8096.0
7.544389724731445,5.872843265533447,1.072218656539917,0.06224970147013664,8104.0,8100.0
20.84082794189453,7.81688117980957,1.313292384147644,0.062262821942567825,8108.0,8104.0
6.551687240600586,7.7586188316345215,0.4095795750617981,0.062275100499391556,8112.0,8108.0
8.786783218383789,8.664944648742676,1.4014941453933716,0.062287721782922745,8116.0,8112.0
22.57832908630371,5.268130302429199,0.7208787202835083,0.06229989975690842,8120.0,8116.0
9.098090171813965,8.84490966796875,1.2804521322250366,0.062312304973602295,8124.0,8120.0
8.256586074829102,8.060361862182617,1.7812576293945312,0.062325481325387955,8128.0,8124.0
5.7329511642456055,6.79262638092041,0.5649232268333435,0.062337979674339294,8132.0,8128.0
11.240457534790039,6.614664554595947,0.301201730966568,0.062349576503038406,8136.0,8132.0
12.680113792419434,9.776700973510742,1.4142251014709473,0.062361616641283035,8140.0,8136.0
15.061989784240723,10.607392311096191,1.0604231357574463,0.06237366050481796,8144.0,8140.0
9.146949768066406,10.360137939453125,1.0274784564971924,0.06238566339015961,8148.0,8144.0
34.69363784790039,7.05259370803833,1.3772006034851074,0.062398023903369904,8152.0,8148.0
11.86508560180664,6.451870441436768,1.4194341897964478,0.062410760670900345,8156.0,8152.0
12.642831802368164,9.138677597045898,1.3525938987731934,0.06242375075817108,8160.0,8156.0
8.292028427124023,10.31477165222168,1.6167160272598267,0.062437281012535095,8164.0,8160.0
8.775533676147461,8.192987442016602,2.0638082027435303,0.06245178356766701,8168.0,8164.0
10.210638999938965,8.42187213897705,1.5367865562438965,0.0624665841460228,8172.0,8168.0
9.781307220458984,12.71883487701416,2.532576084136963,0.06248276308178902,8176.0,8172.0
6.806506633758545,9.736127853393555,1.6722373962402344,0.062499210238456726,8180.0,8176.0
8.399579048156738,9.182395935058594,1.6235651969909668,0.06251585483551025,8184.0,8180.0
9.045867919921875,8.550529479980469,1.5615205764770508,0.06253261119127274,8188.0,8184.0
12.421940803527832,5.977383613586426,1.1986784934997559,0.06254906207323074,8192.0,8188.0
7.600522041320801,9.412039756774902,2.1335740089416504,0.06256628781557083,8196.0,8192.0
8.843894004821777,8.558722496032715,1.354513168334961,0.0625833198428154,8200.0,8196.0
7.383615016937256,9.297887802124023,1.1556284427642822,0.06259997934103012,8204.0,8200.0
25.639787673950195,11.436012268066406,1.2098464965820312,0.06261634826660156,8208.0,8204.0
31.12192153930664,11.227777481079102,1.0154972076416016,0.062632255256176,8212.0,8208.0
9.270153999328613,9.250574111938477,0.8193030953407288,0.0626474991440773,8216.0,8212.0
7.472038269042969,8.800299644470215,1.3685743808746338,0.06266278028488159,8220.0,8216.0
7.743743419647217,7.446802616119385,0.8369729518890381,0.06267750263214111,8224.0,8220.0
11.273626327514648,10.497333526611328,1.1813749074935913,0.06269209831953049,8228.0,8224.0
8.897588729858398,8.29425048828125,1.2155781984329224,0.06270663440227509,8232.0,8228.0
6.791225433349609,10.889167785644531,1.2259202003479004,0.0627211183309555,8236.0,8232.0
7.3856120109558105,9.943971633911133,0.5712776184082031,0.06273481994867325,8240.0,8236.0
7.664935111999512,7.415027618408203,1.135362982749939,0.06274844706058502,8244.0,8240.0
5.936263084411621,7.966267108917236,1.3227232694625854,0.06276223063468933,8248.0,8244.0
29.76302719116211,9.713207244873047,1.0893502235412598,0.06277588754892349,8252.0,8248.0
10.412450790405273,10.943095207214355,1.622584342956543,0.06279003620147705,8256.0,8252.0
10.17911148071289,9.86697769165039,1.409738302230835,0.06280439347028732,8260.0,8256.0
7.821013450622559,9.116692543029785,1.769099473953247,0.06281933933496475,8264.0,8260.0
6.904057502746582,10.465539932250977,1.2801892757415771,0.0628342553973198,8268.0,8264.0
14.049503326416016,13.746606826782227,1.9641978740692139,0.06284993141889572,8272.0,8268.0
30.801219940185547,10.730501174926758,1.586477518081665,0.06286586076021194,8276.0,8272.0
21.880535125732422,11.211024284362793,0.7499056458473206,0.06288107484579086,8280.0,8276.0
13.756623268127441,10.81214427947998,2.020096778869629,0.06289707869291306,8284.0,8280.0
11.31644058227539,12.521032333374023,1.3521103858947754,0.06291303038597107,8288.0,8284.0
13.837841987609863,10.890556335449219,1.5113087892532349,0.06292913109064102,8292.0,8288.0
6.301459312438965,6.754311561584473,0.9977605938911438,0.06294477730989456,8296.0,8292.0
36.43341064453125,6.699619293212891,0.94407057762146,0.0629599541425705,8300.0,8296.0
9.007726669311523,11.936758041381836,0.9731095433235168,0.06297474354505539,8304.0,8300.0
11.072599411010742,13.637052536010742,1.7303504943847656,0.06299003958702087,8308.0,8304.0
10.44699764251709,11.25103759765625,1.0780558586120605,0.06300505995750427,8312.0,8308.0
11.323603630065918,11.12584114074707,1.0116727352142334,0.0630197525024414,8316.0,8312.0
8.453512191772461,9.788717269897461,0.9711859226226807,0.06303410977125168,8320.0,8316.0
8.48513126373291,8.708511352539062,1.4444870948791504,0.06304868310689926,8324.0,8320.0
11.053461074829102,9.395456314086914,1.0990269184112549,0.06306308507919312,8328.0,8324.0
11.214005470275879,7.801738739013672,1.0591576099395752,0.06307728588581085,8332.0,8328.0
9.147956848144531,11.326345443725586,0.7343380451202393,0.06309091299772263,8336.0,8332.0
9.963844299316406,11.060527801513672,1.426410436630249,0.06310482323169708,8340.0,8336.0
9.899493217468262,10.125900268554688,0.6698643565177917,0.06311814486980438,8344.0,8340.0
14.133604049682617,9.564798355102539,1.3261826038360596,0.0631316527724266,8348.0,8344.0
7.512664794921875,12.197587013244629,0.8436872959136963,0.06314481049776077,8352.0,8348.0
8.170327186584473,9.957014083862305,0.83750319480896,0.06315762549638748,8356.0,8352.0
45.96227264404297,10.427239418029785,0.9274963140487671,0.06317024677991867,8360.0,8356.0
13.186368942260742,10.51289176940918,0.856299877166748,0.06318259984254837,8364.0,8360.0
8.4125394821167,9.542760848999023,1.3163866996765137,0.06319525092840195,8368.0,8364.0
7.804271697998047,10.251948356628418,1.4675390720367432,0.06320834904909134,8372.0,8368.0
8.87485122680664,7.459437370300293,0.7707884907722473,0.0632210373878479,8376.0,8372.0
22.562564849853516,8.37774658203125,1.111599326133728,0.06323376297950745,8380.0,8376.0
7.042319297790527,9.902449607849121,0.599891185760498,0.06324591487646103,8384.0,8380.0
25.21647834777832,8.07883358001709,0.8913033604621887,0.06325790286064148,8388.0,8384.0
50.01103210449219,9.969012260437012,0.9642757773399353,0.06326981633901596,8392.0,8388.0
7.328873634338379,8.663698196411133,1.0308245420455933,0.06328175216913223,8396.0,8392.0
10.73697280883789,10.096839904785156,1.3691405057907104,0.06329409033060074,8400.0,8396.0
10.216753005981445,14.159814834594727,1.6367274522781372,0.06330711394548416,8404.0,8400.0
13.132377624511719,13.360074043273926,1.0317916870117188,0.06332004070281982,8408.0,8404.0
28.026134490966797,13.77558708190918,1.0092105865478516,0.06333285570144653,8412.0,8408.0
7.975840091705322,8.031379699707031,0.14927667379379272,0.0633445754647255,8416.0,8412.0
15.634099960327148,14.395307540893555,1.167466640472412,0.06335648894309998,8420.0,8416.0
46.59749984741211,10.461673736572266,0.29710546135902405,0.0633675828576088,8424.0,8420.0
40.81568908691406,10.776779174804688,0.8057562112808228,0.06337850540876389,8428.0,8424.0
8.561100006103516,12.116933822631836,0.4707586169242859,0.0633888989686966,8432.0,8428.0
7.782262802124023,8.430524826049805,0.49748164415359497,0.06339884549379349,8436.0,8432.0
48.365928649902344,9.43449592590332,1.0981299877166748,0.06340909749269485,8440.0,8436.0
10.007603645324707,8.708353042602539,1.1145750284194946,0.0634196326136589,8444.0,8440.0
9.227977752685547,11.106304168701172,0.5852943062782288,0.0634298101067543,8448.0,8444.0
10.119364738464355,10.23627758026123,1.3464839458465576,0.06344054639339447,8452.0,8448.0
13.63296890258789,11.888834953308105,0.7281140685081482,0.06345107406377792,8456.0,8452.0
20.589004516601562,10.029336929321289,1.0244932174682617,0.0634617730975151,8460.0,8456.0
24.357635498046875,10.534579277038574,1.0234808921813965,0.06347260624170303,8464.0,8460.0
69.71437072753906,9.88737678527832,0.36901211738586426,0.06348279118537903,8468.0,8464.0
12.938270568847656,9.899619102478027,0.6230787634849548,0.06349270790815353,8472.0,8468.0
9.790427207946777,11.875238418579102,1.1028120517730713,0.06350294500589371,8476.0,8472.0
44.766822814941406,11.009620666503906,1.4693472385406494,0.06351388990879059,8480.0,8476.0
14.967967987060547,10.953709602355957,0.7945305109024048,0.06352468580007553,8484.0,8480.0
9.71902847290039,14.700864791870117,1.3041000366210938,0.06353594362735748,8488.0,8484.0
8.75391674041748,7.144116401672363,0.9212934374809265,0.06354716420173645,8492.0,8488.0
42.459442138671875,11.801189422607422,0.98821622133255,0.06355845183134079,8496.0,8492.0
6.604823589324951,10.100674629211426,0.917790412902832,0.06356970220804214,8500.0,8496.0
7.565731525421143,11.204095840454102,1.0645731687545776,0.06358108669519424,8504.0,8500.0
25.369140625,10.311111450195312,0.23263265192508698,0.0635916218161583,8508.0,8504.0
7.490566253662109,8.492375373840332,0.19785833358764648,0.06360133737325668,8512.0,8508.0
23.45793342590332,12.45828628540039,1.3390940427780151,0.06361167877912521,8516.0,8512.0
26.648775100708008,13.48975944519043,0.21166233718395233,0.06362125277519226,8520.0,8516.0
8.897554397583008,9.158000946044922,0.6226927638053894,0.063630610704422,8524.0,8520.0
10.923263549804688,12.64443588256836,0.6645404100418091,0.06363983452320099,8528.0,8524.0
6.621600151062012,9.853482246398926,0.744856595993042,0.0636490136384964,8532.0,8528.0
15.26894760131836,10.476078033447266,0.5040923357009888,0.06365789473056793,8536.0,8532.0
9.31057357788086,10.522076606750488,0.8570640087127686,0.06366690993309021,8540.0,8536.0
6.4101786613464355,11.432077407836914,1.296725869178772,0.06367656588554382,8544.0,8540.0
10.789766311645508,10.073162078857422,0.5543324947357178,0.06368593126535416,8548.0,8544.0
11.259307861328125,12.836292266845703,0.6132330894470215,0.06369510293006897,8552.0,8548.0
6.942886829376221,9.38691520690918,0.2873700261116028,0.06370370090007782,8556.0,8552.0
42.115379333496094,13.263108253479004,1.3661515712738037,0.06371307373046875,8560.0,8556.0
10.052898406982422,11.125885009765625,0.7203277945518494,0.06372237205505371,8564.0,8560.0
8.58474063873291,6.371596336364746,0.28366416692733765,0.06373108923435211,8568.0,8564.0
9.130472183227539,11.974061965942383,1.1162748336791992,0.06374028325080872,8572.0,8568.0
8.037683486938477,12.170666694641113,1.273762583732605,0.06375008821487427,8576.0,8572.0
9.237260818481445,10.984940528869629,1.2386361360549927,0.06376039236783981,8580.0,8576.0
8.79214859008789,6.551055908203125,0.5661368370056152,0.0637703537940979,8584.0,8580.0
8.678024291992188,9.27728271484375,1.255290150642395,0.06378082931041718,8588.0,8584.0
10.950780868530273,13.111250877380371,1.4223415851593018,0.06379197537899017,8592.0,8588.0
34.48998260498047,8.151886940002441,1.3573781251907349,0.06380364298820496,8596.0,8592.0
8.394123077392578,8.86159896850586,1.2813293933868408,0.06381567567586899,8600.0,8596.0
21.84300994873047,9.347344398498535,2.1196045875549316,0.06382904946804047,8604.0,8600.0
35.41188049316406,11.470108032226562,2.0530035495758057,0.06384355574846268,8608.0,8604.0
28.831340789794922,10.501882553100586,1.7109110355377197,0.06385867297649384,8612.0,8608.0
8.055413246154785,5.2125396728515625,1.3676012754440308,0.06387393176555634,8616.0,8612.0
6.5703558921813965,11.686291694641113,1.8385140895843506,0.06388987600803375,8620.0,8616.0
8.293603897094727,9.672247886657715,2.1010515689849854,0.06390673667192459,8624.0,8620.0
12.359466552734375,7.6165547370910645,0.2609250247478485,0.06392225623130798,8628.0,8624.0
25.6746826171875,9.303765296936035,1.1483033895492554,0.06393760442733765,8632.0,8628.0
8.467930793762207,8.476325988769531,1.1259407997131348,0.06395278871059418,8636.0,8632.0
7.384239196777344,11.071249008178711,1.0484349727630615,0.06396771222352982,8640.0,8636.0
8.906047821044922,12.002645492553711,0.7224528789520264,0.0639820396900177,8644.0,8640.0
11.288166046142578,10.244775772094727,1.1664544343948364,0.0639963448047638,8648.0,8644.0
21.892852783203125,8.685224533081055,0.7986879944801331,0.06401018798351288,8652.0,8648.0
9.23196029663086,11.216667175292969,1.0008296966552734,0.06402386724948883,8656.0,8652.0
7.8852691650390625,9.148300170898438,1.6005656719207764,0.06403810530900955,8660.0,8656.0
11.448509216308594,11.174182891845703,1.3279212713241577,0.0640525370836258,8664.0,8660.0
13.180660247802734,10.083784103393555,1.6774455308914185,0.06406756490468979,8668.0,8664.0
11.168891906738281,11.474611282348633,1.6411759853363037,0.06408306956291199,8672.0,8668.0
9.297483444213867,10.563507080078125,0.9394208192825317,0.06409818679094315,8676.0,8672.0
9.671422004699707,9.338031768798828,1.1198256015777588,0.06411314755678177,8680.0,8676.0
11.39657211303711,10.19365119934082,1.7388627529144287,0.06412872672080994,8684.0,8680.0
14.79916000366211,11.19660758972168,0.6855634450912476,0.0641435906291008,8688.0,8684.0
9.558895111083984,11.142274856567383,1.3440520763397217,0.0641586109995842,8692.0,8688.0
9.193008422851562,8.916032791137695,1.1252254247665405,0.06417348980903625,8696.0,8692.0
13.413789749145508,9.680678367614746,0.8570518493652344,0.06418793648481369,8700.0,8696.0
12.518049240112305,11.002102851867676,1.2346879243850708,0.0642024502158165,8704.0,8700.0
24.207176208496094,12.633560180664062,1.8328548669815063,0.06421773880720139,8708.0,8704.0
19.393699645996094,8.238354682922363,0.7269933819770813,0.06423239409923553,8712.0,8708.0
7.7815046310424805,11.969657897949219,0.7914386987686157,0.06424656510353088,8716.0,8712.0
12.708972930908203,10.311836242675781,1.5978355407714844,0.06426125019788742,8720.0,8716.0
10.677972793579102,11.40087890625,1.2156202793121338,0.06427596509456635,8724.0,8720.0
8.84432601928711,9.701997756958008,1.1750901937484741,0.06429064273834229,8728.0,8724.0
9.146855354309082,12.170708656311035,0.8793091177940369,0.06430494785308838,8732.0,8728.0
7.744376182556152,10.137116432189941,1.2239278554916382,0.06431931257247925,8736.0,8732.0
7.508062839508057,10.920781135559082,0.8523430824279785,0.06433330476284027,8740.0,8736.0
44.260520935058594,8.408937454223633,1.2328640222549438,0.06434740126132965,8744.0,8740.0
10.412787437438965,10.763382911682129,0.498366117477417,0.06436070054769516,8748.0,8744.0
8.655311584472656,8.940362930297852,1.403258204460144,0.0643744096159935,8752.0,8748.0
7.613943099975586,9.286626815795898,0.7612869143486023,0.06438767164945602,8756.0,8752.0
9.21735668182373,11.032238960266113,0.8408553600311279,0.06440065801143646,8760.0,8756.0
12.914838790893555,10.381848335266113,1.7508000135421753,0.06441449373960495,8764.0,8760.0
24.814226150512695,9.807144165039062,1.1551501750946045,0.06442835927009583,8768.0,8764.0
9.317440032958984,9.939284324645996,1.2212916612625122,0.06444235891103745,8772.0,8768.0
7.179501056671143,10.785001754760742,0.5828073620796204,0.06445568054914474,8776.0,8772.0
7.435598373413086,10.329761505126953,0.8344913125038147,0.06446869671344757,8780.0,8776.0
6.887506484985352,7.391880989074707,0.6184793710708618,0.06448117643594742,8784.0,8780.0
8.529409408569336,8.771873474121094,0.9843207597732544,0.06449363380670547,8788.0,8784.0
65.06625366210938,11.190447807312012,0.4133402109146118,0.06450536847114563,8792.0,8788.0
8.38763427734375,8.519570350646973,0.5247305631637573,0.064516581594944,8796.0,8792.0
10.22381591796875,11.26580810546875,1.7436022758483887,0.06452882289886475,8800.0,8796.0
6.528634071350098,8.839723587036133,-0.07582823932170868,0.06453974545001984,8804.0,8800.0
6.474582672119141,8.98132610321045,0.6111745834350586,0.06455035507678986,8808.0,8804.0
23.45387840270996,9.75202751159668,-0.3804345726966858,0.06455942988395691,8812.0,8808.0
21.573131561279297,9.238752365112305,1.2886569499969482,0.06456919014453888,8816.0,8812.0
33.49702072143555,12.056925773620605,0.49770694971084595,0.0645786002278328,8820.0,8816.0
8.752992630004883,10.301321029663086,0.6140259504318237,0.06458783894777298,8824.0,8820.0
47.40995788574219,7.990687370300293,0.8615418076515198,0.0645972192287445,8828.0,8824.0
10.249465942382812,12.052213668823242,1.2312068939208984,0.0646071806550026,8832.0,8828.0
8.34764575958252,9.388630867004395,1.1385712623596191,0.0646175816655159,8836.0,8832.0
6.310230255126953,6.0587968826293945,0.9729440212249756,0.06462814658880234,8840.0,8836.0
7.138314247131348,11.100261688232422,1.1298267841339111,0.06463906168937683,8844.0,8840.0
8.393882751464844,11.301979064941406,1.4688812494277954,0.06465071439743042,8848.0,8844.0
8.589332580566406,8.491228103637695,1.1818337440490723,0.06466267257928848,8852.0,8848.0
27.33745574951172,8.83942699432373,1.2098948955535889,0.06467494368553162,8856.0,8852.0
7.1303510665893555,11.508340835571289,0.7169143557548523,0.06468687951564789,8860.0,8856.0
12.921173095703125,12.017335891723633,1.5485100746154785,0.06469956040382385,8864.0,8860.0
8.703779220581055,8.870655059814453,1.7655547857284546,0.06471316516399384,8868.0,8864.0
6.307834625244141,10.285600662231445,2.1723508834838867,0.06472811847925186,8872.0,8868.0
21.121910095214844,9.186640739440918,1.0570669174194336,0.06474289298057556,8876.0,8872.0
13.103153228759766,8.272501945495605,1.6213123798370361,0.06475820392370224,8880.0,8876.0
11.265262603759766,8.489633560180664,0.7538108825683594,0.06477293372154236,8884.0,8880.0
12.134260177612305,11.860240936279297,0.9995641708374023,0.06478745490312576,8888.0,8884.0
31.498249053955078,11.165634155273438,1.0263540744781494,0.06480180472135544,8892.0,8888.0
13.525341033935547,9.194144248962402,0.911291241645813,0.06481586396694183,8896.0,8892.0
25.78649139404297,9.496429443359375,1.3629502058029175,0.0648302212357521,8900.0,8896.0
9.5433349609375,8.305244445800781,0.6933645009994507,0.0648440271615982,8904.0,8900.0
18.293991088867188,13.16652774810791,1.963409662246704,0.06485889852046967,8908.0,8904.0
30.540939331054688,11.568136215209961,0.405748188495636,0.06487280875444412,8912.0,8908.0
9.308697700500488,7.028935432434082,-0.05466799437999725,0.06488525867462158,8916.0,8912.0
11.232789993286133,8.161969184875488,0.2781852185726166,0.0648968294262886,8920.0,8916.0
23.262924194335938,10.244828224182129,0.5656347274780273,0.06490795314311981,8924.0,8920.0
13.344837188720703,13.951274871826172,1.5730758905410767,0.06491994857788086,8928.0,8924.0
11.93604850769043,7.475417613983154,1.0043641328811646,0.06493201106786728,8932.0,8928.0
9.98219108581543,11.13389778137207,0.5751224756240845,0.0649435892701149,8936.0,8932.0
29.09724235534668,11.012253761291504,1.4280389547348022,0.06495580822229385,8940.0,8936.0
5.993398666381836,8.164007186889648,0.760595977306366,0.06496776640415192,8944.0,8940.0
23.10577964782715,10.88624095916748,0.14568491280078888,0.0649787187576294,8948.0,8944.0
6.968016624450684,8.01072883605957,0.5029770135879517,0.06498922407627106,8952.0,8948.0
6.608885765075684,8.228261947631836,0.44066256284713745,0.06499923020601273,8956.0,8952.0
16.175209045410156,9.298757553100586,0.33485639095306396,0.06500867009162903,8960.0,8956.0
11.019721984863281,8.02221965789795,0.22798122465610504,0.0650174617767334,8964.0,8960.0
11.497001647949219,10.836519241333008,0.7183585166931152,0.06502627581357956,8968.0,8964.0
12.575990676879883,11.238239288330078,1.075577735900879,0.06503558158874512,8972.0,8968.0
8.350889205932617,7.699883937835693,0.777769148349762,0.06504494696855545,8976.0,8972.0
7.084554195404053,10.748651504516602,1.3008230924606323,0.0650550127029419,8980.0,8976.0
9.498698234558105,7.271512985229492,0.244986891746521,0.06506440043449402,8984.0,8980.0
10.408656120300293,11.342813491821289,1.190454125404358,0.06507435441017151,8988.0,8984.0
9.480283737182617,9.72087574005127,1.1216470003128052,0.06508474051952362,8992.0,8988.0
7.271587371826172,13.598491668701172,0.9233709573745728,0.06509526073932648,8996.0,8992.0
6.003503322601318,9.240972518920898,0.9366095066070557,0.06510592252016068,9000.0,8996.0
17.307031631469727,8.488444328308105,0.6694633960723877,0.06511636823415756,9004.0,9000.0
17.096294403076172,10.391695976257324,1.2045104503631592,0.06512729823589325,9008.0,9004.0
10.370933532714844,9.841338157653809,0.7215725183486938,0.0651380643248558,9012.0,9008.0
7.88399076461792,7.3402509689331055,1.241186499595642,0.06514933705329895,9016.0,9012.0
7.263634204864502,8.340400695800781,0.3719160854816437,0.06515996158123016,9020.0,9016.0
5.6009416580200195,9.812177658081055,1.1186614036560059,0.06517094373703003,9024.0,9020.0
13.81660270690918,10.124231338500977,0.5999389886856079,0.06518160551786423,9028.0,9024.0
10.496870040893555,10.565683364868164,0.8131415843963623,0.06519223749637604,9032.0,9028.0
5.4080915451049805,8.263958930969238,0.2856280207633972,0.06520218402147293,9036.0,9032.0
26.868114471435547,10.880477905273438,1.3944194316864014,0.0652129128575325,9040.0,9036.0
15.125553131103516,9.710880279541016,1.112434983253479,0.06522399932146072,9044.0,9040.0
10.179681777954102,12.212447166442871,1.0652568340301514,0.06523533910512924,9048.0,9044.0
12.365148544311523,7.914357662200928,0.19251002371311188,0.06524579226970673,9052.0,9048.0
7.3157548904418945,10.086498260498047,1.0645538568496704,0.06525657325983047,9056.0,9052.0
10.005285263061523,9.798272132873535,1.4710358381271362,0.0652681440114975,9060.0,9056.0
11.690326690673828,10.257503509521484,0.8066762685775757,0.06527961790561676,9064.0,9060.0
36.223060607910156,8.651738166809082,1.1548705101013184,0.06529141217470169,9068.0,9064.0
33.739200592041016,9.631936073303223,0.6618989706039429,0.06530288606882095,9072.0,9068.0
12.807870864868164,15.736435890197754,0.8041521310806274,0.06531425565481186,9076.0,9072.0
9.22667407989502,10.251413345336914,1.335862398147583,0.06532619893550873,9080.0,9076.0
10.134198188781738,10.445860862731934,0.6165301203727722,0.06533773988485336,9084.0,9080.0
12.158273696899414,8.42881965637207,0.7638522386550903,0.06534913182258606,9088.0,9084.0
10.246553421020508,11.738097190856934,1.774973750114441,0.06536165624856949,9092.0,9088.0
26.078100204467773,10.743276596069336,0.7643822431564331,0.06537392735481262,9096.0,9092.0
11.044135093688965,12.689366340637207,1.4464902877807617,0.0653868168592453,9100.0,9096.0
9.78022575378418,10.672861099243164,0.8114324808120728,0.06539947539567947,9104.0,9100.0
7.5868330001831055,9.892413139343262,1.184972882270813,0.06541240215301514,9108.0,9104.0
44.70561599731445,8.469588279724121,0.9639039039611816,0.06542528420686722,9112.0,9108.0
8.652502059936523,10.956474304199219,0.27282142639160156,0.06543723493814468,9116.0,9112.0
7.683101654052734,10.357017517089844,0.8289074897766113,0.065449059009552,9120.0,9116.0
10.068272590637207,8.196901321411133,0.5894722938537598,0.06546047329902649,9124.0,9120.0
12.191264152526855,12.530813217163086,1.0480931997299194,0.06547209620475769,9128.0,9124.0
9.36870002746582,5.593560218811035,0.437916100025177,0.06548313796520233,9132.0,9128.0
10.107023239135742,8.739535331726074,0.9539637565612793,0.06549431383609772,9136.0,9132.0
7.6328887939453125,7.530796051025391,0.7069764137268066,0.06550529599189758,9140.0,9136.0
8.211433410644531,9.032320022583008,1.2340173721313477,0.06551676988601685,9144.0,9140.0
10.769889831542969,7.275321006774902,0.9231966733932495,0.06552830338478088,9148.0,9144.0
35.86577606201172,10.223931312561035,0.8871070146560669,0.06553983688354492,9152.0,9148.0
27.721925735473633,10.633207321166992,0.8909640908241272,0.06555138528347015,9156.0,9152.0
14.395069122314453,11.72879409790039,0.6186293363571167,0.06556259095668793,9160.0,9156.0
8.747390747070312,8.814664840698242,0.7890479564666748,0.06557370722293854,9164.0,9160.0
12.409117698669434,12.671865463256836,1.180269479751587,0.06558524072170258,9168.0,9164.0
10.652626037597656,10.202528953552246,1.0752267837524414,0.0655970349907875,9172.0,9168.0
19.288677215576172,9.155009269714355,0.7530508041381836,0.06560862064361572,9176.0,9172.0
10.010506629943848,9.413954734802246,0.9294513463973999,0.06562028080224991,9180.0,9176.0
9.764031410217285,10.781072616577148,1.204188346862793,0.06563234329223633,9184.0,9180.0
12.45822525024414,9.434296607971191,0.15268740057945251,0.06564340740442276,9188.0,9184.0
10.794160842895508,9.969059944152832,0.5699982047080994,0.06565411388874054,9192.0,9188.0
8.648595809936523,10.519822120666504,0.22367599606513977,0.06566403806209564,9196.0,9192.0
32.9650764465332,13.501872062683105,0.4241090416908264,0.06567353755235672,9200.0,9196.0
8.753860473632812,9.324073791503906,0.5386047959327698,0.0656827911734581,9204.0,9200.0
9.546451568603516,9.397323608398438,0.782073974609375,0.06569215655326843,9208.0,9204.0
7.834753036499023,9.222414016723633,0.6601907014846802,0.0657014474272728,9212.0,9208.0
6.990591049194336,9.679953575134277,0.23326557874679565,0.06571012735366821,9216.0,9212.0
12.971930503845215,12.611030578613281,0.590255856513977,0.06571871042251587,9220.0,9216.0
8.709901809692383,11.330002784729004,0.7255337238311768,0.06572739034891129,9224.0,9220.0
13.723298072814941,14.063823699951172,1.2112172842025757,0.0657367929816246,9228.0,9224.0
15.20145034790039,7.232617378234863,0.5844281315803528,0.06574603170156479,9232.0,9228.0
8.351696014404297,10.948156356811523,0.315727174282074,0.06575475633144379,9236.0,9232.0
11.963699340820312,13.031655311584473,0.45218074321746826,0.06576322764158249,9240.0,9236.0
13.429487228393555,8.620113372802734,0.3857614994049072,0.06577134877443314,9244.0,9240.0
11.66502857208252,10.803638458251953,0.17802554368972778,0.06577890366315842,9248.0,9244.0
8.940518379211426,9.11894702911377,1.1167280673980713,0.065787173807621,9252.0,9248.0
10.596742630004883,11.18576431274414,0.6842337846755981,0.06579551845788956,9256.0,9252.0
9.568849563598633,11.745038986206055,1.1572409868240356,0.06580455601215363,9260.0,9256.0
7.450136661529541,8.374227523803711,1.0660350322723389,0.06581410765647888,9264.0,9260.0
9.53490161895752,10.733447074890137,0.6893749237060547,0.06582362204790115,9268.0,9264.0
8.876460075378418,9.005820274353027,0.3966495394706726,0.0658327043056488,9272.0,9268.0
9.115554809570312,9.12788200378418,0.7318291664123535,0.06584185361862183,9276.0,9272.0
7.807890892028809,10.407326698303223,0.6622211933135986,0.06585098057985306,9280.0,9276.0
8.461959838867188,10.74140739440918,0.8886644244194031,0.06586036831140518,9284.0,9280.0
27.26389503479004,10.58946704864502,0.5103327035903931,0.06586948782205582,9288.0,9284.0
6.507636547088623,9.185819625854492,0.464339017868042,0.06587831676006317,9292.0,9288.0
13.340166091918945,11.047409057617188,1.2038257122039795,0.06588786840438843,9296.0,9292.0
11.08564281463623,13.498557090759277,0.9389145970344543,0.06589771807193756,9300.0,9296.0
8.561347961425781,11.050458908081055,1.2663217782974243,0.06590826064348221,9304.0,9300.0
27.982791900634766,14.176839828491211,0.9290487170219421,0.06591898202896118,9308.0,9304.0
10.803105354309082,9.875174522399902,0.46882858872413635,0.06592925637960434,9312.0,9308.0
43.97283935546875,12.107192039489746,1.0702269077301025,0.06593993306159973,9316.0,9312.0
10.517452239990234,10.963176727294922,0.6711024045944214,0.0659504383802414,9320.0,9316.0
7.89803409576416,12.155858039855957,1.4811413288116455,0.06596186757087708,9324.0,9320.0
14.233386993408203,11.468393325805664,0.9066084623336792,0.06597336381673813,9328.0,9324.0
46.541038513183594,12.112834930419922,0.7237751483917236,0.06598468869924545,9332.0,9328.0
14.180468559265137,11.262523651123047,0.7460057735443115,0.06599587947130203,9336.0,9332.0
26.26485824584961,14.44133186340332,0.28089162707328796,0.06600632518529892,9340.0,9336.0
9.455643653869629,8.521947860717773,0.5478202104568481,0.06601645797491074,9344.0,9340.0
13.271703720092773,13.188852310180664,1.0112577676773071,0.06602694094181061,9348.0,9344.0
9.98215103149414,13.613815307617188,0.2393774390220642,0.06603670120239258,9352.0,9348.0
12.36237907409668,12.795209884643555,1.1323082447052002,0.06604700535535812,9356.0,9352.0
7.202014923095703,11.423431396484375,1.3818250894546509,0.06605812162160873,9360.0,9356.0
13.202181816101074,10.197553634643555,1.1609113216400146,0.06606968492269516,9364.0,9360.0
8.08010196685791,10.82962703704834,0.5962685346603394,0.06608089804649353,9368.0,9364.0
19.80622100830078,11.290157318115234,0.79210364818573,0.06609205156564713,9372.0,9368.0
68.63734436035156,10.927051544189453,0.7028948664665222,0.06610305607318878,9376.0,9372.0
12.123580932617188,8.995140075683594,0.7399223446846008,0.06611394137144089,9380.0,9376.0
27.677181243896484,11.678558349609375,0.9952112436294556,0.06612508744001389,9384.0,9380.0
9.666722297668457,6.636985778808594,0.1353278011083603,0.06613530963659286,9388.0,9384.0
6.975196838378906,9.639071464538574,0.3980017602443695,0.06614503264427185,9392.0,9388.0
8.920863151550293,11.848562240600586,0.12628938257694244,0.06615398079156876,9396.0,9392.0
33.11665725708008,7.930758476257324,0.6676508188247681,0.06616292148828506,9400.0,9396.0
9.157970428466797,11.14966869354248,1.1245242357254028,0.06617249548435211,9404.0,9400.0
8.623106956481934,9.96036434173584,0.806334376335144,0.0661822035908699,9408.0,9404.0
31.161436080932617,14.446526527404785,0.9781680107116699,0.06619225442409515,9412.0,9408.0
45.12118911743164,14.047883987426758,1.444298505783081,0.06620325148105621,9416.0,9412.0
7.210866451263428,8.949356079101562,0.8951576352119446,0.06621436774730682,9420.0,9416.0
7.877730369567871,8.910634994506836,0.8356024622917175,0.06622549891471863,9424.0,9420.0
51.21100616455078,9.367487907409668,0.9336585402488708,0.06623678654432297,9428.0,9424.0
10.04648208618164,14.563191413879395,0.8037564754486084,0.06624802947044373,9432.0,9428.0
8.40026569366455,12.382762908935547,0.9546796083450317,0.06625945121049881,9436.0,9432.0
10.684616088867188,11.043445587158203,0.9575753211975098,0.06627103686332703,9440.0,9436.0
9.887075424194336,13.235365867614746,0.5775445103645325,0.0662822350859642,9444.0,9440.0
14.410379409790039,11.117948532104492,0.9893488883972168,0.06629367917776108,9448.0,9444.0
10.695182800292969,11.874321937561035,0.7665507197380066,0.066305011510849,9452.0,9448.0
11.555994987487793,8.492607116699219,0.1040412038564682,0.06631536781787872,9456.0,9452.0
25.02775764465332,12.289587020874023,0.9665926694869995,0.06632599234580994,9460.0,9456.0
10.682573318481445,12.519350051879883,1.2675312757492065,0.06633728742599487,9464.0,9460.0
8.339438438415527,9.06452751159668,0.9743154644966125,0.06634878367185593,9468.0,9464.0
54.51435852050781,9.16436767578125,0.7250094413757324,0.06636013090610504,9472.0,9468.0
12.72568130493164,11.047334671020508,0.5101993680000305,0.06637103110551834,9476.0,9472.0
8.26154899597168,10.20014762878418,0.6879793405532837,0.0663817897439003,9480.0,9476.0
9.362115859985352,10.038419723510742,0.5490320920944214,0.06639222055673599,9484.0,9480.0
9.95659065246582,9.393472671508789,0.7161988615989685,0.06640259176492691,9488.0,9484.0
9.690890312194824,11.458248138427734,0.08321213722229004,0.0664120465517044,9492.0,9488.0
22.602008819580078,11.563054084777832,0.9027599692344666,0.06642178446054459,9496.0,9492.0
11.706193923950195,13.776054382324219,0.817386269569397,0.0664316788315773,9500.0,9496.0
11.925074577331543,11.187063217163086,0.657825231552124,0.06644148379564285,9504.0,9500.0
7.360304832458496,9.987197875976562,0.8457491397857666,0.06645146757364273,9508.0,9504.0
9.346426963806152,9.367120742797852,0.24085086584091187,0.06646079570055008,9512.0,9508.0
10.48690414428711,9.653347969055176,0.2799944579601288,0.06646957993507385,9516.0,9512.0
7.407538414001465,11.610502243041992,0.598332941532135,0.06647831201553345,9520.0,9516.0
8.458358764648438,11.8290376663208,0.9826083183288574,0.06648752093315125,9524.0,9520.0
30.257278442382812,12.082096099853516,0.5364832282066345,0.06649653613567352,9528.0,9524.0
6.616211414337158,9.194620132446289,0.5345094203948975,0.06650540232658386,9532.0,9528.0
10.620372772216797,9.900263786315918,-0.4673544764518738,0.06651274114847183,9536.0,9532.0
44.13396453857422,7.425753593444824,0.0990029126405716,0.06651948392391205,9540.0,9536.0
8.796079635620117,7.626520156860352,0.09002033621072769,0.06652568280696869,9544.0,9540.0
11.192455291748047,12.972027778625488,0.9941682815551758,0.06653263419866562,9548.0,9544.0
39.612525939941406,11.90561294555664,0.6520935297012329,0.06653978675603867,9552.0,9548.0
6.675691604614258,10.594926834106445,0.5386635661125183,0.0665469765663147,9556.0,9552.0
10.250961303710938,11.115311622619629,1.8448866605758667,0.06655598431825638,9560.0,9556.0
7.225818634033203,12.247913360595703,0.5380468964576721,0.06656484305858612,9564.0,9560.0
6.85642147064209,9.149200439453125,0.19350013136863708,0.06657307595014572,9568.0,9564.0
13.520608901977539,9.476554870605469,0.7373421788215637,0.06658152490854263,9572.0,9568.0
41.566009521484375,10.425792694091797,1.1097769737243652,0.06659065186977386,9576.0,9572.0
25.53150749206543,10.894655227661133,0.5100653767585754,0.06659957766532898,9580.0,9576.0
11.885978698730469,11.284502983093262,0.6018316745758057,0.06660845130681992,9584.0,9580.0
49.656524658203125,9.026237487792969,0.1584673523902893,0.06661666184663773,9588.0,9584.0
28.62723159790039,12.238778114318848,1.2096377611160278,0.06662572920322418,9592.0,9588.0
10.244625091552734,9.090760231018066,0.686568021774292,0.06663484871387482,9596.0,9592.0
84.36395263671875,10.264176368713379,0.3981553316116333,0.0666436031460762,9600.0,9596.0
11.331186294555664,12.581770896911621,0.5303968787193298,0.06665223091840744,9604.0,9600.0
6.533420562744141,11.846098899841309,0.17653842270374298,0.06666024029254913,9608.0,9604.0
9.932695388793945,11.200508117675781,0.6716151237487793,0.06666839867830276,9612.0,9608.0
23.693098068237305,11.063057899475098,0.017177291214466095,0.06667575240135193,9616.0,9612.0
34.96805953979492,9.35484790802002,0.24758002161979675,0.06668273359537125,9620.0,9616.0
11.891060829162598,13.602887153625488,0.6387044191360474,0.06668990850448608,9624.0,9620.0
11.995211601257324,9.502731323242188,0.4257403016090393,0.06669694930315018,9628.0,9624.0
41.710060119628906,12.935062408447266,1.6543967723846436,0.0667055994272232,9632.0,9628.0
9.616762161254883,9.509761810302734,0.7293424010276794,0.06671439856290817,9636.0,9632.0
11.936602592468262,8.832357406616211,0.5070464015007019,0.06672303378582001,9640.0,9636.0
6.474398612976074,9.330445289611816,0.9073868989944458,0.06673207134008408,9644.0,9640.0
9.07081413269043,11.810239791870117,0.7090134024620056,0.0667412057518959,9648.0,9644.0
7.018654823303223,8.76778793334961,1.0676063299179077,0.0667509138584137,9652.0,9648.0
39.23313522338867,10.28901481628418,0.9050623178482056,0.06676091998815536,9656.0,9652.0
23.79253387451172,8.396173477172852,0.4835507869720459,0.06677061319351196,9660.0,9656.0
10.604533195495605,9.891990661621094,0.6012647747993469,0.06678017973899841,9664.0,9660.0
6.826939105987549,6.665370464324951,0.7041608095169067,0.06678978353738785,9668.0,9664.0
12.423622131347656,13.287871360778809,1.5246236324310303,0.0668005645275116,9672.0,9668.0
26.32624053955078,8.404662132263184,0.24975724518299103,0.06681061536073685,9676.0,9672.0
25.201770782470703,8.909672737121582,-0.10610203444957733,0.06681951880455017,9680.0,9676.0
11.75198745727539,13.851228713989258,0.43219247460365295,0.066828154027462,9684.0,9680.0
7.340980529785156,8.155213356018066,0.5412609577178955,0.06683668494224548,9688.0,9684.0
7.991580963134766,9.254557609558105,0.2549065351486206,0.06684471666812897,9692.0,9688.0
24.10848045349121,11.00655746459961,0.5228260159492493,0.06685268133878708,9696.0,9692.0
23.507614135742188,10.309731483459473,0.6266424059867859,0.06686075031757355,9700.0,9696.0
27.070568084716797,10.181451797485352,0.7176687717437744,0.06686902046203613,9704.0,9700.0
11.475597381591797,10.401473999023438,0.3303249478340149,0.06687693297863007,9708.0,9704.0
8.413999557495117,11.553860664367676,1.0931183099746704,0.06688559055328369,9712.0,9708.0
25.87136459350586,11.31600284576416,0.8511706590652466,0.06689458340406418,9716.0,9712.0
13.921271324157715,12.727571487426758,1.2708696126937866,0.0669044703245163,9720.0,9716.0
10.826852798461914,11.228469848632812,1.3824282884597778,0.06691533327102661,9724.0,9720.0
13.253080368041992,10.653250694274902,0.2216828465461731,0.06692543625831604,9728.0,9724.0
6.511043548583984,11.523187637329102,0.8226182460784912,0.06693568080663681,9732.0,9728.0
9.691308975219727,8.104569435119629,0.14922559261322021,0.06694512814283371,9736.0,9732.0
9.324463844299316,12.227185249328613,0.7436320185661316,0.06695468723773956,9740.0,9736.0
8.873644828796387,11.082026481628418,1.233655333518982,0.06696503609418869,9744.0,9740.0
25.132732391357422,9.857372283935547,0.39545488357543945,0.06697491556406021,9748.0,9744.0
14.51616096496582,12.093546867370605,1.1064890623092651,0.06698537617921829,9752.0,9748.0
9.873010635375977,13.267692565917969,1.550832986831665,0.0669969916343689,9756.0,9752.0
34.383148193359375,11.505804061889648,1.1653233766555786,0.0670090988278389,9760.0,9756.0
6.699080944061279,10.660815238952637,0.5945581197738647,0.06702084094285965,9764.0,9760.0
12.573068618774414,9.392614364624023,1.0315011739730835,0.06703287363052368,9768.0,9764.0
6.402125358581543,12.445042610168457,0.8066953420639038,0.06704486161470413,9772.0,9768.0
41.38322067260742,10.946856498718262,1.476981282234192,0.06705774366855621,9776.0,9772.0
10.302704811096191,10.892919540405273,0.6956042051315308,0.06707035005092621,9780.0,9776.0
13.48282527923584,11.693713188171387,1.2617723941802979,0.06708347797393799,9784.0,9780.0
22.662742614746094,12.575206756591797,1.1012451648712158,0.06709686666727066,9788.0,9784.0
8.134786605834961,10.701786041259766,0.76238614320755,0.06711000204086304,9792.0,9788.0
8.940912246704102,10.916637420654297,1.2556391954421997,0.06712361425161362,9796.0,9792.0
8.759233474731445,9.3689546585083,0.8907705545425415,0.06713715940713882,9800.0,9796.0
6.2427263259887695,9.93124008178711,0.5277841091156006,0.06715009361505508,9804.0,9800.0
15.223064422607422,9.023716926574707,0.7047344446182251,0.06716275960206985,9808.0,9804.0
8.420665740966797,9.624602317810059,0.521612823009491,0.06717489659786224,9812.0,9808.0
8.354674339294434,9.033018112182617,0.8102045059204102,0.06718698889017105,9816.0,9812.0
37.45720672607422,12.731229782104492,0.743198037147522,0.06719893962144852,9820.0,9816.0
63.492431640625,9.483988761901855,0.33327361941337585,0.06721018999814987,9824.0,9820.0
9.738786697387695,11.646530151367188,1.1340081691741943,0.06722193211317062,9828.0,9824.0
39.42970657348633,9.306295394897461,0.8984824419021606,0.06723379343748093,9832.0,9828.0
11.372422218322754,11.991463661193848,0.6468667984008789,0.06724540144205093,9836.0,9832.0
7.770410060882568,10.585509300231934,0.693682074546814,0.0672568529844284,9840.0,9836.0
34.58002853393555,13.44197940826416,1.1690051555633545,0.06726883351802826,9844.0,9840.0
27.160903930664062,10.212902069091797,1.3246679306030273,0.06728151440620422,9848.0,9844.0
58.777565002441406,9.431601524353027,0.5261409282684326,0.0672936961054802,9852.0,9848.0
8.884949684143066,12.381518363952637,0.4276171922683716,0.06730528175830841,9856.0,9852.0
18.560754776000977,9.933968544006348,0.5250817537307739,0.0673164650797844,9860.0,9856.0
25.34095573425293,9.716774940490723,0.4039270281791687,0.067327119410038,9864.0,9860.0
12.133922576904297,10.800313949584961,0.27278974652290344,0.06733711063861847,9868.0,9864.0
23.611072540283203,12.79088020324707,-0.20959654450416565,0.06734581291675568,9872.0,9868.0
19.9747314453125,9.062687873840332,-0.29159408807754517,0.06735322624444962,9876.0,9872.0
13.552069664001465,10.526274681091309,0.3411932587623596,0.06736038625240326,9880.0,9876.0
14.591968536376953,10.853808403015137,0.04645312950015068,0.06736691296100616,9884.0,9880.0
12.245870590209961,12.63961124420166,0.2535559833049774,0.06737314164638519,9888.0,9884.0
27.905916213989258,12.279475212097168,-0.05810137093067169,0.0673786848783493,9892.0,9888.0
7.333874702453613,9.40846061706543,-0.25334596633911133,0.0673832967877388,9896.0,9892.0
8.853245735168457,8.77734375,0.1879384070634842,0.06738772988319397,9900.0,9896.0
9.032333374023438,10.022254943847656,0.5279307961463928,0.06739248335361481,9904.0,9900.0
9.464166641235352,10.937188148498535,0.8840023279190063,0.06739804148674011,9908.0,9904.0
6.654158115386963,9.444473266601562,0.9994590878486633,0.06740450859069824,9912.0,9908.0
35.032806396484375,9.10377025604248,0.8334569334983826,0.06741152703762054,9916.0,9912.0
8.657132148742676,10.301972389221191,0.3204896152019501,0.06741831451654434,9920.0,9916.0
15.057321548461914,12.600449562072754,0.3492640554904938,0.06742493063211441,9924.0,9920.0
21.56896209716797,12.036458015441895,0.6050581932067871,0.06743178516626358,9928.0,9924.0
11.720224380493164,11.46921157836914,0.8406204581260681,0.06743916124105453,9932.0,9928.0
25.58995819091797,10.21944522857666,0.7726333737373352,0.06744693219661713,9936.0,9932.0
7.649142742156982,9.322458267211914,-0.17305786907672882,0.06745368242263794,9940.0,9936.0
8.12704086303711,6.888363361358643,0.6657989621162415,0.06746073067188263,9944.0,9940.0
10.428350448608398,10.258291244506836,0.7675338983535767,0.06746818870306015,9948.0,9944.0
9.559986114501953,10.113903045654297,0.3348393440246582,0.06747539341449738,9952.0,9948.0
8.592308044433594,9.527956008911133,0.8716002702713013,0.06748317182064056,9956.0,9952.0
10.14438533782959,12.107945442199707,0.800060510635376,0.0674913227558136,9960.0,9956.0
10.00343132019043,13.556017875671387,1.3014564514160156,0.06750056147575378,9964.0,9960.0
9.18021297454834,11.06191635131836,0.8380775451660156,0.06751010566949844,9968.0,9964.0
19.360427856445312,11.828920364379883,-0.024156220257282257,0.06751866638660431,9972.0,9968.0
12.320589065551758,9.909038543701172,0.2258930802345276,0.06752672046422958,9976.0,9972.0
12.440384864807129,10.751861572265625,0.13084155321121216,0.06753415614366531,9980.0,9976.0
13.081209182739258,12.6229887008667,1.2061580419540405,0.06754261255264282,9984.0,9980.0
8.06568431854248,8.085948944091797,0.5373442769050598,0.06755101680755615,9988.0,9984.0
9.402626037597656,11.603941917419434,0.751823902130127,0.06755968183279037,9992.0,9988.0
10.272246360778809,11.557694435119629,0.3365718722343445,0.06756798177957535,9996.0,9992.0
7.563305854797363,9.767683982849121,0.781127393245697,0.06757660210132599,10000.0,9996.0
60.548805236816406,10.738557815551758,0.6307810544967651,0.0675852820277214,10004.0,10000.0
7.561801433563232,11.37399673461914,1.104129672050476,0.0675947293639183,10008.0,10004.0
12.544965744018555,10.935705184936523,1.032468557357788,0.06760475039482117,10012.0,10008.0
6.835859298706055,8.651073455810547,0.1352795958518982,0.06761397421360016,10016.0,10012.0
8.009998321533203,9.457077980041504,0.2945503294467926,0.06762270629405975,10020.0,10016.0
7.045466899871826,8.495863914489746,0.7264624834060669,0.06763165444135666,10024.0,10020.0
38.0557975769043,11.17855167388916,-0.27514904737472534,0.0676392987370491,10028.0,10024.0
6.883917331695557,8.76302433013916,0.3950220048427582,0.06764677166938782,10032.0,10028.0
33.21657180786133,13.046104431152344,0.5136858224868774,0.06765425205230713,10036.0,10032.0
6.847573280334473,10.282705307006836,-0.050804123282432556,0.06766091287136078,10040.0,10036.0
45.346221923828125,9.319829940795898,0.010962679982185364,0.0676669329404831,10044.0,10040.0
6.987851619720459,11.351097106933594,0.335551381111145,0.06767285615205765,10048.0,10044.0
8.174656867980957,8.615942001342773,0.18685775995254517,0.06767845153808594,10052.0,10048.0
16.28418731689453,10.98420524597168,0.5885791778564453,0.06768437474966049,10056.0,10052.0
21.001340866088867,10.619733810424805,1.0039969682693481,0.06769118458032608,10060.0,10056.0
7.910415172576904,9.819103240966797,0.2434566766023636,0.0676976889371872,10064.0,10060.0
7.876009941101074,9.340982437133789,0.5435198545455933,0.06770435720682144,10068.0,10064.0
7.888096809387207,9.048988342285156,0.12608546018600464,0.06771053373813629,10072.0,10068.0
7.916387557983398,7.987543106079102,0.064752496778965,0.06771620362997055,10076.0,10072.0
6.770978927612305,8.953446388244629,-0.21979303658008575,0.06772097945213318,10080.0,10076.0
29.813154220581055,13.526986122131348,0.8125045299530029,0.0677264854311943,10084.0,10080.0
23.048858642578125,10.250177383422852,0.5639013648033142,0.06773228943347931,10088.0,10084.0
10.767879486083984,8.33469009399414,0.34608590602874756,0.06773801892995834,10092.0,10088.0
8.283099174499512,8.76981258392334,0.3979049026966095,0.06774378567934036,10096.0,10092.0
6.746548175811768,12.887394905090332,0.960273265838623,0.06775040924549103,10100.0,10096.0
15.974906921386719,11.683168411254883,1.5658947229385376,0.06775869429111481,10104.0,10100.0
16.104799270629883,12.226655960083008,0.2558879256248474,0.06776654720306396,10108.0,10104.0
6.47064733505249,8.827373504638672,0.5894569754600525,0.06777449697256088,10112.0,10108.0
12.822100639343262,8.6858491897583,1.1406718492507935,0.06778334826231003,10116.0,10112.0
11.886299133300781,9.531444549560547,0.6917934417724609,0.06779235601425171,10120.0,10116.0
32.684959411621094,8.963783264160156,0.3508511185646057,0.06780098378658295,10124.0,10120.0
35.95082092285156,12.143560409545898,0.38536131381988525,0.0678093433380127,10128.0,10124.0
6.034852027893066,10.70843505859375,0.48790407180786133,0.06781759113073349,10132.0,10128.0
39.45623016357422,10.968327522277832,0.816721498966217,0.06782624125480652,10136.0,10132.0
20.935773849487305,10.814046859741211,0.23815961182117462,0.06783439218997955,10140.0,10136.0
25.04828453063965,8.333321571350098,0.3526805639266968,0.0678422674536705,10144.0,10140.0
19.947296142578125,9.778738021850586,0.3000532388687134,0.06784980744123459,10148.0,10144.0
37.04616928100586,12.214216232299805,0.33019644021987915,0.06785708665847778,10152.0,10148.0
9.491340637207031,12.011480331420898,0.2818531394004822,0.0678640753030777,10156.0,10152.0
10.25694465637207,11.436389923095703,0.12822192907333374,0.06787056475877762,10160.0,10156.0
8.616844177246094,9.90684986114502,0.10597409307956696,0.06787656247615814,10164.0,10160.0
6.950882434844971,7.322607517242432,0.5829362273216248,0.06788284331560135,10168.0,10164.0
11.009892463684082,8.53042984008789,0.6570613384246826,0.06788948178291321,10172.0,10168.0
6.495254993438721,12.064264297485352,0.1914183497428894,0.06789574772119522,10176.0,10172.0
8.634040832519531,8.74609088897705,0.4096221327781677,0.06790201365947723,10180.0,10176.0
14.46481990814209,9.283146858215332,0.4835869371891022,0.067908376455307,10184.0,10180.0
47.83539962768555,12.538895606994629,0.42719000577926636,0.06791475415229797,10188.0,10184.0
9.285998344421387,9.978538513183594,0.6523139476776123,0.06792148947715759,10192.0,10188.0
36.01081466674805,10.849471092224121,0.6152317523956299,0.0679284855723381,10196.0,10194.0
54.19070053100586,8.71820068359375,0.7481198906898499,0.06793592125177383,10200.0,10198.0
7.545825958251953,8.529268264770508,0.3473803997039795,0.06794312596321106,10204.0,10202.0
10.320879936218262,11.216896057128906,0.6822425127029419,0.06795065850019455,10208.0,10206.0
25.886032104492188,12.548505783081055,0.31614482402801514,0.06795791536569595,10212.0,10210.0
5.668990135192871,5.979985237121582,0.4365287721157074,0.06796511262655258,10216.0,10212.0
32.70032501220703,10.63618278503418,0.8098896741867065,0.0679728239774704,10220.0,10216.0
61.42127227783203,13.08145523071289,1.2448042631149292,0.06798166036605835,10224.0,10220.0
17.794233322143555,11.051349639892578,0.7732179760932922,0.06799078732728958,10228.0,10224.0
9.975937843322754,9.183195114135742,0.38958847522735596,0.06799958646297455,10232.0,10228.0
45.5283317565918,10.673053741455078,1.011120319366455,0.06800905615091324,10236.0,10232.0
37.17207336425781,10.907758712768555,0.4844129979610443,0.06801831722259521,10240.0,10236.0
8.541160583496094,8.038634300231934,0.4609206020832062,0.06802736222743988,10244.0,10240.0
25.44708251953125,9.313660621643066,-0.014158740639686584,0.06803549081087112,10248.0,10244.0
19.384654998779297,7.9935302734375,0.5378527641296387,0.06804361939430237,10252.0,10248.0
87.75053405761719,9.271444320678711,0.14715194702148438,0.06805115938186646,10256.0,10252.0
11.514625549316406,10.439432144165039,0.03866885229945183,0.06805802881717682,10260.0,10256.0
8.989215850830078,7.825603485107422,-0.6077633500099182,0.06806326657533646,10264.0,10260.0
28.514389038085938,7.704266548156738,0.5179446935653687,0.06806878745555878,10268.0,10264.0
10.72386360168457,7.5762810707092285,0.10944530367851257,0.06807391345500946,10272.0,10268.0
8.152270317077637,10.846549987792969,0.7222468852996826,0.0680796429514885,10276.0,10272.0
21.32088851928711,9.454458236694336,0.33072447776794434,0.06808530539274216,10280.0,10276.0
29.02645492553711,12.404518127441406,0.3220418095588684,0.06809090822935104,10284.0,10280.0
11.785053253173828,12.094856262207031,-0.2417922019958496,0.06809557974338531,10288.0,10284.0
33.106346130371094,11.930015563964844,0.1842777132987976,0.06810006499290466,10292.0,10288.0
31.580345153808594,12.258614540100098,0.36580467224121094,0.06810466200113297,10296.0,10292.0
14.731830596923828,6.852835178375244,-0.04019626975059509,0.06810873746871948,10300.0,10296.0
6.012298583984375,7.541391372680664,0.3227064311504364,0.06811290979385376,10304.0,10300.0
30.342769622802734,7.0570068359375,0.2947275638580322,0.06811711192131042,10308.0,10304.0
10.893827438354492,11.766206741333008,0.222397118806839,0.06812123954296112,10312.0,10308.0
9.263494491577148,11.100117683410645,0.6802988052368164,0.06812601536512375,10316.0,10312.0
15.297805786132812,9.879814147949219,0.19359660148620605,0.06813061237335205,10320.0,10316.0
9.549455642700195,10.514613151550293,0.653778076171875,0.06813576072454453,10324.0,10320.0
6.650485038757324,8.132854461669922,0.7565027475357056,0.06814156472682953,10328.0,10324.0
7.060574531555176,8.728056907653809,0.5269894599914551,0.06814759224653244,10332.0,10328.0
8.515413284301758,9.912199020385742,0.5324623584747314,0.06815384328365326,10336.0,10332.0
25.723731994628906,12.022936820983887,0.5454729795455933,0.06816031038761139,10340.0,10336.0
27.108060836791992,11.028471946716309,0.6003426313400269,0.0681670755147934,10344.0,10340.0
11.505422592163086,8.410091400146484,0.6243489384651184,0.06817412376403809,10348.0,10344.0
8.881139755249023,10.627853393554688,0.8990089297294617,0.06818186491727829,10352.0,10348.0
8.977094650268555,8.436779022216797,0.10495492070913315,0.06818900257349014,10356.0,10352.0
6.965187072753906,10.251277923583984,0.2538115084171295,0.06819581240415573,10360.0,10356.0
5.318244934082031,8.809770584106445,-0.06775861978530884,0.06820184737443924,10364.0,10360.0
20.297828674316406,9.9742431640625,0.6332850456237793,0.0682082548737526,10368.0,10364.0
8.340816497802734,9.193680763244629,-0.020663969218730927,0.06821399182081223,10372.0,10368.0
15.759105682373047,10.121813774108887,0.245854914188385,0.06821954250335693,10376.0,10372.0
12.184019088745117,6.785597801208496,0.6341512203216553,0.06822552531957626,10380.0,10376.0
7.013930320739746,8.86004638671875,-0.03312152624130249,0.06823085993528366,10384.0,10380.0
8.112266540527344,10.976479530334473,0.9916083812713623,0.06823720782995224,10388.0,10384.0
12.425287246704102,11.773889541625977,0.34678488969802856,0.06824346631765366,10392.0,10388.0
7.551338195800781,8.826733589172363,0.49966561794281006,0.06824988126754761,10396.0,10392.0
12.579753875732422,13.317083358764648,1.5361131429672241,0.06825803220272064,10400.0,10396.0
68.26087951660156,10.059704780578613,0.31917381286621094,0.0682658776640892,10404.0,10400.0
10.053274154663086,10.86717700958252,0.5851525664329529,0.06827384978532791,10408.0,10404.0
13.018170356750488,8.604336738586426,0.4428219795227051,0.06828173249959946,10412.0,10408.0
15.434203147888184,11.028018951416016,0.536654531955719,0.06828965991735458,10416.0,10412.0
10.78409194946289,11.253040313720703,0.36508721113204956,0.068297378718853,10420.0,10416.0
18.269245147705078,9.695648193359375,0.17912016808986664,0.06830460578203201,10424.0,10420.0
19.77650260925293,13.373318672180176,0.16291896998882294,0.06831136345863342,10428.0,10424.0
23.60157012939453,7.758927822113037,0.4168868362903595,0.06831810623407364,10432.0,10428.0
12.805917739868164,11.769842147827148,0.3050510883331299,0.06832465529441833,10436.0,10432.0
8.57817268371582,8.1851224899292,0.07836243510246277,0.06833066791296005,10440.0,10436.0
9.362356185913086,10.202068328857422,-0.0024269670248031616,0.06833607703447342,10444.0,10440.0
28.398231506347656,8.898938179016113,0.17903707921504974,0.06834124028682709,10448.0,10444.0
11.272010803222656,10.566875457763672,0.2732621729373932,0.068346306681633,10452.0,10448.0
13.316751480102539,9.672822952270508,-0.2254904806613922,0.06835053116083145,10456.0,10452.0
11.947860717773438,13.316661834716797,-0.21556173264980316,0.06835398823022842,10460.0,10456.0
27.126571655273438,11.617365837097168,0.034038424491882324,0.06835714727640152,10464.0,10460.0
36.03362274169922,11.918039321899414,0.05869127810001373,0.0683600977063179,10468.0,10464.0
20.8085880279541,14.662368774414062,0.3523302674293518,0.06836330890655518,10472.0,10468.0
10.22018814086914,7.827239513397217,0.26930221915245056,0.06836661696434021,10476.0,10472.0
32.73057174682617,7.883298873901367,0.05123394727706909,0.06836967915296555,10480.0,10476.0
8.017361640930176,6.417591094970703,-0.0764857828617096,0.06837232410907745,10484.0,10480.0
10.37545394897461,9.44678020477295,0.5175784826278687,0.06837552040815353,10488.0,10484.0
32.90947723388672,9.908242225646973,0.3190825879573822,0.06837889552116394,10492.0,10488.0
10.104510307312012,10.360520362854004,-0.023508921265602112,0.0683818906545639,10496.0,10492.0
9.168240547180176,10.408428192138672,0.609351634979248,0.06838555634021759,10500.0,10496.0
10.032999038696289,10.287728309631348,1.0317610502243042,0.06839050352573395,10504.0,10500.0
10.588447570800781,8.15412712097168,0.5236629247665405,0.06839576363563538,10508.0,10504.0
11.23929214477539,10.97204875946045,0.6391436457633972,0.0684015229344368,10512.0,10508.0
16.634389877319336,11.249452590942383,-0.005092941224575043,0.06840669363737106,10516.0,10512.0
7.630950927734375,11.058900833129883,-0.23844942450523376,0.06841098517179489,10520.0,10516.0
8.123117446899414,8.725893020629883,-0.20502617955207825,0.06841452419757843,10524.0,10520.0
9.064488410949707,12.863306045532227,0.15834954380989075,0.06841795146465302,10528.0,10524.0
35.499908447265625,12.410880088806152,0.13014210760593414,0.06842124462127686,10532.0,10528.0
8.92177963256836,9.134737014770508,0.23429176211357117,0.06842458993196487,10536.0,10532.0
8.950240135192871,9.264690399169922,0.6029876470565796,0.06842855364084244,10540.0,10536.0
9.240201950073242,11.215644836425781,0.010122906416654587,0.06843214482069016,10544.0,10540.0
9.781071662902832,9.074947357177734,0.1552295684814453,0.06843561679124832,10548.0,10544.0
13.690654754638672,8.794675827026367,0.9530595541000366,0.0684402659535408,10552.0,10548.0
12.967697143554688,8.834033012390137,0.17752645909786224,0.06844473630189896,10556.0,10552.0
8.053323745727539,11.113245010375977,0.4664870500564575,0.06844950467348099,10560.0,10556.0
35.5481071472168,8.86629867553711,0.0963083878159523,0.06845396012067795,10564.0,10560.0
18.988616943359375,9.938089370727539,0.49358516931533813,0.06845875829458237,10568.0,10564.0
9.293436050415039,10.938032150268555,0.34048205614089966,0.06846362352371216,10572.0,10568.0
9.17922592163086,10.873323440551758,0.2786009609699249,0.06846843659877777,10576.0,10572.0
10.32565689086914,7.937174320220947,0.17106947302818298,0.06847305595874786,10580.0,10576.0
7.649954795837402,11.895106315612793,0.6936400532722473,0.06847831606864929,10584.0,10580.0
18.376861572265625,10.75349235534668,-0.19782383739948273,0.06848274171352386,10588.0,10584.0
8.781696319580078,11.259557723999023,0.05422048270702362,0.06848680227994919,10592.0,10588.0
9.934906005859375,13.136080741882324,0.40784865617752075,0.068491131067276,10596.0,10592.0
15.77875804901123,10.576200485229492,0.10875704884529114,0.06849519908428192,10600.0,10596.0
7.984674453735352,14.732274055480957,0.26864415407180786,0.06849929690361023,10604.0,10600.0
6.836874008178711,9.41873550415039,-0.05207464471459389,0.06850288808345795,10608.0,10604.0
14.571202278137207,13.24705696105957,-0.08801265805959702,0.06850599497556686,10612.0,10608.0
10.480850219726562,7.254136562347412,0.02501838281750679,0.0685088187456131,10616.0,10612.0
8.766837120056152,9.895990371704102,0.015253476798534393,0.06851139664649963,10620.0,10616.0
7.518524169921875,8.724597930908203,-0.1691214144229889,0.06851343810558319,10624.0,10620.0
29.537153244018555,10.516995429992676,0.15704499185085297,0.06851553171873093,10628.0,10624.0
24.77306365966797,8.70711612701416,0.3153449296951294,0.06851793080568314,10632.0,10628.0
11.437628746032715,8.873373031616211,-0.18517175316810608,0.06851979345083237,10636.0,10632.0
6.174656391143799,10.145915031433105,0.13936050236225128,0.06852169334888458,10640.0,10636.0
34.406219482421875,10.999061584472656,0.07509786635637283,0.06852351874113083,10644.0,10640.0
7.939476013183594,10.604354858398438,0.31176355481147766,0.06852567940950394,10648.0,10644.0
10.401947021484375,9.15703010559082,0.06627030670642853,0.0685277208685875,10652.0,10648.0
7.045713901519775,8.821239471435547,0.07502910494804382,0.06852968037128448,10656.0,10652.0
9.5977783203125,10.446943283081055,0.5729072690010071,0.06853237748146057,10660.0,10656.0
18.228710174560547,8.660384178161621,-0.02026386559009552,0.06853476166725159,10664.0,10660.0
37.625980377197266,11.247854232788086,0.4853323698043823,0.06853770464658737,10668.0,10664.0
9.805325508117676,10.065417289733887,0.27297067642211914,0.0685407891869545,10672.0,10668.0
11.991086959838867,12.438146591186523,0.28713566064834595,0.06854404509067535,10676.0,10672.0
9.90310001373291,13.401092529296875,0.2362741231918335,0.06854734569787979,10680.0,10676.0
15.594999313354492,13.348649978637695,0.4760018289089203,0.06855110079050064,10684.0,10680.0
6.9370832443237305,10.04466724395752,0.09259551763534546,0.06855463236570358,10688.0,10684.0
10.621749877929688,9.365166664123535,0.2782895565032959,0.06855826079845428,10692.0,10688.0
7.6662983894348145,9.38381290435791,-0.15069758892059326,0.06856128573417664,10696.0,10692.0
17.70513153076172,9.909809112548828,0.5446633696556091,0.06856489926576614,10700.0,10696.0
5.246153831481934,9.464668273925781,-0.0683150589466095,0.06856803596019745,10704.0,10700.0
8.560815811157227,8.980844497680664,0.593672513961792,0.06857182830572128,10708.0,10704.0
7.847531318664551,8.060871124267578,0.6485806703567505,0.06857629120349884,10712.0,10708.0
14.483192443847656,7.816588401794434,-0.03211884945631027,0.0685802698135376,10716.0,10712.0
7.757697105407715,8.939908981323242,0.06070990115404129,0.06858394294977188,10720.0,10716.0
7.805568218231201,9.085693359375,0.004364587366580963,0.06858726590871811,10724.0,10720.0
9.248796463012695,8.642489433288574,-0.27177196741104126,0.06858981400728226,10728.0,10724.0
7.796416759490967,9.482006072998047,0.13705755770206451,0.06859233230352402,10732.0,10728.0
8.610244750976562,10.690704345703125,0.017722375690937042,0.06859462708234787,10736.0,10732.0
10.004469871520996,6.859020709991455,-0.3720899820327759,0.06859607994556427,10740.0,10736.0
36.39415740966797,11.32296085357666,-0.13363447785377502,0.06859717518091202,10744.0,10740.0
29.322765350341797,9.881584167480469,0.8446164727210999,0.06859954446554184,10748.0,10744.0
8.035619735717773,11.691112518310547,0.40959644317626953,0.06860234588384628,10752.0,10748.0
10.532525062561035,11.901927947998047,0.1621592938899994,0.06860513985157013,10756.0,10752.0
20.377735137939453,12.87171745300293,1.08644700050354,0.06860942393541336,10760.0,10756.0
35.88683319091797,11.032455444335938,0.44477975368499756,0.06861402094364166,10764.0,10760.0
11.448707580566406,8.059690475463867,0.8203138113021851,0.068619504570961,10768.0,10764.0
22.170238494873047,11.766387939453125,1.0853309631347656,0.06862622499465942,10772.0,10768.0
13.110630989074707,11.009921073913574,0.39912620186805725,0.06863293796777725,10776.0,10772.0
7.267725944519043,11.028824806213379,0.8107065558433533,0.06864029914140701,10780.0,10776.0
8.359395980834961,8.64142894744873,0.4778798222541809,0.06864771246910095,10784.0,10780.0
38.907745361328125,11.644767761230469,0.8046138882637024,0.06865571439266205,10788.0,10784.0
11.601102828979492,10.777774810791016,1.0557652711868286,0.06866465508937836,10792.0,10788.0
14.213338851928711,14.342178344726562,0.33628571033477783,0.0686732679605484,10796.0,10792.0
36.501895904541016,13.174684524536133,0.8736269474029541,0.06868245452642441,10800.0,10796.0
33.282066345214844,11.350921630859375,1.2327719926834106,0.06869275122880936,10804.0,10800.0
5.368690013885498,6.59254264831543,-0.07862457633018494,0.06870190799236298,10808.0,10804.0
8.213655471801758,10.110405921936035,1.0835462808609009,0.06871193647384644,10812.0,10808.0
13.04830551147461,10.69630241394043,0.5803655982017517,0.06872191280126572,10816.0,10812.0
7.282739639282227,9.150381088256836,1.1995975971221924,0.06873287260532379,10820.0,10816.0
27.74779510498047,10.436328887939453,1.2889766693115234,0.06874486804008484,10824.0,10820.0
11.284331321716309,10.579581260681152,0.2617229223251343,0.0687561184167862,10828.0,10824.0
6.563497543334961,8.48826789855957,0.2683217525482178,0.06876669079065323,10832.0,10828.0
12.859724998474121,9.580351829528809,0.6517731547355652,0.06877728551626205,10836.0,10832.0
23.70370864868164,11.869335174560547,0.9367205500602722,0.06878836452960968,10840.0,10836.0
12.66326904296875,8.415802955627441,0.1370091736316681,0.06879858672618866,10844.0,10840.0
9.635307312011719,6.977756977081299,0.31181517243385315,0.06880829483270645,10848.0,10844.0
44.496490478515625,9.400035858154297,0.2609673738479614,0.06881748139858246,10852.0,10848.0
8.276386260986328,8.989809036254883,0.4099021852016449,0.06882642954587936,10856.0,10852.0
8.644950866699219,6.692127227783203,-0.34963223338127136,0.06883390992879868,10860.0,10856.0
10.57608699798584,10.415665626525879,0.1305903196334839,0.0688408687710762,10864.0,10860.0
10.953852653503418,8.284730911254883,-0.6454952955245972,0.06884605437517166,10868.0,10864.0
9.454473495483398,11.594057083129883,-0.05501288175582886,0.06885063648223877,10872.0,10868.0
10.929040908813477,11.60513687133789,-0.1548050343990326,0.06885449588298798,10876.0,10872.0
9.994686126708984,13.043012619018555,-0.21751871705055237,0.06885761022567749,10880.0,10876.0
10.003194808959961,14.467351913452148,-0.18072785437107086,0.06886012107133865,10884.0,10880.0
8.946334838867188,11.487646102905273,-0.24409189820289612,0.06886197626590729,10888.0,10884.0
12.273466110229492,13.547603607177734,-0.38128650188446045,0.06886301189661026,10892.0,10888.0
6.756757736206055,10.244771957397461,-0.6476122736930847,0.06886286288499832,10896.0,10892.0
9.622722625732422,8.95627212524414,0.1557779610157013,0.06886298209428787,10900.0,10896.0
27.474409103393555,13.492254257202148,-0.26550614833831787,0.06886265426874161,10904.0,10900.0
10.052124977111816,12.91447639465332,0.7878600358963013,0.06886366754770279,10908.0,10904.0
7.074807167053223,9.702701568603516,0.4517323076725006,0.0688653439283371,10912.0,10908.0
17.708534240722656,12.575889587402344,0.7514901161193848,0.06886810064315796,10916.0,10912.0
11.587002754211426,11.126220703125,0.10374683141708374,0.06887076050043106,10920.0,10916.0
12.337200164794922,11.037837982177734,0.5520006418228149,0.06887408345937729,10924.0,10920.0
14.468679428100586,10.813291549682617,0.24868597090244293,0.06887748092412949,10928.0,10924.0
12.253081321716309,9.803574562072754,0.13479310274124146,0.06888078153133392,10932.0,10928.0
11.345641136169434,10.198198318481445,0.41342097520828247,0.06888443976640701,10936.0,10932.0
14.099929809570312,8.767876625061035,0.29732590913772583,0.06888823956251144,10940.0,10936.0
7.873046875,7.965099811553955,0.5233837962150574,0.06889253854751587,10944.0,10940.0
38.439697265625,10.943425178527832,0.5349861979484558,0.0688973069190979,10948.0,10944.0
10.839424133300781,12.710880279541016,0.2489762306213379,0.06890201568603516,10952.0,10948.0
9.367050170898438,8.515742301940918,0.09140849858522415,0.06890641897916794,10956.0,10952.0
8.594975471496582,10.644654273986816,-0.33098936080932617,0.06890982389450073,10960.0,10956.0
11.1845703125,11.004005432128906,-0.02679554373025894,0.06891284137964249,10964.0,10960.0
9.146868705749512,11.094108581542969,0.3452511429786682,0.06891614943742752,10968.0,10964.0
38.587825775146484,13.688660621643066,-0.017000049352645874,0.0689190924167633,10972.0,10968.0
31.666015625,10.227826118469238,0.024210311472415924,0.0689217820763588,10976.0,10972.0
25.46529769897461,7.170454502105713,0.40266257524490356,0.06892488896846771,10980.0,10976.0
14.288614273071289,9.554768562316895,0.4838177561759949,0.06892850250005722,10984.0,10980.0
28.609619140625,8.2025785446167,0.28972065448760986,0.06893225014209747,10988.0,10984.0
35.32794189453125,10.197688102722168,0.2519760727882385,0.0689360499382019,10992.0,10988.0
9.569540023803711,10.296449661254883,0.12604917585849762,0.0689396783709526,10996.0,10992.0
12.256149291992188,11.489705085754395,0.10169092565774918,0.06894311308860779,11000.0,10996.0
8.289718627929688,12.093672752380371,0.09440815448760986,0.06894636899232864,11004.0,11000.0
11.550519943237305,9.132013320922852,0.24559853971004486,0.06894972175359726,11008.0,11004.0
9.347721099853516,14.677040100097656,0.40681442618370056,0.06895343959331512,11012.0,11008.0
33.4166145324707,14.108490943908691,0.6026188135147095,0.06895779818296432,11016.0,11012.0
7.587185382843018,8.198116302490234,0.1547086536884308,0.0689619854092598,11020.0,11016.0
11.626039505004883,12.28732681274414,0.0032712072134017944,0.06896577030420303,11024.0,11020.0
10.134982109069824,11.291694641113281,0.36585262417793274,0.06896980106830597,11028.0,11024.0
15.315166473388672,11.369961738586426,0.2914496064186096,0.06897392868995667,11032.0,11028.0
11.172690391540527,11.732429504394531,0.5237603187561035,0.06897853314876556,11036.0,11032.0
8.138652801513672,8.963293075561523,0.11662103235721588,0.06898286938667297,11040.0,11036.0
30.201690673828125,11.741190910339355,-0.2620656490325928,0.06898634135723114,11044.0,11040.0
9.058945655822754,12.309663772583008,0.17490501701831818,0.06898976117372513,11048.0,11044.0
7.918545246124268,10.405882835388184,0.04918123781681061,0.06899292021989822,11052.0,11048.0
28.231327056884766,14.578879356384277,0.6052310466766357,0.06899680197238922,11056.0,11052.0
7.616528511047363,11.24736213684082,0.3088391125202179,0.06900081783533096,11060.0,11056.0
12.757110595703125,9.451653480529785,-0.08157713711261749,0.06900430470705032,11064.0,11060.0
43.30377197265625,10.48009204864502,-0.2092374712228775,0.06900708377361298,11068.0,11064.0
38.69708251953125,7.6610107421875,0.16741201281547546,0.06900987029075623,11072.0,11068.0
10.467982292175293,10.694486618041992,0.4083448350429535,0.0690130740404129,11076.0,11072.0
42.481475830078125,8.662233352661133,0.01729382574558258,0.0690159872174263,11080.0,11076.0
21.89992904663086,9.75070571899414,0.058954302221536636,0.06901872158050537,11084.0,11080.0
11.678031921386719,9.290730476379395,-0.30757755041122437,0.06902064383029938,11088.0,11084.0
38.12847900390625,12.918588638305664,1.0288615226745605,0.06902415305376053,11092.0,11088.0
12.784494400024414,10.96800422668457,0.5197790265083313,0.06902819871902466,11096.0,11092.0
35.75739288330078,13.915861129760742,0.2533720135688782,0.06903228163719177,11100.0,11096.0
12.322399139404297,8.97575569152832,-0.39758676290512085,0.06903527677059174,11104.0,11100.0
7.871981620788574,6.634815692901611,-0.5114210844039917,0.06903708726167679,11108.0,11104.0
11.428211212158203,10.989105224609375,0.3349650800228119,0.06903929263353348,11112.0,11108.0
14.48312759399414,11.570711135864258,-0.40702953934669495,0.06904057413339615,11116.0,11112.0
9.185264587402344,9.476065635681152,0.31788745522499084,0.06904228776693344,11120.0,11116.0
12.894838333129883,8.969117164611816,0.4098176956176758,0.06904452294111252,11124.0,11120.0
11.804251670837402,12.45809268951416,-0.0626119077205658,0.06904643774032593,11128.0,11124.0
10.253582954406738,11.168499946594238,0.5376474261283875,0.06904909014701843,11132.0,11128.0
18.55708122253418,10.952692031860352,0.315146803855896,0.06905201822519302,11136.0,11132.0
15.490213394165039,11.190950393676758,0.1710910201072693,0.06905494630336761,11140.0,11136.0
8.014684677124023,8.634973526000977,-0.0495455265045166,0.06905750185251236,11144.0,11140.0
7.617835521697998,11.672284126281738,0.2824057340621948,0.06906028091907501,11148.0,11144.0
11.697992324829102,11.569873809814453,0.3815224766731262,0.0690634623169899,11152.0,11148.0
31.574054718017578,11.611366271972656,0.5943056344985962,0.0690673440694809,11156.0,11152.0
16.427082061767578,11.184908866882324,0.6168971061706543,0.06907190382480621,11160.0,11156.0
14.623476028442383,10.057178497314453,0.4629786014556885,0.06907681375741959,11164.0,11160.0
11.561491012573242,11.586977005004883,0.6762422323226929,0.06908241659402847,11168.0,11164.0
13.661441802978516,10.728676795959473,0.3590644896030426,0.06908807903528214,11172.0,11168.0
7.26248836517334,11.667913436889648,0.4506850838661194,0.06909395754337311,11176.0,11172.0
13.393038749694824,13.292403221130371,0.13339585065841675,0.06909947842359543,11180.0,11176.0
12.897318840026855,9.874909400939941,0.37890294194221497,0.0691051185131073,11184.0,11180.0
7.903203010559082,11.050071716308594,0.8515632152557373,0.06911167502403259,11188.0,11184.0
9.327880859375,8.166311264038086,0.0005047675222158432,0.06911756843328476,11192.0,11188.0
35.551292419433594,13.443685531616211,-0.16111312806606293,0.06912259757518768,11196.0,11192.0
10.329516410827637,8.356620788574219,0.15167969465255737,0.0691273957490921,11200.0,11196.0
10.39661979675293,9.974235534667969,0.26463747024536133,0.06913217157125473,11204.0,11200.0
36.02301788330078,8.548650741577148,-0.026300357654690742,0.06913642585277557,11208.0,11204.0
12.378852844238281,8.522468566894531,0.1436123251914978,0.06914051622152328,11212.0,11208.0
12.731719017028809,9.339458465576172,0.2152780294418335,0.06914456933736801,11216.0,11212.0
44.29354476928711,11.776427268981934,0.15270420908927917,0.06914849579334259,11220.0,11216.0
38.226959228515625,12.211331367492676,0.056698285043239594,0.0691521167755127,11224.0,11220.0
45.64776611328125,10.582496643066406,1.0447535514831543,0.06915721297264099,11228.0,11224.0
35.14244079589844,12.527006149291992,-0.21469993889331818,0.06916142255067825,11232.0,11228.0
9.50623893737793,10.153387069702148,0.41563278436660767,0.06916593760251999,11236.0,11232.0
27.873872756958008,12.642146110534668,0.7602212429046631,0.06917133182287216,11240.0,11236.0
28.1071720123291,10.54784107208252,0.35827475786209106,0.0691768229007721,11244.0,11240.0
14.735025405883789,12.21253776550293,0.06328444182872772,0.06918186694383621,11248.0,11244.0
13.138355255126953,10.752815246582031,0.42667606472969055,0.06918716430664062,11252.0,11248.0
10.386862754821777,11.355047225952148,0.650260865688324,0.06919307261705399,11256.0,11252.0
17.602069854736328,10.25576114654541,0.21307125687599182,0.06919876486063004,11260.0,11256.0
44.964202880859375,9.60789680480957,0.4208541810512543,0.06920463591814041,11264.0,11260.0
13.91816520690918,9.296036720275879,-0.2235504388809204,0.06920953840017319,11268.0,11264.0
13.470569610595703,12.746023178100586,0.1417495608329773,0.06921418756246567,11272.0,11268.0
14.202864646911621,12.933238983154297,0.45373886823654175,0.06921917200088501,11276.0,11272.0
10.126401901245117,8.064065933227539,0.15200172364711761,0.06922394037246704,11280.0,11276.0
8.059459686279297,6.654675483703613,0.3169410228729248,0.06922879815101624,11284.0,11280.0
12.151329040527344,13.45936393737793,0.12432760000228882,0.06923338025808334,11288.0,11284.0
13.840044975280762,12.378809928894043,0.3837466835975647,0.06923818588256836,11292.0,11288.0
11.469958305358887,11.023454666137695,-0.12921032309532166,0.06924228370189667,11296.0,11292.0
12.94058895111084,9.93690013885498,0.5228018760681152,0.06924688816070557,11300.0,11296.0
10.561655044555664,10.154276847839355,0.04511386901140213,0.06925111263990402,11304.0,11300.0
29.074512481689453,15.313619613647461,-0.03030969761312008,0.06925487518310547,11308.0,11304.0
7.362421989440918,8.220827102661133,1.0066301822662354,0.06926004588603973,11312.0,11308.0
7.616745948791504,9.549263954162598,0.6396251916885376,0.06926582753658295,11316.0,11312.0
14.162872314453125,10.493890762329102,-0.08190667629241943,0.06927089393138885,11320.0,11316.0
15.230960845947266,12.264541625976562,0.6848551034927368,0.06927666068077087,11324.0,11320.0
12.733358383178711,10.71469783782959,-0.3498620390892029,0.06928123533725739,11328.0,11324.0
6.342352390289307,9.078669548034668,0.14422692358493805,0.06928561627864838,11332.0,11328.0
29.513614654541016,12.54430866241455,0.7943402528762817,0.06929096579551697,11336.0,11332.0
33.6427001953125,7.890873432159424,-0.13039639592170715,0.06929555535316467,11340.0,11336.0
9.619657516479492,9.745294570922852,-0.21391378343105316,0.06929931044578552,11344.0,11340.0
11.796422958374023,10.031753540039062,0.04554058611392975,0.0693027600646019,11348.0,11344.0
11.40743637084961,11.184514999389648,0.3170458972454071,0.06930644810199738,11352.0,11348.0
10.94992446899414,10.863492012023926,0.19412510097026825,0.06931009888648987,11356.0,11352.0
8.774171829223633,10.200751304626465,-0.4599055349826813,0.06931257992982864,11360.0,11356.0
13.813175201416016,12.418399810791016,0.3523903787136078,0.06931543350219727,11364.0,11360.0
18.741004943847656,12.245473861694336,0.6645414233207703,0.06931918859481812,11368.0,11364.0
14.309392929077148,11.296354293823242,1.0446017980575562,0.06932442635297775,11372.0,11368.0
10.3576078414917,9.248664855957031,0.006044801324605942,0.0693291574716568,11376.0,11372.0
11.124348640441895,10.659829139709473,-0.17332592606544495,0.06933310627937317,11380.0,11376.0
17.379230499267578,10.469658851623535,-0.21832557022571564,0.06933628022670746,11384.0,11380.0
7.692018508911133,8.405122756958008,-0.13210809230804443,0.06933888792991638,11388.0,11384.0
19.600181579589844,11.31319808959961,0.12942291796207428,0.06934148818254471,11392.0,11388.0
32.06769561767578,10.162334442138672,0.261054664850235,0.06934428215026855,11396.0,11392.0
9.342994689941406,8.652311325073242,-0.15724536776542664,0.06934650987386703,11400.0,11396.0
13.461402893066406,9.928616523742676,-0.09825196862220764,0.06934835016727448,11404.0,11400.0
14.454898834228516,9.888896942138672,-0.09566985070705414,0.06934983283281326,11408.0,11404.0
32.512611389160156,12.130414962768555,0.687299370765686,0.0693523958325386,11412.0,11408.0
12.163715362548828,12.277322769165039,0.1836165487766266,0.06935504078865051,11416.0,11412.0
6.447103023529053,7.7918701171875,-0.022190667688846588,0.06935739517211914,11420.0,11416.0
13.306333541870117,8.485189437866211,0.5339624285697937,0.06936044991016388,11424.0,11420.0
9.916748046875,9.997537612915039,-0.12549597024917603,0.06936298310756683,11428.0,11424.0
17.37762451171875,12.833935737609863,0.3808596134185791,0.06936594098806381,11432.0,11428.0
31.910507202148438,7.767540454864502,0.4355354309082031,0.06936939805746078,11436.0,11432.0
7.071249008178711,9.326080322265625,0.15028084814548492,0.06937277317047119,11440.0,11436.0
8.934225082397461,10.013529777526855,0.36732247471809387,0.06937647610902786,11444.0,11440.0
14.049811363220215,9.221709251403809,0.06602650880813599,0.06937993317842484,11448.0,11444.0
9.252972602844238,10.657305717468262,0.1537286788225174,0.06938332319259644,11452.0,11448.0
10.406742095947266,11.319986343383789,-0.20548774302005768,0.06938600540161133,11456.0,11452.0
14.451858520507812,7.773341178894043,0.5866225361824036,0.0693894773721695,11460.0,11456.0
13.421651840209961,11.950545310974121,-0.034143343567848206,0.06939253956079483,11464.0,11460.0
15.77664852142334,10.722221374511719,0.01529519259929657,0.06939533352851868,11468.0,11464.0
8.231086730957031,12.531258583068848,0.6221812963485718,0.06939897686243057,11472.0,11468.0
18.220623016357422,10.872491836547852,0.24703878164291382,0.06940270215272903,11476.0,11472.0
11.750435829162598,11.698219299316406,-0.25267136096954346,0.06940559297800064,11480.0,11476.0
14.861994743347168,10.8651123046875,0.2845401465892792,0.06940872222185135,11484.0,11480.0
16.565589904785156,11.690491676330566,0.37616193294525146,0.0694122165441513,11488.0,11484.0
9.071065902709961,11.513142585754395,0.402104914188385,0.0694160908460617,11492.0,11488.0
8.841999053955078,10.642815589904785,0.2734907567501068,0.06942007690668106,11496.0,11492.0
12.987316131591797,8.626495361328125,0.2706831693649292,0.06942414492368698,11500.0,11496.0
48.48773193359375,14.017524719238281,0.9754167199134827,0.06942959129810333,11504.0,11500.0
12.966917037963867,11.835491180419922,0.04905286431312561,0.06943457573652267,11508.0,11504.0
14.844597816467285,10.949935913085938,0.37575796246528625,0.06943976134061813,11512.0,11508.0
18.593246459960938,10.125055313110352,0.6085856556892395,0.06944552063941956,11516.0,11512.0
14.271337509155273,10.668033599853516,0.9066572189331055,0.06945236027240753,11520.0,11516.0
13.00919246673584,10.549552917480469,0.45510369539260864,0.06945934891700745,11524.0,11520.0
16.425384521484375,12.42296028137207,0.7679940462112427,0.06946703046560287,11528.0,11524.0
36.25542449951172,9.715182304382324,0.1502966582775116,0.0694742351770401,11532.0,11528.0
12.234359741210938,10.88424301147461,0.6874152421951294,0.06948196887969971,11536.0,11532.0
34.39109420776367,11.069536209106445,0.11657023429870605,0.06948914378881454,11540.0,11536.0
15.54989242553711,8.07533073425293,0.13154995441436768,0.06949585676193237,11544.0,11540.0
39.30730438232422,9.548501014709473,0.18280676007270813,0.06950223445892334,11548.0,11544.0
14.82358169555664,13.76165771484375,0.38971638679504395,0.06950867921113968,11552.0,11548.0
16.54560661315918,14.075681686401367,0.9653577208518982,0.06951625645160675,11556.0,11552.0
16.137073516845703,11.472118377685547,-0.11537715792655945,0.06952286511659622,11560.0,11556.0
35.82512283325195,11.768501281738281,0.42051464319229126,0.06952957808971405,11564.0,11560.0
10.59918212890625,8.682903289794922,-0.5105634927749634,0.06953470408916473,11568.0,11564.0
62.766597747802734,11.879570960998535,0.1169360801577568,0.06953953206539154,11572.0,11568.0
20.544464111328125,8.49079704284668,0.39020368456840515,0.06954458355903625,11576.0,11572.0
13.218950271606445,9.345606803894043,-0.6125960946083069,0.06954801827669144,11580.0,11576.0
31.56865692138672,9.441386222839355,-0.2629605829715729,0.06955061852931976,11584.0,11580.0
9.736801147460938,12.885843276977539,-0.2617610991001129,0.069552481174469,11588.0,11584.0
30.27212142944336,10.068648338317871,-0.17249774932861328,0.06955383718013763,11592.0,11588.0
16.2769718170166,11.035531997680664,-0.4324723482131958,0.06955426931381226,11596.0,11592.0
13.597657203674316,13.560042381286621,-0.5046510696411133,0.06955374032258987,11600.0,11596.0
9.507200241088867,11.815986633300781,-0.09165466576814651,0.06955309212207794,11604.0,11600.0
15.574174880981445,12.073460578918457,0.04602918028831482,0.06955259293317795,11608.0,11604.0
16.009300231933594,11.533660888671875,0.007405977696180344,0.06955214589834213,11612.0,11608.0
9.668822288513184,11.155230522155762,0.15044379234313965,0.06955203413963318,11616.0,11612.0
8.030986785888672,8.618520736694336,-0.07621149718761444,0.06955178081989288,11620.0,11616.0
18.602989196777344,10.878244400024414,0.028924480080604553,0.06955161690711975,11624.0,11620.0
14.277710914611816,12.280858993530273,-0.20403534173965454,0.06955108791589737,11628.0,11624.0
10.26804256439209,13.517311096191406,-0.1106591448187828,0.06955040246248245,11632.0,11628.0
43.060733795166016,12.285172462463379,0.1438233107328415,0.069550059735775,11636.0,11632.0
51.14115905761719,10.165412902832031,0.48542696237564087,0.06955063343048096,11640.0,11636.0
33.226043701171875,8.086078643798828,0.128781259059906,0.06955140084028244,11644.0,11640.0
9.016656875610352,9.983440399169922,0.2920796871185303,0.06955263018608093,11648.0,11644.0
40.622230529785156,11.364401817321777,0.13689687848091125,0.06955398619174957,11652.0,11648.0
26.087778091430664,10.817399978637695,0.2710604965686798,0.06955571472644806,11656.0,11652.0
8.138607025146484,10.848031997680664,0.45379331707954407,0.06955809891223907,11660.0,11656.0
9.053257942199707,12.078387260437012,-0.21344664692878723,0.06955985724925995,11664.0,11660.0
23.77368927001953,9.913166999816895,-0.08536890149116516,0.06956128776073456,11668.0,11664.0
14.532998085021973,13.029765129089355,0.19504117965698242,0.06956292688846588,11672.0,11668.0
13.083667755126953,13.522928237915039,0.13137924671173096,0.06956464797258377,11676.0,11672.0
8.909139633178711,6.854771137237549,-0.4013887643814087,0.06956546008586884,11680.0,11676.0
10.138904571533203,11.455413818359375,0.026085972785949707,0.06956624239683151,11684.0,11680.0
11.574596405029297,10.042563438415527,-0.14634886384010315,0.06956667453050613,11688.0,11684.0
54.35246276855469,9.299330711364746,0.2152877300977707,0.06956745684146881,11692.0,11688.0
13.319141387939453,13.07825756072998,0.46289515495300293,0.06956902891397476,11696.0,11692.0
7.497273921966553,13.417134284973145,-0.17762824892997742,0.06957010924816132,11700.0,11696.0
48.35923767089844,9.689815521240234,0.24682465195655823,0.06957154721021652,11704.0,11700.0
17.916065216064453,11.884437561035156,-0.1451268345117569,0.0695725828409195,11708.0,11704.0
55.41741943359375,9.841538429260254,0.4409998655319214,0.06957431882619858,11712.0,11708.0
10.927760124206543,11.555285453796387,0.3274397850036621,0.06957649439573288,11716.0,11712.0
10.984297752380371,10.608485221862793,-0.02956259995698929,0.06957840174436569,11720.0,11716.0
23.954792022705078,10.874317169189453,-0.2248365730047226,0.06957969814538956,11724.0,11720.0
11.538495063781738,9.466743469238281,-0.5579966306686401,0.0695798248052597,11728.0,11724.0
8.080081939697266,9.11958122253418,0.21071231365203857,0.06958033889532089,11732.0,11728.0
10.948640823364258,10.267736434936523,0.24348174035549164,0.06958125531673431,11736.0,11732.0
7.520811080932617,11.355031967163086,-0.6328220367431641,0.06958089023828506,11740.0,11736.0
9.753530502319336,10.377314567565918,0.36769378185272217,0.06958125531673431,11744.0,11740.0
8.73385238647461,13.066168785095215,0.23419712483882904,0.0695820152759552,11748.0,11744.0
10.863828659057617,12.46369743347168,0.24756206572055817,0.06958316266536713,11752.0,11748.0
9.963939666748047,11.860506057739258,-0.5978603959083557,0.06958308070898056,11756.0,11752.0
39.932823181152344,13.489965438842773,0.11116078495979309,0.0695832148194313,11760.0,11756.0
10.200828552246094,11.63007640838623,0.06072621047496796,0.06958344578742981,11764.0,11760.0
33.200462341308594,10.593742370605469,0.18006446957588196,0.06958398967981339,11768.0,11764.0
35.33577346801758,11.11883544921875,0.28534743189811707,0.06958501785993576,11772.0,11768.0
9.711929321289062,9.528664588928223,-0.15770946443080902,0.0695856511592865,11776.0,11772.0
13.932272911071777,12.34309196472168,-0.28246307373046875,0.06958568096160889,11780.0,11776.0
12.999353408813477,11.890739440917969,-0.25658661127090454,0.06958523392677307,11784.0,11780.0
11.182273864746094,9.899375915527344,-0.41335275769233704,0.06958405673503876,11788.0,11784.0
10.930551528930664,10.886653900146484,-0.30103403329849243,0.06958243250846863,11792.0,11788.0
17.732646942138672,11.561917304992676,0.2650415301322937,0.06958145648241043,11796.0,11792.0
14.221420288085938,16.379356384277344,0.5018273591995239,0.0695815235376358,11800.0,11796.0
33.254940032958984,11.171510696411133,-0.2544654309749603,0.06958110630512238,11804.0,11800.0
15.323186874389648,13.396865844726562,-0.4395081102848053,0.06957989186048508,11808.0,11804.0
14.240965843200684,12.989534378051758,-0.3293224573135376,0.06957818567752838,11812.0,11808.0
30.417098999023438,10.754172325134277,-0.8722058534622192,0.0695749968290329,11816.0,11812.0
15.247631072998047,11.89865779876709,-0.4480065703392029,0.06957128643989563,11820.0,11816.0
11.039011001586914,9.802748680114746,-0.4145054817199707,0.06956715881824493,11824.0,11820.0
13.902790069580078,9.441585540771484,-0.25610384345054626,0.06956295669078827,11828.0,11824.0
18.70908546447754,11.289957046508789,-0.6281855702400208,0.06955797970294952,11832.0,11828.0
18.59855842590332,9.959481239318848,-0.6446539163589478,0.06955229490995407,11836.0,11832.0
10.996849060058594,11.139856338500977,-0.4967469573020935,0.06954622268676758,11840.0,11836.0
10.41183090209961,12.254960060119629,-0.12185657024383545,0.06954053789377213,11844.0,11840.0
22.205230712890625,11.089624404907227,0.10185887664556503,0.06953561305999756,11848.0,11844.0
20.750688552856445,12.512367248535156,0.2971777617931366,0.06953173875808716,11852.0,11848.0
35.21681594848633,12.289799690246582,0.6431721448898315,0.0695294663310051,11856.0,11852.0
11.979284286499023,12.420995712280273,0.20133495330810547,0.06952780485153198,11860.0,11856.0
17.094295501708984,11.123771667480469,0.3554852306842804,0.06952697783708572,11864.0,11860.0
24.543188095092773,13.133426666259766,1.1476449966430664,0.06952842324972153,11868.0,11864.0
12.189342498779297,12.008055686950684,0.43912622332572937,0.06953053921461105,11872.0,11868.0
11.848804473876953,14.477331161499023,0.6050926446914673,0.06953360885381699,11876.0,11872.0
9.36336898803711,9.689705848693848,0.13215294480323792,0.06953662633895874,11880.0,11876.0
17.83063507080078,13.425324440002441,0.27313801646232605,0.0695398598909378,11884.0,11880.0
27.952451705932617,12.331212043762207,0.41820910573005676,0.06954355537891388,11888.0,11884.0
10.034538269042969,11.361626625061035,0.20752936601638794,0.06954728811979294,11892.0,11888.0
20.773412704467773,8.2385835647583,-0.30667048692703247,0.069550059735775,11896.0,11892.0
15.291522026062012,11.575600624084473,0.02273406833410263,0.06955259293317795,11900.0,11896.0
13.346546173095703,10.568366050720215,-0.3052932918071747,0.06955429911613464,11904.0,11900.0
10.572351455688477,12.58215045928955,0.3380836546421051,0.06955648958683014,11908.0,11904.0
12.189948081970215,16.79319190979004,0.08265494555234909,0.06955861300230026,11912.0,11908.0
18.74190330505371,12.634931564331055,-0.4280703067779541,0.06955970823764801,11916.0,11912.0
30.632080078125,14.77629566192627,-0.013415321707725525,0.06956066936254501,11920.0,11916.0
47.81358337402344,9.45702075958252,0.033158913254737854,0.06956160068511963,11924.0,11920.0
32.99197006225586,12.389387130737305,0.7875989675521851,0.06956394016742706,11928.0,11924.0
13.56789779663086,14.319551467895508,0.2408614605665207,0.069566510617733,11932.0,11928.0
14.820343017578125,10.374701499938965,0.8684811592102051,0.06957048922777176,11936.0,11932.0
13.33052921295166,12.809910774230957,0.3641180098056793,0.0695747658610344,11940.0,11936.0
11.51214599609375,12.72630500793457,0.24934865534305573,0.0695790946483612,11944.0,11942.0
24.8004150390625,12.202072143554688,0.056846097111701965,0.06958311051130295,11948.0,11946.0
13.807397842407227,9.601827621459961,-0.20396630465984344,0.06958632916212082,11952.0,11950.0
18.146358489990234,13.399075508117676,0.29873010516166687,0.06958980113267899,11956.0,11954.0
18.260089874267578,13.334712982177734,0.41290590167045593,0.06959371268749237,11960.0,11958.0
19.779075622558594,12.0855131149292,0.2653011083602905,0.0695977434515953,11964.0,11962.0
10.355483055114746,13.591338157653809,0.5462481379508972,0.06960242986679077,11968.0,11966.0
12.22197151184082,11.800247192382812,-0.3525881767272949,0.06960596144199371,11972.0,11970.0
13.861488342285156,13.623283386230469,-0.40008464455604553,0.06960838288068771,11976.0,11974.0
13.6263427734375,11.903650283813477,-0.10295285284519196,0.0696103572845459,11980.0,11978.0
8.634591102600098,13.381327629089355,0.025878161191940308,0.06961218267679214,11984.0,11982.0
9.574870109558105,13.146282196044922,-0.10362737625837326,0.06961362808942795,11988.0,11986.0
38.03623962402344,15.383527755737305,0.5084549188613892,0.0696159154176712,11992.0,11990.0
51.18971633911133,12.097278594970703,-0.02746783196926117,0.06961792707443237,11996.0,11994.0
16.46603775024414,12.420648574829102,0.10207616537809372,0.06961993873119354,12000.0,11998.0
13.71834945678711,10.792402267456055,0.2647644281387329,0.06962224096059799,12004.0,12002.0
23.071823120117188,11.12191104888916,0.7318028807640076,0.06962574273347855,12008.0,12006.0
10.38113784790039,10.54922866821289,0.3914245069026947,0.06962964683771133,12012.0,12010.0
32.548763275146484,12.429275512695312,0.16073936223983765,0.06963348388671875,12016.0,12014.0
8.205134391784668,11.473154067993164,-0.06869997084140778,0.06963679939508438,12020.0,12018.0
12.597966194152832,8.640922546386719,0.5075655579566956,0.06964077055454254,12024.0,12022.0
14.818878173828125,10.021059036254883,0.29898932576179504,0.06964492052793503,12028.0,12026.0
13.332724571228027,10.969891548156738,-0.13752220571041107,0.0696483924984932,12032.0,12030.0
12.781381607055664,14.402195930480957,-0.43615323305130005,0.06965066492557526,12036.0,12034.0
17.1599178314209,9.996532440185547,0.21390122175216675,0.06965313851833344,12040.0,12038.0
11.92349910736084,13.514545440673828,0.2316409945487976,0.06965581327676773,12044.0,12042.0
15.825357437133789,17.077407836914062,0.43922194838523865,0.06965906918048859,12048.0,12046.0
14.264389038085938,11.2678804397583,0.7073818445205688,0.0696633905172348,12052.0,12050.0
17.478116989135742,12.71196460723877,0.2407189905643463,0.0696677416563034,12056.0,12054.0
12.228036880493164,13.03646469116211,0.06451917439699173,0.06967177242040634,12060.0,12058.0
7.454529762268066,12.305120468139648,-0.004374891519546509,0.06967541575431824,12064.0,12062.0
16.941505432128906,13.151453971862793,0.12091848254203796,0.06967891752719879,12068.0,12066.0
16.703289031982422,11.427724838256836,0.33959662914276123,0.06968273967504501,12072.0,12070.0
14.254690170288086,13.997188568115234,0.2153862714767456,0.06968659162521362,12076.0,12074.0
15.611824035644531,12.357135772705078,0.7146338820457458,0.06969146430492401,12080.0,12078.0
14.086633682250977,15.641580581665039,0.32206985354423523,0.06969647854566574,12084.0,12082.0
37.19407653808594,12.330450057983398,0.32668012380599976,0.06970163434743881,12088.0,12086.0
19.958301544189453,11.71423053741455,0.830047607421875,0.06970790028572083,12092.0,12090.0
14.614704132080078,12.06489086151123,1.1677753925323486,0.06971581280231476,12096.0,12094.0
11.567147254943848,11.813798904418945,0.7312914133071899,0.06972436606884003,12100.0,12098.0
14.692116737365723,12.6546630859375,0.5931024551391602,0.06973323225975037,12104.0,12102.0
11.91886043548584,10.00120735168457,0.8151487112045288,0.06974280625581741,12108.0,12106.0
17.66378402709961,15.663084983825684,0.918617308139801,0.0697532370686531,12112.0,12110.0
20.438777923583984,13.229930877685547,1.1440539360046387,0.06976485997438431,12116.0,12114.0
26.168941497802734,14.44356918334961,0.6510570049285889,0.06977660208940506,12120.0,12118.0
35.78728485107422,14.380407333374023,0.7693254351615906,0.06978867948055267,12124.0,12122.0
17.477890014648438,13.977426528930664,0.3422866463661194,0.0698002278804779,12128.0,12126.0
28.46125030517578,12.650222778320312,0.28223365545272827,0.06981118023395538,12132.0,12130.0
32.471717834472656,10.144661903381348,0.9920103549957275,0.06982298195362091,12136.0,12134.0
37.543212890625,14.722185134887695,0.9687967300415039,0.06983552128076553,12140.0,12138.0
12.33747673034668,13.471837997436523,0.47231918573379517,0.0698477253317833,12144.0,12142.0
12.778524398803711,13.733242988586426,-0.22141648828983307,0.06985828280448914,12148.0,12146.0
41.36872100830078,11.481353759765625,0.2657199501991272,0.06986832618713379,12152.0,12150.0
24.235097885131836,18.814613342285156,1.5721461772918701,0.06988045573234558,12156.0,12154.0
12.766908645629883,13.392509460449219,0.3606678247451782,0.06989208608865738,12160.0,12158.0
40.81817626953125,16.142017364501953,0.9138092994689941,0.06990434974431992,12164.0,12160.0
29.778900146484375,17.550376892089844,0.4283889830112457,0.06991623342037201,12168.0,12164.0
26.819684982299805,16.163171768188477,0.5941908955574036,0.0699281245470047,12172.0,12168.0
31.053611755371094,15.975223541259766,0.9215035438537598,0.06994062662124634,12176.0,12172.0
16.236492156982422,14.469958305358887,0.4561215341091156,0.06995280086994171,12180.0,12176.0
50.24107360839844,13.201902389526367,0.4206867218017578,0.06996459513902664,12184.0,12180.0
16.722150802612305,9.5892333984375,0.35261744260787964,0.06997590512037277,12188.0,12184.0
29.880210876464844,16.67063331604004,0.35458680987358093,0.06998679786920547,12192.0,12188.0
9.105018615722656,12.415983200073242,0.11174926161766052,0.06999682635068893,12196.0,12192.0
14.688032150268555,13.77154541015625,0.6791253089904785,0.07000721246004105,12200.0,12196.0
46.28902053833008,15.542932510375977,0.5725328922271729,0.07001769542694092,12204.0,12200.0
18.057785034179688,10.653621673583984,-0.0694991871714592,0.07002699375152588,12208.0,12204.0
14.13839340209961,14.109763145446777,0.749852180480957,0.07003684341907501,12212.0,12208.0
24.916080474853516,19.513572692871094,0.748862624168396,0.07004719972610474,12216.0,12212.0
37.567298889160156,12.712352752685547,0.063245989382267,0.07005664706230164,12220.0,12216.0
23.526535034179688,15.94961929321289,0.6165072917938232,0.07006638497114182,12224.0,12220.0
15.66363525390625,12.33853530883789,0.3089647889137268,0.07007578015327454,12228.0,12224.0
11.732736587524414,13.448396682739258,-0.44185397028923035,0.07008334994316101,12232.0,12228.0
23.76532745361328,12.44784927368164,0.3420928716659546,0.07009084522724152,12236.0,12232.0
17.512714385986328,10.38081169128418,0.08291380107402802,0.07009776681661606,12240.0,12236.0
10.452245712280273,15.22182846069336,0.3777216076850891,0.07010475546121597,12244.0,12240.0
15.408720016479492,14.130088806152344,0.4826270341873169,0.07011200487613678,12248.0,12244.0
14.154337882995605,10.082849502563477,0.16493122279644012,0.07011885941028595,12252.0,12248.0
17.611431121826172,18.400836944580078,-0.09202772378921509,0.07012486457824707,12256.0,12252.0
13.627035140991211,14.676660537719727,0.47255802154541016,0.07013119757175446,12260.0,12256.0
53.44024658203125,15.793682098388672,0.3667982816696167,0.0701376348733902,12264.0,12260.0
22.6890926361084,13.278307914733887,-0.011705711483955383,0.07014342397451401,12268.0,12264.0
9.659416198730469,12.484420776367188,0.06680867075920105,0.0701487585902214,12272.0,12268.0
20.028533935546875,14.32680892944336,0.048162516206502914,0.07015366107225418,12276.0,12272.0
17.337039947509766,16.38418197631836,0.632844865322113,0.07015934586524963,12280.0,12276.0
68.6913070678711,16.160987854003906,0.013454675674438477,0.0701645016670227,12284.0,12280.0
20.54756736755371,16.714702606201172,0.1708143949508667,0.07016947120428085,12288.0,12284.0
23.42871856689453,15.136812210083008,0.10693898797035217,0.07017417252063751,12292.0,12288.0
41.233402252197266,18.130359649658203,0.12280457466840744,0.07017865031957626,12296.0,12292.0
20.204986572265625,15.182883262634277,0.17764833569526672,0.07018303871154785,12300.0,12296.0
21.63803482055664,14.640199661254883,0.4873231053352356,0.07018797099590302,12304.0,12300.0
16.836753845214844,14.441973686218262,0.3045368194580078,0.07019302994012833,12308.0,12304.0
9.041833877563477,11.39780330657959,-0.9020817279815674,0.0701957568526268,12312.0,12308.0
12.353253364562988,15.52166748046875,-0.4691365361213684,0.07019727677106857,12316.0,12312.0
11.617137908935547,11.39594554901123,-0.29253220558166504,0.07019804418087006,12320.0,12316.0
11.024694442749023,9.532572746276855,-0.4767548441886902,0.07019778341054916,12324.0,12320.0
9.995603561401367,12.095379829406738,-0.2971629202365875,0.07019694149494171,12328.0,12324.0
12.635536193847656,14.38215446472168,-0.06449086219072342,0.07019605487585068,12332.0,12328.0
13.582895278930664,14.687799453735352,0.09642472863197327,0.07019545137882233,12336.0,12332.0
18.66777229309082,13.745881080627441,0.2650951147079468,0.07019545137882233,12340.0,12336.0
19.016292572021484,15.385636329650879,0.19543659687042236,0.07019583880901337,12344.0,12340.0
37.256927490234375,13.475677490234375,0.43675023317337036,0.07019707560539246,12348.0,12344.0
39.3365478515625,12.137042045593262,-0.23290680348873138,0.07019771635532379,12352.0,12348.0
33.93560791015625,12.218256950378418,-0.045006588101387024,0.07019820064306259,12356.0,12352.0
16.079936981201172,13.627671241760254,0.4171123206615448,0.07019948959350586,12360.0,12356.0
14.29005241394043,12.296934127807617,0.47489798069000244,0.07020159810781479,12364.0,12360.0
20.98916244506836,15.410192489624023,0.15368658304214478,0.07020380347967148,12368.0,12364.0
69.58992004394531,14.179628372192383,0.4248410761356354,0.0702066645026207,12372.0,12368.0
20.366878509521484,15.578451156616211,0.1964382827281952,0.07020964473485947,12376.0,12372.0
17.15618896484375,14.497909545898438,0.5065374374389648,0.07021334767341614,12380.0,12376.0
13.576095581054688,15.092643737792969,0.3600081503391266,0.07021741569042206,12384.0,12380.0
17.769567489624023,14.321479797363281,0.6755502223968506,0.07022245228290558,12388.0,12384.0
27.820669174194336,13.354926109313965,0.20150449872016907,0.07022739201784134,12392.0,12388.0
10.11331844329834,11.797690391540527,-0.4637147784233093,0.0702308937907219,12396.0,12392.0
33.72053146362305,16.274606704711914,0.4852290749549866,0.07023504376411438,12400.0,12396.0
31.398361206054688,16.438936233520508,-0.1706658899784088,0.07023842632770538,12404.0,12400.0
18.16147232055664,17.020584106445312,0.44111961126327515,0.07024238258600235,12408.0,12404.0
39.612579345703125,15.955289840698242,0.09164662659168243,0.07024611532688141,12412.0,12408.0
20.404996871948242,16.25565528869629,0.019287750124931335,0.0702495127916336,12416.0,12412.0
15.26805591583252,15.876497268676758,0.16437429189682007,0.0702529177069664,12420.0,12416.0
19.075939178466797,14.365111351013184,0.18420296907424927,0.07025635242462158,12424.0,12420.0
40.665138244628906,12.806641578674316,0.5421971678733826,0.07026055455207825,12428.0,12424.0
19.011022567749023,13.085060119628906,0.05557169020175934,0.07026445865631104,12432.0,12428.0
13.597423553466797,9.13516902923584,0.10775797814130783,0.0702681913971901,12436.0,12432.0
15.032342910766602,13.771974563598633,0.048149436712265015,0.07027166336774826,12440.0,12436.0
12.20761489868164,11.599370956420898,-0.21279659867286682,0.07027433812618256,12444.0,12440.0
11.010686874389648,12.942330360412598,-0.012187320739030838,0.07027673721313477,12448.0,12444.0
19.44398307800293,13.143366813659668,-0.4419364035129547,0.07027797400951385,12452.0,12448.0
13.590232849121094,13.829140663146973,0.7010137438774109,0.0702805370092392,12456.0,12452.0
18.99802017211914,13.439231872558594,0.018822669982910156,0.07028288394212723,12460.0,12456.0
17.063283920288086,15.143988609313965,0.646386981010437,0.07028631865978241,12464.0,12460.0
23.91436195373535,12.96151065826416,0.5266375541687012,0.07029049098491669,12468.0,12464.0
17.19952392578125,15.946319580078125,0.6030292510986328,0.07029549032449722,12472.0,12468.0
16.570627212524414,16.637310028076172,0.4615567624568939,0.07030093669891357,12476.0,12472.0
26.142120361328125,12.43545150756836,-0.10274394601583481,0.07030563056468964,12480.0,12476.0
17.947860717773438,10.726887702941895,0.07842284440994263,0.07031001895666122,12484.0,12480.0
46.100685119628906,13.915277481079102,0.19020631909370422,0.07031436264514923,12488.0,12484.0
16.98356819152832,12.254556655883789,-0.09363189339637756,0.07031808793544769,12492.0,12488.0
13.787518501281738,14.233175277709961,0.5607917904853821,0.07032259553670883,12496.0,12492.0
17.557270050048828,14.720458984375,-0.16010233759880066,0.0703263133764267,12500.0,12496.0
10.328150749206543,12.830053329467773,-0.5695584416389465,0.0703284963965416,12504.0,12500.0
36.926570892333984,12.686917304992676,-0.6810142993927002,0.07032904773950577,12508.0,12504.0
18.737777709960938,14.341996192932129,-0.07564382255077362,0.07032939791679382,12512.0,12508.0
16.673866271972656,13.47231388092041,0.4814733564853668,0.07033070921897888,12516.0,12512.0
11.905405044555664,13.479528427124023,-0.05040743947029114,0.07033178210258484,12520.0,12516.0
11.097213745117188,18.804847717285156,0.25419843196868896,0.07033327221870422,12524.0,12520.0
34.77824401855469,11.676046371459961,0.284909725189209,0.07033520191907883,12528.0,12524.0
31.734291076660156,15.413124084472656,-0.6603477001190186,0.07033557444810867,12532.0,12528.0
10.192575454711914,15.16016960144043,-0.1314576417207718,0.07033564150333405,12536.0,12532.0
11.54218864440918,14.406193733215332,0.17982281744480133,0.07033607363700867,12540.0,12536.0
38.684329986572266,17.48066520690918,0.7227187156677246,0.07033795118331909,12544.0,12540.0
12.786628723144531,12.000386238098145,0.13867226243019104,0.07033993303775787,12548.0,12544.0
17.264646530151367,14.012535095214844,0.36310523748397827,0.07034246623516083,12552.0,12548.0
15.151239395141602,16.01361656188965,-0.026258260011672974,0.07034469395875931,12556.0,12552.0
37.89616394042969,14.786198616027832,0.20408785343170166,0.0703471302986145,12560.0,12556.0
21.990718841552734,16.572908401489258,0.9087939262390137,0.07035120576620102,12564.0,12560.0
8.164278984069824,14.770586967468262,0.20936350524425507,0.07035531103610992,12568.0,12564.0
13.466299057006836,13.007333755493164,0.08795493841171265,0.07035918533802032,12572.0,12568.0
18.56047821044922,14.463506698608398,0.01785026490688324,0.07036272436380386,12576.0,12572.0
40.62614440917969,11.443045616149902,0.2467319667339325,0.07036641985177994,12580.0,12576.0
29.549270629882812,17.61635971069336,0.40462106466293335,0.07037059962749481,12584.0,12580.0
14.619085311889648,14.269522666931152,0.5074418187141418,0.07037541270256042,12588.0,12584.0
14.177796363830566,16.61766242980957,0.28524407744407654,0.07038034498691559,12592.0,12588.0
10.970434188842773,12.612932205200195,0.10769921541213989,0.07038500905036926,12596.0,12592.0
16.12401580810547,18.024967193603516,-0.34738099575042725,0.07038848102092743,12600.0,12596.0
12.07494831085205,11.429370880126953,-0.11769544333219528,0.07039137184619904,12604.0,12600.0
14.560226440429688,10.884376525878906,0.6126900315284729,0.07039524614810944,12608.0,12604.0
17.828136444091797,16.81740951538086,0.44827771186828613,0.0703996792435646,12612.0,12608.0
10.902543067932129,11.90349292755127,0.034626156091690063,0.07040373980998993,12616.0,12612.0
10.629308700561523,13.609549522399902,0.36549311876296997,0.07040815055370331,12620.0,12616.0
8.710189819335938,14.701777458190918,0.1497357338666916,0.07041244953870773,12624.0,12620.0
34.64134979248047,13.724849700927734,0.18772383034229279,0.07041671872138977,12628.0,12624.0
13.439739227294922,15.110419273376465,0.12420737743377686,0.07042081654071808,12632.0,12628.0
18.407350540161133,15.34306526184082,0.028573893010616302,0.07042455673217773,12636.0,12632.0
15.081866264343262,17.145845413208008,0.37105363607406616,0.07042870670557022,12640.0,12636.0
13.425695419311523,13.136177062988281,-0.15366774797439575,0.07043212652206421,12644.0,12640.0
12.01407241821289,11.747623443603516,-0.45741862058639526,0.07043424248695374,12648.0,12644.0
18.507762908935547,15.385726928710938,0.16888688504695892,0.0704365149140358,12652.0,12648.0
15.643388748168945,17.654277801513672,0.12072816491127014,0.07043879479169846,12656.0,12652.0
17.171302795410156,9.531332969665527,-0.09443789720535278,0.07044065743684769,12660.0,12656.0
9.837347030639648,10.392845153808594,-0.17476360499858856,0.07044196873903275,12664.0,12660.0
10.301301956176758,13.706356048583984,0.024498671293258667,0.07044319808483124,12668.0,12664.0
25.749656677246094,17.43501853942871,0.5925533175468445,0.07044554501771927,12672.0,12668.0
13.67714786529541,14.182914733886719,-0.037010304629802704,0.07044759392738342,12676.0,12672.0
10.642630577087402,14.435819625854492,-0.2717891037464142,0.0704488605260849,12680.0,12676.0
36.60980224609375,14.001500129699707,-0.22584637999534607,0.07044953107833862,12684.0,12680.0
10.164106369018555,13.45609188079834,-0.3445470631122589,0.07044939696788788,12688.0,12684.0
15.113102912902832,12.304268836975098,-0.006860874593257904,0.07044926285743713,12692.0,12688.0
9.50033950805664,11.36221694946289,-0.5600588917732239,0.07044795155525208,12696.0,12692.0
18.9954776763916,15.351295471191406,0.2487574815750122,0.07044731080532074,12700.0,12696.0
46.117408752441406,15.757161140441895,0.00874277949333191,0.07044673711061478,12704.0,12700.0
14.934282302856445,11.864601135253906,0.4188954830169678,0.07044712454080582,12708.0,12704.0
32.0028190612793,12.90672779083252,-0.29419898986816406,0.07044684141874313,12712.0,12708.0
22.166088104248047,14.167388916015625,-0.3534556031227112,0.07044583559036255,12716.0,12712.0
12.625251770019531,15.878312110900879,0.15151004493236542,0.07044524699449539,12720.0,12716.0
14.328336715698242,18.830135345458984,0.6208547353744507,0.07044603675603867,12724.0,12720.0
15.366357803344727,12.73984432220459,-0.00431494414806366,0.07044673711061478,12728.0,12724.0
12.320130348205566,16.051799774169922,0.4102303385734558,0.07044824957847595,12732.0,12728.0
35.10438537597656,15.426202774047852,0.6598377823829651,0.07045100629329681,12736.0,12732.0
14.197751998901367,11.71243667602539,-0.01881203055381775,0.07045344263315201,12740.0,12736.0
24.22652244567871,17.85519027709961,0.9217623472213745,0.07045760750770569,12744.0,12740.0
14.317752838134766,13.439216613769531,0.45435672998428345,0.07046230882406235,12748.0,12744.0
26.814979553222656,9.71129322052002,0.25875601172447205,0.07046709954738617,12752.0,12748.0
9.535754203796387,9.499817848205566,0.060961052775382996,0.07047155499458313,12756.0,12752.0
13.597925186157227,15.260066986083984,0.2737356722354889,0.07047613710165024,12760.0,12756.0
17.851354598999023,17.700870513916016,0.31542864441871643,0.07048094272613525,12764.0,12760.0
11.531377792358398,14.629204750061035,0.11418167501688004,0.07048551738262177,12768.0,12764.0
53.304298400878906,13.75288200378418,-0.7204214930534363,0.0704880878329277,12772.0,12768.0
14.457897186279297,13.935647964477539,-0.05642367899417877,0.0704902857542038,12776.0,12772.0
38.946380615234375,14.098426818847656,-0.03223024308681488,0.0704922080039978,12780.0,12776.0
10.772289276123047,14.446117401123047,-0.39211881160736084,0.07049309462308884,12784.0,12780.0
20.80536460876465,12.111151695251465,0.30561572313308716,0.07049454003572464,12788.0,12784.0
15.757640838623047,11.958642959594727,-0.6054432988166809,0.07049455493688583,12792.0,12788.0
12.05908489227295,14.361287117004395,-0.2279486209154129,0.07049407064914703,12796.0,12792.0
14.06118392944336,15.166999816894531,-0.0753105878829956,0.07049348205327988,12800.0,12796.0
17.45088768005371,14.338319778442383,0.25223350524902344,0.07049348205327988,12804.0,12800.0
12.663619995117188,16.339078903198242,-0.6646472811698914,0.07049207389354706,12808.0,12804.0
12.10541820526123,15.925776481628418,0.7952823042869568,0.07049249112606049,12812.0,12808.0
12.541479110717773,16.898094177246094,0.27803659439086914,0.07049346715211868,12816.0,12812.0
33.69122314453125,13.822080612182617,0.20535044372081757,0.07049479335546494,12820.0,12816.0
17.57308578491211,14.48945426940918,0.08483648300170898,0.07049617171287537,12824.0,12820.0
44.095985412597656,14.686076164245605,-0.2578641176223755,0.07049685716629028,12828.0,12824.0
36.49055480957031,16.926578521728516,0.25338828563690186,0.0704980194568634,12832.0,12828.0
34.36847686767578,14.629430770874023,0.1060832142829895,0.07049930095672607,12836.0,12832.0
13.127945899963379,14.545324325561523,0.2759832739830017,0.07050102949142456,12840.0,12836.0
18.36313247680664,15.087597846984863,0.8574002981185913,0.07050444185733795,12844.0,12840.0
10.35695743560791,12.759966850280762,0.8172886371612549,0.07050926238298416,12848.0,12844.0
15.260223388671875,15.15925121307373,0.49354928731918335,0.07051467895507812,12852.0,12848.0
41.617332458496094,14.885649681091309,0.43451815843582153,0.07052047550678253,12856.0,12852.0
16.433473587036133,15.271479606628418,0.8300653100013733,0.07052749395370483,12860.0,12856.0
13.762825965881348,15.816171646118164,0.030236929655075073,0.0705338791012764,12864.0,12860.0
13.508378982543945,14.458382606506348,0.2296031415462494,0.07054012268781662,12868.0,12864.0
14.461880683898926,13.412425994873047,1.1552488803863525,0.07054822891950607,12872.0,12868.0
15.225301742553711,13.872671127319336,0.047447770833969116,0.07055562734603882,12876.0,12872.0
13.19298267364502,14.84096908569336,0.26627665758132935,0.07056287676095963,12880.0,12876.0
19.271732330322266,12.167740821838379,0.5170267820358276,0.07057051360607147,12884.0,12880.0
13.640389442443848,15.396739959716797,0.8865827322006226,0.07057932019233704,12888.0,12884.0
11.083025932312012,12.568876266479492,0.3275630474090576,0.07058794796466827,12892.0,12888.0
22.795063018798828,16.969728469848633,1.0673032999038696,0.07059802860021591,12896.0,12892.0
11.743371963500977,13.736443519592285,-0.0015401504933834076,0.07060710340738297,12900.0,12896.0
20.42285919189453,14.022242546081543,0.4085744619369507,0.07061616331338882,12904.0,12900.0
49.129676818847656,15.931976318359375,0.3700457811355591,0.07062511891126633,12908.0,12904.0
32.18180847167969,14.557230949401855,0.06504585593938828,0.07063332200050354,12912.0,12908.0
32.23578643798828,16.257627487182617,1.2133928537368774,0.0706433430314064,12916.0,12912.0
52.16020584106445,14.914311408996582,0.5467577576637268,0.07065355032682419,12920.0,12916.0
18.049049377441406,18.593730926513672,0.572019100189209,0.07066397368907928,12924.0,12920.0
13.493852615356445,13.373525619506836,0.6061115264892578,0.07067467272281647,12928.0,12924.0
13.221633911132812,16.329845428466797,1.1018539667129517,0.0706867054104805,12932.0,12928.0
18.152729034423828,15.444886207580566,-0.1290128380060196,0.07069725543260574,12936.0,12932.0
43.38147735595703,14.300561904907227,0.36998942494392395,0.07070757448673248,12940.0,12936.0
13.400830268859863,12.814014434814453,0.35648512840270996,0.07071764022111893,12944.0,12940.0
35.42638397216797,14.504230499267578,0.16001394391059875,0.07072705030441284,12948.0,12944.0
13.385780334472656,17.35568618774414,0.9686790108680725,0.07073762267827988,12952.0,12948.0
14.222034454345703,16.790403366088867,0.2356453239917755,0.07074765861034393,12956.0,12952.0
20.358505249023438,17.067031860351562,0.8098528385162354,0.07075846940279007,12960.0,12956.0
16.637887954711914,15.660167694091797,0.5087319612503052,0.070769302546978,12964.0,12960.0
19.356840133666992,19.00286102294922,0.6643861532211304,0.07078050822019577,12968.0,12964.0
23.36530113220215,15.380958557128906,0.269342839717865,0.07079118490219116,12972.0,12968.0
11.950296401977539,16.34228515625,-0.4669477343559265,0.0707997977733612,12976.0,12972.0
9.110769271850586,15.483732223510742,0.17289969325065613,0.07080791890621185,12980.0,12976.0
37.113887786865234,11.968636512756348,0.7447819709777832,0.07081686705350876,12984.0,12980.0
18.471458435058594,15.713863372802734,0.711044192314148,0.0708264708518982,12988.0,12984.0
11.162586212158203,12.607854843139648,0.422629177570343,0.07083604484796524,12992.0,12988.0
35.421180725097656,15.27426528930664,0.3723200559616089,0.07084548473358154,12996.0,12992.0
15.678182601928711,15.078670501708984,0.5164427757263184,0.07085511833429337,13000.0,12996.0
11.123441696166992,10.532570838928223,0.9330486059188843,0.07086582481861115,13004.0,13000.0
11.732534408569336,15.495545387268066,-0.17495395243167877,0.07087510079145432,13008.0,13004.0
17.855934143066406,17.114856719970703,0.12040095031261444,0.07088372111320496,13012.0,13008.0
19.535045623779297,14.868245124816895,0.41341477632522583,0.07089239358901978,13016.0,13012.0
11.334562301635742,13.160582542419434,0.49403470754623413,0.0709012821316719,13020.0,13016.0
18.442527770996094,17.503293991088867,0.34496355056762695,0.07091003656387329,13024.0,13020.0
16.85592269897461,11.217577934265137,-0.017546892166137695,0.07091788947582245,13028.0,13024.0
18.28925895690918,13.719252586364746,-0.5878587961196899,0.07092367112636566,13032.0,13028.0
13.919631958007812,14.934694290161133,-0.1519812047481537,0.07092853635549545,13036.0,13032.0
17.174747467041016,18.8597354888916,0.5269526243209839,0.07093408703804016,13040.0,13036.0
16.818145751953125,14.164417266845703,0.19342994689941406,0.07093949615955353,13044.0,13040.0
35.61305236816406,13.117069244384766,0.21194538474082947,0.07094484567642212,13048.0,13044.0
13.351078033447266,10.980976104736328,-0.3668515682220459,0.07094885408878326,13052.0,13048.0
13.999043464660645,17.02710723876953,-0.3659244775772095,0.07095164060592651,13056.0,13052.0
12.825252532958984,14.498200416564941,0.16342931985855103,0.07095451653003693,13060.0,13056.0
12.389270782470703,13.603342056274414,-0.3248974680900574,0.07095639407634735,13064.0,13060.0
14.292648315429688,16.307334899902344,0.9985055923461914,0.07096028327941895,13068.0,13064.0
9.435564041137695,12.87118911743164,0.3194335401058197,0.0709645003080368,13072.0,13068.0
14.669877052307129,13.03824234008789,0.013528972864151001,0.07096832245588303,13076.0,13072.0
17.81693458557129,18.095664978027344,0.040532201528549194,0.07097186148166656,13080.0,13076.0
10.578071594238281,14.696882247924805,-0.007665242999792099,0.07097502052783966,13084.0,13080.0
10.755691528320312,13.67635440826416,-0.21808233857154846,0.07097738981246948,13088.0,13084.0
14.99317455291748,17.893381118774414,0.2656295895576477,0.07098011672496796,13092.0,13088.0
13.445837020874023,16.80211067199707,0.42586439847946167,0.07098352164030075,13096.0,13092.0
33.771331787109375,14.645709991455078,0.8467239737510681,0.07098846137523651,13100.0,13096.0
16.370882034301758,14.485723495483398,-0.01285705715417862,0.07099287956953049,13104.0,13100.0
15.173637390136719,13.799903869628906,0.22643440961837769,0.07099736481904984,13108.0,13104.0
36.28926467895508,16.007354736328125,0.38507887721061707,0.07100225985050201,13112.0,13108.0
13.393096923828125,11.675661087036133,0.20408807694911957,0.07100711762905121,13116.0,13112.0
15.830572128295898,12.68613052368164,-0.20731547474861145,0.0710110291838646,13120.0,13116.0
12.786600112915039,13.4524564743042,-0.11887136846780777,0.07101429253816605,13124.0,13120.0
10.944863319396973,13.132031440734863,-0.1796620488166809,0.0710168331861496,13128.0,13124.0
18.313106536865234,13.766073226928711,-0.06996874511241913,0.07101896405220032,13132.0,13128.0
14.380613327026367,13.81515121459961,0.45382800698280334,0.0710218995809555,13136.0,13132.0
16.080055236816406,14.970510482788086,-0.058904796838760376,0.07102440297603607,13140.0,13136.0
15.058687210083008,12.596317291259766,0.2685399651527405,0.07102726399898529,13144.0,13140.0
57.9001579284668,12.840347290039062,0.4423186779022217,0.07103081792593002,13148.0,13144.0
14.147337913513184,12.588336944580078,0.3389796018600464,0.07103478163480759,13152.0,13148.0
11.875263214111328,12.085149765014648,0.5410072207450867,0.07103955745697021,13156.0,13152.0
35.130672454833984,14.134531021118164,-0.2042398452758789,0.07104340195655823,13160.0,13156.0
12.484752655029297,13.966434478759766,0.09569254517555237,0.07104708254337311,13164.0,13160.0
14.519966125488281,13.866805076599121,-0.11402130126953125,0.07105014473199844,13168.0,13164.0
11.332719802856445,12.58148193359375,0.44327664375305176,0.0710538923740387,13172.0,13168.0
14.921392440795898,13.421138763427734,-0.4681985080242157,0.07105620950460434,13176.0,13172.0
9.487533569335938,17.208019256591797,-0.12396926432847977,0.07105801999568939,13180.0,13176.0
20.423904418945312,19.286853790283203,0.8805810213088989,0.0710616335272789,13184.0,13180.0
13.436296463012695,15.88754653930664,-0.4751635193824768,0.0710638165473938,13188.0,13184.0
15.1272554397583,13.675088882446289,0.39187994599342346,0.07106666266918182,13192.0,13188.0
9.152956008911133,11.797481536865234,-0.6493706107139587,0.07106776535511017,13196.0,13192.0
15.804194450378418,13.2337007522583,0.12760363519191742,0.07106905430555344,13200.0,13196.0
18.856529235839844,12.536764144897461,-0.35275182127952576,0.07106941193342209,13204.0,13200.0
17.423921585083008,19.83160972595215,0.6047651767730713,0.0710710883140564,13208.0,13204.0
13.572288513183594,15.581637382507324,-0.3048199415206909,0.07107191532850266,13212.0,13208.0
36.80021667480469,15.066152572631836,0.01609855890274048,0.07107269763946533,13216.0,13212.0
13.092228889465332,13.230340957641602,-0.19478698074817657,0.07107296586036682,13220.0,13216.0
23.65801239013672,17.001087188720703,0.5739070773124695,0.07107450813055038,13224.0,13220.0
10.871962547302246,12.738004684448242,0.3811347782611847,0.07107674330472946,13228.0,13224.0
15.54399585723877,15.924358367919922,-0.34393036365509033,0.07107798010110855,13232.0,13228.0
10.787567138671875,14.150745391845703,-0.026064027100801468,0.07107905298471451,13236.0,13232.0
10.609334945678711,14.516417503356934,-0.2638079524040222,0.07107940316200256,13240.0,13236.0
17.60515594482422,18.249652862548828,0.49083074927330017,0.07108084857463837,13244.0,13240.0
11.745428085327148,13.7551851272583,0.41391682624816895,0.07108306884765625,13248.0,13244.0
11.65096664428711,12.335636138916016,0.11187253147363663,0.07108531892299652,13252.0,13248.0
20.948482513427734,14.133930206298828,-0.16063018143177032,0.07108700275421143,13256.0,13252.0
33.115421295166016,11.367472648620605,0.5185736417770386,0.07108967751264572,13260.0,13256.0
12.41707706451416,12.224844932556152,-0.8833363652229309,0.07109008729457855,13264.0,13260.0
14.202718734741211,15.987211227416992,0.5082116723060608,0.07109160721302032,13268.0,13264.0
43.07720947265625,18.183629989624023,1.009745478630066,0.07109527289867401,13272.0,13268.0
34.69793701171875,15.746932983398438,0.5930983424186707,0.0710999146103859,13276.0,13272.0
12.094964981079102,14.249663352966309,0.24982132017612457,0.07110466063022614,13280.0,13276.0
10.423538208007812,15.714670181274414,0.6870487332344055,0.07111049443483353,13284.0,13280.0
15.80526351928711,15.874900817871094,0.5952025651931763,0.0711170881986618,13288.0,13284.0
13.780218124389648,15.368850708007812,0.5750331878662109,0.07112434506416321,13292.0,13288.0
10.782110214233398,17.931262969970703,0.24767090380191803,0.07113143801689148,13296.0,13292.0
14.387941360473633,14.514342308044434,0.6295873522758484,0.07113925367593765,13300.0,13296.0
10.176448822021484,14.747819900512695,0.7911514043807983,0.0711480900645256,13304.0,13300.0
9.884541511535645,14.507233619689941,1.2475111484527588,0.07115887850522995,13308.0,13304.0
19.289430618286133,16.189119338989258,-0.0012345612049102783,0.07116860151290894,13312.0,13308.0
14.396577835083008,15.626296043395996,0.27223020792007446,0.07117796689271927,13316.0,13312.0
12.890702247619629,14.770268440246582,0.15236347913742065,0.07118675857782364,13320.0,13316.0
15.934500694274902,15.63290023803711,0.485882967710495,0.07119577378034592,13324.0,13320.0
16.655467987060547,14.47835922241211,-0.026320189237594604,0.07120383530855179,13328.0,13324.0
37.35723114013672,10.8621826171875,-0.07721039652824402,0.07121091336011887,13332.0,13328.0
32.18710708618164,13.747723579406738,-0.031065553426742554,0.07121723145246506,13336.0,13332.0
11.943172454833984,15.140338897705078,0.5423885583877563,0.0712241604924202,13340.0,13336.0
14.538959503173828,11.454520225524902,-0.08328020572662354,0.0712302029132843,13344.0,13340.0
13.849199295043945,16.89836311340332,0.5742669701576233,0.07123696804046631,13348.0,13344.0
20.75,12.930519104003906,0.6540918946266174,0.07124453783035278,13352.0,13348.0
12.004798889160156,14.747274398803711,0.023692309856414795,0.07125142216682434,13356.0,13352.0
15.070526123046875,15.93626594543457,0.3881863057613373,0.07125850021839142,13360.0,13356.0
12.486714363098145,10.945232391357422,-0.25100943446159363,0.07126431167125702,13364.0,13360.0
12.4710054397583,13.337577819824219,-0.08360007405281067,0.07126934081315994,13368.0,13364.0
41.03213882446289,14.58390998840332,0.7664345502853394,0.07127562910318375,13372.0,13368.0
21.321067810058594,13.868560791015625,0.17368508875370026,0.07128170132637024,13376.0,13372.0
13.412948608398438,15.100263595581055,0.4084581136703491,0.0712881088256836,13380.0,13376.0
16.815570831298828,15.261327743530273,0.0905907154083252,0.07129406929016113,13384.0,13380.0
13.523207664489746,12.553079605102539,0.3491780757904053,0.07130026072263718,13388.0,13384.0
13.21083927154541,15.67488956451416,-0.031670793890953064,0.07130575180053711,13392.0,13388.0
15.394862174987793,13.878183364868164,0.8759656548500061,0.07131271809339523,13396.0,13392.0
26.226478576660156,13.629812240600586,0.48359575867652893,0.07132010161876678,13400.0,13396.0
11.73630142211914,16.806262969970703,0.46877825260162354,0.07132783532142639,13404.0,13400.0
7.947027206420898,13.710732460021973,-0.4279818832874298,0.07133381068706512,13408.0,13404.0
15.77737045288086,14.301885604858398,0.44914379715919495,0.07134021818637848,13412.0,13408.0
8.495769500732422,13.00745677947998,0.025556519627571106,0.07134605199098587,13416.0,13412.0
33.41472625732422,16.862703323364258,0.440675288438797,0.07135233283042908,13420.0,13416.0
11.290618896484375,9.578965187072754,-0.31208282709121704,0.07135726511478424,13424.0,13420.0
15.217914581298828,13.668856620788574,-0.4529985785484314,0.07136064767837524,13428.0,13424.0
16.207605361938477,13.091154098510742,0.3232375979423523,0.07136444002389908,13432.0,13428.0
15.76087760925293,16.25176239013672,0.34528905153274536,0.07136866450309753,13436.0,13432.0
9.544418334960938,13.750285148620605,0.06718666851520538,0.0713726282119751,13440.0,13436.0
26.066913604736328,17.55123519897461,0.6079849004745483,0.07137759774923325,13444.0,13440.0
24.7487850189209,15.22625732421875,0.3135557770729065,0.0713828057050705,13448.0,13444.0
12.402729034423828,14.38250732421875,0.1649407148361206,0.0713878720998764,13452.0,13448.0
18.395084381103516,16.336612701416016,0.5184623599052429,0.07139364629983902,13456.0,13452.0
11.990140914916992,16.940780639648438,0.356991171836853,0.07139967381954193,13460.0,13456.0
35.89081573486328,12.897184371948242,0.3828490674495697,0.07140599191188812,13464.0,13460.0
11.398812294006348,17.157180786132812,0.9244458675384521,0.07141382247209549,13468.0,13464.0
15.654825210571289,13.856024742126465,0.510104238986969,0.07142206281423569,13472.0,13468.0
14.688003540039062,14.007430076599121,0.1775374561548233,0.07142989337444305,13476.0,13472.0
20.51215934753418,15.730087280273438,0.7515273094177246,0.07143869996070862,13480.0,13476.0
9.898300170898438,13.157142639160156,0.6506996154785156,0.07144813239574432,13484.0,13480.0
17.889678955078125,15.888667106628418,0.7283204793930054,0.07145832479000092,13488.0,13484.0
12.326111793518066,11.836350440979004,-0.22616176307201385,0.07146698236465454,13492.0,13488.0
13.289997100830078,13.399210929870605,0.22088798880577087,0.07147529721260071,13496.0,13492.0
36.35311508178711,17.124685287475586,0.8539936542510986,0.0714847669005394,13500.0,13496.0
16.35371208190918,19.12653350830078,0.30301445722579956,0.07149400562047958,13504.0,13500.0
10.694371223449707,15.97420883178711,0.0626317709684372,0.07150247693061829,13508.0,13504.0
12.048196792602539,13.638556480407715,0.2516459822654724,0.0715106949210167,13512.0,13508.0
17.459918975830078,13.876602172851562,-0.4181443750858307,0.07151710987091064,13516.0,13512.0
36.472206115722656,15.516382217407227,-0.2605397701263428,0.07152227312326431,13520.0,13516.0
11.976018905639648,14.870487213134766,-0.15904423594474792,0.07152655720710754,13524.0,13520.0
17.67527198791504,16.561058044433594,0.5907480716705322,0.07153178751468658,13528.0,13524.0
10.38626480102539,17.818037033081055,0.8164229989051819,0.07153842598199844,13532.0,13528.0
11.486635208129883,18.633562088012695,0.07298489660024643,0.07154456526041031,13536.0,13532.0
32.91188049316406,13.296371459960938,-0.06779231131076813,0.07154993712902069,13540.0,13536.0
8.466379165649414,15.344649314880371,-0.44014352560043335,0.07155374437570572,13544.0,13540.0
8.465461730957031,13.816015243530273,0.6174640655517578,0.0715586245059967,13548.0,13544.0
9.854144096374512,12.144050598144531,0.30408474802970886,0.071563720703125,13552.0,13548.0
34.615943908691406,13.480072021484375,0.09130071103572845,0.07156853377819061,13556.0,13552.0
37.821807861328125,14.431936264038086,0.47349101305007935,0.07157398015260696,13560.0,13556.0
19.576948165893555,15.373821258544922,0.18451419472694397,0.07157932221889496,13564.0,13560.0
26.972488403320312,14.611437797546387,-0.24037499725818634,0.07158355414867401,13568.0,13564.0
11.111435890197754,12.161004066467285,-0.5991609692573547,0.07158596068620682,13572.0,13568.0
46.78434753417969,17.673107147216797,0.0739365667104721,0.07158830016851425,13576.0,13572.0
17.159330368041992,14.646524429321289,-0.23259693384170532,0.07158984988927841,13580.0,13576.0
11.032491683959961,15.095112800598145,0.36140745878219604,0.07159210741519928,13584.0,13580.0
12.738824844360352,13.564482688903809,-0.11653275042772293,0.07159386575222015,13588.0,13584.0
16.142013549804688,15.217947959899902,-0.5295149087905884,0.07159418612718582,13592.0,13588.0
7.887445449829102,14.397002220153809,0.48143962025642395,0.07159562408924103,13596.0,13592.0
10.784757614135742,14.414880752563477,0.1742008775472641,0.07159732282161713,13600.0,13596.0
33.346839904785156,14.665002822875977,0.9750208854675293,0.07160116732120514,13604.0,13600.0
13.64765739440918,16.18054962158203,0.6412159204483032,0.07160613685846329,13608.0,13604.0
33.65210723876953,13.245341300964355,-0.2987860441207886,0.07160990685224533,13612.0,13608.0
18.280080795288086,9.684470176696777,-0.38829436898231506,0.0716123878955841,13616.0,13612.0
52.93350601196289,15.326349258422852,0.019015073776245117,0.07161465287208557,13620.0,13616.0
8.145658493041992,11.990175247192383,0.25959235429763794,0.07161732017993927,13624.0,13620.0
16.034740447998047,16.23543930053711,0.25247180461883545,0.07162032276391983,13628.0,13624.0
36.48668670654297,14.711809158325195,0.9592314958572388,0.07162529230117798,13632.0,13628.0
26.79243278503418,12.561999320983887,0.24938303232192993,0.07163036614656448,13636.0,13632.0
7.28375244140625,11.923924446105957,0.32424476742744446,0.07163569331169128,13640.0,13636.0
24.57833480834961,15.161968231201172,0.8325448036193848,0.07164247334003448,13644.0,13640.0
12.557327270507812,16.459877014160156,1.181066870689392,0.07165137678384781,13648.0,13644.0
19.078683853149414,14.477356910705566,0.17233054339885712,0.07165979593992233,13652.0,13648.0
14.907075881958008,15.125211715698242,0.32681334018707275,0.07166817039251328,13656.0,13652.0
9.404058456420898,14.538256645202637,0.09194117039442062,0.07167592644691467,13660.0,13656.0
29.270389556884766,11.669095039367676,0.032459527254104614,0.07168298214673996,13664.0,13660.0
14.12832260131836,14.01777458190918,0.4176713526248932,0.07169033586978912,13668.0,13664.0
13.839699745178223,15.847143173217773,0.2184438705444336,0.07169748097658157,13672.0,13668.0
17.50368881225586,12.976737976074219,-0.14717380702495575,0.07170356810092926,13676.0,13672.0
27.55997085571289,17.437448501586914,-0.3394860327243805,0.07170823216438293,13680.0,13676.0
18.65281867980957,16.173402786254883,0.4358415901660919,0.07171346247196198,13684.0,13680.0
21.38778305053711,14.715646743774414,0.22052893042564392,0.0717187151312828,13688.0,13684.0
12.754324913024902,12.463607788085938,-0.5509343147277832,0.0717221200466156,13692.0,13688.0
15.57321548461914,14.420286178588867,0.08309055119752884,0.07172538340091705,13696.0,13692.0
19.92095375061035,13.370810508728027,0.4959932863712311,0.07172950357198715,13700.0,13696.0
13.311302185058594,15.583946228027344,0.2008296400308609,0.07173369079828262,13704.0,13700.0
12.707289695739746,12.460832595825195,0.039321184158325195,0.07173755764961243,13708.0,13704.0
14.26791763305664,13.091906547546387,-0.024684876203536987,0.07174097746610641,13712.0,13708.0
13.855860710144043,14.696717262268066,0.39379072189331055,0.07174501568078995,13716.0,13712.0
15.326744079589844,14.638799667358398,0.32129067182540894,0.07174941152334213,13720.0,13716.0
10.844600677490234,14.517279624938965,0.5604172945022583,0.07175471633672714,13724.0,13720.0
12.997058868408203,15.578580856323242,0.12667158246040344,0.07175979763269424,13728.0,13724.0
17.60724639892578,16.873231887817383,-0.26096946001052856,0.07176374644041061,13732.0,13728.0
20.70273208618164,17.628551483154297,0.6516028046607971,0.0717688649892807,13736.0,13732.0
15.933267593383789,13.218414306640625,0.2874700427055359,0.07177416980266571,13740.0,13736.0
12.961143493652344,13.645217895507812,0.0883990228176117,0.07177916914224625,13744.0,13740.0
20.338260650634766,15.403013229370117,0.5403242707252502,0.07178495079278946,13748.0,13744.0
12.83265495300293,14.103830337524414,-0.14065982401371002,0.07178983092308044,13752.0,13748.0
21.5213623046875,14.303476333618164,0.4444449245929718,0.07179529219865799,13756.0,13752.0
16.47869110107422,11.459352493286133,0.26196643710136414,0.0718008354306221,13760.0,13756.0
12.918961524963379,15.192087173461914,-0.2501645088195801,0.07180523872375488,13764.0,13760.0
17.770301818847656,13.374887466430664,-0.0943375900387764,0.07180896401405334,13768.0,13764.0
15.20813274383545,18.27607536315918,0.6106685400009155,0.07181379199028015,13772.0,13768.0
13.633468627929688,13.846999168395996,0.7891482710838318,0.07182004302740097,13776.0,13772.0
34.44480514526367,14.069721221923828,-0.6438619494438171,0.07182411849498749,13780.0,13776.0
62.61277770996094,13.769424438476562,0.20541873574256897,0.07182828336954117,13784.0,13780.0
10.07315444946289,13.560346603393555,0.7888892292976379,0.07183393090963364,13788.0,13784.0
15.156917572021484,12.807414054870605,-0.09177941083908081,0.07183881103992462,13792.0,13788.0
20.955720901489258,16.540098190307617,0.6760016679763794,0.07184484601020813,13796.0,13792.0
13.668773651123047,15.213532447814941,0.22555409371852875,0.07185082137584686,13800.0,13796.0
14.918132781982422,17.414716720581055,0.9546757936477661,0.07185851037502289,13804.0,13800.0
16.678071975708008,14.897527694702148,0.45656096935272217,0.07186653465032578,13808.0,13804.0
19.093204498291016,13.488617897033691,0.545404314994812,0.07187508046627045,13812.0,13808.0
12.162134170532227,16.883840560913086,-0.001532033085823059,0.07188277691602707,13816.0,13812.0
15.291070938110352,16.509098052978516,-0.46401137113571167,0.07188858836889267,13820.0,13816.0
21.916728973388672,13.219639778137207,0.4459981620311737,0.07189489901065826,13824.0,13820.0
16.570846557617188,14.591537475585938,0.7798978090286255,0.07190246880054474,13828.0,13824.0
14.225688934326172,14.858060836791992,0.4099905788898468,0.07191029191017151,13832.0,13828.0
16.182220458984375,17.728424072265625,0.6103229522705078,0.07191881537437439,13836.0,13832.0
16.878402709960938,15.070709228515625,0.12702099978923798,0.0719267874956131,13840.0,13836.0
17.369909286499023,13.165243148803711,0.523282527923584,0.07193523645401001,13844.0,13840.0
16.191471099853516,12.74687385559082,1.0713393688201904,0.07194545865058899,13848.0,13844.0
13.756052017211914,14.715245246887207,0.9745733141899109,0.0719570443034172,13852.0,13848.0
24.607635498046875,17.381364822387695,1.797607183456421,0.07197181135416031,13856.0,13852.0
12.078442573547363,12.635403633117676,0.686020016670227,0.07198677957057953,13860.0,13856.0
26.3431396484375,13.609152793884277,1.1878215074539185,0.07200314104557037,13864.0,13860.0
15.456188201904297,12.22713565826416,0.43450114130973816,0.07201891392469406,13868.0,13864.0
13.316776275634766,16.314064025878906,0.8541698455810547,0.07203520834445953,13872.0,13868.0
13.924678802490234,18.001291275024414,0.9544063806533813,0.07205219566822052,13876.0,13872.0
40.330142974853516,18.940567016601562,1.3067290782928467,0.07207067310810089,13880.0,13876.0
10.40516471862793,16.03015899658203,0.9108906388282776,0.07208950817584991,13884.0,13880.0
10.803613662719727,15.122645378112793,0.311204195022583,0.0721072256565094,13888.0,13884.0
20.114871978759766,15.32730484008789,0.41753292083740234,0.07212421298027039,13892.0,13888.0
35.38383865356445,15.244160652160645,0.6776333451271057,0.07214115560054779,13896.0,13892.0
17.35655403137207,14.288227081298828,0.28103116154670715,0.07215709984302521,13900.0,13896.0
16.020586013793945,14.42916488647461,0.6521331071853638,0.07217305153608322,13904.0,13900.0
41.7069091796875,18.267717361450195,0.6121431589126587,0.07218891382217407,13908.0,13904.0
13.21562385559082,15.058313369750977,0.7209955453872681,0.07220496237277985,13912.0,13908.0
21.31131935119629,17.11212158203125,0.30107444524765015,0.07222014665603638,13916.0,13912.0
12.559248924255371,17.043899536132812,0.3046317994594574,0.07223457098007202,13920.0,13916.0
37.14644241333008,13.10479736328125,-0.11665260791778564,0.07224728167057037,13924.0,13920.0
15.676654815673828,16.70376205444336,0.41245216131210327,0.07225973904132843,13928.0,13924.0
12.299180030822754,12.869085311889648,0.09804035723209381,0.0722711980342865,13932.0,13928.0
19.4185791015625,15.2900390625,0.9479711055755615,0.07228382676839828,13936.0,13932.0
15.801713943481445,16.54905128479004,0.6667717099189758,0.07229684293270111,13940.0,13936.0
37.21812057495117,16.579835891723633,1.3146326541900635,0.07231178879737854,13944.0,13940.0
10.321065902709961,14.15338134765625,0.6285237073898315,0.07232678681612015,13948.0,13944.0
10.479490280151367,15.783246994018555,0.7881901264190674,0.07234222441911697,13952.0,13948.0
33.82196044921875,15.764299392700195,0.5696888566017151,0.07235752046108246,13956.0,13952.0
25.501798629760742,12.131865501403809,-0.06070227175951004,0.07237115502357483,13960.0,13956.0
9.654842376708984,16.259037017822266,0.5057111978530884,0.07238466292619705,13964.0,13960.0
13.139069557189941,14.014955520629883,0.4723736047744751,0.07239800691604614,13968.0,13964.0
18.037525177001953,14.53720474243164,0.16656962037086487,0.07241043448448181,13972.0,13968.0
51.955848693847656,17.946495056152344,0.7397648692131042,0.07242345809936523,13976.0,13972.0
11.299190521240234,17.48475456237793,0.6170063614845276,0.07243669778108597,13980.0,13976.0
9.908632278442383,16.376296997070312,0.24426618218421936,0.0724492222070694,13984.0,13980.0
16.125612258911133,18.925697326660156,1.0734779834747314,0.07246314734220505,13988.0,13984.0
18.659774780273438,15.72852897644043,0.13720878958702087,0.07247601449489594,13992.0,13988.0
14.844586372375488,16.165733337402344,0.26889270544052124,0.07248828560113907,13996.0,13992.0
9.93930435180664,15.653667449951172,0.08846989274024963,0.07249955832958221,14000.0,13996.0
14.53752613067627,14.562700271606445,0.05861306190490723,0.07250984013080597,14004.0,14000.0
11.428165435791016,16.145933151245117,-0.11029762774705887,0.07251883298158646,14008.0,14004.0
20.387439727783203,16.603443145751953,0.4916853904724121,0.07252815365791321,14012.0,14008.0
19.338424682617188,16.435720443725586,-0.13886350393295288,0.07253619283437729,14016.0,14012.0
20.84355926513672,17.580535888671875,0.4785414934158325,0.0725446343421936,14020.0,14016.0
13.607755661010742,14.101910591125488,0.9002067446708679,0.07255445420742035,14024.0,14020.0
36.74954605102539,14.128570556640625,0.469070702791214,0.07256447523832321,14028.0,14024.0
10.835880279541016,17.19802474975586,0.7980722188949585,0.07257547974586487,14032.0,14028.0
13.822890281677246,16.425827026367188,0.5802636742591858,0.07258682698011398,14036.0,14032.0
33.5131950378418,14.908492088317871,0.0514015331864357,0.07259717583656311,14040.0,14036.0
31.862340927124023,15.294937133789062,0.008623480796813965,0.07260652631521225,14044.0,14040.0
10.80636215209961,12.34824275970459,0.20061901211738586,0.07261544466018677,14048.0,14044.0
23.474872589111328,14.86315631866455,0.3097480833530426,0.07262423634529114,14052.0,14048.0
15.598369598388672,17.499557495117188,0.5255727171897888,0.07263346761465073,14056.0,14052.0
10.796460151672363,13.823443412780762,0.5428608655929565,0.07264313101768494,14060.0,14056.0
13.441337585449219,16.536968231201172,0.47778788208961487,0.07265301793813705,14064.0,14060.0
26.29734992980957,18.51324462890625,0.8975234031677246,0.07266417890787125,14068.0,14064.0
9.129029273986816,15.635690689086914,0.7624126672744751,0.07267611473798752,14072.0,14068.0
10.8099365234375,13.889540672302246,0.04713168740272522,0.07268700003623962,14076.0,14072.0
21.851341247558594,19.56852912902832,0.7266635894775391,0.07269860804080963,14080.0,14076.0
48.68367385864258,14.797560691833496,0.2939537465572357,0.07270980626344681,14084.0,14080.0
19.406856536865234,14.259029388427734,0.7533758878707886,0.07272177189588547,14088.0,14084.0
17.214282989501953,13.582962036132812,0.40122073888778687,0.07273354381322861,14092.0,14088.0
16.302871704101562,14.360776901245117,0.8143779039382935,0.07274618744850159,14096.0,14092.0
28.421213150024414,18.264890670776367,0.3050581216812134,0.07275832444429398,14100.0,14096.0
33.03725051879883,16.812339782714844,-0.07983243465423584,0.07276906818151474,14104.0,14100.0
23.612842559814453,14.632877349853516,0.491807222366333,0.07277998328208923,14108.0,14104.0
27.897842407226562,15.998422622680664,0.3106918931007385,0.07279058545827866,14112.0,14108.0
14.72027587890625,18.946399688720703,0.7278335094451904,0.07280194759368896,14116.0,14112.0
13.337444305419922,18.717491149902344,0.14613564312458038,0.07281255722045898,14120.0,14116.0
12.079320907592773,15.44095516204834,0.36735963821411133,0.07282304018735886,14124.0,14120.0
12.243989944458008,15.786882400512695,0.8721261620521545,0.07283467799425125,14128.0,14124.0
15.619319915771484,14.558327674865723,0.3735639154911041,0.07284608483314514,14132.0,14128.0
16.252182006835938,16.56435775756836,0.41166388988494873,0.07285740971565247,14136.0,14132.0
16.282474517822266,11.937817573547363,0.05343768000602722,0.0728677287697792,14140.0,14136.0
17.84210205078125,14.899961471557617,0.28472864627838135,0.07287775725126266,14144.0,14140.0
15.214058876037598,14.419910430908203,0.6650928854942322,0.07288845628499985,14148.0,14144.0
14.947669982910156,16.727622985839844,0.6769235730171204,0.07289980351924896,14152.0,14148.0
16.484140396118164,20.043691635131836,0.41455310583114624,0.07291106879711151,14156.0,14152.0
26.083141326904297,16.53110694885254,0.7048730850219727,0.07292299717664719,14160.0,14156.0
16.85613250732422,18.90643882751465,0.376009464263916,0.07293467968702316,14164.0,14160.0
21.212703704833984,15.43179988861084,0.24613666534423828,0.07294582575559616,14168.0,14164.0
13.635669708251953,14.435393333435059,-0.17512929439544678,0.0729554295539856,14172.0,14168.0
32.15198516845703,15.585061073303223,-0.1034107506275177,0.07296381145715714,14176.0,14172.0
8.859622955322266,17.396249771118164,0.01718534156680107,0.0729713961482048,14180.0,14176.0
14.970645904541016,16.647228240966797,0.32370007038116455,0.07297905534505844,14184.0,14180.0
37.47850799560547,17.665313720703125,0.09180321544408798,0.0729861855506897,14188.0,14184.0
18.60927963256836,15.459709167480469,-0.17751994729042053,0.07299216091632843,14192.0,14188.0
13.08195972442627,16.316028594970703,-0.06500411778688431,0.07299736142158508,14196.0,14192.0
28.291072845458984,13.414863586425781,0.23065662384033203,0.0730026364326477,14200.0,14196.0
16.746944427490234,13.804253578186035,0.2724617123603821,0.07300808280706406,14204.0,14200.0
16.527515411376953,15.108713150024414,-0.08664213120937347,0.07301276922225952,14208.0,14204.0
19.076744079589844,16.0762996673584,0.3246878385543823,0.07301781326532364,14212.0,14208.0
16.906442642211914,18.370033264160156,0.2638232707977295,0.07302303612232208,14216.0,14212.0
18.195457458496094,15.405309677124023,0.18671733140945435,0.07302820682525635,14220.0,14216.0
40.33815002441406,17.004642486572266,0.20474500954151154,0.0730333924293518,14224.0,14220.0
11.37369155883789,16.357940673828125,0.46663498878479004,0.07303924858570099,14228.0,14224.0
14.02945613861084,14.332328796386719,-0.031785108149051666,0.07304443418979645,14232.0,14228.0
14.166875839233398,16.74153709411621,0.7665088176727295,0.0730510726571083,14236.0,14232.0
11.4441556930542,14.86189079284668,0.40408411622047424,0.07305807620286942,14240.0,14236.0
13.915515899658203,16.57986831665039,0.5243361592292786,0.07306572049856186,14244.0,14240.0
13.223047256469727,14.348348617553711,0.7834333181381226,0.07307462394237518,14248.0,14244.0
14.819994926452637,14.507113456726074,0.5152946710586548,0.07308395951986313,14252.0,14248.0
14.297880172729492,17.042190551757812,-0.3437383472919464,0.07309149205684662,14256.0,14252.0
11.553832054138184,19.809566497802734,0.3848508894443512,0.07309924811124802,14260.0,14256.0
20.193721771240234,15.424585342407227,0.09734906256198883,0.07310647517442703,14264.0,14260.0
14.734328269958496,12.46230697631836,0.15342535078525543,0.07311339676380157,14268.0,14264.0
12.876436233520508,20.565868377685547,0.6080681085586548,0.07312119007110596,14272.0,14268.0
17.187185287475586,14.64665699005127,0.7190433144569397,0.0731300488114357,14276.0,14272.0
17.309616088867188,14.915178298950195,0.2795202136039734,0.0731387510895729,14280.0,14276.0
28.021305084228516,13.284209251403809,0.7109209299087524,0.07314840704202652,14284.0,14280.0
20.06910514831543,14.288360595703125,0.9765347838401794,0.0731596052646637,14288.0,14284.0
68.25279235839844,14.417511940002441,0.7280417680740356,0.07317157089710236,14292.0,14288.0
14.854127883911133,15.803779602050781,0.903974175453186,0.07318466156721115,14296.0,14292.0
33.64982604980469,18.03597640991211,0.6946048736572266,0.07319823652505875,14300.0,14296.0
14.522889137268066,13.757879257202148,1.119470238685608,0.07321333140134811,14304.0,14300.0
13.993734359741211,13.514646530151367,1.1001641750335693,0.07322974503040314,14308.0,14304.0
12.274713516235352,14.312320709228516,0.8186768293380737,0.07324662804603577,14312.0,14308.0
15.898042678833008,12.9010009765625,0.8494199514389038,0.07326402515172958,14316.0,14312.0
37.36793518066406,19.762006759643555,0.24713285267353058,0.07328031957149506,14320.0,14316.0
29.095672607421875,13.316093444824219,0.770047664642334,0.07329699397087097,14324.0,14320.0
14.730525016784668,15.344343185424805,0.7772625684738159,0.07331399619579315,14328.0,14324.0
15.542083740234375,14.23294448852539,0.0429164320230484,0.07332943379878998,14332.0,14328.0
43.40239715576172,16.861900329589844,0.8895273804664612,0.0733456239104271,14336.0,14332.0
18.68981170654297,18.431766510009766,0.33792048692703247,0.07336106896400452,14340.0,14336.0
14.138608932495117,16.169902801513672,-0.11640524119138718,0.0733746737241745,14344.0,14340.0
17.980165481567383,17.966392517089844,0.7007367014884949,0.07338874042034149,14348.0,14344.0
15.537420272827148,15.397262573242188,-0.21062642335891724,0.07340086996555328,14352.0,14348.0
27.71746826171875,14.68578815460205,0.26552385091781616,0.0734124705195427,14356.0,14352.0
16.791946411132812,16.45335578918457,0.33526965975761414,0.07342379540205002,14360.0,14356.0
18.351890563964844,15.19236946105957,0.5861356854438782,0.07343550771474838,14364.0,14360.0
14.521627426147461,12.453293800354004,0.2801209092140198,0.07344678789377213,14368.0,14364.0
16.28228187561035,16.995899200439453,0.6788952350616455,0.0734587088227272,14372.0,14368.0
14.342423439025879,13.341654777526855,1.0387414693832397,0.07347212731838226,14376.0,14372.0
14.074012756347656,15.20211410522461,0.6971632242202759,0.07348602265119553,14380.0,14376.0
20.827106475830078,12.668384552001953,0.48880547285079956,0.07349981367588043,14384.0,14380.0
13.357268333435059,18.813020706176758,0.741991400718689,0.07351414859294891,14388.0,14384.0
13.088933944702148,14.55394172668457,0.08959916234016418,0.07352729141712189,14392.0,14388.0
13.146038055419922,14.367609024047852,0.310869038105011,0.07353994995355606,14396.0,14392.0
15.347227096557617,14.572362899780273,0.9895013570785522,0.0735539048910141,14400.0,14396.0
26.53497886657715,15.6962890625,0.47750094532966614,0.07356773316860199,14404.0,14400.0
11.105768203735352,13.194366455078125,0.718494176864624,0.07358204573392868,14408.0,14404.0
13.045770645141602,14.241168975830078,0.804631233215332,0.0735970288515091,14412.0,14408.0
23.30013084411621,13.666183471679688,0.22055327892303467,0.07361110299825668,14416.0,14412.0
15.15109634399414,13.560924530029297,0.0662902444601059,0.07362394779920578,14420.0,14416.0
11.327720642089844,18.532644271850586,0.3863818347454071,0.07363653182983398,14424.0,14420.0
44.80652618408203,16.34833526611328,0.37282031774520874,0.0736488401889801,14428.0,14424.0
76.22940063476562,18.421049118041992,0.324311226606369,0.07366076856851578,14432.0,14428.0
16.28445816040039,16.350976943969727,0.3170762062072754,0.0736723393201828,14436.0,14432.0
17.944660186767578,17.629226684570312,0.620851993560791,0.07368439435958862,14440.0,14436.0
13.527203559875488,15.530363082885742,0.2427193522453308,0.07369588315486908,14444.0,14440.0
46.468467712402344,15.962920188903809,1.0058724880218506,0.07370884716510773,14448.0,14444.0
15.400776863098145,15.7103853225708,-0.02395886927843094,0.07372047007083893,14452.0,14448.0
13.772346496582031,14.236191749572754,0.19423839449882507,0.0737314373254776,14456.0,14452.0
13.386240005493164,17.050094604492188,-0.1035214364528656,0.07374104857444763,14460.0,14456.0
12.460771560668945,11.713741302490234,-0.06600625813007355,0.07374954223632812,14464.0,14460.0
14.320018768310547,14.558004379272461,0.26020511984825134,0.07375786453485489,14468.0,14464.0
17.539669036865234,15.510024070739746,-0.4192028045654297,0.07376424223184586,14472.0,14468.0
10.094415664672852,13.691892623901367,-0.06583237648010254,0.07376982271671295,14476.0,14472.0
10.071334838867188,16.648784637451172,0.32424604892730713,0.07377569377422333,14480.0,14476.0
15.400514602661133,14.98803997039795,0.0023780465126037598,0.07378099113702774,14484.0,14480.0
16.494009017944336,13.161117553710938,0.5443094968795776,0.07378719747066498,14488.0,14484.0
11.929803848266602,16.81436538696289,0.15616917610168457,0.0737932026386261,14492.0,14488.0
12.435136795043945,14.850715637207031,0.3048599362373352,0.07379940897226334,14496.0,14492.0
16.029632568359375,15.614044189453125,0.4700316786766052,0.07380625605583191,14500.0,14496.0
29.236886978149414,15.994617462158203,0.18583634495735168,0.07381290197372437,14504.0,14500.0
19.07270050048828,16.712247848510742,0.4195171594619751,0.07381999492645264,14508.0,14504.0
15.495532989501953,17.615161895751953,0.12536728382110596,0.07382672280073166,14512.0,14508.0
28.000736236572266,16.368141174316406,-0.6113570928573608,0.07383115589618683,14516.0,14512.0
13.289327621459961,15.384222030639648,0.5846538543701172,0.07383669912815094,14520.0,14516.0
12.714399337768555,18.224956512451172,0.9749749898910522,0.07384426891803741,14524.0,14520.0
17.78904914855957,19.71133804321289,0.24327747523784637,0.07385173439979553,14528.0,14524.0
19.260684967041016,17.603445053100586,0.38187316060066223,0.07385946810245514,14532.0,14528.0
25.526714324951172,12.794589042663574,0.7371318340301514,0.07386837899684906,14536.0,14532.0
30.168968200683594,16.943737030029297,0.38000738620758057,0.07387741655111313,14540.0,14536.0
11.385826110839844,16.29482650756836,0.4174253046512604,0.07388666272163391,14544.0,14540.0
24.53400421142578,15.915693283081055,0.19347865879535675,0.07389550656080246,14548.0,14544.0
12.21976375579834,12.977141380310059,0.6035975813865662,0.07390507310628891,14552.0,14548.0
16.747390747070312,15.885229110717773,0.13224057853221893,0.0739140436053276,14556.0,14552.0
12.083240509033203,14.842063903808594,0.3327854573726654,0.07392299175262451,14560.0,14556.0
16.840229034423828,17.369665145874023,-0.2763810157775879,0.07393033057451248,14564.0,14560.0
15.526094436645508,14.712246894836426,0.6187666654586792,0.07393857836723328,14568.0,14564.0
11.617740631103516,13.666213035583496,-0.2797980010509491,0.07394526153802872,14572.0,14568.0
46.161293029785156,16.54720115661621,0.054652824997901917,0.07395143061876297,14576.0,14572.0
13.364175796508789,15.530386924743652,0.4087597131729126,0.07395807653665543,14580.0,14576.0
25.44116973876953,14.228922843933105,0.5513116717338562,0.07396553456783295,14584.0,14580.0
15.275343894958496,12.016073226928711,0.6421496272087097,0.07397396862506866,14588.0,14584.0
15.84359073638916,13.933683395385742,0.544635534286499,0.07398301362991333,14592.0,14588.0
14.618949890136719,12.890115737915039,0.6374770402908325,0.07399285584688187,14596.0,14592.0
17.559429168701172,14.779114723205566,0.23797309398651123,0.07400237023830414,14600.0,14596.0
12.352253913879395,13.666996955871582,0.8484054803848267,0.07401318103075027,14604.0,14600.0
38.68611145019531,17.005725860595703,0.7151802778244019,0.07402484863996506,14608.0,14604.0
37.46147918701172,19.566062927246094,0.2198435366153717,0.07403593510389328,14612.0,14608.0
12.267566680908203,15.194066047668457,0.5737674236297607,0.07404746115207672,14616.0,14612.0
16.274511337280273,16.695030212402344,0.5049011707305908,0.07405918091535568,14620.0,14616.0
14.066335678100586,15.803537368774414,0.44222548604011536,0.07407092303037643,14624.0,14620.0
15.594146728515625,15.117626190185547,0.18225158751010895,0.07408200204372406,14628.0,14624.0
21.610885620117188,14.520764350891113,0.5680972337722778,0.07409349828958511,14632.0,14628.0
15.905174255371094,11.213113784790039,-0.1885681450366974,0.07410334050655365,14636.0,14632.0
12.507194519042969,16.929101943969727,0.42859333753585815,0.07411335408687592,14640.0,14636.0
18.796066284179688,13.812922477722168,0.4311545789241791,0.07412353157997131,14644.0,14640.0
11.346446990966797,15.388794898986816,0.41000059247016907,0.07413380593061447,14648.0,14644.0
9.518917083740234,16.456356048583984,0.8340310454368591,0.07414529472589493,14652.0,14648.0
12.820422172546387,14.608539581298828,-0.06476905196905136,0.07415547966957092,14656.0,14652.0
11.999312400817871,11.841577529907227,0.199124276638031,0.07416518032550812,14660.0,14656.0
32.950347900390625,17.669029235839844,0.2334490716457367,0.07417455315589905,14664.0,14660.0
15.059317588806152,15.282477378845215,0.24883902072906494,0.07418366521596909,14668.0,14664.0
16.181612014770508,12.625267028808594,0.6877964735031128,0.07419373095035553,14672.0,14668.0
10.584430694580078,15.235206604003906,-0.26425668597221375,0.07420207560062408,14676.0,14672.0
27.751018524169922,16.484577178955078,0.11875289678573608,0.07420991361141205,14680.0,14676.0
25.34688949584961,18.8590030670166,0.8389716148376465,0.0742192417383194,14684.0,14680.0
17.432661056518555,13.451719284057617,0.08358103036880493,0.07422785460948944,14688.0,14684.0
24.65707778930664,15.754751205444336,-0.4311765730381012,0.07423445582389832,14692.0,14688.0
16.917266845703125,14.299821853637695,-0.1827375888824463,0.07423989474773407,14696.0,14692.0
13.716032028198242,15.821647644042969,0.5360414981842041,0.07424625009298325,14700.0,14696.0
12.148218154907227,12.683273315429688,-0.25716856122016907,0.07425127923488617,14704.0,14700.0
31.801815032958984,12.963303565979004,-0.400538831949234,0.07425470650196075,14708.0,14704.0
15.606119155883789,12.798046112060547,-0.4610160291194916,0.07425655424594879,14712.0,14708.0
18.055946350097656,15.151084899902344,-0.01892554759979248,0.07425816357135773,14716.0,14712.0
16.13701820373535,15.055086135864258,-0.31738919019699097,0.07425874471664429,14720.0,14716.0
26.190654754638672,14.223896026611328,-0.2560324966907501,0.07425856590270996,14724.0,14720.0
13.434989929199219,17.397579193115234,-0.19128119945526123,0.07425789535045624,14728.0,14724.0
33.683876037597656,16.800874710083008,0.1991247534751892,0.07425782829523087,14732.0,14728.0
29.079875946044922,14.13589859008789,-0.0015219151973724365,0.0742577537894249,14736.0,14732.0
14.252995491027832,13.169790267944336,0.39427149295806885,0.07425878196954727,14740.0,14736.0
11.603633880615234,15.631486892700195,0.9693698883056641,0.0742623433470726,14744.0,14740.0
16.155933380126953,17.55353546142578,1.1501891613006592,0.07426868379116058,14748.0,14744.0
10.266535758972168,15.13473129272461,0.6702857613563538,0.07427620887756348,14752.0,14748.0
48.18507385253906,16.075138092041016,-0.17930415272712708,0.07428248971700668,14756.0,14752.0
36.402984619140625,18.265426635742188,0.6032862067222595,0.07428980618715286,14760.0,14756.0
45.76617431640625,13.115039825439453,0.39464205503463745,0.0742974579334259,14764.0,14760.0
13.422733306884766,16.653785705566406,0.3352389335632324,0.07430527359247208,14768.0,14764.0
35.69645690917969,16.567764282226562,0.5454466342926025,0.07431378960609436,14772.0,14768.0
30.35297203063965,15.642282485961914,0.29818716645240784,0.07432228326797485,14776.0,14772.0
17.55571937561035,14.056960105895996,0.6888106465339661,0.07433179765939713,14780.0,14776.0
10.585195541381836,14.613502502441406,0.2932407557964325,0.07434117048978806,14784.0,14780.0
17.179534912109375,15.883676528930664,0.8413712978363037,0.07435191422700882,14788.0,14784.0
11.477261543273926,12.973834991455078,0.3970043361186981,0.07436267286539078,14792.0,14788.0
21.398723602294922,18.491844177246094,1.111938714981079,0.07437540590763092,14796.0,14792.0
18.59581756591797,16.056575775146484,0.12623733282089233,0.07438721507787704,14800.0,14796.0
10.567304611206055,16.73973846435547,-0.08989959955215454,0.07439760863780975,14804.0,14800.0
29.987323760986328,15.624472618103027,0.2233220636844635,0.07440757751464844,14808.0,14804.0
10.398590087890625,14.139169692993164,-0.12972116470336914,0.07441620528697968,14812.0,14808.0
10.762704849243164,11.94260025024414,0.1667041778564453,0.07442441582679749,14816.0,14812.0
16.317501068115234,13.30591106414795,0.10484464466571808,0.07443209737539291,14820.0,14816.0
13.323959350585938,15.507906913757324,0.6850262880325317,0.07444090396165848,14824.0,14820.0
45.88470458984375,18.856151580810547,1.2263603210449219,0.07445219159126282,14828.0,14824.0
10.605717658996582,13.495023727416992,0.4862423837184906,0.07446369528770447,14832.0,14828.0
13.623571395874023,17.606374740600586,1.082552194595337,0.07447700947523117,14836.0,14832.0
8.74701976776123,15.379776000976562,0.8400893211364746,0.07449130713939667,14840.0,14836.0
12.679166793823242,13.866438865661621,0.5411442518234253,0.07450567930936813,14844.0,14840.0
30.87077522277832,15.431324005126953,0.8267267942428589,0.07452088594436646,14848.0,14844.0
10.897113800048828,14.311119079589844,1.1119059324264526,0.07453761994838715,14852.0,14848.0
15.324359893798828,12.842438697814941,1.0603703260421753,0.07455560564994812,14856.0,14852.0
15.488923072814941,17.160076141357422,1.1236363649368286,0.07457488030195236,14860.0,14856.0
18.11957359313965,15.249679565429688,0.8808473348617554,0.0745946541428566,14864.0,14860.0
12.304428100585938,15.868988990783691,0.1293134242296219,0.0746128112077713,14868.0,14864.0
9.846415519714355,13.048025131225586,0.36880266666412354,0.07463017851114273,14872.0,14868.0
15.619580268859863,14.746946334838867,0.5779023170471191,0.07464741915464401,14876.0,14872.0
12.467544555664062,12.373096466064453,0.2039175033569336,0.07466351240873337,14880.0,14876.0
16.5733642578125,13.555222511291504,0.5246044993400574,0.07467944920063019,14884.0,14880.0
33.08997344970703,20.421043395996094,0.3422193229198456,0.07469474524259567,14888.0,14884.0
15.055761337280273,17.565793991088867,0.041741758584976196,0.07470863312482834,14892.0,14888.0
14.704526901245117,13.859033584594727,-0.18799662590026855,0.07472062110900879,14896.0,14892.0
20.19476890563965,14.070765495300293,0.11920568346977234,0.07473175972700119,14900.0,14896.0
8.584503173828125,15.314793586730957,0.027206119149923325,0.07474186271429062,14904.0,14900.0
31.990219116210938,15.648388862609863,-0.17856886982917786,0.07475045323371887,14908.0,14904.0
15.700981140136719,14.963499069213867,0.6415865421295166,0.07475996762514114,14912.0,14908.0
15.630962371826172,14.008420944213867,0.233949214220047,0.07476918399333954,14916.0,14912.0
14.357244491577148,15.251405715942383,0.05135119706392288,0.07477763295173645,14920.0,14916.0
11.863765716552734,12.62277603149414,-0.18350014090538025,0.07478472590446472,14924.0,14920.0
18.45572853088379,15.824773788452148,-0.08592988550662994,0.07479088008403778,14928.0,14924.0
17.26700210571289,14.526301383972168,0.0687079206109047,0.07479660212993622,14932.0,14928.0
8.522464752197266,12.922531127929688,-0.6513105630874634,0.07479995489120483,14936.0,14932.0
20.976974487304688,16.317277908325195,0.36115801334381104,0.07480397075414658,14940.0,14936.0
17.578176498413086,17.03125762939453,0.26695847511291504,0.07480834424495697,14944.0,14940.0
12.175688743591309,14.353985786437988,-0.40467095375061035,0.07481113821268082,14948.0,14944.0
17.660110473632812,13.332939147949219,-0.11971452832221985,0.07481333613395691,14952.0,14948.0
22.541160583496094,14.32194709777832,-0.2953198254108429,0.07481447607278824,14956.0,14952.0
16.732316970825195,16.88058090209961,-0.05959215760231018,0.07481534779071808,14960.0,14956.0
12.77381706237793,14.833847045898438,-0.11274953931570053,0.07481581717729568,14964.0,14960.0
15.571528434753418,12.842259407043457,0.0643184632062912,0.07481642067432404,14968.0,14964.0
17.141586303710938,14.61361312866211,0.38523662090301514,0.07481804490089417,14972.0,14968.0
14.039180755615234,13.885910987854004,0.2323632836341858,0.0748201459646225,14976.0,14972.0
14.9608736038208,15.267918586730957,0.27055269479751587,0.0748228058218956,14980.0,14976.0
15.334945678710938,16.0855712890625,0.8156355619430542,0.07482747733592987,14984.0,14980.0
14.640414237976074,15.576967239379883,0.9779641032218933,0.0748344212770462,14988.0,14984.0
15.997319221496582,15.878740310668945,0.3307473659515381,0.07484159618616104,14992.0,14988.0
19.71084213256836,15.44937801361084,0.5886112451553345,0.0748496949672699,14996.0,14992.0
19.1591796875,14.845852851867676,0.27696144580841064,0.07485777884721756,15000.0,14996.0
10.220293998718262,13.47080135345459,0.09389156103134155,0.07486531138420105,15004.0,15000.0
17.42621612548828,11.59499740600586,-0.2261473685503006,0.07487146556377411,15008.0,15004.0
14.285269737243652,12.444125175476074,-0.29618242383003235,0.07487618178129196,15012.0,15008.0
15.983922958374023,16.822946548461914,0.535474419593811,0.07488193362951279,15016.0,15012.0
29.9158935546875,13.504220962524414,0.37461769580841064,0.07488816231489182,15020.0,15016.0
20.27463150024414,13.894098281860352,-0.314086377620697,0.07489287853240967,15024.0,15020.0
14.937637329101562,14.96424388885498,0.09672635048627853,0.0748973935842514,15028.0,15024.0
16.10765838623047,15.715106964111328,0.004417881369590759,0.07490148395299911,15032.0,15028.0
12.264917373657227,16.22006607055664,0.15484100580215454,0.07490558922290802,15036.0,15032.0
14.001734733581543,15.79140853881836,-0.2538210153579712,0.07490856945514679,15040.0,15036.0
14.80397891998291,17.262298583984375,0.4608820676803589,0.07491257041692734,15044.0,15040.0
13.143133163452148,15.948217391967773,0.5969828963279724,0.07491784542798996,15048.0,15044.0
20.749977111816406,12.786741256713867,-0.1650666892528534,0.07492212951183319,15052.0,15048.0
23.24979019165039,17.356815338134766,0.03199602663516998,0.07492607831954956,15056.0,15052.0
12.500288963317871,14.921414375305176,-0.28620821237564087,0.07492882758378983,15060.0,15056.0
20.278141021728516,18.39849853515625,0.39537549018859863,0.07493241876363754,15064.0,15060.0
15.65577507019043,14.649325370788574,-0.2794712781906128,0.07493487000465393,15068.0,15064.0
17.9705810546875,12.766277313232422,-0.06821750104427338,0.0749368667602539,15072.0,15068.0
17.10855484008789,16.235103607177734,0.21495652198791504,0.07493928074836731,15076.0,15072.0
11.908241271972656,16.348304748535156,0.6362388730049133,0.07494326680898666,15080.0,15076.0
16.413028717041016,16.459259033203125,0.5475043058395386,0.07494839280843735,15084.0,15080.0
33.4942626953125,19.378095626831055,0.7268503308296204,0.07495507597923279,15088.0,15084.0
34.77395248413086,15.653206825256348,-0.19639819860458374,0.07496052980422974,15092.0,15088.0
13.150142669677734,15.195603370666504,0.0718587338924408,0.07496564090251923,15096.0,15092.0
36.40060043334961,16.382858276367188,0.2547121047973633,0.07497096061706543,15100.0,15096.0
44.90326690673828,14.660686492919922,0.5289163589477539,0.07497727125883102,15104.0,15100.0
20.60541534423828,17.071409225463867,0.718522310256958,0.07498498260974884,15108.0,15104.0
31.09051513671875,15.720386505126953,0.1718798577785492,0.07499241828918457,15112.0,15108.0
16.175670623779297,16.700878143310547,0.3592197299003601,0.07500012218952179,15116.0,15112.0
18.663436889648438,16.583314895629883,0.09192443639039993,0.07500732690095901,15120.0,15116.0
18.197784423828125,16.116104125976562,0.5896638035774231,0.07501550018787384,15124.0,15120.0
24.546817779541016,13.316397666931152,-0.07754445821046829,0.0750226378440857,15128.0,15124.0
8.835357666015625,12.387816429138184,-0.012522757053375244,0.07502902299165726,15132.0,15128.0
20.036590576171875,16.64546012878418,0.00144977867603302,0.07503478229045868,15136.0,15132.0
18.940868377685547,17.444183349609375,0.15162092447280884,0.07504040002822876,15140.0,15136.0
20.814451217651367,15.730184555053711,0.4511314034461975,0.07504675537347794,15144.0,15140.0
18.096454620361328,16.294050216674805,-8.916854858398438e-05,0.07505246251821518,15148.0,15144.0
11.680288314819336,11.851089477539062,0.1059567853808403,0.07505790144205093,15152.0,15148.0
14.164410591125488,16.76726722717285,0.8379445672035217,0.07506520301103592,15156.0,15152.0
15.542613983154297,11.861105918884277,0.48783594369888306,0.07507316768169403,15160.0,15156.0
14.586433410644531,15.039834976196289,0.47436124086380005,0.0750817060470581,15164.0,15160.0
17.52660369873047,14.821866989135742,-0.05490773916244507,0.0750892236828804,15168.0,15164.0
10.567381858825684,13.687956809997559,0.004982493817806244,0.0750960111618042,15172.0,15168.0
15.526615142822266,15.583749771118164,-0.08576574176549911,0.07510188221931458,15176.0,15172.0
19.44831085205078,15.512056350708008,0.3619966208934784,0.07510820776224136,15180.0,15176.0
13.174047470092773,12.662217140197754,-0.09840020537376404,0.07511360943317413,15184.0,15180.0
12.44107437133789,15.280534744262695,0.4129717946052551,0.07511966675519943,15188.0,15184.0
15.400050163269043,14.571922302246094,-0.24450373649597168,0.07512441277503967,15192.0,15188.0
18.912212371826172,13.836767196655273,-0.27121126651763916,0.07512790709733963,15196.0,15192.0
15.569416046142578,14.300677299499512,0.29932552576065063,0.07513191550970078,15200.0,15196.0
16.941743850708008,13.481452941894531,-0.08462750166654587,0.07513528317213058,15204.0,15200.0
15.031672477722168,15.66141128540039,-0.6129923462867737,0.07513655722141266,15208.0,15204.0
24.18425750732422,18.399524688720703,-0.11629116535186768,0.07513736188411713,15212.0,15208.0
16.577865600585938,17.806032180786133,0.12593084573745728,0.07513845711946487,15216.0,15212.0
19.790668487548828,16.856224060058594,-0.1552221029996872,0.07513899356126785,15220.0,15216.0
11.81998062133789,15.493389129638672,-0.3182799220085144,0.07513856142759323,15224.0,15220.0
24.15283203125,14.986570358276367,-0.720611572265625,0.07513609528541565,15228.0,15224.0
12.03941535949707,15.21610164642334,0.3504628539085388,0.07513487339019775,15232.0,15228.0
20.3076229095459,14.85584831237793,-0.011993687599897385,0.07513374090194702,15236.0,15232.0
9.74145221710205,16.029531478881836,-0.21834778785705566,0.0751320943236351,15240.0,15236.0
20.724533081054688,17.66206932067871,-0.24931657314300537,0.07512989640235901,15244.0,15240.0
11.304594039916992,13.825855255126953,0.09728145599365234,0.07512819021940231,15248.0,15244.0
18.72464370727539,18.914714813232422,0.2090604454278946,0.0751272588968277,15252.0,15248.0
14.333105087280273,16.89202880859375,0.10605192184448242,0.07512673735618591,15256.0,15252.0
16.837915420532227,14.917732238769531,0.3122718930244446,0.07512716948986053,15260.0,15256.0
15.55300521850586,15.711160659790039,0.9239930510520935,0.07513023167848587,15264.0,15260.0
13.57276725769043,16.508264541625977,0.4995388090610504,0.07513442635536194,15268.0,15264.0
10.983304977416992,14.15705680847168,0.20475570857524872,0.07513879984617233,15272.0,15268.0
39.22754669189453,14.792867660522461,0.49811431765556335,0.07514417171478271,15276.0,15272.0
14.374719619750977,12.794085502624512,0.1789953112602234,0.0751495286822319,15280.0,15276.0
10.570531845092773,14.794346809387207,0.4834986925125122,0.07515576481819153,15284.0,15280.0
8.111764907836914,14.095105171203613,0.13095669448375702,0.07516174763441086,15288.0,15284.0
19.427566528320312,16.605070114135742,0.5184738039970398,0.07516864687204361,15292.0,15288.0
22.175655364990234,14.34201431274414,-0.4536893367767334,0.07517354190349579,15296.0,15292.0
13.932015419006348,14.370833396911621,0.5110245943069458,0.07517943531274796,15300.0,15296.0
22.876365661621094,15.470563888549805,0.3381325304508209,0.07518573105335236,15304.0,15300.0
16.818824768066406,11.806339263916016,0.39697641134262085,0.07519254088401794,15308.0,15304.0
14.75831413269043,15.688592910766602,0.7686753869056702,0.07520091533660889,15312.0,15308.0
17.802825927734375,16.40502166748047,-0.15098395943641663,0.07520801573991776,15316.0,15312.0
11.97354507446289,13.035301208496094,0.274166077375412,0.07521520555019379,15320.0,15316.0
16.07080078125,12.71300220489502,-0.2613641619682312,0.07522092759609222,15324.0,15320.0
18.298213958740234,15.505324363708496,0.3024333119392395,0.07522694766521454,15328.0,15324.0
15.064376831054688,12.157712936401367,0.48116958141326904,0.07523378729820251,15332.0,15328.0
23.686676025390625,16.239620208740234,0.3187463879585266,0.07524087280035019,15336.0,15332.0
22.84117889404297,17.95860481262207,0.3046717345714569,0.07524813711643219,15340.0,15336.0
14.12547492980957,17.12579345703125,0.8896734714508057,0.07525727152824402,15344.0,15340.0
15.852924346923828,13.106819152832031,-0.30831968784332275,0.0752645879983902,15348.0,15344.0
8.782270431518555,14.239137649536133,0.08534114807844162,0.07527144253253937,15352.0,15348.0
29.682628631591797,17.059144973754883,-0.03053942322731018,0.07527752965688705,15356.0,15352.0
17.890275955200195,17.00088882446289,0.2621595859527588,0.07528377324342728,15360.0,15356.0
31.074073791503906,16.224300384521484,0.35321980714797974,0.07529043406248093,15364.0,15360.0
23.265365600585938,17.03214454650879,0.3087504804134369,0.07529732584953308,15368.0,15364.0
17.65276336669922,15.250405311584473,-0.1659902036190033,0.07530305534601212,15372.0,15368.0
18.364131927490234,16.349916458129883,-0.4126184582710266,0.07530700415372849,15376.0,15372.0
15.517544746398926,14.636880874633789,0.11381231248378754,0.07531088590621948,15380.0,15376.0
14.923574447631836,15.644933700561523,0.672515869140625,0.07531636208295822,15384.0,15380.0
18.443195343017578,13.082911491394043,0.5674617886543274,0.0753229483962059,15388.0,15384.0
13.164624214172363,17.503189086914062,0.3666084408760071,0.07532995194196701,15392.0,15388.0
17.897632598876953,13.859606742858887,0.2828100919723511,0.07533710449934006,15396.0,15392.0
18.677162170410156,14.795443534851074,0.6189548373222351,0.07534534484148026,15400.0,15396.0
15.960163116455078,13.232906341552734,0.17818590998649597,0.07535330951213837,15404.0,15400.0
19.304262161254883,13.889450073242188,0.4541515111923218,0.07536180317401886,15408.0,15404.0
24.3920955657959,13.612180709838867,0.40089529752731323,0.07537064701318741,15412.0,15408.0
19.92021942138672,16.199155807495117,0.3426467776298523,0.07537961006164551,15416.0,15412.0
20.53518295288086,14.93977165222168,0.23480843007564545,0.07538838684558868,15420.0,15416.0
40.250648498535156,15.955568313598633,0.14525499939918518,0.07539670169353485,15424.0,15420.0
9.813766479492188,16.709659576416016,-0.19441351294517517,0.0754036232829094,15428.0,15424.0
12.67170524597168,15.419917106628418,0.3412017226219177,0.0754108726978302,15432.0,15428.0
17.483108520507812,11.190147399902344,0.6274439096450806,0.07541924715042114,15436.0,15432.0
37.650691986083984,14.85184097290039,0.5155489444732666,0.0754283145070076,15440.0,15436.0
27.323894500732422,15.96027660369873,-0.1985488086938858,0.07543588429689407,15444.0,15440.0
11.892010688781738,15.451045989990234,0.12895028293132782,0.0754430815577507,15448.0,15444.0
20.587133407592773,17.152177810668945,0.24518954753875732,0.07545029371976852,15452.0,15448.0
21.65791130065918,14.074867248535156,0.5784703493118286,0.07545849680900574,15456.0,15452.0
16.234256744384766,16.454853057861328,-0.11366740614175797,0.07546554505825043,15460.0,15456.0
15.713573455810547,13.482662200927734,0.10218044370412827,0.07547220587730408,15464.0,15460.0
30.57333755493164,14.596277236938477,-0.3358970284461975,0.07547721266746521,15468.0,15464.0
12.276178359985352,13.81802749633789,-0.04957844316959381,0.07548156380653381,15472.0,15468.0
14.453719139099121,18.23249053955078,0.1515578031539917,0.07548593729734421,15476.0,15472.0
24.009918212890625,15.014317512512207,0.06988485157489777,0.0754900723695755,15480.0,15476.0
13.632503509521484,16.77432632446289,-0.2042713463306427,0.07549318671226501,15484.0,15480.0
31.6182861328125,16.423114776611328,-0.20948472619056702,0.07549538463354111,15488.0,15484.0
15.080742835998535,14.704832077026367,0.11805613338947296,0.07549770921468735,15492.0,15488.0
14.275813102722168,14.760754585266113,0.42330971360206604,0.07550105452537537,15496.0,15492.0
17.37303924560547,14.95937728881836,0.015885725617408752,0.0755041167140007,15500.0,15496.0
12.553129196166992,12.907999038696289,0.37788769602775574,0.0755080059170723,15504.0,15500.0
16.447294235229492,14.903045654296875,-0.17253635823726654,0.07551099359989166,15508.0,15504.0
13.555289268493652,15.049432754516602,0.5272592306137085,0.0755152627825737,15512.0,15508.0
19.129798889160156,15.326026916503906,-0.09738638997077942,0.07551880925893784,15516.0,15512.0
17.337589263916016,13.837156295776367,0.10982917249202728,0.07552233338356018,15520.0,15516.0
13.314067840576172,18.491615295410156,0.7606013417243958,0.07552777230739594,15524.0,15520.0
16.417118072509766,15.512748718261719,0.2571261525154114,0.07553344964981079,15528.0,15524.0
9.30158519744873,14.399698257446289,0.716661810874939,0.0755406841635704,15532.0,15528.0
31.39974594116211,16.5789737701416,0.42572855949401855,0.07554848492145538,15536.0,15532.0
18.288715362548828,13.61874008178711,0.6176239252090454,0.07555735111236572,15540.0,15536.0
41.0254020690918,16.63835906982422,0.44312652945518494,0.07556666433811188,15544.0,15540.0
18.941068649291992,19.040668487548828,0.014529183506965637,0.075575090944767,15548.0,15544.0
18.911983489990234,16.98639488220215,0.2855794131755829,0.0755835473537445,15552.0,15548.0
13.105171203613281,15.560150146484375,0.2071753740310669,0.07559178024530411,15556.0,15552.0
16.718326568603516,17.406213760375977,0.2197050005197525,0.07559985667467117,15560.0,15556.0
16.445377349853516,13.192266464233398,0.5093321204185486,0.07560865581035614,15564.0,15560.0
13.631080627441406,14.915130615234375,0.512322187423706,0.07561811804771423,15568.0,15564.0
19.780195236206055,15.61224365234375,0.030666440725326538,0.07562673091888428,15572.0,15568.0
14.681615829467773,16.18289566040039,0.42991605401039124,0.07563578337430954,15576.0,15572.0
20.633947372436523,18.039073944091797,0.38029444217681885,0.0756450742483139,15580.0,15576.0
19.443626403808594,15.452308654785156,0.5087759494781494,0.07565497606992722,15584.0,15580.0
17.498455047607422,13.03364372253418,0.6224900484085083,0.07566576451063156,15588.0,15584.0
20.648418426513672,14.828166961669922,0.7114342451095581,0.07567761838436127,15592.0,15588.0
12.720186233520508,12.999197006225586,-0.11970032006502151,0.075687937438488,15596.0,15592.0
14.876296043395996,16.24629783630371,0.4815317690372467,0.07569867372512817,15600.0,15596.0
17.483261108398438,17.735734939575195,1.1857095956802368,0.07571190595626831,15604.0,15600.0
48.47584533691406,16.454025268554688,0.8796521425247192,0.0757264718413353,15608.0,15604.0
18.262657165527344,15.419970512390137,0.37237486243247986,0.07574072480201721,15612.0,15608.0
27.369083404541016,15.417256355285645,0.3467705547809601,0.07575459033250809,15616.0,15612.0
12.43107795715332,16.81837272644043,-0.07050264626741409,0.07576687633991241,15620.0,15616.0
10.607152938842773,14.214040756225586,1.2745978832244873,0.07578176259994507,15624.0,15620.0
19.362613677978516,11.630926132202148,0.3194950222969055,0.07579614222049713,15628.0,15624.0
12.995953559875488,14.97610855102539,0.13758769631385803,0.07580950111150742,15632.0,15628.0
9.286012649536133,13.622746467590332,-0.2086300253868103,0.0758209079504013,15636.0,15632.0
14.882991790771484,14.418164253234863,0.19832845032215118,0.07583177089691162,15640.0,15636.0
29.643672943115234,17.772123336791992,0.25145453214645386,0.07584232836961746,15644.0,15640.0
16.906795501708984,15.805322647094727,0.2504408359527588,0.07585258036851883,15648.0,15644.0
20.82512092590332,14.929282188415527,0.22803045809268951,0.07586251199245453,15652.0,15648.0
17.11023712158203,12.93891429901123,0.1297842115163803,0.07587184756994247,15656.0,15652.0
20.457937240600586,17.080183029174805,0.31228697299957275,0.07588119804859161,15660.0,15656.0
11.535711288452148,16.516551971435547,0.24159467220306396,0.07589035481214523,15664.0,15660.0
13.591547012329102,14.991026878356934,-0.12865786254405975,0.07589820772409439,15668.0,15664.0
17.484350204467773,16.7713623046875,0.8207001686096191,0.07590778172016144,15672.0,15668.0
25.931882858276367,13.810620307922363,0.47793853282928467,0.07591784000396729,15676.0,15672.0
28.721773147583008,15.400773048400879,0.7469675540924072,0.0759291723370552,15680.0,15676.0
12.215282440185547,15.619683265686035,0.32611846923828125,0.07594037801027298,15684.0,15680.0
18.144603729248047,12.752214431762695,0.5210978984832764,0.07595206052064896,15688.0,15684.0
10.588781356811523,15.399725914001465,0.008420050144195557,0.0759626030921936,15692.0,15688.0
40.264312744140625,16.29119110107422,0.15616783499717712,0.0759725570678711,15696.0,15692.0
16.94912338256836,15.758031845092773,0.5048426389694214,0.07598308473825455,15700.0,15696.0
30.65403938293457,17.45718002319336,0.5435766577720642,0.07599420845508575,15704.0,15700.0
49.7330436706543,16.262535095214844,0.532291829586029,0.07600586116313934,15708.0,15704.0
11.141841888427734,14.851546287536621,0.09160884469747543,0.0760166272521019,15712.0,15708.0
15.886451721191406,13.239314079284668,0.506666898727417,0.07602787762880325,15716.0,15712.0
17.10485076904297,15.770330429077148,0.6273897886276245,0.07603993266820908,15720.0,15716.0
16.45501708984375,16.75518798828125,-0.14703527092933655,0.07605034112930298,15724.0,15720.0
22.577606201171875,17.388229370117188,0.27097445726394653,0.07606053352355957,15728.0,15724.0
17.789875030517578,20.27096939086914,-0.02106558531522751,0.0760696530342102,15732.0,15728.0
15.658318519592285,17.013078689575195,-0.25218433141708374,0.07607708871364594,15736.0,15732.0
42.22956085205078,17.644311904907227,0.27694588899612427,0.07608463615179062,15740.0,15736.0
21.287033081054688,20.471418380737305,0.29866403341293335,0.07609234750270844,15744.0,15740.0
19.714017868041992,17.124574661254883,0.07198105752468109,0.07609951496124268,15748.0,15744.0
19.73525619506836,15.246292114257812,-0.30073514580726624,0.07610505074262619,15752.0,15748.0
30.533126831054688,14.044525146484375,0.2774904668331146,0.07611086964607239,15756.0,15752.0
14.985718727111816,15.977039337158203,0.4748171269893646,0.07611759006977081,15760.0,15756.0
16.445388793945312,15.698249816894531,-0.021842170506715775,0.07612355798482895,15764.0,15760.0
16.609371185302734,17.028560638427734,-0.1964358687400818,0.07612833380699158,15768.0,15764.0
19.957561492919922,11.058772087097168,0.0681440532207489,0.07613284885883331,15772.0,15768.0
21.622215270996094,18.418975830078125,-0.36098918318748474,0.0761357918381691,15776.0,15772.0
39.38323974609375,13.481344223022461,-0.2134728729724884,0.07613778859376907,15780.0,15776.0
20.562841415405273,19.664548873901367,0.1114351898431778,0.07613992691040039,15784.0,15780.0
13.519861221313477,16.19615364074707,-0.3679099678993225,0.07614073157310486,15788.0,15784.0
13.872190475463867,19.74005889892578,0.16063924133777618,0.07614194601774216,15792.0,15788.0
16.737957000732422,15.078497886657715,-0.29534202814102173,0.07614212483167648,15796.0,15792.0
18.24330711364746,18.355255126953125,-0.0020653605461120605,0.07614227384328842,15800.0,15796.0
34.08366775512695,19.863391876220703,1.4535422325134277,0.07614690065383911,15804.0,15800.0
38.50468444824219,18.96661376953125,-0.027959734201431274,0.07615098357200623,15808.0,15804.0
27.562015533447266,16.31180191040039,0.38018468022346497,0.07615583389997482,15812.0,15808.0
28.251956939697266,17.16737937927246,0.9328620433807373,0.07616307586431503,15816.0,15812.0
26.071727752685547,18.831886291503906,0.18665951490402222,0.0761701762676239,15820.0,15816.0
8.080766677856445,15.880334854125977,0.6168273687362671,0.07617847621440887,15824.0,15820.0
30.643972396850586,16.48262596130371,0.13497352600097656,0.07618638128042221,15828.0,15824.0
41.80305862426758,13.488300323486328,0.21252092719078064,0.0761941522359848,15832.0,15828.0
17.494915008544922,16.835874557495117,0.8949494361877441,0.07620392739772797,15836.0,15832.0
24.733991622924805,15.470060348510742,0.5775796175003052,0.07621452212333679,15840.0,15836.0
17.650245666503906,17.1176815032959,0.5271633863449097,0.07622568309307098,15844.0,15840.0
22.943191528320312,17.24854278564453,0.5607675909996033,0.07623747736215591,15848.0,15844.0
22.457565307617188,16.01880645751953,0.1979856789112091,0.07624870538711548,15852.0,15848.0
12.737190246582031,17.151905059814453,0.7335327863693237,0.07626111060380936,15856.0,15852.0
13.28019905090332,14.85004997253418,0.3042449951171875,0.07627321779727936,15860.0,15856.0
37.03934097290039,16.304473876953125,0.07216204702854156,0.07628434896469116,15864.0,15860.0
14.757144927978516,14.841731071472168,0.30930301547050476,0.07629533112049103,15868.0,15864.0
17.52847671508789,15.932910919189453,0.02982642501592636,0.0763053223490715,15872.0,15868.0
22.316410064697266,18.561174392700195,-0.5843278169631958,0.07631248980760574,15876.0,15872.0
19.946569442749023,15.010089874267578,0.14023643732070923,0.0763193815946579,15880.0,15876.0
22.24251937866211,16.920223236083984,0.3140582740306854,0.07632657140493393,15884.0,15880.0
17.149641036987305,15.636650085449219,0.3533077538013458,0.0763341411948204,15888.0,15884.0
15.387374877929688,18.194438934326172,0.5376491546630859,0.0763426423072815,15892.0,15888.0
12.22428035736084,15.355712890625,-0.49938881397247314,0.07634874433279037,15896.0,15892.0
20.18965721130371,17.75006103515625,0.2975381016731262,0.07635515183210373,15900.0,15896.0
17.144540786743164,14.934829711914062,0.22737833857536316,0.07636162638664246,15904.0,15900.0
17.368431091308594,16.739255905151367,0.8562358617782593,0.07637014985084534,15908.0,15904.0
15.35763168334961,14.690872192382812,0.5759658813476562,0.07637961953878403,15912.0,15908.0
15.63826847076416,17.104690551757812,0.4008713364601135,0.07638940215110779,15916.0,15912.0
17.961620330810547,18.312814712524414,-0.0023832321166992188,0.07639819383621216,15920.0,15916.0
27.20457649230957,16.467418670654297,0.24275481700897217,0.07640688866376877,15924.0,15920.0
14.975471496582031,19.194726943969727,0.4991360902786255,0.0764162689447403,15928.0,15924.0
34.926475524902344,17.003093719482422,-0.08214657753705978,0.07642446458339691,15932.0,15928.0
13.798376083374023,18.44354248046875,0.44819754362106323,0.07643324881792068,15936.0,15932.0
16.903247833251953,14.556045532226562,0.4060786962509155,0.07644243538379669,15940.0,15936.0
19.274246215820312,15.662328720092773,0.26776447892189026,0.07645154744386673,15944.0,15940.0
13.704065322875977,14.592642784118652,0.15330596268177032,0.07646024227142334,15948.0,15944.0
13.040366172790527,15.808550834655762,0.309065043926239,0.07646903395652771,15952.0,15948.0
31.93620491027832,16.38320541381836,0.8274334073066711,0.07647955417633057,15956.0,15952.0
21.23616600036621,16.131101608276367,0.8930169343948364,0.0764918252825737,15960.0,15956.0
16.95318603515625,16.961170196533203,0.44454118609428406,0.07650428265333176,15964.0,15960.0
18.04241180419922,18.44991111755371,0.29768210649490356,0.07651642709970474,15968.0,15964.0
49.96807861328125,16.3857421875,0.6043986678123474,0.07652927190065384,15972.0,15968.0
52.024784088134766,15.550862312316895,0.11814430356025696,0.07654120773077011,15976.0,15972.0
15.65372371673584,16.08315658569336,0.39266592264175415,0.07655319571495056,15980.0,15976.0
27.07272720336914,16.957910537719727,0.40600842237472534,0.07656528055667877,15984.0,15980.0
20.798768997192383,17.750699996948242,0.3465186655521393,0.07657725363969803,15988.0,15984.0
21.16849136352539,20.602108001708984,0.3125750720500946,0.07658901810646057,15992.0,15988.0
14.527122497558594,17.654340744018555,0.3091544508934021,0.07660059630870819,15996.0,15992.0
15.011560440063477,17.054244995117188,0.1505819857120514,0.07661149650812149,16000.0,15996.0
12.590561866760254,15.827338218688965,-0.29227784276008606,0.07662039250135422,16004.0,16000.0
11.536134719848633,14.416683197021484,0.5107823610305786,0.07663001865148544,16008.0,16004.0
42.24721145629883,19.59358787536621,-0.39450544118881226,0.07663743942975998,16012.0,16008.0
23.885581970214844,16.283775329589844,0.40374600887298584,0.0766453891992569,16016.0,16012.0
26.7709903717041,17.559587478637695,-0.14421512186527252,0.07665209472179413,16020.0,16016.0
18.237377166748047,17.285188674926758,-0.2293291985988617,0.07665741443634033,16024.0,16020.0
18.796661376953125,16.79359245300293,-0.6123274564743042,0.07666024565696716,16028.0,16024.0
16.771244049072266,14.932626724243164,0.13655242323875427,0.07666322588920593,16032.0,16028.0
18.642601013183594,12.841168403625488,-0.5930800437927246,0.0766640305519104,16036.0,16032.0
18.394947052001953,16.630144119262695,0.23877811431884766,0.07666550576686859,16040.0,16036.0
20.422149658203125,16.49860382080078,-0.10091599822044373,0.07666653394699097,16044.0,16040.0
24.22332763671875,13.046939849853516,-0.071685791015625,0.07666722685098648,16048.0,16044.0
11.069440841674805,16.669219970703125,-0.1263066530227661,0.07666744291782379,16052.0,16048.0
21.03223991394043,19.002262115478516,-0.31149640679359436,0.07666664570569992,16056.0,16052.0
25.064714431762695,16.875385284423828,-0.1535644233226776,0.07666543871164322,16060.0,16056.0
23.62298583984375,13.487157821655273,0.21588000655174255,0.07666503638029099,16064.0,16060.0
13.724166870117188,15.546842575073242,0.28058159351348877,0.07666556537151337,16068.0,16064.0
33.09679412841797,14.366211891174316,0.41667360067367554,0.07666737586259842,16072.0,16068.0
14.366476058959961,16.382652282714844,0.26576635241508484,0.0766698569059372,16076.0,16072.0
19.38897705078125,16.505313873291016,0.7031937837600708,0.07667434215545654,16080.0,16076.0
25.952518463134766,17.067119598388672,0.5959615111351013,0.07668028026819229,16084.0,16080.0
14.845271110534668,16.676469802856445,0.32861649990081787,0.07668668031692505,16088.0,16084.0
18.5692081451416,16.21876335144043,0.034896668046712875,0.07669255137443542,16092.0,16088.0
53.1009635925293,18.562583923339844,0.5924321413040161,0.07669973373413086,16096.0,16092.0
20.402570724487305,15.89498519897461,-0.14434653520584106,0.07670573145151138,16100.0,16096.0
20.583980560302734,15.928616523742676,0.3442980647087097,0.0767122432589531,16104.0,16100.0
21.43988037109375,15.194559097290039,0.07901721447706223,0.07671835273504257,16108.0,16104.0
46.168212890625,18.360563278198242,0.2594744861125946,0.07672467827796936,16112.0,16108.0
19.918506622314453,17.553937911987305,0.32478639483451843,0.07673142850399017,16116.0,16112.0
37.639259338378906,17.125120162963867,0.31947532296180725,0.07673852890729904,16120.0,16116.0
12.669214248657227,18.62407684326172,-0.2580166459083557,0.07674409449100494,16124.0,16120.0
17.63007354736328,18.372119903564453,0.20162510871887207,0.07674974948167801,16128.0,16122.0
18.275135040283203,17.307708740234375,0.5162454843521118,0.07675649970769882,16132.0,16126.0
18.766984939575195,14.953628540039062,0.4925633668899536,0.07676416635513306,16136.0,16130.0
13.916940689086914,15.121585845947266,-0.019656702876091003,0.07677101343870163,16140.0,16134.0
14.883082389831543,14.755586624145508,0.1394476294517517,0.0767776221036911,16144.0,16138.0
11.729676246643066,14.33355712890625,-0.11858046054840088,0.076783187687397,16148.0,16142.0
19.32516860961914,15.915821075439453,0.5702428221702576,0.07679003477096558,16152.0,16146.0
24.521257400512695,17.330820083618164,0.5993890166282654,0.07679812610149384,16156.0,16150.0
16.599445343017578,14.20582103729248,0.3831762373447418,0.07680665701627731,16160.0,16154.0
18.93026351928711,16.4178409576416,0.965921938419342,0.07681744545698166,16164.0,16158.0
15.758365631103516,16.878028869628906,0.7684997320175171,0.07682962715625763,16168.0,16162.0
31.370464324951172,20.06279754638672,0.904509961605072,0.0768435075879097,16172.0,16166.0
12.754961013793945,16.168560028076172,-0.20769616961479187,0.07685534656047821,16176.0,16170.0
15.542295455932617,14.762508392333984,0.7719152569770813,0.07686848938465118,16180.0,16174.0
19.355857849121094,16.242938995361328,0.22204145789146423,0.076881043612957,16184.0,16178.0
56.62367248535156,20.381572723388672,0.1482507884502411,0.07689283043146133,16188.0,16182.0
12.927791595458984,18.762928009033203,0.22838233411312103,0.07690417766571045,16192.0,16186.0
24.600414276123047,18.989177703857422,0.2839727997779846,0.07691530883312225,16196.0,16190.0
16.83465576171875,18.906465530395508,0.8404660224914551,0.076928049325943,16200.0,16194.0
17.443679809570312,16.297388076782227,-0.30062365531921387,0.07693856209516525,16204.0,16198.0
11.705292701721191,17.520967483520508,0.03787944093346596,0.0769481360912323,16208.0,16202.0
16.860519409179688,13.51524543762207,0.3835171163082123,0.07695800811052322,16212.0,16206.0
51.9321403503418,17.482959747314453,-0.1704557090997696,0.07696633785963058,16216.0,16210.0
11.862678527832031,13.337374687194824,0.25371184945106506,0.07697467505931854,16220.0,16214.0
74.80734252929688,16.288259506225586,0.37931615114212036,0.07698340713977814,16224.0,16218.0
22.239093780517578,17.713151931762695,0.4887564778327942,0.07699286192655563,16228.0,16222.0
19.316511154174805,18.839807510375977,0.45774221420288086,0.0770028680562973,16232.0,16226.0
26.999738693237305,18.446136474609375,0.36951935291290283,0.07701307535171509,16236.0,16230.0
11.95009994506836,15.386445999145508,0.20342639088630676,0.07702291756868362,16240.0,16234.0
18.161361694335938,16.51350212097168,0.20228663086891174,0.07703244686126709,16244.0,16238.0
12.641477584838867,15.821430206298828,0.800057590007782,0.07704363763332367,16248.0,16242.0
21.3926944732666,17.44927978515625,0.44005322456359863,0.07705513387918472,16252.0,16246.0
20.73955726623535,15.924541473388672,0.19873273372650146,0.07706613838672638,16256.0,16250.0
39.677490234375,19.45102882385254,0.6554152965545654,0.07707817107439041,16260.0,16254.0
34.849853515625,14.230184555053711,0.09726123511791229,0.0770893469452858,16264.0,16258.0
14.346687316894531,17.90594482421875,0.27598443627357483,0.07710030674934387,16268.0,16262.0
20.27283477783203,18.985881805419922,-0.11083270609378815,0.07710980623960495,16272.0,16266.0
23.28177261352539,12.28380012512207,-0.1921488344669342,0.07711773365736008,16276.0,16270.0
12.720521926879883,11.866683959960938,0.25438445806503296,0.07712571322917938,16280.0,16274.0
20.149818420410156,12.952445983886719,-0.12470469623804092,0.07713247835636139,16284.0,16278.0
19.944351196289062,18.215978622436523,0.4951786994934082,0.0771402046084404,16288.0,16282.0
22.749347686767578,18.38213539123535,-0.11382095515727997,0.07714678347110748,16292.0,16286.0
13.047651290893555,18.02635955810547,0.016314558684825897,0.07715276628732681,16296.0,16290.0
25.226612091064453,19.060178756713867,-0.24092629551887512,0.07715736329555511,16300.0,16294.0
10.935275077819824,11.389456748962402,-0.06905108690261841,0.0771612673997879,16304.0,16298.0
14.276928901672363,15.086202621459961,-0.007293909788131714,0.07716476172208786,16308.0,16302.0
13.841655731201172,16.633289337158203,0.17358875274658203,0.07716847956180573,16312.0,16306.0
15.734696388244629,15.116449356079102,0.0020507313311100006,0.07717182487249374,16316.0,16310.0
23.31321907043457,15.70258617401123,-0.40397605299949646,0.07717351615428925,16320.0,16314.0
14.415897369384766,16.03116226196289,-0.22565646469593048,0.07717429101467133,16324.0,16318.0
28.523895263671875,16.57710838317871,-0.4891202449798584,0.0771733894944191,16328.0,16322.0
22.515586853027344,21.656627655029297,0.5454252362251282,0.0771743655204773,16332.0,16326.0
18.230690002441406,16.564208984375,-0.29521241784095764,0.07717426866292953,16336.0,16330.0
19.57154083251953,17.227745056152344,0.22409144043922424,0.07717493176460266,16340.0,16334.0
17.078594207763672,14.259099960327148,0.0041524432599544525,0.07717554271221161,16344.0,16338.0
25.93618392944336,17.442874908447266,-0.373919814825058,0.07717485725879669,16348.0,16342.0
20.961393356323242,14.067190170288086,-0.06137848645448685,0.07717403024435043,16352.0,16346.0
23.396860122680664,18.74042510986328,0.5272691249847412,0.07717502862215042,16356.0,16350.0
18.08844757080078,19.433666229248047,0.6607136130332947,0.07717809826135635,16360.0,16354.0
33.85982131958008,18.60395050048828,0.06143779307603836,0.07718107849359512,16364.0,16358.0
17.068370819091797,15.623689651489258,0.17464366555213928,0.07718433439731598,16368.0,16362.0
33.54692840576172,14.453309059143066,0.23682571947574615,0.07718805223703384,16372.0,16366.0
17.817184448242188,14.1738920211792,-0.13914650678634644,0.07719094306230545,16376.0,16370.0
15.080869674682617,13.09568977355957,-0.0707460343837738,0.07719331979751587,16380.0,16374.0
19.566375732421875,16.31108856201172,0.10402709245681763,0.07719578593969345,16384.0,16378.0
13.908456802368164,14.253280639648438,0.07150513678789139,0.07719825208187103,16388.0,16382.0
19.86893081665039,17.98074722290039,0.3591388463973999,0.07720165699720383,16392.0,16386.0
51.72218322753906,18.827669143676758,-0.32215383648872375,0.0772036612033844,16396.0,16390.0
13.806310653686523,15.81959056854248,0.31203871965408325,0.07720649242401123,16400.0,16394.0
19.45296859741211,16.820133209228516,0.15760789811611176,0.07720956951379776,16404.0,16398.0
16.168807983398438,15.945262908935547,-0.22682517766952515,0.07721159607172012,16408.0,16402.0
41.756996154785156,21.174388885498047,0.02284000813961029,0.07721348851919174,16412.0,16406.0
35.25874328613281,16.965557098388672,-0.23943109810352325,0.07721439003944397,16416.0,16410.0
19.945539474487305,16.360363006591797,-0.6799318790435791,0.07721295952796936,16420.0,16414.0
23.264511108398438,15.863334655761719,0.041380807757377625,0.07721179723739624,16424.0,16418.0
24.248615264892578,20.160490036010742,0.45704934000968933,0.07721227407455444,16428.0,16422.0
12.683688163757324,17.710481643676758,-0.07663168013095856,0.07721244543790817,16432.0,16426.0
16.608558654785156,18.11094093322754,-0.03202904015779495,0.07721249759197235,16436.0,16430.0
15.935230255126953,15.368252754211426,0.042995236814022064,0.07721268385648727,16440.0,16434.0
14.388254165649414,16.58051300048828,0.09060554206371307,0.07721316069364548,16444.0,16438.0
14.560136795043945,14.412038803100586,0.23600296676158905,0.07721437513828278,16448.0,16442.0
17.341073989868164,16.770458221435547,-0.8375787138938904,0.07721266150474548,16452.0,16446.0
30.67481231689453,18.355266571044922,0.05592319369316101,0.07721132040023804,16456.0,16450.0
21.21320343017578,15.98845386505127,-0.5362036228179932,0.07720831781625748,16460.0,16454.0
17.45391845703125,19.12078857421875,0.04657647758722305,0.07720577716827393,16464.0,16458.0
21.731746673583984,20.09469223022461,0.6207172274589539,0.07720555365085602,16468.0,16462.0
21.796737670898438,16.417102813720703,0.4769524335861206,0.07720695436000824,16472.0,16466.0
16.7822265625,18.92799186706543,0.305350124835968,0.0772092416882515,16476.0,16470.0
39.356510162353516,20.079973220825195,0.4255681335926056,0.07721272110939026,16480.0,16474.0
32.22276306152344,15.440239906311035,0.6634519100189209,0.07721805572509766,16484.0,16478.0
11.906578063964844,19.39302635192871,0.46806085109710693,0.07722442597150803,16488.0,16482.0
17.051570892333984,16.645267486572266,0.3404631018638611,0.07723131775856018,16492.0,16486.0
22.044710159301758,16.385391235351562,0.06332091242074966,0.07723772525787354,16496.0,16490.0
12.159533500671387,15.577861785888672,0.4283921718597412,0.07724492251873016,16500.0,16494.0
11.666057586669922,15.213750839233398,0.12283650040626526,0.07725182920694351,16504.0,16498.0
34.61182403564453,18.560546875,0.17645706236362457,0.0772586241364479,16508.0,16502.0
13.097049713134766,15.224770545959473,-0.12990909814834595,0.07726431638002396,16512.0,16506.0
34.17758560180664,17.828651428222656,-0.3667181730270386,0.07726820558309555,16516.0,16510.0
45.54252624511719,17.292930603027344,0.692698061466217,0.07727402448654175,16520.0,16514.0
18.849712371826172,18.500932693481445,1.0260719060897827,0.07728271931409836,16524.0,16518.0
12.107768058776855,18.19061279296875,0.43127065896987915,0.07729199528694153,16528.0,16522.0
13.95855712890625,14.817962646484375,0.16452553868293762,0.07730089128017426,16532.0,16526.0
13.852438926696777,16.281421661376953,0.19285757839679718,0.07730955630540848,16536.0,16530.0
19.51062774658203,15.764520645141602,0.5836975574493408,0.07731932401657104,16540.0,16534.0
30.46253204345703,15.550080299377441,-0.17912353575229645,0.07732751220464706,16544.0,16538.0
25.345401763916016,14.158347129821777,0.20091094076633453,0.07733556628227234,16548.0,16542.0
11.369373321533203,17.242477416992188,0.07437403500080109,0.07734306901693344,16552.0,16546.0
14.711058616638184,20.699546813964844,-0.14735616743564606,0.07734932005405426,16556.0,16550.0
14.333762168884277,16.569425582885742,-0.2880568206310272,0.07735399156808853,16560.0,16554.0
20.49555015563965,19.141307830810547,0.3689354658126831,0.07735943049192429,16564.0,16558.0
19.05632781982422,16.48649024963379,0.6096525192260742,0.07736638188362122,16568.0,16562.0
14.37558650970459,18.866622924804688,0.20935580134391785,0.07737335562705994,16572.0,16566.0
15.89830493927002,15.817279815673828,-0.317104309797287,0.07737855613231659,16576.0,16570.0
11.15172290802002,16.852413177490234,-0.2654566764831543,0.07738234102725983,16580.0,16574.0
21.495189666748047,18.48406982421875,0.020695537328720093,0.07738582789897919,16584.0,16578.0
15.224662780761719,13.362861633300781,0.3523726761341095,0.0773901641368866,16588.0,16582.0
25.67607307434082,17.555782318115234,0.561114490032196,0.077395960688591,16592.0,16586.0
13.730463981628418,13.970474243164062,0.5494625568389893,0.07740304619073868,16596.0,16590.0
12.724977493286133,17.11183738708496,0.4095465838909149,0.07741081714630127,16600.0,16594.0
21.83024787902832,18.11478614807129,0.2043420374393463,0.0774184912443161,16604.0,16598.0
17.388607025146484,16.04308319091797,0.3516151010990143,0.07742659747600555,16608.0,16602.0
21.59837532043457,13.996397018432617,-0.27451080083847046,0.07743296027183533,16612.0,16606.0
13.381368637084961,15.822434425354004,0.21681813895702362,0.07743944227695465,16616.0,16610.0
16.903804779052734,16.436809539794922,0.2684036195278168,0.07744618505239487,16620.0,16614.0
16.512134552001953,13.660950660705566,0.0671013742685318,0.07745248079299927,16624.0,16618.0
20.230884552001953,17.289533615112305,0.18466660380363464,0.07745877653360367,16628.0,16622.0
13.847797393798828,17.394180297851562,0.5304949879646301,0.07746625691652298,16632.0,16626.0
12.113298416137695,17.729572296142578,0.380540668964386,0.07747428864240646,16636.0,16630.0
16.344202041625977,16.785737991333008,0.40001434087753296,0.07748287916183472,16640.0,16634.0
17.595104217529297,15.089969635009766,0.654695987701416,0.0774928405880928,16644.0,16638.0
14.025419235229492,16.92672348022461,0.027820035815238953,0.07750190794467926,16648.0,16642.0
37.8919792175293,14.549676895141602,0.5136221051216125,0.07751183211803436,16652.0,16646.0
19.5877685546875,15.441732406616211,0.3916069567203522,0.07752209156751633,16656.0,16650.0
17.19968032836914,17.520675659179688,0.5713427066802979,0.07753327488899231,16660.0,16654.0
14.77750015258789,18.204544067382812,0.24187253415584564,0.0775441825389862,16664.0,16658.0
40.97826385498047,18.455976486206055,0.48424863815307617,0.07755564153194427,16668.0,16662.0
39.10566711425781,15.997228622436523,0.2300475388765335,0.07756675779819489,16672.0,16666.0
19.901947021484375,18.581073760986328,0.07637747377157211,0.07757702469825745,16676.0,16670.0
11.034324645996094,16.135581970214844,0.4246511161327362,0.07758773118257523,16680.0,16674.0
14.780309677124023,18.48889923095703,-0.07868337631225586,0.07759709656238556,16684.0,16678.0
10.193389892578125,14.022789001464844,0.30887526273727417,0.07760658860206604,16688.0,16682.0
29.631275177001953,16.01810073852539,0.23644918203353882,0.07761594653129578,16692.0,16686.0
22.496845245361328,14.592586517333984,0.25241512060165405,0.07762523740530014,16696.0,16690.0
15.934051513671875,16.438243865966797,0.04349391162395477,0.07763375341892242,16700.0,16694.0
13.657938957214355,17.74135971069336,0.4571239948272705,0.07764299213886261,16704.0,16698.0
16.040449142456055,15.975269317626953,0.4475916028022766,0.07765285670757294,16708.0,16702.0
11.491724014282227,12.649599075317383,-0.22072458267211914,0.07766098529100418,16712.0,16706.0
14.116584777832031,14.903251647949219,0.009801102802157402,0.07766833901405334,16716.0,16710.0
20.34564208984375,20.113224029541016,0.792176365852356,0.0776776671409607,16720.0,16714.0
36.46416473388672,18.257827758789062,-0.04926726967096329,0.07768590748310089,16724.0,16718.0
15.15218448638916,16.093610763549805,0.43946731090545654,0.0776948407292366,16728.0,16722.0
31.720035552978516,13.43424129486084,-0.03550940752029419,0.07770276814699173,16732.0,16726.0
16.96869468688965,16.1730899810791,0.2778003215789795,0.07771086692810059,16736.0,16730.0
10.644844055175781,16.058637619018555,0.589169979095459,0.07772018015384674,16740.0,16734.0
15.683324813842773,17.501712799072266,0.33678051829338074,0.0777297243475914,16744.0,16738.0
12.207950592041016,14.295255661010742,0.2196425199508667,0.07773908972740173,16748.0,16742.0
13.367500305175781,15.85426139831543,0.4541793465614319,0.07774907350540161,16752.0,16746.0
23.628114700317383,18.64071273803711,0.4741950035095215,0.07775972038507462,16756.0,16750.0
15.848068237304688,15.343366622924805,0.29583895206451416,0.07777032256126404,16760.0,16754.0
12.894405364990234,18.26850128173828,0.26607611775398254,0.07778079807758331,16764.0,16758.0
15.236681938171387,18.21749496459961,0.6882370114326477,0.07779261469841003,16768.0,16762.0
20.979589462280273,17.720861434936523,0.40042269229888916,0.07780463248491287,16772.0,16766.0
13.744061470031738,15.968902587890625,0.2490280568599701,0.07781632244586945,16776.0,16770.0
18.16712188720703,15.883913040161133,0.1443914771080017,0.0778273418545723,16780.0,16774.0
18.91143035888672,18.35631561279297,0.3541591465473175,0.07783849537372589,16784.0,16778.0
18.361305236816406,19.017559051513672,-0.06948602944612503,0.07784829288721085,16788.0,16782.0
21.007823944091797,19.13703155517578,0.020082145929336548,0.07785720378160477,16792.0,16786.0
33.39141082763672,17.859546661376953,-0.04088184982538223,0.07786507159471512,16796.0,16790.0
17.73329734802246,18.95020866394043,0.3228536546230316,0.07787328213453293,16800.0,16794.0
24.15858268737793,16.62290382385254,-0.06167679652571678,0.07788046449422836,16804.0,16798.0
20.52547836303711,18.505096435546875,0.7438308596611023,0.07788952440023422,16808.0,16802.0
12.60662841796875,20.172046661376953,-0.4272184371948242,0.07789619266986847,16812.0,16806.0
12.244312286376953,15.871684074401855,-0.03480184078216553,0.07790207862854004,16816.0,16810.0
15.566956520080566,16.484973907470703,0.24744684994220734,0.0779082328081131,16820.0,16814.0
17.392391204833984,15.588934898376465,0.10610304772853851,0.07791413366794586,16824.0,16818.0
22.82004737854004,20.537525177001953,0.4210768938064575,0.07792093604803085,16828.0,16822.0
18.713851928710938,19.159957885742188,0.07685594260692596,0.07792732864618301,16832.0,16826.0
21.441652297973633,15.221940040588379,0.7567281723022461,0.07793572545051575,16836.0,16830.0
15.108022689819336,19.184707641601562,0.44152551889419556,0.07794483006000519,16840.0,16834.0
13.606529235839844,15.356014251708984,0.13060545921325684,0.07795347273349762,16844.0,16838.0
12.357370376586914,18.53812599182129,0.35128045082092285,0.0779624879360199,16848.0,16842.0
9.876941680908203,16.60458755493164,0.6270954608917236,0.07797279953956604,16852.0,16846.0
12.102399826049805,16.294986724853516,0.0950460135936737,0.07798241823911667,16856.0,16850.0
20.055889129638672,15.668010711669922,0.018456056714057922,0.07799113541841507,16860.0,16854.0
10.618513107299805,14.159072875976562,0.3251589834690094,0.07800013571977615,16864.0,16858.0
11.340150833129883,15.419390678405762,0.15014787018299103,0.07800876349210739,16868.0,16862.0
44.105438232421875,13.382957458496094,0.07017247378826141,0.07801678031682968,16872.0,16866.0
14.915077209472656,15.962263107299805,0.6585890054702759,0.07802630960941315,16876.0,16870.0
13.686607360839844,17.464426040649414,0.4184143841266632,0.0780363529920578,16880.0,16874.0
16.824872970581055,15.266648292541504,0.1560661792755127,0.07804594933986664,16884.0,16878.0
31.252553939819336,13.390012741088867,0.41483092308044434,0.07805605977773666,16888.0,16882.0
22.50002670288086,13.636772155761719,-0.7754287719726562,0.07806242257356644,16892.0,16886.0
10.038896560668945,15.571647644042969,-0.18266162276268005,0.07806750386953354,16896.0,16890.0
23.989042282104492,15.177445411682129,0.4503306746482849,0.0780736654996872,16900.0,16894.0
18.238197326660156,18.406787872314453,0.42856156826019287,0.07808072119951248,16904.0,16898.0
20.785011291503906,18.37006950378418,-0.10323885083198547,0.07808671146631241,16908.0,16902.0
13.255447387695312,18.672252655029297,0.9463716745376587,0.078095443546772,16912.0,16906.0
22.070972442626953,19.822643280029297,-0.09047524631023407,0.07810299098491669,16916.0,16910.0
17.01514434814453,22.512550354003906,0.20866136252880096,0.07811050862073898,16920.0,16914.0
19.650815963745117,14.092321395874023,0.07860016822814941,0.07811757177114487,16924.0,16918.0
49.64562225341797,14.139571189880371,-0.07454602420330048,0.07812365889549255,16928.0,16922.0
16.861087799072266,16.183631896972656,-0.2654629647731781,0.07812820374965668,16932.0,16926.0
29.818403244018555,19.069576263427734,0.14183475077152252,0.07813280820846558,16936.0,16930.0
10.633607864379883,17.866750717163086,0.28847166895866394,0.07813796401023865,16940.0,16934.0
15.249618530273438,17.237503051757812,-0.13054850697517395,0.07814213633537292,16944.0,16938.0
38.05739974975586,19.68767738342285,0.2671010494232178,0.07814685255289078,16948.0,16942.0
23.507122039794922,18.447818756103516,0.3819875717163086,0.07815244048833847,16952.0,16946.0
19.231584548950195,15.994796752929688,0.25257718563079834,0.07815836369991302,16956.0,16950.0
16.309921264648438,14.481801986694336,0.44052842259407043,0.07816526293754578,16960.0,16954.0
16.735065460205078,16.83929443359375,0.21053670346736908,0.0781722366809845,16964.0,16958.0
18.02595329284668,16.74765396118164,0.30908870697021484,0.07817959785461426,16968.0,16962.0
16.791425704956055,13.327112197875977,-0.050531767308712006,0.0781860426068306,16972.0,16966.0
13.949172019958496,17.060909271240234,0.30167916417121887,0.07819291949272156,16976.0,16970.0
13.22744369506836,18.07012176513672,0.5889809727668762,0.07820121943950653,16980.0,16974.0
46.19538116455078,15.642377853393555,0.9015435576438904,0.07821188867092133,16984.0,16978.0
18.936561584472656,16.42415428161621,0.9377619028091431,0.07822480797767639,16988.0,16982.0
18.4570255279541,16.055622100830078,0.6821579933166504,0.07823887467384338,16992.0,16986.0
21.24095344543457,17.48405647277832,0.9682168364524841,0.07825495302677155,16996.0,16990.0
17.316726684570312,18.156055450439453,0.9719017744064331,0.07827288657426834,17000.0,16994.0
18.64825439453125,15.043747901916504,0.48316502571105957,0.07829074561595917,17004.0,16998.0
16.369888305664062,17.291053771972656,0.610202968120575,0.07830898463726044,17008.0,17002.0
17.013282775878906,19.905019760131836,0.8793042898178101,0.07832853496074677,17012.0,17006.0
19.651384353637695,18.97617530822754,0.32075297832489014,0.07834726572036743,17016.0,17010.0
17.291004180908203,16.360759735107422,0.7204455733299255,0.07836669683456421,17020.0,17014.0
17.13848876953125,17.07764434814453,0.5159904956817627,0.07838603854179382,17024.0,17018.0
30.589658737182617,17.907238006591797,0.6281046867370605,0.07840567827224731,17028.0,17022.0
17.872190475463867,17.158794403076172,0.016539737582206726,0.07842342555522919,17032.0,17026.0
17.360435485839844,15.450343132019043,0.009392190724611282,0.07843945175409317,17036.0,17030.0
19.011669158935547,14.37869644165039,0.043244607746601105,0.07845403999090195,17040.0,17034.0
15.447397232055664,17.583099365234375,-0.12047044932842255,0.0784667432308197,17044.0,17038.0
13.809809684753418,16.34496307373047,0.30113840103149414,0.07847926020622253,17048.0,17042.0
12.179252624511719,14.287837982177734,-2.660602331161499e-05,0.07849052548408508,17052.0,17046.0
25.021278381347656,14.484067916870117,0.1385013461112976,0.07850117236375809,17056.0,17050.0
25.394731521606445,18.800121307373047,0.00612756609916687,0.07851077616214752,17060.0,17054.0
15.883607864379883,20.532629013061523,0.41794145107269287,0.07852091640233994,17064.0,17058.0
12.742063522338867,15.232645988464355,0.13816693425178528,0.07853056490421295,17068.0,17062.0
21.617740631103516,17.827089309692383,0.4480527341365814,0.07854083925485611,17072.0,17066.0
13.274781227111816,16.505388259887695,-0.4221424460411072,0.07854857295751572,17076.0,17070.0
11.78536605834961,14.819498062133789,0.22724395990371704,0.0785563662648201,17080.0,17074.0
16.07147216796875,14.913819313049316,0.5289425849914551,0.07856528460979462,17084.0,17078.0
16.634719848632812,18.003124237060547,-0.25551632046699524,0.07857237756252289,17088.0,17082.0
13.093653678894043,14.258440971374512,-0.1370919942855835,0.07857827842235565,17092.0,17086.0
50.01376724243164,16.29749298095703,0.46788448095321655,0.07858528941869736,17096.0,17090.0
44.337677001953125,14.648869514465332,0.014042098075151443,0.07859164476394653,17100.0,17094.0
14.945554733276367,14.460936546325684,0.11976039409637451,0.0785977840423584,17104.0,17098.0
14.29786205291748,17.89794921875,0.25271105766296387,0.07860423624515533,17108.0,17102.0
11.521039962768555,14.6925687789917,-0.10216963291168213,0.07860966771841049,17112.0,17106.0
19.179576873779297,17.840904235839844,0.141130730509758,0.07861508429050446,17116.0,17110.0
17.222618103027344,14.83267593383789,0.4773296117782593,0.07862168550491333,17120.0,17114.0
17.818283081054688,16.947303771972656,0.8986430764198303,0.07863084971904755,17124.0,17118.0
16.36708641052246,16.69756507873535,0.1208602786064148,0.07863955199718475,17128.0,17122.0
14.854288101196289,13.929704666137695,0.1830785721540451,0.07864804565906525,17132.0,17126.0
17.807775497436523,18.731861114501953,0.4277377724647522,0.07865723222494125,17136.0,17130.0
28.222450256347656,12.022937774658203,0.19715362787246704,0.07866623252630234,17140.0,17134.0
15.329863548278809,19.927745819091797,-0.12967368960380554,0.07867386937141418,17144.0,17138.0
17.73046112060547,18.302473068237305,0.5827212929725647,0.07868285477161407,17148.0,17142.0
59.65107727050781,17.642677307128906,0.2112322896718979,0.07869170606136322,17152.0,17146.0
17.13528060913086,15.810226440429688,0.25238412618637085,0.07870060205459595,17156.0,17150.0
22.159587860107422,18.200637817382812,0.11633407324552536,0.07870902866125107,17160.0,17154.0
14.064453125,14.213993072509766,0.21206966042518616,0.07871738076210022,17164.0,17158.0
15.555028915405273,16.001691818237305,-0.13547971844673157,0.07872441411018372,17168.0,17162.0
19.55356216430664,18.08071517944336,-0.33972904086112976,0.0787295252084732,17172.0,17166.0
26.51047134399414,18.14450454711914,0.3090958893299103,0.07873522490262985,17176.0,17170.0
18.324687957763672,18.58368492126465,-0.25270259380340576,0.07873944938182831,17180.0,17174.0
19.27464485168457,17.998371124267578,-0.12769874930381775,0.07874279469251633,17184.0,17178.0
27.459226608276367,14.92615032196045,-0.1108568087220192,0.07874540239572525,17188.0,17182.0
11.50019645690918,16.252315521240234,0.06002500653266907,0.07874797284603119,17192.0,17186.0
22.98218536376953,14.698349952697754,-0.07418335974216461,0.07875002175569534,17196.0,17190.0
23.974279403686523,18.649690628051758,-0.3427277207374573,0.0787506029009819,17200.0,17194.0
17.878986358642578,17.62342071533203,0.13615846633911133,0.07875163853168488,17204.0,17198.0
20.7755184173584,15.813846588134766,0.0008812025189399719,0.0787525549530983,17208.0,17202.0
28.65804672241211,16.508342742919922,-0.03229723870754242,0.0787532702088356,17212.0,17206.0
18.0738582611084,16.972152709960938,0.0640142560005188,0.07875414937734604,17216.0,17210.0
17.306514739990234,16.711109161376953,-0.06687363982200623,0.07875469326972961,17220.0,17214.0
19.038436889648438,15.763229370117188,-0.1617460697889328,0.07875460386276245,17224.0,17218.0
36.99970626831055,16.172969818115234,0.5644726753234863,0.07875657081604004,17228.0,17222.0
21.60586929321289,16.85454750061035,0.23447667062282562,0.07875920087099075,17232.0,17226.0
15.756668090820312,18.798545837402344,0.9195865392684937,0.07876493036746979,17236.0,17230.0
41.63043975830078,14.92995548248291,-0.03384928032755852,0.07876996695995331,17240.0,17234.0
19.065814971923828,20.346694946289062,0.40709978342056274,0.07877599447965622,17244.0,17238.0
23.849754333496094,16.89882469177246,0.30951929092407227,0.07878254354000092,17248.0,17242.0
20.448705673217773,19.99634552001953,0.38141369819641113,0.0787898525595665,17252.0,17246.0
26.058931350708008,17.4235782623291,0.3035837709903717,0.07879755645990372,17256.0,17250.0
11.389778137207031,17.58411407470703,0.04490631818771362,0.07880465686321259,17260.0,17254.0
16.617929458618164,17.307104110717773,0.01220790296792984,0.07881107926368713,17264.0,17258.0
16.660112380981445,18.011266708374023,0.15757395327091217,0.0788174569606781,17268.0,17262.0
18.094161987304688,13.552335739135742,-0.17530852556228638,0.0788225457072258,17272.0,17266.0
24.662694931030273,14.001962661743164,0.2871236205101013,0.07882818579673767,17276.0,17270.0
17.610923767089844,15.468369483947754,-0.6109887361526489,0.0788310244679451,17280.0,17274.0
12.373275756835938,15.132917404174805,0.0734623521566391,0.07883384078741074,17284.0,17278.0
33.44940185546875,15.08375072479248,-0.05949985980987549,0.07883615791797638,17288.0,17282.0
16.357444763183594,17.612579345703125,-0.27231070399284363,0.07883724570274353,17292.0,17286.0
11.705493927001953,18.495067596435547,0.03607312589883804,0.07883834838867188,17296.0,17290.0
29.774120330810547,16.10025978088379,-0.7249084711074829,0.07883667945861816,17300.0,17294.0
12.770719528198242,15.28101634979248,0.001528315246105194,0.07883517444133759,17304.0,17298.0
13.19837760925293,16.754413604736328,0.03636261820793152,0.07883395254611969,17308.0,17302.0
19.42160415649414,17.690099716186523,0.1453641653060913,0.07883338630199432,17312.0,17306.0
15.990888595581055,16.58231544494629,-0.0047273412346839905,0.07883286476135254,17316.0,17310.0
16.01555061340332,14.390416145324707,-0.3050547242164612,0.0788312703371048,17320.0,17314.0
16.708335876464844,16.843021392822266,0.150210440158844,0.07883038371801376,17324.0,17318.0
18.64638328552246,15.612016677856445,0.057960063219070435,0.0788298025727272,17328.0,17322.0
14.884786605834961,17.11825180053711,-0.12594729661941528,0.07882880419492722,17332.0,17326.0
18.65311050415039,18.05414390563965,0.2680302858352661,0.07882890105247498,17336.0,17330.0
23.817190170288086,18.52691078186035,-0.07674161344766617,0.07882870733737946,17340.0,17334.0
18.2724609375,12.67987060546875,0.050208404660224915,0.07882872968912125,17344.0,17338.0
18.067337036132812,15.39847183227539,0.48059511184692383,0.07883051037788391,17348.0,17342.0
24.091693878173828,18.68511390686035,0.11470182240009308,0.07883256673812866,17352.0,17346.0
15.984683990478516,14.655538558959961,-0.3257347345352173,0.0788331851363182,17356.0,17350.0
64.63584899902344,17.37912940979004,-0.2519265115261078,0.07883280515670776,17360.0,17354.0
17.64344024658203,18.618030548095703,0.6933954358100891,0.07883504033088684,17364.0,17358.0
13.80246353149414,14.14921760559082,-0.06406072527170181,0.0788368284702301,17368.0,17362.0
18.44576072692871,15.430434226989746,0.02024758607149124,0.07883850485086441,17372.0,17366.0
10.508308410644531,18.37474250793457,0.187861368060112,0.0788407176733017,17376.0,17370.0
17.765031814575195,18.378318786621094,-0.3162984848022461,0.07884152978658676,17380.0,17374.0
12.436883926391602,15.230758666992188,-0.3636426329612732,0.07884091138839722,17384.0,17378.0
16.518606185913086,16.66147232055664,-0.3904131054878235,0.07883889973163605,17388.0,17382.0
18.105899810791016,18.66936492919922,0.17997033894062042,0.07883775234222412,17392.0,17386.0
20.143070220947266,17.77931785583496,0.08499517291784286,0.07883703708648682,17396.0,17390.0
18.500289916992188,16.258859634399414,-0.24631816148757935,0.07883547246456146,17400.0,17394.0
19.1865234375,16.554704666137695,0.22712257504463196,0.0788349136710167,17404.0,17398.0
12.222797393798828,16.859149932861328,-0.3049573004245758,0.07883328199386597,17408.0,17402.0
11.833033561706543,18.82433319091797,0.2989906966686249,0.07883292436599731,17412.0,17406.0
13.100154876708984,16.734386444091797,0.3217828571796417,0.07883380353450775,17416.0,17410.0
18.597227096557617,13.81838607788086,0.1387808620929718,0.07883512228727341,17420.0,17414.0
13.049139976501465,18.586177825927734,0.04217347502708435,0.07883645594120026,17424.0,17418.0
14.126297950744629,18.030048370361328,0.2738354206085205,0.07883867621421814,17428.0,17422.0
15.35041618347168,17.872949600219727,0.1429837942123413,0.0788412094116211,17432.0,17426.0
28.51968765258789,20.722442626953125,0.4215443730354309,0.0788450613617897,17436.0,17430.0
24.438425064086914,17.275190353393555,0.4597960114479065,0.07885025441646576,17440.0,17434.0
17.671310424804688,15.599492073059082,-0.17258325219154358,0.07885429263114929,17444.0,17438.0
19.173015594482422,17.257610321044922,-0.18199288845062256,0.07885724306106567,17448.0,17442.0
24.085227966308594,15.708353042602539,0.0680805891752243,0.07886016368865967,17452.0,17446.0
23.98968505859375,15.283432006835938,0.07134847342967987,0.07886305451393127,17456.0,17450.0
18.387969970703125,18.87300682067871,0.11061665415763855,0.07886606454849243,17460.0,17454.0
16.845741271972656,15.835686683654785,-0.31282925605773926,0.078867606818676,17464.0,17458.0
19.728199005126953,19.145343780517578,0.023527465760707855,0.07886908948421478,17468.0,17462.0
18.087980270385742,15.89942455291748,0.05874347686767578,0.07887063175439835,17472.0,17466.0
16.022235870361328,18.918428421020508,0.25955289602279663,0.07887300103902817,17476.0,17470.0
19.124271392822266,15.750556945800781,0.04936153441667557,0.07887531816959381,17480.0,17474.0
33.10847854614258,16.551767349243164,-0.37559938430786133,0.07887598872184753,17484.0,17478.0
20.5814208984375,17.40026092529297,0.6540496349334717,0.07887905836105347,17488.0,17482.0
16.605430603027344,15.066750526428223,0.5884843468666077,0.07888404279947281,17492.0,17486.0
15.50316047668457,15.905362129211426,-0.2679721415042877,0.07888752222061157,17496.0,17490.0
20.019916534423828,17.024295806884766,0.6634763479232788,0.07889314740896225,17500.0,17494.0
20.786449432373047,17.5737247467041,0.28563883900642395,0.07889927923679352,17504.0,17498.0
16.75870132446289,17.70730972290039,0.0725732296705246,0.07890507578849792,17508.0,17502.0
13.652425765991211,16.156143188476562,0.21029865741729736,0.07891109585762024,17512.0,17506.0
12.614851951599121,11.557251930236816,-0.6798154711723328,0.07891394942998886,17516.0,17510.0
29.838916778564453,16.18338394165039,0.07366611808538437,0.07891678810119629,17520.0,17514.0
18.81787872314453,17.896284103393555,-0.5598483085632324,0.0789172425866127,17524.0,17518.0
12.504106521606445,16.303430557250977,-0.1660069227218628,0.0789170190691948,17528.0,17522.0
10.404590606689453,15.773248672485352,-0.6030696034431458,0.07891453802585602,17532.0,17526.0
34.220909118652344,16.210342407226562,0.4033316373825073,0.07891382277011871,17536.0,17530.0
15.861377716064453,15.009062767028809,0.1100088581442833,0.07891359180212021,17540.0,17534.0
10.024534225463867,16.085878372192383,-0.04823850840330124,0.07891321927309036,17544.0,17538.0
15.42609977722168,15.636839866638184,-0.31281617283821106,0.078911691904068,17548.0,17542.0
17.814939498901367,14.430288314819336,-0.10486798733472824,0.07890992611646652,17552.0,17546.0
12.680089950561523,17.925586700439453,-0.012928217649459839,0.0789082869887352,17556.0,17550.0
15.12936782836914,18.199356079101562,0.9509471654891968,0.07891041040420532,17560.0,17554.0
21.33017921447754,15.928960800170898,-0.2104690968990326,0.07891152799129486,17564.0,17558.0
20.696514129638672,19.45173454284668,0.25387030839920044,0.07891348004341125,17568.0,17562.0
18.741140365600586,16.82965850830078,0.10253448784351349,0.07891564071178436,17572.0,17566.0
28.475753784179688,18.28665542602539,0.5489344000816345,0.0789196714758873,17576.0,17570.0
30.01223373413086,16.63532257080078,0.007842173799872398,0.07892332226037979,17580.0,17574.0
22.301776885986328,20.348310470581055,0.41720104217529297,0.07892819494009018,17584.0,17578.0
19.012842178344727,18.619218826293945,0.18503999710083008,0.07893327623605728,17588.0,17582.0
22.255077362060547,17.74686050415039,0.1412031352519989,0.07893839478492737,17592.0,17586.0
13.594053268432617,15.798812866210938,0.19380471110343933,0.07894374430179596,17596.0,17590.0
16.13930892944336,15.46366024017334,0.21730482578277588,0.07894936949014664,17600.0,17594.0
13.079572677612305,17.936979293823242,0.05445513129234314,0.07895465940237045,17604.0,17598.0
8.740104675292969,17.616662979125977,-0.32521218061447144,0.0789581760764122,17608.0,17602.0
24.576618194580078,18.53537368774414,-0.09669432044029236,0.07896098494529724,17612.0,17606.0
18.191673278808594,20.00476837158203,-0.6174489259719849,0.07896114885807037,17616.0,17610.0
16.31883430480957,16.27589988708496,-0.44057998061180115,0.0789596289396286,17620.0,17614.0
11.20256519317627,15.901799201965332,-0.21298077702522278,0.0789574459195137,17624.0,17618.0
12.921308517456055,16.080961227416992,-0.6630877256393433,0.07895294576883316,17628.0,17622.0
15.624292373657227,13.816764831542969,0.2800184488296509,0.07894997298717499,17632.0,17626.0
29.52968978881836,14.450340270996094,0.20895794034004211,0.07894808799028397,17636.0,17630.0
17.4180908203125,13.566102027893066,-0.1973331868648529,0.07894563674926758,17640.0,17634.0
22.758886337280273,15.440771102905273,0.0726042091846466,0.07894372195005417,17644.0,17638.0
22.398155212402344,18.34935188293457,0.19094672799110413,0.07894272357225418,17648.0,17642.0
12.32528305053711,16.608009338378906,-0.0018666796386241913,0.07894179970026016,17652.0,17646.0
18.072010040283203,17.162248611450195,-0.37050095200538635,0.07893956452608109,17656.0,17650.0
15.892620086669922,20.238983154296875,0.4199061393737793,0.07893914729356766,17660.0,17654.0
19.75385284423828,18.831951141357422,0.7560895681381226,0.07894167304039001,17664.0,17658.0
14.152364730834961,14.009321212768555,-0.08603545278310776,0.07894361019134521,17668.0,17662.0
17.881389617919922,17.84798240661621,0.00023521482944488525,0.07894536107778549,17672.0,17666.0
32.72261047363281,14.15224552154541,0.42618972063064575,0.07894855737686157,17676.0,17670.0
15.021709442138672,14.813170433044434,-0.4810493290424347,0.07894959300756454,17680.0,17674.0
15.171379089355469,17.505970001220703,0.06429563462734222,0.07895077764987946,17684.0,17678.0
24.59564208984375,15.875306129455566,-0.030975475907325745,0.07895171642303467,17688.0,17682.0
11.879265785217285,16.973430633544922,-0.08521639555692673,0.07895224541425705,17692.0,17686.0
19.87869644165039,15.637598991394043,-0.11180806159973145,0.07895228266716003,17696.0,17690.0
18.746383666992188,14.406943321228027,0.09625479578971863,0.07895269989967346,17700.0,17694.0
20.351547241210938,16.168724060058594,0.35978299379348755,0.07895445078611374,17704.0,17698.0
19.983091354370117,17.318931579589844,0.1114705353975296,0.07895644754171371,17708.0,17702.0
16.959793090820312,18.828943252563477,0.2538970708847046,0.07895923405885696,17712.0,17706.0
15.4193115234375,14.389394760131836,0.054124414920806885,0.07896193861961365,17716.0,17710.0
32.31903076171875,16.879053115844727,0.09016881883144379,0.0789647251367569,17720.0,17714.0
16.722991943359375,15.560237884521484,0.13648506999015808,0.07896775752305984,17724.0,17718.0
32.41826629638672,15.246217727661133,-0.02096635103225708,0.07897041738033295,17728.0,17722.0
24.597822189331055,16.81869125366211,-0.20144495368003845,0.07897203415632248,17732.0,17726.0
13.103446960449219,18.48529815673828,0.17725303769111633,0.0789741575717926,17736.0,17730.0
11.708724021911621,16.730201721191406,0.14242039620876312,0.07897663116455078,17740.0,17734.0
13.396448135375977,17.54613494873047,0.047093525528907776,0.07897903770208359,17744.0,17738.0
18.22032928466797,16.269655227661133,0.5003128051757812,0.07898314297199249,17748.0,17742.0
25.151283264160156,17.99057388305664,0.20522736012935638,0.07898762822151184,17752.0,17746.0
16.959068298339844,14.242082595825195,-0.1580195277929306,0.07899105548858643,17756.0,17750.0
15.105772018432617,16.715965270996094,0.0590619295835495,0.07899436354637146,17760.0,17754.0
13.09677505493164,16.453088760375977,-0.24499103426933289,0.07899640500545502,17764.0,17758.0
28.487085342407227,20.86979866027832,0.22422772645950317,0.0789990946650505,17768.0,17762.0
20.957130432128906,18.11099624633789,0.49437546730041504,0.07900344580411911,17772.0,17766.0
17.715803146362305,23.207015991210938,0.06143452972173691,0.079007588326931,17776.0,17770.0
12.079107284545898,14.893735885620117,-0.2068449705839157,0.07901053130626678,17780.0,17774.0
18.912246704101562,16.49374008178711,0.42004919052124023,0.07901480793952942,17784.0,17778.0
18.29578399658203,17.607864379882812,0.800542950630188,0.07902173697948456,17788.0,17782.0
17.523557662963867,16.340471267700195,0.6069584488868713,0.07903032749891281,17792.0,17786.0
17.183622360229492,17.678977966308594,0.3233465254306793,0.0790393203496933,17796.0,17790.0
31.83881950378418,18.770740509033203,0.09915047883987427,0.0790477991104126,17800.0,17794.0
15.808511734008789,19.171831130981445,0.43226319551467896,0.07905711233615875,17804.0,17798.0
16.128700256347656,16.798160552978516,0.07525637745857239,0.07906579971313477,17808.0,17802.0
9.064668655395508,14.548261642456055,-0.5154761672019958,0.07907160371541977,17812.0,17806.0
11.028079986572266,14.681768417358398,0.17015878856182098,0.07907750457525253,17816.0,17810.0
28.495670318603516,17.79210662841797,0.4583432674407959,0.0790845975279808,17820.0,17814.0
14.865179061889648,17.046470642089844,-0.26817190647125244,0.0790899321436882,17824.0,17818.0
14.854621887207031,21.645511627197266,-0.2140466272830963,0.07909391075372696,17828.0,17822.0
10.975824356079102,15.049592018127441,0.05637477710843086,0.07909771800041199,17832.0,17826.0
13.948802947998047,17.427349090576172,0.2722010612487793,0.07910220324993134,17836.0,17830.0
17.73480796813965,17.338335037231445,-0.012975573539733887,0.07910618931055069,17840.0,17834.0
15.65328598022461,17.396793365478516,-0.33041977882385254,0.07910849153995514,17844.0,17838.0
11.121365547180176,16.96954917907715,-0.2847574055194855,0.07910945266485214,17848.0,17842.0
16.87725067138672,16.518068313598633,0.458199143409729,0.07911211252212524,17852.0,17846.0
15.604915618896484,16.932401657104492,-0.0070112645626068115,0.07911446690559387,17856.0,17850.0
20.398967742919922,14.987335205078125,-0.3334725499153137,0.07911530137062073,17860.0,17854.0
19.222145080566406,19.504066467285156,-0.4167432188987732,0.0791144073009491,17864.0,17858.0
23.16534423828125,17.326576232910156,0.08537168800830841,0.07911393791437149,17868.0,17862.0
20.542572021484375,18.348472595214844,-0.09735521674156189,0.07911314815282822,17872.0,17866.0
25.071556091308594,18.75679588317871,0.11592330038547516,0.07911288738250732,17876.0,17870.0
21.209007263183594,16.357351303100586,-0.010525122284889221,0.07911260426044464,17880.0,17874.0
16.32095718383789,16.96965980529785,0.5603431463241577,0.07911454141139984,17884.0,17878.0
8.348505020141602,14.373851776123047,0.14281633496284485,0.07911684364080429,17888.0,17882.0
41.032867431640625,18.810718536376953,-0.4529297649860382,0.07911714911460876,17892.0,17886.0
13.85262680053711,19.183895111083984,-0.05624791979789734,0.07911720126867294,17896.0,17890.0
16.07080841064453,15.735086441040039,-0.040095776319503784,0.07911708950996399,17900.0,17894.0
17.316810607910156,17.339784622192383,-0.17798066139221191,0.07911629974842072,17904.0,17898.0
21.306896209716797,17.045551300048828,0.058181412518024445,0.07911580801010132,17908.0,17902.0
30.333921432495117,14.104122161865234,0.25674545764923096,0.07911637425422668,17912.0,17906.0
18.06551170349121,19.23409080505371,-0.27283230423927307,0.07911580801010132,17916.0,17910.0
16.49795150756836,18.265857696533203,0.122190922498703,0.07911578565835953,17920.0,17914.0
28.56640625,17.390010833740234,0.01015596091747284,0.07911580801010132,17924.0,17918.0
16.703813552856445,13.59400463104248,0.289253294467926,0.07911695539951324,17928.0,17922.0
15.246597290039062,16.20110511779785,0.14682996273040771,0.07911857962608337,17932.0,17926.0
21.55935287475586,16.470447540283203,-0.10682316869497299,0.07911961525678635,17936.0,17930.0
18.427209854125977,18.08564567565918,0.2902681231498718,0.07912169396877289,17940.0,17934.0
18.843585968017578,19.92435646057129,-0.29402580857276917,0.07912240922451019,17944.0,17938.0
36.79928970336914,15.30466079711914,-0.545872688293457,0.07912090420722961,17948.0,17942.0
17.879985809326172,15.647077560424805,-0.03991121053695679,0.07911936938762665,17952.0,17946.0
11.728116035461426,13.932707786560059,0.21839618682861328,0.07911886274814606,17956.0,17950.0
22.19679832458496,17.368898391723633,0.19088132679462433,0.07911916077136993,17960.0,17954.0
23.207128524780273,16.77693748474121,0.09091152250766754,0.07911978662014008,17964.0,17958.0
12.114450454711914,16.420175552368164,-0.04033605754375458,0.07912018150091171,17968.0,17962.0
15.946285247802734,14.991114616394043,0.36356598138809204,0.07912197709083557,17972.0,17966.0
13.107706069946289,17.08002471923828,0.10311834514141083,0.07912401109933853,17976.0,17970.0
21.789714813232422,17.61347007751465,0.06788092851638794,0.07912610471248627,17980.0,17974.0
10.699237823486328,16.933631896972656,-0.027207791805267334,0.07912787795066833,17984.0,17978.0
17.92593765258789,17.858741760253906,-0.21374690532684326,0.07912863790988922,17988.0,17982.0
17.939062118530273,20.651201248168945,0.17941933870315552,0.07913003116846085,17992.0,17986.0
20.423114776611328,15.119909286499023,-0.6143594980239868,0.07912884652614594,17996.0,17990.0
13.952549934387207,16.91168212890625,0.20007963478565216,0.07912857830524445,18000.0,17994.0
17.878887176513672,15.795775413513184,0.15765318274497986,0.07912895083427429,18004.0,17998.0
13.877182006835938,18.944713592529297,-0.11044061928987503,0.07912886142730713,18008.0,18002.0
16.71541976928711,17.258106231689453,0.0992249995470047,0.079129159450531,18012.0,18006.0
15.422689437866211,15.346311569213867,0.04203683137893677,0.07912961393594742,18016.0,18010.0
18.893083572387695,19.85466957092285,-0.36919474601745605,0.07912854105234146,18020.0,18014.0
51.73972702026367,17.554996490478516,0.10298436880111694,0.07912799715995789,18024.0,18018.0
16.308345794677734,15.380326271057129,0.06989321857690811,0.07912776619195938,18028.0,18022.0
33.09719467163086,17.176292419433594,0.2036852389574051,0.07912838459014893,18032.0,18026.0
16.465328216552734,17.78217315673828,0.006022892892360687,0.07912897318601608,18036.0,18030.0
16.51190185546875,17.566944122314453,0.4941495954990387,0.07913146167993546,18040.0,18034.0
16.498241424560547,15.18369197845459,-0.1372625231742859,0.07913316041231155,18044.0,18038.0
14.438814163208008,17.17919158935547,-0.0334179550409317,0.07913455367088318,18048.0,18042.0
23.57465362548828,16.548660278320312,0.02690983936190605,0.07913591712713242,18052.0,18046.0
7.665785789489746,16.414892196655273,0.23439033329486847,0.07913807034492493,18056.0,18050.0
13.017078399658203,13.579252243041992,-0.3307993710041046,0.07913868874311447,18060.0,18054.0
39.14964294433594,17.240604400634766,0.1178193986415863,0.07913972437381744,18064.0,18058.0
17.116241455078125,17.237680435180664,-0.06692515313625336,0.07914038747549057,18068.0,18062.0
14.083734512329102,19.38912582397461,0.4913438558578491,0.07914295792579651,18072.0,18066.0
29.971843719482422,17.45083999633789,0.0122661292552948,0.07914531230926514,18076.0,18070.0
16.33135223388672,13.86440658569336,-0.6179498434066772,0.07914495468139648,18080.0,18074.0
18.038591384887695,16.149200439453125,0.358252614736557,0.07914607226848602,18084.0,18078.0
18.308910369873047,16.22869110107422,0.1823914647102356,0.07914780080318451,18088.0,18082.0
28.62643814086914,19.763050079345703,0.126414954662323,0.07914987951517105,18092.0,18086.0
18.556503295898438,16.607078552246094,0.8615487813949585,0.07915518432855606,18096.0,18092.0
17.81635284423828,17.74056625366211,0.13058900833129883,0.07916048169136047,18100.0,18096.0
26.466045379638672,16.884857177734375,0.2951381802558899,0.07916642725467682,18104.0,18100.0
19.241697311401367,16.195072174072266,0.7546748518943787,0.07917481660842896,18108.0,18104.0
18.227710723876953,16.640640258789062,0.7728095054626465,0.07918544113636017,18112.0,18108.0
24.4300594329834,17.86957550048828,0.47333067655563354,0.07919690012931824,18116.0,18112.0
98.68984985351562,16.544628143310547,0.45028167963027954,0.07920902222394943,18120.0,18116.0
22.505264282226562,16.641016006469727,0.3030054271221161,0.07922116667032242,18124.0,18120.0
13.22213363647461,20.27471160888672,0.6198667883872986,0.07923457771539688,18128.0,18124.0
16.939924240112305,14.925081253051758,-0.10317235440015793,0.07924623787403107,18132.0,18128.0
52.705020904541016,17.873315811157227,0.25337496399879456,0.07925776392221451,18136.0,18132.0
20.978042602539062,16.973752975463867,0.41297847032546997,0.07926979660987854,18140.0,18136.0
61.996551513671875,20.00872039794922,0.1545587033033371,0.07928125560283661,18144.0,18140.0
20.07073211669922,18.220077514648438,0.08722750842571259,0.0792919173836708,18148.0,18144.0
92.35617065429688,18.589950561523438,0.184409499168396,0.07930225878953934,18152.0,18148.0
54.38608169555664,18.83676528930664,0.17474660277366638,0.0793122798204422,18156.0,18152.0
15.545320510864258,14.463933944702148,-0.06403803825378418,0.07932105660438538,18160.0,18156.0
20.003570556640625,16.174806594848633,-0.17182084918022156,0.0793282613158226,18164.0,18160.0
84.0994873046875,18.677928924560547,-0.45129579305648804,0.07933293282985687,18168.0,18164.0
57.58812713623047,15.224041938781738,-0.38617080450057983,0.07933557778596878,18172.0,18168.0
19.13382339477539,19.92025375366211,0.3400478959083557,0.07933932542800903,18176.0,18172.0
86.14730834960938,21.68549346923828,0.032727211713790894,0.07934284210205078,18180.0,18176.0
78.59580993652344,16.487640380859375,-0.3847215175628662,0.07934445142745972,18184.0,18180.0
21.306503295898438,19.60968780517578,0.19228419661521912,0.079346664249897,18188.0,18184.0
22.439300537109375,18.959999084472656,-0.6988013982772827,0.07934582978487015,18192.0,18188.0
92.65238189697266,15.057025909423828,0.06700070202350616,0.07934536039829254,18196.0,18192.0
82.71731567382812,17.216827392578125,-0.3975256383419037,0.07934333384037018,18200.0,18196.0
126.65570831298828,17.118484497070312,0.000579439103603363,0.07934150099754333,18204.0,18200.0
56.53031539916992,15.823149681091309,0.05295327305793762,0.07934006303548813,18208.0,18204.0
24.3179874420166,21.536773681640625,-0.10722419619560242,0.07933834195137024,18212.0,18208.0
84.93849182128906,12.997289657592773,-0.6086438894271851,0.0793343335390091,18216.0,18212.0
16.8258056640625,19.011383056640625,-0.02537079155445099,0.07933060824871063,18220.0,18216.0
201.47650146484375,16.34610366821289,-0.29257720708847046,0.07932606339454651,18224.0,18220.0
189.52691650390625,19.588783264160156,-0.07415582239627838,0.07932167500257492,18228.0,18224.0
41.740020751953125,17.63479995727539,0.08338166773319244,0.07931806147098541,18232.0,18228.0
91.70321655273438,18.603240966796875,-0.5352283120155334,0.07931263744831085,18236.0,18232.0
217.58865356445312,18.496877670288086,-0.012569859623908997,0.07930770516395569,18240.0,18236.0
101.4083480834961,21.417993545532227,0.30259814858436584,0.07930448651313782,18244.0,18240.0
64.48125457763672,16.08664321899414,-0.034536123275756836,0.07930146157741547,18248.0,18244.0
76.94035339355469,15.71612548828125,0.127814382314682,0.07929924875497818,18252.0,18248.0
98.79295349121094,15.243246078491211,0.4726564884185791,0.07929917424917221,18256.0,18252.0
109.17141723632812,20.156572341918945,-0.3965577483177185,0.0792975127696991,18260.0,18256.0
67.55891418457031,15.672931671142578,-0.41148465871810913,0.07929433882236481,18264.0,18260.0
144.72760009765625,18.198453903198242,0.613275408744812,0.07929397374391556,18268.0,18264.0
92.56482696533203,17.641746520996094,0.6435639262199402,0.07929626107215881,18272.0,18268.0
147.1928253173828,19.300472259521484,0.19390371441841125,0.07929912209510803,18276.0,18272.0
66.63883972167969,20.93760108947754,0.2974235415458679,0.07930289953947067,18280.0,18276.0
63.91290283203125,18.910306930541992,0.08688220381736755,0.07930664718151093,18284.0,18280.0
25.22016143798828,19.017898559570312,0.02692088484764099,0.07931011915206909,18288.0,18284.0
118.65158081054688,15.589860916137695,0.035626694560050964,0.07931341230869293,18292.0,18288.0
147.31591796875,19.86191177368164,-0.15968143939971924,0.07931572198867798,18296.0,18292.0
240.6690673828125,17.738197326660156,-0.3399208188056946,0.07931642234325409,18300.0,18296.0
151.0867919921875,21.569625854492188,0.06859971582889557,0.07931733131408691,18304.0,18300.0
118.78965759277344,20.061664581298828,0.3575987219810486,0.07931959629058838,18308.0,18304.0
26.120981216430664,17.972850799560547,0.5145148634910583,0.07932373881340027,18312.0,18308.0
53.557823181152344,20.40627670288086,0.37148916721343994,0.0793289989233017,18316.0,18312.0
35.01340866088867,18.455364227294922,0.7491961717605591,0.07933676987886429,18320.0,18316.0
97.2635498046875,19.988859176635742,0.2609654366970062,0.07934484630823135,18324.0,18320.0
145.15655517578125,19.294761657714844,0.9392350912094116,0.07935595512390137,18328.0,18324.0
99.319091796875,19.51862335205078,0.308254212141037,0.07936721295118332,18332.0,18328.0
126.3137435913086,18.143712997436523,0.551411509513855,0.07937958836555481,18336.0,18332.0
190.9134979248047,20.55480194091797,0.7735589742660522,0.0793938934803009,18340.0,18336.0
188.266845703125,23.841625213623047,0.9690690040588379,0.07941070944070816,18344.0,18340.0
141.8585205078125,22.935365676879883,0.8220662474632263,0.07942918688058853,18348.0,18344.0
143.4752960205078,22.862201690673828,0.7950812578201294,0.07944907248020172,18352.0,18348.0
200.1431884765625,19.291900634765625,0.09613373875617981,0.07946737110614777,18356.0,18352.0
112.02385711669922,19.574209213256836,0.1955527365207672,0.07948465645313263,18360.0,18356.0
94.81576538085938,18.376216888427734,0.36847758293151855,0.07950173318386078,18364.0,18360.0
168.54730224609375,13.824044227600098,-0.24028316140174866,0.07951612025499344,18368.0,18364.0
122.49359130859375,17.578197479248047,0.1333327442407608,0.07952962070703506,18372.0,18368.0
118.14974212646484,18.70939064025879,-0.40198373794555664,0.07954012602567673,18376.0,18372.0
45.571109771728516,18.89109992980957,-0.8220760822296143,0.07954621315002441,18380.0,18376.0
88.02335357666016,18.373132705688477,-0.6642470359802246,0.07954896241426468,18384.0,18380.0
178.02633666992188,18.581947326660156,-0.8505338430404663,0.0795479565858841,18388.0,18384.0
84.0028076171875,22.025239944458008,-0.6178147196769714,0.07954452186822891,18392.0,18388.0
134.64337158203125,19.320022583007812,-0.4983699917793274,0.07953938841819763,18396.0,18392.0
156.47177124023438,23.155683517456055,-0.009075179696083069,0.07953472435474396,18400.0,18396.0
127.30146026611328,16.965373992919922,-0.685420572757721,0.07952772080898285,18404.0,18400.0
90.79168701171875,17.42691421508789,-0.6404942274093628,0.07951880991458893,18408.0,18404.0
66.8470230102539,20.183319091796875,-0.46883222460746765,0.07950885593891144,18412.0,18408.0
109.72470092773438,19.42156219482422,0.3323463499546051,0.07950125634670258,18416.0,18412.0
109.94478607177734,19.781221389770508,-0.24114809930324554,0.0794934332370758,18420.0,18416.0
113.78955078125,18.289749145507812,-0.03575102984905243,0.07948625087738037,18424.0,18420.0
99.82659912109375,18.64923858642578,0.049050502479076385,0.07947997748851776,18428.0,18422.0
108.21298217773438,20.936405181884766,0.10904113948345184,0.0794747844338417,18432.0,18426.0
205.9829864501953,19.981725692749023,0.3857148587703705,0.07947167754173279,18436.0,18430.0
75.00808715820312,17.08681869506836,-0.06396138668060303,0.07946862280368805,18440.0,18434.0
99.45944213867188,17.23636817932129,-0.33621686697006226,0.07946449518203735,18444.0,18438.0
116.49458312988281,16.969247817993164,-0.21676115691661835,0.07945989072322845,18448.0,18442.0
176.48565673828125,18.08746910095215,-0.03860020637512207,0.07945559173822403,18452.0,18446.0
111.99285888671875,19.082134246826172,0.13442513346672058,0.0794522613286972,18456.0,18450.0
112.2449951171875,17.51910400390625,0.5216193795204163,0.07945140451192856,18460.0,18454.0
134.13656616210938,18.246171951293945,0.76060950756073,0.07945377379655838,18464.0,18458.0
126.9710922241211,17.76949119567871,0.8588770031929016,0.07945941388607025,18468.0,18462.0
179.92138671875,18.58839988708496,0.7714002132415771,0.07946766167879105,18472.0,18466.0
98.70697021484375,18.11553192138672,0.2523650825023651,0.07947613298892975,18476.0,18470.0
81.8537826538086,23.40302276611328,0.33374160528182983,0.07948513329029083,18480.0,18474.0
104.934814453125,23.096757888793945,0.6801445484161377,0.07949602603912354,18484.0,18478.0
131.02589416503906,21.672630310058594,0.5277805924415588,0.07950800657272339,18488.0,18482.0
98.4223403930664,20.509098052978516,-0.11713775992393494,0.07951830327510834,18492.0,18486.0
139.86758422851562,23.517372131347656,0.20115940272808075,0.07952840626239777,18496.0,18490.0
127.59419250488281,17.757564544677734,0.0984315574169159,0.07953790575265884,18500.0,18494.0
48.33361053466797,19.36743927001953,0.06207776069641113,0.079546719789505,18504.0,18498.0
69.91473388671875,16.387977600097656,0.5704643130302429,0.07955700159072876,18508.0,18502.0
179.68109130859375,20.74198341369629,0.38205745816230774,0.07956783473491669,18512.0,18506.0
115.77806854248047,16.58438491821289,0.6432286500930786,0.07958024740219116,18516.0,18510.0
82.63624572753906,17.48522186279297,0.34329164028167725,0.07959282398223877,18520.0,18514.0
92.19924926757812,17.198705673217773,0.01790527254343033,0.07960423082113266,18524.0,18518.0
116.93008422851562,19.625619888305664,0.5515825748443604,0.07961677759885788,18528.0,18522.0
133.24334716796875,21.409128189086914,0.2839581072330475,0.07962924987077713,18532.0,18526.0
118.7395248413086,19.40423583984375,-0.009772010147571564,0.0796404480934143,18536.0,18530.0
121.46623992919922,21.446659088134766,-0.2854922413825989,0.07964935898780823,18540.0,18534.0
129.43881225585938,17.522443771362305,-0.32070791721343994,0.07965604215860367,18544.0,18538.0
107.69035339355469,18.924158096313477,-0.4581000804901123,0.07966016232967377,18548.0,18542.0
143.44876098632812,20.41318702697754,-0.30672648549079895,0.07966259121894836,18552.0,18546.0
130.2493438720703,18.657615661621094,-0.16539496183395386,0.07966411113739014,18556.0,18550.0
73.15347290039062,17.424470901489258,-0.45239806175231934,0.07966359704732895,18560.0,18554.0
109.27647399902344,20.686752319335938,-0.5585319995880127,0.0796608254313469,18564.0,18558.0
131.34634399414062,19.543010711669922,-0.044699862599372864,0.0796581283211708,18568.0,18562.0
54.135589599609375,18.407163619995117,-0.441180944442749,0.07965387403964996,18572.0,18566.0
91.41012573242188,20.167810440063477,-0.4119034707546234,0.07964833080768585,18576.0,18570.0
78.37672424316406,17.4020938873291,-1.0022544860839844,0.07963919639587402,18580.0,18574.0
111.73651885986328,19.499610900878906,-0.5896928906440735,0.07962854206562042,18584.0,18578.0
146.2559814453125,21.116050720214844,-0.08340253680944443,0.07961859554052353,18588.0,18582.0
183.8461456298828,18.65842056274414,-0.2231248915195465,0.0796087235212326,18592.0,18586.0
47.58772277832031,18.20355224609375,-0.5319949388504028,0.07959762215614319,18596.0,18590.0
153.6798095703125,17.944021224975586,-0.697813093662262,0.0795847624540329,18600.0,18594.0
76.34086608886719,18.797304153442383,-0.40801841020584106,0.07957147806882858,18604.0,18598.0
145.533203125,20.531536102294922,-0.11812067776918411,0.07955903559923172,18608.0,18602.0
62.51420211791992,19.10965347290039,-0.5797230005264282,0.07954543828964233,18612.0,18606.0
109.17269897460938,19.44959831237793,-0.22229740023612976,0.07953227311372757,18616.0,18610.0
72.90786743164062,18.253684997558594,-0.37845379114151,0.07951885461807251,18620.0,18614.0
55.138511657714844,18.847272872924805,-0.5231703519821167,0.07950460910797119,18624.0,18618.0
72.7704086303711,17.071544647216797,-0.02040528506040573,0.07949170470237732,18628.0,18622.0
72.39582824707031,18.197097778320312,-0.6175446510314941,0.07947753369808197,18632.0,18624.0
81.08441162109375,18.473281860351562,-0.11758913099765778,0.07946428656578064,18636.0,18628.0
83.20140075683594,18.93926239013672,0.15556491911411285,0.0794529914855957,18640.0,18632.0
61.80665588378906,20.457538604736328,0.05196889117360115,0.0794430524110794,18644.0,18636.0
108.46882629394531,18.982194900512695,-0.01950622722506523,0.07943401485681534,18648.0,18640.0
149.98098754882812,18.545839309692383,-0.3638243079185486,0.07942438125610352,18652.0,18644.0
63.01118087768555,18.9328556060791,-0.025543533265590668,0.07941558957099915,18656.0,18648.0
108.69227600097656,21.710777282714844,0.5042225122451782,0.07940977811813354,18660.0,18652.0
81.49494934082031,17.0242919921875,0.6470533013343811,0.07940724492073059,18664.0,18656.0
106.12236785888672,21.440637588500977,0.6107057332992554,0.07940749078989029,18668.0,18660.0
28.33094024658203,20.397960662841797,0.5083385705947876,0.07940981537103653,18672.0,18664.0
108.28016662597656,17.467235565185547,0.7736916542053223,0.07941512018442154,18676.0,18668.0
48.50243377685547,18.931385040283203,0.581446647644043,0.07942230999469757,18680.0,18672.0
57.42127990722656,17.020559310913086,0.09471927583217621,0.07942918688058853,18684.0,18676.0
112.417724609375,17.034931182861328,-0.013424981385469437,0.0794353261590004,18688.0,18680.0
147.41168212890625,20.97941780090332,0.8915148377418518,0.0794445276260376,18692.0,18684.0
67.8427963256836,19.699892044067383,0.6528819799423218,0.07945553213357925,18696.0,18688.0
69.8039779663086,21.95404815673828,0.6633949875831604,0.07946819067001343,18700.0,18692.0
139.18063354492188,21.51039695739746,0.91350257396698,0.07948336750268936,18704.0,18696.0
98.115478515625,22.32678985595703,0.5650492906570435,0.07949937880039215,18708.0,18700.0
105.14169311523438,19.633750915527344,1.064561128616333,0.07951818406581879,18712.0,18704.0
177.8654022216797,21.1380672454834,0.7130900621414185,0.07953807711601257,18716.0,18708.0
71.14616394042969,18.391122817993164,0.18302437663078308,0.07955674082040787,18720.0,18712.0
85.85379028320312,20.754640579223633,0.9910202026367188,0.07957763969898224,18724.0,18716.0
56.77204132080078,18.13763427734375,0.4037569463253021,0.07959813624620438,18728.0,18720.0
125.66800689697266,18.724138259887695,0.5131748914718628,0.07961870729923248,18732.0,18724.0
52.521968841552734,19.3693904876709,-0.10059815645217896,0.0796368271112442,18736.0,18728.0
88.57147216796875,17.312002182006836,-0.08354223519563675,0.07965279370546341,18740.0,18732.0
204.62327575683594,19.383865356445312,0.061738040298223495,0.07966743409633636,18744.0,18736.0
125.36470031738281,19.67177963256836,0.23484978079795837,0.07968160510063171,18748.0,18740.0
40.05352783203125,18.373273849487305,0.38671067357063293,0.07969596982002258,18752.0,18744.0
73.7007064819336,20.435991287231445,-0.229973703622818,0.07970794290304184,18756.0,18748.0
74.927978515625,19.119075775146484,-0.23178251087665558,0.07971777021884918,18760.0,18752.0
70.1297607421875,18.25714874267578,0.01509585976600647,0.07972666621208191,18764.0,18756.0
67.21458435058594,15.99589729309082,-0.2562936842441559,0.07973360270261765,18768.0,18760.0
79.27924346923828,17.971771240234375,-0.20057527720928192,0.07973901927471161,18772.0,18764.0
75.10643005371094,21.303651809692383,0.12656232714653015,0.07974442094564438,18776.0,18768.0
47.50453186035156,16.88770866394043,-0.38047492504119873,0.07974769175052643,18780.0,18772.0
124.45285034179688,19.69364356994629,-0.11408226937055588,0.07975015789270401,18784.0,18776.0
62.06084060668945,20.80036163330078,0.14141614735126495,0.07975297421216965,18788.0,18780.0
101.41180419921875,18.02789306640625,-0.44196179509162903,0.07975365966558456,18792.0,18784.0
50.331268310546875,19.706295013427734,-0.15880319476127625,0.07975360006093979,18796.0,18788.0
80.63035583496094,22.581600189208984,-0.6332176923751831,0.0797509029507637,18800.0,18792.0
77.37725830078125,18.625587463378906,-0.11541891098022461,0.0797479897737503,18804.0,18796.0
49.72271728515625,19.39388656616211,0.017931729555130005,0.07974544167518616,18808.0,18800.0
71.18663787841797,18.38924789428711,0.3075558543205261,0.07974443584680557,18812.0,18804.0
94.04319763183594,17.673891067504883,0.1419585645198822,0.0797441303730011,18816.0,18808.0
67.75570678710938,17.981966018676758,0.2789722681045532,0.07974502444267273,18820.0,18812.0
105.68212890625,19.639362335205078,0.007239937782287598,0.07974586635828018,18824.0,18816.0
84.86700439453125,19.625831604003906,-0.07803981006145477,0.07974628359079361,18828.0,18820.0
135.439697265625,19.231895446777344,-0.15277573466300964,0.07974601536989212,18832.0,18824.0
56.772621154785156,19.790252685546875,-0.4468994438648224,0.07974390685558319,18836.0,18828.0
99.01287078857422,16.803056716918945,-0.3118962049484253,0.07974068820476532,18840.0,18832.0
110.01856231689453,17.778350830078125,0.1868818700313568,0.07973857969045639,18844.0,18836.0
98.87957763671875,18.861888885498047,-0.4602581858634949,0.07973474264144897,18848.0,18840.0
59.78750991821289,18.080520629882812,0.0778626799583435,0.07973162829875946,18852.0,18844.0
91.80870056152344,19.72775650024414,-0.08583004772663116,0.07972844690084457,18856.0,18848.0
45.531044006347656,18.659366607666016,-0.11958534270524979,0.07972508668899536,18860.0,18852.0
160.02029418945312,21.05853271484375,0.0671762004494667,0.0797223448753357,18864.0,18856.0
102.35043334960938,23.111923217773438,0.4090946912765503,0.0797216072678566,18868.0,18860.0
49.81629943847656,18.219757080078125,-0.10555018484592438,0.07972048223018646,18872.0,18864.0
57.986392974853516,20.821260452270508,0.03550468757748604,0.07971963286399841,18876.0,18868.0
84.0838851928711,18.279645919799805,0.2308921068906784,0.07971984148025513,18880.0,18872.0
75.05242919921875,18.27014923095703,-0.06375381350517273,0.07971976697444916,18884.0,18876.0
52.98283386230469,19.615577697753906,-0.0937732458114624,0.07971929013729095,18888.0,18880.0
50.48435592651367,17.57051658630371,-0.21563662588596344,0.0797179564833641,18892.0,18884.0
90.977783203125,17.059663772583008,0.011759765446186066,0.07971680164337158,18896.0,18888.0
115.47735595703125,23.032482147216797,0.6915167570114136,0.079718679189682,18900.0,18892.0
44.761505126953125,18.150367736816406,-0.07073772698640823,0.07972008734941483,18904.0,18896.0
45.74502944946289,20.516103744506836,-0.2328503131866455,0.07972034811973572,18908.0,18900.0
63.06795120239258,16.975419998168945,-0.06802670657634735,0.07972031831741333,18912.0,18904.0
131.9132080078125,25.217769622802734,-0.016907542943954468,0.07972019910812378,18916.0,18908.0
107.90143585205078,22.82074737548828,0.9966796040534973,0.07972432672977448,18920.0,18912.0
79.20967102050781,18.885940551757812,0.10513564199209213,0.07972848415374756,18924.0,18916.0
125.19100952148438,20.495494842529297,0.7381638288497925,0.07973535358905792,18928.0,18920.0
92.07865905761719,18.882320404052734,-0.25606632232666016,0.07974044978618622,18932.0,18924.0
54.82667541503906,18.34024429321289,-0.04360833764076233,0.0797448605298996,18936.0,18928.0
98.84672546386719,18.701539993286133,0.13818304240703583,0.07974942028522491,18940.0,18932.0
56.60871887207031,19.810428619384766,0.08384177088737488,0.07975386828184128,18944.0,18936.0
74.58586120605469,19.168333053588867,0.023714885115623474,0.07975797355175018,18948.0,18940.0
69.13089752197266,19.071529388427734,-0.24473465979099274,0.07976064085960388,18952.0,18944.0
45.7718391418457,19.443710327148438,0.14105643332004547,0.07976364344358444,18956.0,18948.0
70.24468994140625,16.329174041748047,-0.5958410501480103,0.07976381480693817,18960.0,18952.0
54.448097229003906,14.237299919128418,-0.3434421718120575,0.07976250350475311,18964.0,18956.0
57.75830841064453,21.838829040527344,-0.11510614305734634,0.0797608271241188,18968.0,18960.0
55.644065856933594,18.689186096191406,-0.3844214677810669,0.0797576904296875,18972.0,18964.0
53.650962829589844,16.978652954101562,0.02956540510058403,0.07975499331951141,18976.0,18968.0
62.95426940917969,18.71410369873047,0.046649083495140076,0.07975274324417114,18980.0,18972.0
67.48802185058594,23.563873291015625,0.36991798877716064,0.07975231111049652,18984.0,18976.0
57.14488220214844,19.947017669677734,-0.3384387791156769,0.07975048571825027,18988.0,18980.0
74.82640075683594,22.059253692626953,-0.15795914828777313,0.07974816858768463,18992.0,18984.0
75.62283325195312,19.417020797729492,-0.5268889665603638,0.07974383234977722,18996.0,18988.0
46.97697448730469,18.711273193359375,-0.3246999979019165,0.0797385424375534,19000.0,18992.0
63.880332946777344,21.14291763305664,-0.06756514310836792,0.07973349094390869,19004.0,18996.0
64.77951049804688,20.427555084228516,-0.0936325192451477,0.07972854375839233,19008.0,19000.0
75.96949768066406,19.73418617248535,0.3008425235748291,0.07972536981105804,19012.0,19004.0
80.4262466430664,16.275257110595703,-0.22566697001457214,0.07972154766321182,19016.0,19008.0
45.96415710449219,17.491436004638672,0.08127414435148239,0.0797184556722641,19020.0,19012.0
83.5601806640625,20.39737319946289,0.08712473511695862,0.0797160416841507,19024.0,19016.0
57.791847229003906,19.035472869873047,-0.40550217032432556,0.07971213757991791,19028.0,19020.0
58.70645523071289,18.233007431030273,-0.15560941398143768,0.07970796525478363,19032.0,19024.0
62.81023025512695,20.037818908691406,0.09135255962610245,0.07970458269119263,19036.0,19028.0
44.12087631225586,18.308677673339844,-0.10762087255716324,0.07970108091831207,19040.0,19032.0
38.58685302734375,17.201730728149414,0.21129009127616882,0.0796988382935524,19044.0,19036.0
56.74148941040039,16.680810928344727,-0.2046526074409485,0.0796959325671196,19048.0,19040.0
45.345237731933594,21.894683837890625,0.10198667645454407,0.0796937644481659,19052.0,19044.0
73.17435455322266,18.37251091003418,-0.6513353586196899,0.07968901842832565,19056.0,19048.0
104.96189880371094,16.115196228027344,-0.43028712272644043,0.07968290150165558,19060.0,19052.0
51.46388244628906,17.9742431640625,-0.5762413144111633,0.07967492192983627,19064.0,19056.0
92.448974609375,20.54939079284668,0.3174663186073303,0.07966910302639008,19068.0,19060.0
121.51583862304688,18.205690383911133,-0.0702066421508789,0.07966355979442596,19072.0,19064.0
62.463809967041016,18.035667419433594,-0.17981964349746704,0.07965780794620514,19076.0,19068.0
62.44796371459961,19.60686683654785,-0.11592670530080795,0.07965213060379028,19080.0,19072.0
61.033905029296875,18.354572296142578,-0.20844244956970215,0.07964611053466797,19084.0,19076.0
66.90718078613281,22.236326217651367,0.14141693711280823,0.07964130491018295,19088.0,19080.0
104.53709411621094,20.128543853759766,-0.4280429482460022,0.0796351358294487,19092.0,19084.0
68.82400512695312,21.211002349853516,-0.11867939680814743,0.0796290785074234,19096.0,19088.0
82.45791625976562,19.654335021972656,-0.6160152554512024,0.07962097227573395,19100.0,19092.0
86.17374420166016,21.400659561157227,-0.6169480085372925,0.07961104065179825,19104.0,19096.0
108.60599517822266,21.172225952148438,-0.20938090980052948,0.07960119098424911,19108.0,19100.0
38.84941864013672,18.19209098815918,-0.6836816072463989,0.07958941161632538,19112.0,19104.0
70.01667785644531,16.367698669433594,-0.4473903775215149,0.07957686483860016,19116.0,19108.0
55.867279052734375,16.91461181640625,-0.7993056774139404,0.07956216484308243,19120.0,19112.0
39.92728042602539,16.21649169921875,-0.8076645135879517,0.07954546809196472,19124.0,19116.0
53.358055114746094,16.203083038330078,-0.5876350998878479,0.07952795177698135,19128.0,19120.0
50.976837158203125,18.771848678588867,-0.7340492606163025,0.07950903475284576,19132.0,19124.0
43.43145751953125,19.085176467895508,-0.24374808371067047,0.07949096709489822,19136.0,19128.0
52.95603561401367,21.274036407470703,0.011955095455050468,0.07947474718093872,19140.0,19132.0
56.0284423828125,16.72647476196289,-0.7237979173660278,0.07945706695318222,19144.0,19136.0
90.05807495117188,19.411752700805664,-0.647165060043335,0.07943838834762573,19148.0,19140.0
56.28028869628906,18.32720375061035,-0.3926295340061188,0.07941991090774536,19152.0,19144.0
102.80302429199219,20.874771118164062,-0.6909775137901306,0.07940031588077545,19156.0,19148.0
64.56301879882812,17.16141700744629,-0.5897659659385681,0.07938016951084137,19160.0,19152.0
35.17259979248047,16.420656204223633,-0.4753907322883606,0.07936002314090729,19164.0,19156.0
42.04624938964844,19.827693939208984,-0.10361543297767639,0.07934142649173737,19168.0,19160.0
85.53239440917969,17.970043182373047,-0.22806142270565033,0.07932372391223907,19172.0,19164.0
99.52417755126953,21.56427001953125,0.4452677369117737,0.07930968701839447,19176.0,19168.0
61.39009475708008,20.25385856628418,-0.10711527615785599,0.07929658889770508,19180.0,19172.0
48.76264190673828,18.394554138183594,-0.36085596680641174,0.07928325980901718,19184.0,19176.0
63.164180755615234,20.593948364257812,-0.6782189607620239,0.07926836609840393,19188.0,19180.0
52.23750686645508,21.036136627197266,-0.004574771970510483,0.07925494760274887,19192.0,19184.0
38.9561653137207,20.755268096923828,-0.4761304259300232,0.0792408287525177,19196.0,19188.0
61.709346771240234,20.090484619140625,-0.15636968612670898,0.07922746241092682,19200.0,19192.0
58.73973083496094,20.817813873291016,-0.679090142250061,0.07921251654624939,19204.0,19196.0
48.00623321533203,19.887279510498047,-0.3488432765007019,0.07919758558273315,19208.0,19200.0
68.87637329101562,22.916704177856445,0.2483619600534439,0.07918519526720047,19212.0,19204.0
89.13715362548828,21.363037109375,-0.31941014528274536,0.07917267829179764,19216.0,19208.0
58.66716766357422,18.70248031616211,-0.5233259797096252,0.07915918529033661,19220.0,19212.0
33.28999328613281,21.02147674560547,-0.3986191153526306,0.07914533466100693,19224.0,19216.0
55.72383117675781,17.570316314697266,0.21193376183509827,0.0791337639093399,19228.0,19220.0
51.29530715942383,15.812421798706055,-0.7029216885566711,0.07912035286426544,19232.0,19224.0
87.77197265625,18.44229507446289,-0.06980563700199127,0.07910797744989395,19236.0,19228.0
92.91569519042969,15.980745315551758,-0.280957967042923,0.07909564673900604,19240.0,19232.0
50.73411178588867,19.75550651550293,-0.6067782640457153,0.0790819525718689,19244.0,19236.0
62.78645324707031,19.065160751342773,0.559446394443512,0.0790720209479332,19248.0,19240.0
41.01861572265625,20.940250396728516,0.7328575849533081,0.0790662169456482,19252.0,19244.0
38.149436950683594,19.08323097229004,-0.17355488240718842,0.07906025648117065,19256.0,19248.0
65.40171813964844,16.11458969116211,0.07586725056171417,0.07905520498752594,19260.0,19252.0
47.097808837890625,19.375850677490234,0.1773671805858612,0.0790514200925827,19264.0,19256.0
68.71946716308594,16.34946060180664,-0.08099690079689026,0.07904766499996185,19268.0,19260.0
89.39482879638672,19.873348236083984,0.22269153594970703,0.07904523611068726,19272.0,19264.0
30.84576416015625,16.690977096557617,-0.0154355987906456,0.07904297113418579,19276.0,19268.0
58.965362548828125,18.775901794433594,0.35332268476486206,0.0790424644947052,19280.0,19272.0
64.41789245605469,19.068180084228516,-0.09703760594129562,0.07904157787561417,19284.0,19276.0
36.917396545410156,17.08798599243164,-0.1937847137451172,0.07903996109962463,19288.0,19280.0
70.09008026123047,19.406734466552734,0.13396787643432617,0.0790390744805336,19292.0,19284.0
54.73817443847656,16.102624893188477,-0.3235076367855072,0.0790368840098381,19296.0,19288.0
36.42802810668945,18.767133712768555,-0.5002843141555786,0.0790327787399292,19300.0,19292.0
73.12734985351562,21.49160385131836,-0.025479033589363098,0.07902897149324417,19304.0,19296.0
36.98773956298828,20.897077560424805,-0.16197790205478668,0.07902484387159348,19308.0,19300.0
59.03286361694336,21.673059463500977,0.39914244413375854,0.0790228471159935,19312.0,19304.0
30.236572265625,18.517154693603516,-0.2663627862930298,0.07901991158723831,19316.0,19308.0
81.18586730957031,20.13317108154297,0.16826017200946808,0.0790179893374443,19320.0,19312.0
74.58438873291016,17.02435302734375,0.08301836997270584,0.07901661098003387,19324.0,19316.0
50.541481018066406,19.83496856689453,-0.03858564794063568,0.07901520282030106,19328.0,19320.0
30.778284072875977,15.268512725830078,-0.3223651647567749,0.07901254296302795,19332.0,19324.0
64.21965789794922,17.23284149169922,0.018526330590248108,0.07901022583246231,19336.0,19328.0
40.124080657958984,18.41862678527832,-0.26383912563323975,0.07900700718164444,19340.0,19332.0
42.79912567138672,18.2039737701416,-0.5043891668319702,0.07900194078683853,19344.0,19336.0
55.44440460205078,20.695877075195312,0.0747581273317337,0.07899770140647888,19348.0,19340.0
74.87751770019531,18.888999938964844,-0.15957830846309662,0.07899320125579834,19352.0,19344.0
54.95056915283203,19.997989654541016,0.07061557471752167,0.07898945361375809,19356.0,19348.0
46.039005279541016,21.156299591064453,-0.09068645536899567,0.07898568361997604,19360.0,19352.0
62.98762512207031,19.67562484741211,-0.3799019455909729,0.07898065447807312,19364.0,19356.0
33.633026123046875,16.924165725708008,0.33116021752357483,0.0789775550365448,19368.0,19360.0
44.712646484375,15.25651741027832,0.07744532078504562,0.07897508144378662,19372.0,19364.0
35.05121612548828,17.39100456237793,-0.22448797523975372,0.07897190004587173,19376.0,19368.0
62.96432876586914,22.899354934692383,-0.2074251025915146,0.07896813750267029,19380.0,19372.0
43.53411102294922,19.72533416748047,0.13070179522037506,0.07896531373262405,19384.0,19376.0
36.124717712402344,19.95244789123535,-0.4852532744407654,0.07896067947149277,19388.0,19380.0
61.439537048339844,17.87485122680664,-0.19639457762241364,0.07895565778017044,19392.0,19384.0
37.15864944458008,21.10120964050293,-0.5106136798858643,0.07894893735647202,19396.0,19388.0
52.337379455566406,19.919567108154297,-0.6443019509315491,0.07894010841846466,19400.0,19392.0
67.95916748046875,17.83782196044922,-0.23843054473400116,0.07893113046884537,19404.0,19396.0
30.598094940185547,21.478199005126953,-0.6511986255645752,0.07892023772001266,19408.0,19400.0
57.95997619628906,19.341320037841797,-0.7064743041992188,0.07890738546848297,19412.0,19404.0
38.98033142089844,18.185049057006836,-0.5083810091018677,0.07889363169670105,19416.0,19408.0
90.55514526367188,21.7402286529541,-0.7416616678237915,0.07887805998325348,19420.0,19412.0
41.526573181152344,22.149089813232422,-0.7561707496643066,0.0788607969880104,19424.0,19416.0
47.263938903808594,21.508480072021484,-0.7562452554702759,0.07884201407432556,19428.0,19420.0
35.368072509765625,20.901592254638672,-0.5902921557426453,0.07882256805896759,19432.0,19424.0
65.028076171875,21.33877182006836,-0.1876492202281952,0.07880424708127975,19436.0,19428.0
84.34129333496094,19.357555389404297,-0.3212396502494812,0.07878638058900833,19440.0,19432.0
38.347877502441406,17.35089683532715,0.01136646419763565,0.07877033948898315,19444.0,19436.0
44.52845764160156,18.98175048828125,-0.6291469931602478,0.07875321060419083,19448.0,19440.0
85.48634338378906,19.01153564453125,-0.5907675623893738,0.07873524725437164,19452.0,19444.0
54.350929260253906,17.38304328918457,-0.33095836639404297,0.0787176564335823,19456.0,19448.0
72.4776382446289,18.359027862548828,-0.6809365153312683,0.07869891077280045,19460.0,19452.0
89.34033203125,18.58625602722168,-0.05356716364622116,0.07868180423974991,19464.0,19456.0
47.70881652832031,20.130844116210938,-0.4914298951625824,0.07866428047418594,19468.0,19460.0
83.2653579711914,21.721511840820312,-0.1234673410654068,0.07864798605442047,19472.0,19464.0
24.59432601928711,17.17074203491211,-0.22349077463150024,0.07863234728574753,19476.0,19468.0
43.22794723510742,18.97134017944336,0.05164353549480438,0.07861849665641785,19480.0,19472.0
31.22428321838379,14.319401741027832,-0.7301919460296631,0.07860290259122849,19484.0,19476.0
45.1326789855957,19.592435836791992,-0.2514587342739105,0.07858778536319733,19488.0,19480.0
101.19319152832031,20.82221794128418,-0.21561560034751892,0.07857324182987213,19492.0,19484.0
75.8603286743164,18.99626922607422,-0.44845277070999146,0.07855822145938873,19496.0,19488.0
45.87469482421875,18.63918113708496,-0.49457937479019165,0.07854258269071579,19500.0,19492.0
28.781503677368164,14.712408065795898,-0.24186116456985474,0.07852747291326523,19504.0,19496.0
25.683731079101562,15.729545593261719,-1.0351262092590332,0.07850944250822067,19508.0,19500.0
53.78064727783203,18.287723541259766,-0.014998145401477814,0.0784931406378746,19512.0,19504.0
38.39228057861328,21.536479949951172,-0.2870120406150818,0.07847723364830017,19516.0,19508.0
33.94596862792969,16.78553009033203,-0.25017809867858887,0.07846184074878693,19520.0,19512.0
64.56954956054688,19.148944854736328,-0.3340185582637787,0.07844655960798264,19524.0,19516.0
53.60376739501953,20.714975357055664,-0.30072101950645447,0.07843150198459625,19528.0,19520.0
31.03439712524414,20.103046417236328,-0.4505370259284973,0.07841601967811584,19532.0,19524.0
39.10191345214844,15.923096656799316,-0.6552994251251221,0.07839927077293396,19536.0,19528.0
38.571983337402344,19.42909049987793,-0.1384054720401764,0.07838360965251923,19540.0,19532.0
35.32902145385742,19.117416381835938,-0.09722453355789185,0.07836908847093582,19544.0,19536.0
61.50267028808594,18.765920639038086,0.21360085904598236,0.07835692912340164,19548.0,19540.0
67.255859375,18.292360305786133,-0.0832587257027626,0.07834562659263611,19552.0,19544.0
53.224369049072266,19.511653900146484,0.12634001672267914,0.07833598554134369,19556.0,19548.0
46.776023864746094,19.316932678222656,-0.038674235343933105,0.07832715660333633,19560.0,19552.0
46.04572296142578,19.1651554107666,-0.05250796675682068,0.07831897586584091,19564.0,19556.0
65.09762573242188,20.876379013061523,0.16453863680362701,0.07831230759620667,19568.0,19560.0
55.318504333496094,18.130294799804688,0.07221062481403351,0.07830663025379181,19572.0,19564.0
61.32526779174805,18.243865966796875,0.026990246027708054,0.07830163091421127,19576.0,19568.0
34.319671630859375,15.670519828796387,0.22926759719848633,0.07829812169075012,19580.0,19572.0
71.06377410888672,23.287429809570312,0.09973183274269104,0.07829537987709045,19584.0,19576.0
32.688995361328125,16.0562744140625,0.034069404006004333,0.07829306274652481,19588.0,19580.0
48.446617126464844,18.25399398803711,0.1187625378370285,0.07829149067401886,19592.0,19584.0
47.15370178222656,24.846435546875,0.08158557862043381,0.0782904326915741,19596.0,19588.0
54.47924041748047,19.87148094177246,0.258181631565094,0.07829058170318604,19600.0,19592.0
51.608455657958984,16.292922973632812,0.14810654520988464,0.07829136401414871,19604.0,19596.0
69.86585998535156,19.47795867919922,-0.03272970765829086,0.07829192280769348,19608.0,19600.0
47.65936279296875,18.123794555664062,-0.08991965651512146,0.07829203456640244,19612.0,19604.0
67.362060546875,19.49305534362793,-0.16138339042663574,0.07829143851995468,19616.0,19608.0
41.414878845214844,18.9322509765625,-0.4618678689002991,0.07828889787197113,19620.0,19612.0
47.08262634277344,17.76968765258789,-0.14590305089950562,0.07828598469495773,19624.0,19616.0
51.60555648803711,17.667390823364258,0.2736162543296814,0.07828454673290253,19628.0,19620.0
36.82354736328125,17.095088958740234,-0.8731425404548645,0.07827947288751602,19632.0,19624.0
23.570585250854492,18.01262664794922,-0.48096343874931335,0.07827282696962357,19636.0,19628.0
64.2745132446289,19.047645568847656,-0.3862782418727875,0.07826517522335052,19640.0,19632.0
68.94984436035156,19.67718505859375,-0.17046910524368286,0.07825754582881927,19644.0,19636.0
55.648414611816406,18.526521682739258,-0.20046602189540863,0.07824982702732086,19648.0,19640.0
34.50071716308594,18.910245895385742,0.07690228521823883,0.0782432034611702,19652.0,19644.0
53.467193603515625,22.46058464050293,0.01800619065761566,0.07823731005191803,19656.0,19648.0
62.124786376953125,17.823490142822266,-0.5455403327941895,0.0782296359539032,19660.0,19652.0
68.33187103271484,17.916160583496094,-0.7417290210723877,0.07821953296661377,19664.0,19656.0
46.41360855102539,18.58803939819336,-0.3498595058917999,0.07820892333984375,19668.0,19660.0
33.19855880737305,19.02674674987793,-0.4087860584259033,0.07819760590791702,19672.0,19664.0
90.42924499511719,21.404062271118164,-0.1116887703537941,0.07818692177534103,19676.0,19668.0
35.23362731933594,20.72357177734375,-0.14353159070014954,0.07817669212818146,19680.0,19672.0
50.38589859008789,21.62379264831543,0.14576958119869232,0.0781681165099144,19684.0,19676.0
24.519622802734375,19.953439712524414,-0.21742573380470276,0.07815945148468018,19688.0,19680.0
25.396684646606445,14.314035415649414,-0.40591031312942505,0.07814989238977432,19692.0,19684.0
50.723487854003906,20.346927642822266,-0.25609371066093445,0.07814016193151474,19696.0,19688.0
100.54302215576172,17.865766525268555,-0.7834830284118652,0.07812803983688354,19700.0,19692.0
43.20566177368164,19.403615951538086,0.0454653762280941,0.07811731100082397,19704.0,19696.0
50.428497314453125,16.67015266418457,-0.505630373954773,0.07810546457767487,19708.0,19700.0
64.58387756347656,22.11734390258789,0.3522953987121582,0.07809632271528244,19712.0,19704.0
40.13814926147461,19.5719051361084,-0.09172806143760681,0.0780877023935318,19716.0,19708.0
62.16876220703125,18.36033821105957,-0.705661416053772,0.07807688415050507,19720.0,19712.0
47.37842559814453,18.761398315429688,-0.06631076335906982,0.0780668556690216,19724.0,19716.0
31.186519622802734,19.53877830505371,-0.21678704023361206,0.07805689424276352,19728.0,19720.0
44.831626892089844,19.20322036743164,-0.7030574083328247,0.07804489135742188,19732.0,19724.0
42.635833740234375,20.52691650390625,-0.8178943395614624,0.0780305489897728,19736.0,19728.0
67.78192901611328,24.987590789794922,-0.10769809037446976,0.07801717519760132,19740.0,19732.0
27.450973510742188,17.6223201751709,-0.27665725350379944,0.07800392806529999,19744.0,19736.0
36.00277328491211,15.705158233642578,0.03359115123748779,0.07799215614795685,19748.0,19740.0
38.429527282714844,15.947548866271973,-0.27321213483810425,0.07798036932945251,19752.0,19744.0
39.02497863769531,18.458599090576172,-0.696408212184906,0.07796676456928253,19756.0,19748.0
47.53010559082031,20.439809799194336,0.21699368953704834,0.07795543968677521,19760.0,19752.0
40.702423095703125,22.609909057617188,-0.6285445690155029,0.07794254273176193,19764.0,19756.0
60.183536529541016,20.814538955688477,-0.3112221360206604,0.07792957127094269,19768.0,19760.0
54.59095001220703,20.36184310913086,0.12366911768913269,0.07791844755411148,19772.0,19764.0
69.57350158691406,16.86453628540039,0.06691234558820724,0.0779087096452713,19776.0,19768.0
30.196136474609375,20.622819900512695,0.314247190952301,0.07790131866931915,19780.0,19772.0
55.277183532714844,20.39164161682129,0.23271071910858154,0.07789567112922668,19784.0,19776.0
38.006858825683594,17.579376220703125,0.4079016447067261,0.07789234817028046,19788.0,19780.0
70.27326202392578,17.996667861938477,0.05308323726058006,0.077889584004879,19792.0,19784.0
39.00078582763672,18.999046325683594,-0.026312410831451416,0.07788698375225067,19796.0,19788.0
71.11751556396484,19.870866775512695,0.3069613575935364,0.07788597792387009,19800.0,19792.0
47.366241455078125,23.68726921081543,-0.21224462985992432,0.07788413763046265,19804.0,19796.0
30.06336784362793,16.928504943847656,0.024828337132930756,0.07788260281085968,19808.0,19800.0
39.05154800415039,22.399999618530273,-0.19236591458320618,0.0778803750872612,19812.0,19804.0
30.133312225341797,16.78268814086914,-0.12506067752838135,0.07787782698869705,19816.0,19808.0
31.129486083984375,17.922809600830078,-0.5944087505340576,0.07787296175956726,19820.0,19812.0
48.13817596435547,20.42510986328125,-0.46574097871780396,0.0778665617108345,19824.0,19816.0
52.91151809692383,17.354536056518555,-0.1800232231616974,0.07786000519990921,19828.0,19820.0
46.93506622314453,22.27927017211914,0.14360618591308594,0.07785473763942719,19832.0,19824.0
54.119346618652344,17.003887176513672,-0.11670038104057312,0.07784947752952576,19836.0,19828.0
40.71855926513672,17.002532958984375,-0.1173245757818222,0.07784423232078552,19840.0,19832.0
32.9710578918457,15.77926254272461,-0.3498592674732208,0.0778379738330841,19844.0,19836.0
50.44928741455078,19.469322204589844,-0.25725510716438293,0.07783123850822449,19848.0,19840.0
31.899986267089844,20.036571502685547,-0.39752718806266785,0.0778234452009201,19852.0,19844.0
38.43815612792969,18.437908172607422,-0.44394049048423767,0.077814482152462,19856.0,19848.0
28.780864715576172,21.043540954589844,-0.18696172535419464,0.07780561596155167,19860.0,19852.0
59.40351486206055,17.412221908569336,-0.40527239441871643,0.07779586315155029,19864.0,19856.0
20.266277313232422,15.247709274291992,-0.47551465034484863,0.07778500765562057,19868.0,19860.0
38.33354568481445,16.233776092529297,-0.465004026889801,0.07777321338653564,19872.0,19864.0
38.18781661987305,18.711668014526367,0.058339960873126984,0.07776284962892532,19876.0,19868.0
52.286346435546875,16.79214859008789,-0.3526579737663269,0.07775198668241501,19880.0,19872.0
53.92472839355469,19.130720138549805,-0.3860064148902893,0.07774053514003754,19884.0,19876.0
59.92315673828125,21.372417449951172,-0.37910228967666626,0.07772856205701828,19888.0,19880.0
37.243080139160156,18.82948875427246,-0.31671571731567383,0.0777164027094841,19892.0,19884.0
35.4888801574707,19.769567489624023,0.10073667764663696,0.07770589739084244,19896.0,19888.0
65.02513122558594,17.187591552734375,-0.18458561599254608,0.07769563794136047,19900.0,19892.0
40.42848205566406,19.880962371826172,-0.13860221207141876,0.07768579572439194,19904.0,19896.0
38.392494201660156,15.264227867126465,-0.7509684562683105,0.07767366617918015,19908.0,19900.0
60.19927978515625,18.02202033996582,0.012377031147480011,0.07766279578208923,19912.0,19904.0
74.6123046875,18.17569923400879,-0.1325244903564453,0.0776524469256401,19916.0,19908.0
41.4671745300293,20.346521377563477,-0.6671454310417175,0.07764021307229996,19920.0,19912.0
42.891143798828125,22.581478118896484,-0.10094793140888214,0.07762875407934189,19924.0,19916.0
36.78961181640625,15.856284141540527,-0.640073299407959,0.07761567085981369,19928.0,19920.0
58.21306610107422,16.56679344177246,-0.5976031422615051,0.07760129123926163,19932.0,19924.0
41.34357833862305,19.291030883789062,-0.33101993799209595,0.07758690416812897,19936.0,19928.0
67.0174789428711,20.323963165283203,-0.407660573720932,0.07757217437028885,19940.0,19932.0
61.88056945800781,18.037717819213867,-0.7439170479774475,0.07755570113658905,19944.0,19936.0
43.86900329589844,17.482664108276367,-0.4711598753929138,0.07753881812095642,19948.0,19940.0
83.64314270019531,19.46933937072754,-0.16187506914138794,0.07752292603254318,19952.0,19944.0
71.1983642578125,20.51273536682129,0.2159448266029358,0.07750954478979111,19956.0,19948.0
36.503578186035156,20.529666900634766,-0.04944038391113281,0.07749728858470917,19960.0,19952.0
30.308780670166016,16.580060958862305,0.13304109871387482,0.07748683542013168,19964.0,19956.0
76.52195739746094,17.071170806884766,0.6770074963569641,0.07748036831617355,19968.0,19960.0
61.544578552246094,18.610383987426758,0.4539283514022827,0.07747652381658554,19972.0,19964.0
35.17694854736328,17.747385025024414,0.6714486479759216,0.07747599482536316,19976.0,19968.0
52.04570007324219,19.744441986083984,0.37024855613708496,0.07747713476419449,19980.0,19972.0
42.83085632324219,18.287622451782227,0.5071660280227661,0.07748036831617355,19984.0,19976.0
41.787200927734375,17.968395233154297,0.348688542842865,0.07748480141162872,19988.0,19980.0
76.21977233886719,20.820438385009766,0.39012467861175537,0.07749049365520477,19992.0,19984.0
27.072338104248047,18.294326782226562,0.35547637939453125,0.07749716192483902,19996.0,19988.0
53.58818435668945,18.149120330810547,0.3823221027851105,0.07750482857227325,20000.0,19992.0
35.08462142944336,18.87281036376953,0.4063681364059448,0.07751351594924927,20004.0,19996.0
28.67470359802246,16.332294464111328,0.05276402458548546,0.07752155512571335,20008.0,20000.0
46.383880615234375,20.211956024169922,0.4175751805305481,0.0775306299328804,20012.0,20004.0
45.81768798828125,16.944469451904297,-0.23211905360221863,0.07753778249025345,20016.0,20008.0
41.915313720703125,18.95282554626465,-0.1864798218011856,0.07754340767860413,20020.0,20012.0
39.47175598144531,17.942777633666992,-0.5673481225967407,0.07754599303007126,20024.0,20016.0
52.4133186340332,20.113597869873047,0.18226701021194458,0.07754911482334137,20028.0,20020.0
35.71749496459961,16.573341369628906,-0.3926205039024353,0.07755021005868912,20032.0,20024.0
38.03886413574219,20.009462356567383,-0.07616669684648514,0.07755085825920105,20036.0,20028.0
32.908443450927734,21.35441780090332,0.21797174215316772,0.07755239307880402,20040.0,20032.0
75.36386108398438,20.139053344726562,0.5005297660827637,0.07755597680807114,20044.0,20036.0
42.84759521484375,18.28144073486328,-0.053637854754924774,0.0775589719414711,20048.0,20040.0
72.22903442382812,22.446868896484375,0.05442363768815994,0.0775618925690651,20052.0,20044.0
51.06364440917969,20.314760208129883,0.3585434854030609,0.07756610959768295,20056.0,20048.0
40.804229736328125,15.83004093170166,-0.08872926235198975,0.07756951451301575,20060.0,20052.0
27.592060089111328,20.150653839111328,-0.017933323979377747,0.07757249474525452,20064.0,20056.0
46.07807540893555,19.626724243164062,-0.5041890740394592,0.07757295668125153,20068.0,20060.0
40.37964630126953,20.265039443969727,-0.5752805471420288,0.0775708481669426,20072.0,20064.0
60.75764083862305,20.159137725830078,-0.28341788053512573,0.0775677040219307,20076.0,20068.0
68.69241333007812,21.023773193359375,-0.7365912795066833,0.0775616392493248,20080.0,20072.0
33.973472595214844,17.281248092651367,-0.10137107968330383,0.07755573838949203,20084.0,20076.0
48.44499206542969,20.06903076171875,-0.4072449207305908,0.07754863798618317,20088.0,20080.0
37.73521423339844,19.795913696289062,0.020337704569101334,0.07754233479499817,20092.0,20084.0
41.79424285888672,15.22811222076416,-0.18802228569984436,0.07753582298755646,20096.0,20088.0
32.991981506347656,20.35942840576172,-0.25899457931518555,0.07752883434295654,20100.0,20092.0
40.2333869934082,18.52371597290039,0.29599952697753906,0.0775238499045372,20104.0,20096.0
54.219520568847656,20.453245162963867,0.30695825815200806,0.0775207057595253,20108.0,20100.0
45.21906280517578,18.157878875732422,0.20400965213775635,0.0775187611579895,20112.0,20104.0
33.47587585449219,20.03618049621582,-0.3274543285369873,0.07751558721065521,20116.0,20108.0
25.771949768066406,20.863906860351562,-0.036314062774181366,0.07751255482435226,20120.0,20112.0
52.452877044677734,18.614877700805664,-0.14377722144126892,0.07750919461250305,20124.0,20116.0
45.37209701538086,17.324974060058594,-0.14431676268577576,0.07750552892684937,20128.0,20120.0
41.389076232910156,17.778202056884766,-0.2426586002111435,0.07750117033720016,20132.0,20124.0
46.43415832519531,19.88538932800293,-0.15689943730831146,0.07749655097723007,20136.0,20128.0
41.49305725097656,18.855377197265625,0.5542593002319336,0.07749483734369278,20140.0,20132.0
58.55973815917969,21.259601593017578,0.5851585865020752,0.07749587297439575,20144.0,20136.0
32.42393493652344,19.225923538208008,0.4254527688026428,0.0774986743927002,20148.0,20140.0
38.04701614379883,15.483497619628906,-0.652084469795227,0.07749832421541214,20152.0,20144.0
33.78278350830078,23.20236587524414,0.05730234831571579,0.07749827206134796,20156.0,20148.0
19.305139541625977,18.369163513183594,0.161688894033432,0.07749893516302109,20160.0,20152.0
31.538955688476562,18.768070220947266,0.06874759495258331,0.07749984413385391,20164.0,20156.0
34.174720764160156,17.580968856811523,0.3557339310646057,0.07750222086906433,20168.0,20160.0
38.91419219970703,15.658464431762695,-0.09136933833360672,0.07750396430492401,20172.0,20164.0
43.48906707763672,19.89035415649414,-0.2804684042930603,0.07750429213047028,20176.0,20168.0
42.67880630493164,17.983625411987305,0.008924111723899841,0.07750462740659714,20180.0,20172.0
52.25,20.282028198242188,-0.3477703332901001,0.07750339061021805,20184.0,20176.0
38.925025939941406,19.60828399658203,0.18368121981620789,0.07750309258699417,20188.0,20180.0
52.08289337158203,21.449832916259766,0.09936302900314331,0.0775032639503479,20192.0,20184.0
48.454280853271484,17.543872833251953,-0.16114643216133118,0.07750270515680313,20196.0,20188.0
67.81752014160156,19.212482452392578,-0.545520544052124,0.07749978452920914,20200.0,20192.0
32.373329162597656,20.492382049560547,-0.19771608710289001,0.07749627530574799,20204.0,20196.0
30.421958923339844,18.91536521911621,-0.12821289896965027,0.07749254256486893,20208.0,20200.0
48.66807556152344,19.857994079589844,-0.6943162083625793,0.07748611271381378,20212.0,20204.0
35.16581344604492,18.245824813842773,-0.550180971622467,0.07747789472341537,20216.0,20208.0
51.4820671081543,19.54342269897461,-0.1598789542913437,0.07746978104114532,20220.0,20212.0
33.03037643432617,18.81792640686035,-0.28106313943862915,0.07746123522520065,20224.0,20216.0
44.64002990722656,20.312530517578125,0.2900424599647522,0.0774548277258873,20228.0,20220.0
55.95357131958008,17.243656158447266,-0.022890225052833557,0.07744894921779633,20232.0,20224.0
35.7371940612793,18.25330352783203,-0.3093098998069763,0.07744228839874268,20236.0,20228.0
30.0481014251709,18.532663345336914,0.21730822324752808,0.07743724435567856,20240.0,20232.0
51.2880859375,19.420000076293945,0.36968594789505005,0.07743436843156815,20244.0,20236.0
37.268943786621094,18.246009826660156,-0.4144456088542938,0.07742993533611298,20248.0,20240.0
79.82130432128906,17.904232025146484,0.09811849892139435,0.07742637395858765,20252.0,20244.0
29.41881561279297,19.54448699951172,0.08672237396240234,0.07742355018854141,20256.0,20248.0
39.51870346069336,20.1949462890625,0.02365734428167343,0.07742111384868622,20260.0,20252.0
41.05255889892578,19.087671279907227,0.12424896657466888,0.0774194672703743,20264.0,20256.0
46.32855224609375,18.84520149230957,0.1577238291501999,0.07741869240999222,20268.0,20260.0
29.32815170288086,19.042213439941406,-0.14242306351661682,0.07741736620664597,20272.0,20264.0
30.089134216308594,17.031232833862305,-0.3132643401622772,0.07741476595401764,20276.0,20268.0
27.00193214416504,19.02495765686035,0.10944128036499023,0.0774129182100296,20280.0,20272.0
47.78276062011719,21.900203704833984,0.08467994630336761,0.07741162180900574,20284.0,20276.0
31.57410430908203,18.664386749267578,-0.5573148727416992,0.07740798592567444,20288.0,20280.0
19.71478271484375,16.93311882019043,-0.7612730860710144,0.07740132510662079,20292.0,20284.0
46.20833206176758,21.69127655029297,-0.06201712042093277,0.07739505171775818,20296.0,20288.0
35.235801696777344,22.41557502746582,-0.2761409878730774,0.07738816738128662,20300.0,20292.0
27.545230865478516,21.9224796295166,-0.1118122935295105,0.07738147675991058,20304.0,20296.0
59.21864318847656,22.963855743408203,-0.36932694911956787,0.07737380266189575,20308.0,20300.0
26.407398223876953,16.067859649658203,-0.14344407618045807,0.07736625522375107,20312.0,20304.0
40.34270477294922,22.094005584716797,0.45185473561286926,0.07736147940158844,20316.0,20308.0
31.46772003173828,22.546951293945312,-0.05998305231332779,0.07735690474510193,20320.0,20312.0
35.295379638671875,21.839176177978516,-0.05480952560901642,0.07735255360603333,20324.0,20316.0
27.49001693725586,18.13013458251953,0.275896817445755,0.07734985649585724,20328.0,20320.0
25.233840942382812,19.629304885864258,-0.44344404339790344,0.07734545320272446,20332.0,20324.0
26.653507232666016,16.953548431396484,-0.15295566618442535,0.07734080404043198,20336.0,20328.0
25.472103118896484,18.04290771484375,-0.12984627485275269,0.07733604311943054,20340.0,20332.0
44.99951934814453,19.5302734375,0.28445905447006226,0.07733301818370819,20344.0,20336.0
27.915340423583984,15.379828453063965,-0.09605039656162262,0.07732986658811569,20348.0,20340.0
38.92820739746094,19.730342864990234,0.3035033345222473,0.0773283988237381,20352.0,20344.0
35.01069641113281,20.158960342407227,0.4864313006401062,0.07732924073934555,20356.0,20348.0
25.185466766357422,20.042932510375977,0.1675698459148407,0.07733075320720673,20360.0,20352.0
29.071590423583984,21.482463836669922,-0.2823203206062317,0.07733085006475449,20364.0,20356.0
21.18340301513672,17.309852600097656,-0.17414245009422302,0.07733014225959778,20368.0,20360.0
36.10533142089844,17.070556640625,-0.3027980327606201,0.07732817530632019,20372.0,20364.0
38.705081939697266,15.24565315246582,-0.22529397904872894,0.07732538878917694,20376.0,20368.0
26.304481506347656,16.13359260559082,-0.6238582134246826,0.07732008397579193,20380.0,20372.0
38.93925476074219,21.527124404907227,-0.18615615367889404,0.07731447368860245,20384.0,20376.0
48.405975341796875,21.56635284423828,0.41293251514434814,0.07731126993894577,20388.0,20380.0
50.9247932434082,20.347381591796875,0.18965592980384827,0.07730924338102341,20392.0,20384.0
28.304567337036133,19.076555252075195,-0.16278298199176788,0.07730668038129807,20396.0,20388.0
46.687400817871094,19.030426025390625,-0.11255942285060883,0.07730387896299362,20400.0,20392.0
45.70665740966797,18.683595657348633,0.4041498601436615,0.07730315625667572,20404.0,20396.0
45.30390548706055,17.374176025390625,0.37488672137260437,0.07730419188737869,20408.0,20400.0
39.28055191040039,21.727441787719727,-0.2128748893737793,0.0773041695356369,20412.0,20404.0
22.622209548950195,19.47106170654297,-0.2581683397293091,0.07730299234390259,20416.0,20408.0
43.53594970703125,20.188003540039062,0.10719124972820282,0.07730242609977722,20420.0,20412.0
41.94487762451172,18.211782455444336,0.13571152091026306,0.07730251550674438,20424.0,20416.0
39.81624221801758,21.78942108154297,-0.031327273696660995,0.07730245590209961,20428.0,20420.0
62.102699279785156,19.866283416748047,-0.050436124205589294,0.07730218023061752,20432.0,20424.0
38.27546691894531,20.490577697753906,-0.04961202293634415,0.07730170339345932,20436.0,20428.0
30.432880401611328,20.981685638427734,0.11225306242704391,0.07730177789926529,20440.0,20432.0
43.33302307128906,20.97900390625,0.03214864805340767,0.0773019939661026,20444.0,20436.0
42.19557571411133,19.691484451293945,-0.2223081737756729,0.07730118930339813,20448.0,20440.0
30.69598388671875,16.551956176757812,-0.33641642332077026,0.07729893922805786,20452.0,20444.0
33.94748306274414,22.309558868408203,0.02811211347579956,0.07729703933000565,20456.0,20448.0
37.309478759765625,15.289347648620605,0.06645554304122925,0.07729563862085342,20460.0,20452.0
24.715709686279297,17.747920989990234,-0.3923448920249939,0.07729259878396988,20464.0,20456.0
29.648021697998047,20.776565551757812,0.502755880355835,0.07729213684797287,20468.0,20460.0
38.61066818237305,19.82265281677246,-0.7073792219161987,0.07728852331638336,20472.0,20464.0
26.810216903686523,18.814023971557617,-0.04774641990661621,0.07728506624698639,20476.0,20468.0
30.967262268066406,17.712352752685547,-0.6715862154960632,0.07727891206741333,20480.0,20472.0
43.248382568359375,18.422412872314453,-0.36145609617233276,0.07727174460887909,20484.0,20476.0
26.30748176574707,22.7177791595459,0.11729249358177185,0.07726580649614334,20488.0,20480.0
24.123626708984375,21.959793090820312,-0.36486566066741943,0.07725882530212402,20492.0,20484.0
65.28509521484375,22.299663543701172,0.14557772874832153,0.07725319266319275,20496.0,20488.0
81.17771911621094,20.36285400390625,-0.048862941563129425,0.07724790275096893,20500.0,20492.0
32.06212615966797,17.000713348388672,-0.19177594780921936,0.07724227011203766,20504.0,20496.0
48.48372268676758,18.459300994873047,0.11181744188070297,0.07723770290613174,20508.0,20500.0
23.174427032470703,18.70846939086914,0.11071714758872986,0.07723409682512283,20512.0,20504.0
39.031494140625,18.369422912597656,0.09356824308633804,0.0772312730550766,20516.0,20508.0
29.907073974609375,17.309370040893555,-0.01721218228340149,0.07722866535186768,20520.0,20512.0
27.367422103881836,19.462413787841797,0.25952762365341187,0.07722748070955276,20524.0,20516.0
20.84412384033203,18.906461715698242,0.062402501702308655,0.07722671329975128,20528.0,20520.0
36.33941650390625,21.09212875366211,-0.19172947108745575,0.07722514867782593,20532.0,20524.0
33.698944091796875,18.108402252197266,-0.4526654779911041,0.07722168415784836,20536.0,20528.0
52.10099411010742,21.724870681762695,0.014405511319637299,0.07721862941980362,20540.0,20532.0
36.63932800292969,24.167736053466797,0.01632288098335266,0.07721593976020813,20544.0,20536.0
47.48918151855469,21.628358840942383,0.009299647063016891,0.07721356302499771,20548.0,20540.0
28.341747283935547,17.76642608642578,-0.06356704235076904,0.07721113413572311,20552.0,20544.0
20.396053314208984,17.147510528564453,-0.39893853664398193,0.07720714062452316,20556.0,20548.0
42.063255310058594,19.040613174438477,0.18659476935863495,0.0772043988108635,20560.0,20552.0
33.62611770629883,19.852170944213867,-0.32919925451278687,0.07720042020082474,20564.0,20556.0
42.342716217041016,19.324918746948242,-0.23309293389320374,0.07719578593969345,20568.0,20560.0
22.381555557250977,18.182270050048828,-0.05320461839437485,0.07719136774539948,20572.0,20564.0
28.528173446655273,20.177217483520508,0.5051302313804626,0.07718969136476517,20576.0,20568.0
34.29207229614258,17.097572326660156,-0.08413156867027283,0.07718779891729355,20580.0,20572.0
29.637435913085938,22.61445426940918,-0.2238139510154724,0.07718507200479507,20584.0,20576.0
52.162391662597656,22.868602752685547,0.046572551131248474,0.0771828293800354,20588.0,20580.0
35.18143844604492,20.726476669311523,-0.07827620208263397,0.07718045264482498,20592.0,20584.0
39.533348083496094,17.87643051147461,-0.3784658908843994,0.07717659324407578,20596.0,20588.0
26.365123748779297,18.74018096923828,-0.24634283781051636,0.07717198878526688,20600.0,20592.0
26.138126373291016,21.355613708496094,-0.06612322479486465,0.07716754078865051,20604.0,20596.0
32.373268127441406,19.577930450439453,-0.3643661439418793,0.07716187089681625,20608.0,20600.0
31.182079315185547,16.947107315063477,-0.10434822738170624,0.07715629786252975,20612.0,20604.0
27.659809112548828,19.518220901489258,-0.9777383804321289,0.07714682817459106,20616.0,20608.0
37.237525939941406,18.13360595703125,-0.4516546428203583,0.07713624835014343,20620.0,20612.0
64.8746566772461,20.848255157470703,-0.24494317173957825,0.07712560147047043,20624.0,20616.0
40.65989685058594,20.255537033081055,-0.15240424871444702,0.07711531966924667,20628.0,20620.0
48.988624572753906,20.579811096191406,-0.5621944665908813,0.07710351794958115,20632.0,20624.0
32.58196258544922,21.131633758544922,-0.8602887392044067,0.07708898186683655,20636.0,20628.0
40.24958038330078,23.879634857177734,-0.45939767360687256,0.07707381993532181,20640.0,20632.0
34.359893798828125,21.283092498779297,-0.6009719967842102,0.07705745100975037,20644.0,20636.0
22.603086471557617,18.304948806762695,-0.6171200275421143,0.07703990489244461,20648.0,20640.0
49.80694580078125,19.07677459716797,-0.3515208661556244,0.07702251523733139,20652.0,20644.0
33.41138458251953,22.535737991333008,-0.7738940715789795,0.0770033597946167,20656.0,20648.0
21.381755828857422,15.978691101074219,-0.8133654594421387,0.07698245346546173,20660.0,20652.0
28.842967987060547,19.327617645263672,-0.11034096777439117,0.07696312665939331,20664.0,20656.0
28.3980712890625,25.92661476135254,-0.43778103590011597,0.07694375514984131,20668.0,20660.0
28.177040100097656,20.339805603027344,0.0896311104297638,0.07692671567201614,20672.0,20664.0
40.85042953491211,20.806791305541992,-0.245004802942276,0.07691026479005814,20676.0,20668.0
32.03948211669922,21.83392333984375,0.20528128743171692,0.07689638435840607,20680.0,20672.0
36.83062744140625,18.376441955566406,-0.31579020619392395,0.07688246667385101,20684.0,20676.0
40.77235412597656,22.26666259765625,0.2128170132637024,0.07687090337276459,20688.0,20680.0
73.63090515136719,20.553054809570312,-0.1590675413608551,0.07685976475477219,20692.0,20684.0
27.963411331176758,22.050540924072266,-0.21551939845085144,0.07684876769781113,20696.0,20688.0
26.795412063598633,17.38106918334961,-0.03141975402832031,0.07683873176574707,20700.0,20692.0
29.488269805908203,20.797428131103516,0.02309943549335003,0.07682979106903076,20704.0,20696.0
25.482860565185547,18.729650497436523,-0.3373287618160248,0.07682020962238312,20708.0,20700.0
49.140316009521484,18.70074462890625,-0.27951350808143616,0.076810322701931,20712.0,20704.0
23.640209197998047,19.09879493713379,-0.3154163062572479,0.07679997384548187,20716.0,20708.0
29.44342803955078,21.650938034057617,0.18951815366744995,0.07679153233766556,20720.0,20712.0
77.91221618652344,24.050701141357422,-0.24539707601070404,0.07678282260894775,20724.0,20716.0
33.90422821044922,19.851619720458984,-0.32671111822128296,0.07677347958087921,20728.0,20720.0
30.198217391967773,21.203792572021484,-0.26451313495635986,0.07676387578248978,20732.0,20724.0
40.23754119873047,19.1688289642334,-0.2856898903846741,0.07675391435623169,20736.0,20728.0
56.6943359375,20.95440673828125,-0.37152600288391113,0.07674326747655869,20740.0,20732.0
45.44261932373047,20.24723243713379,0.2096005529165268,0.07673463225364685,20744.0,20736.0
21.62055206298828,16.799102783203125,-0.0844557136297226,0.07672647386789322,20748.0,20740.0
31.840024948120117,18.160551071166992,0.12656228244304657,0.07671970874071121,20752.0,20744.0
30.316696166992188,17.66519546508789,0.0011457651853561401,0.07671361416578293,20756.0,20748.0
78.67932891845703,19.78724479675293,-0.5097442865371704,0.07670580595731735,20760.0,20752.0
34.09638977050781,17.5107421875,0.09637077152729034,0.07669921964406967,20764.0,20756.0
33.910919189453125,20.25440788269043,-0.09485068917274475,0.0766928568482399,20768.0,20760.0
42.82676696777344,20.54816246032715,0.013200778514146805,0.07668718695640564,20772.0,20764.0
37.0121955871582,21.72919273376465,0.42305949330329895,0.07668402791023254,20776.0,20768.0
34.65025329589844,20.11966896057129,0.30024591088294983,0.07668254524469376,20780.0,20772.0
51.45363235473633,22.11621856689453,0.45425769686698914,0.07668327540159225,20784.0,20776.0
32.18447494506836,17.08917808532715,0.2525365650653839,0.07668508589267731,20788.0,20780.0
42.73822784423828,19.979190826416016,0.37651145458221436,0.07668843120336533,20792.0,20784.0
71.71383666992188,19.728107452392578,0.10986725986003876,0.07669196277856827,20796.0,20788.0
27.723873138427734,21.521785736083984,0.5312625169754028,0.07669755816459656,20800.0,20792.0
22.19391632080078,18.957767486572266,0.41536951065063477,0.0767044872045517,20804.0,20796.0
25.828033447265625,20.204303741455078,0.05343981832265854,0.07671098411083221,20808.0,20800.0
34.928314208984375,21.63899803161621,0.29506102204322815,0.07671816647052765,20812.0,20804.0
29.44923210144043,18.69552230834961,-0.3190624713897705,0.07672318071126938,20816.0,20808.0
34.480796813964844,20.242366790771484,0.15591517090797424,0.07672841101884842,20820.0,20812.0
21.4779052734375,20.60947036743164,0.5314451456069946,0.07673554867506027,20824.0,20816.0
42.9398193359375,20.509929656982422,-0.6089928150177002,0.07673919200897217,20828.0,20820.0
37.37315368652344,21.12299346923828,-0.30416589975357056,0.07674106955528259,20832.0,20824.0
42.75273132324219,21.71847915649414,0.06876426190137863,0.07674308866262436,20836.0,20828.0
27.597091674804688,20.73338508605957,0.4121839702129364,0.07674678415060043,20840.0,20832.0
41.60124969482422,18.630653381347656,0.020878374576568604,0.07675020396709442,20844.0,20836.0
29.17747688293457,20.58625602722168,0.12580692768096924,0.07675386220216751,20848.0,20840.0
26.57373046875,17.809696197509766,-0.04036140441894531,0.07675697654485703,20852.0,20844.0
60.46326446533203,20.817974090576172,-0.12896490097045898,0.07675918936729431,20856.0,20848.0
22.98655891418457,20.970340728759766,-0.12240934371948242,0.07676061987876892,20860.0,20852.0
31.04889488220215,21.979522705078125,-0.4024589955806732,0.07676004618406296,20864.0,20856.0
28.850723266601562,17.649898529052734,-0.29267817735671997,0.07675819844007492,20868.0,20860.0
64.75286865234375,20.183883666992188,-0.3223762512207031,0.07675505429506302,20872.0,20864.0
45.0062255859375,19.875762939453125,0.41157233715057373,0.07675410062074661,20876.0,20868.0
55.383758544921875,20.401472091674805,-0.4922974109649658,0.0767509937286377,20880.0,20872.0
55.79599380493164,18.910743713378906,0.18263578414916992,0.0767490342259407,20884.0,20876.0
36.64817810058594,21.430797576904297,0.055996812880039215,0.07674751430749893,20888.0,20880.0
27.51407241821289,17.8415584564209,-0.41680479049682617,0.07674423605203629,20892.0,20884.0
44.85592269897461,20.300960540771484,-0.14542686939239502,0.07674061506986618,20896.0,20888.0
27.95144271850586,19.194969177246094,-0.26605236530303955,0.07673613727092743,20900.0,20892.0
42.905086517333984,20.450881958007812,-0.5208941698074341,0.07672969251871109,20904.0,20896.0
24.15469741821289,18.713359832763672,-0.31916457414627075,0.07672242820262909,20908.0,20900.0
29.160430908203125,17.582782745361328,-0.8873554468154907,0.07671182602643967,20912.0,20904.0
29.70967674255371,20.46584701538086,-0.21300654113292694,0.07670129090547562,20916.0,20908.0
23.860260009765625,18.088703155517578,-0.21488797664642334,0.07669080793857574,20920.0,20912.0
26.948219299316406,21.083209991455078,0.0446389764547348,0.07668157666921616,20924.0,20916.0
31.551055908203125,19.263214111328125,-0.2710123360157013,0.0766720175743103,20928.0,20920.0
59.683841705322266,21.559999465942383,0.1279587745666504,0.07666400820016861,20932.0,20924.0
39.45478820800781,18.323923110961914,0.36342841386795044,0.0766584724187851,20936.0,20928.0
32.63656997680664,22.269977569580078,-0.1905573010444641,0.07665260881185532,20940.0,20932.0
56.746368408203125,21.427947998046875,0.19850680232048035,0.07664823532104492,20944.0,20936.0
31.75218963623047,21.19613265991211,-0.2657487392425537,0.07664308696985245,20948.0,20940.0
55.61716842651367,17.767921447753906,0.5706832408905029,0.07664107531309128,20952.0,20944.0
59.994361877441406,23.207820892333984,0.5374208092689514,0.0766417533159256,20956.0,20948.0
42.007896423339844,18.6241455078125,0.37297168374061584,0.07664407044649124,20960.0,20952.0
55.717533111572266,21.689620971679688,0.20035241544246674,0.076647087931633,20964.0,20956.0
35.17657470703125,20.573646545410156,1.0978481769561768,0.07665485143661499,20968.0,20960.0
33.31871795654297,21.932300567626953,0.11455708742141724,0.07666238397359848,20972.0,20964.0
24.59850311279297,18.574718475341797,0.45135751366615295,0.07667122781276703,20976.0,20968.0
30.527435302734375,21.82387351989746,0.25033053755760193,0.07668035477399826,20980.0,20972.0
29.059494018554688,20.051979064941406,-0.150029718875885,0.07668788731098175,20984.0,20976.0
25.93449592590332,19.271339416503906,-0.1383102983236313,0.07669402658939362,20988.0,20980.0
82.41775512695312,18.93987464904785,0.19284434616565704,0.07670044898986816,20992.0,20984.0
33.266239166259766,16.764739990234375,-0.22369183599948883,0.076705202460289,20996.0,20988.0
26.24616241455078,20.326351165771484,0.3870380222797394,0.0767112746834755,21000.0,20992.0
32.84478759765625,20.44007110595703,-0.06349941343069077,0.07671643048524857,21004.0,20996.0
32.25440979003906,23.973508834838867,0.03373754397034645,0.07672124356031418,21008.0,21000.0
36.95777893066406,17.166019439697266,0.01900574378669262,0.07672566920518875,21012.0,21004.0
29.872323989868164,21.439498901367188,0.008465826511383057,0.07672969251871109,21016.0,21008.0
38.47644805908203,21.008586883544922,-0.30643609166145325,0.07673189043998718,21020.0,21012.0
42.37552261352539,19.564128875732422,0.16422490775585175,0.07673463225364685,21024.0,21016.0
42.586265563964844,21.803144454956055,0.20053565502166748,0.07673803716897964,21028.0,21020.0
57.5775146484375,18.36282730102539,-0.015899494290351868,0.07674101740121841,21032.0,21024.0
20.68769073486328,19.48231315612793,-0.15081581473350525,0.07674301415681839,21036.0,21028.0
45.30403137207031,23.952152252197266,0.006870865821838379,0.07674483954906464,21040.0,21032.0
25.19434356689453,22.125896453857422,0.49353504180908203,0.07674877345561981,21044.0,21036.0
32.18043899536133,19.17357635498047,0.48332029581069946,0.07675455510616302,21048.0,21040.0
34.865325927734375,20.84302520751953,0.14692364633083344,0.07676044851541519,21052.0,21044.0
29.203533172607422,18.766447067260742,0.17648541927337646,0.07676658034324646,21056.0,21048.0
38.5198974609375,23.2337703704834,0.15295788645744324,0.07677282392978668,21060.0,21052.0
32.19064712524414,18.729476928710938,0.32447493076324463,0.07677994668483734,21064.0,21056.0
35.04634094238281,19.022415161132812,0.36240050196647644,0.0767880529165268,21068.0,21060.0
32.709205627441406,18.259593963623047,0.29563188552856445,0.07679673284292221,21072.0,21064.0
54.213287353515625,22.72608184814453,0.39180612564086914,0.07680636644363403,21076.0,21068.0
104.25872802734375,21.121479034423828,0.06660179793834686,0.07681535929441452,21080.0,21072.0
35.344200134277344,17.829633712768555,0.043236978352069855,0.0768236517906189,21084.0,21076.0
28.95340347290039,21.279552459716797,0.21615871787071228,0.0768321305513382,21088.0,21080.0
43.44221115112305,19.867603302001953,-0.15428802371025085,0.07683905959129333,21092.0,21084.0
52.866302490234375,20.839378356933594,0.3245217204093933,0.07684680819511414,21096.0,21088.0
21.629117965698242,20.99037742614746,0.13687469065189362,0.07685443013906479,21100.0,21092.0
30.249170303344727,19.581188201904297,0.07471150159835815,0.07686163485050201,21104.0,21096.0
33.3243522644043,20.237625122070312,0.4583815336227417,0.07687026262283325,21108.0,21100.0
28.918697357177734,16.438640594482422,0.05516603961586952,0.07687829434871674,21112.0,21104.0
32.03295135498047,17.176624298095703,0.022065147757530212,0.07688562572002411,21116.0,21108.0
51.661956787109375,18.2512149810791,-0.4178381562232971,0.07689028233289719,21120.0,21112.0
29.113258361816406,23.727514266967773,-0.03269852697849274,0.07689431309700012,21124.0,21116.0
34.301292419433594,22.793045043945312,0.19681859016418457,0.07689885795116425,21128.0,21120.0
32.76599884033203,20.857595443725586,-0.10257208347320557,0.07690247148275375,21132.0,21124.0
31.38827133178711,22.876201629638672,0.09025073051452637,0.07690615952014923,21136.0,21128.0
25.923912048339844,20.806486129760742,0.2596321403980255,0.07691068947315216,21140.0,21132.0
26.292213439941406,20.787694931030273,0.28799617290496826,0.07691612839698792,21144.0,21136.0
33.79536437988281,19.514122009277344,-0.23499968647956848,0.07691992819309235,21148.0,21140.0
36.324459075927734,20.25823974609375,0.07801306247711182,0.07692370563745499,21152.0,21144.0
61.36882781982422,20.783329010009766,0.1473735123872757,0.07692781090736389,21156.0,21148.0
32.592742919921875,20.23227310180664,-0.4632886052131653,0.07692931592464447,21160.0,21152.0
35.37485885620117,21.2009220123291,-0.07455776631832123,0.07693032920360565,21164.0,21156.0
31.969058990478516,20.023900985717773,0.056844428181648254,0.07693149894475937,21168.0,21160.0
39.722015380859375,20.99146270751953,0.181583970785141,0.07693340629339218,21172.0,21164.0
27.46656608581543,19.93202781677246,0.044688962399959564,0.07693533599376678,21176.0,21168.0
30.893884658813477,21.44013214111328,0.009760603308677673,0.07693711668252945,21180.0,21172.0
39.01625061035156,20.790119171142578,-0.4609932601451874,0.07693654298782349,21184.0,21176.0
32.540069580078125,21.23537826538086,0.20421244204044342,0.0769370049238205,21188.0,21180.0
44.105712890625,22.250720977783203,-0.16852617263793945,0.07693661749362946,21192.0,21184.0
59.98455047607422,18.411272048950195,-0.37723517417907715,0.07693449407815933,21196.0,21188.0
24.49477195739746,22.081579208374023,-0.19342871010303497,0.07693164795637131,21200.0,21192.0
29.646461486816406,20.403213500976562,0.11275853216648102,0.07692962884902954,21204.0,21196.0
29.48871612548828,18.126001358032227,-0.27194327116012573,0.07692651450634003,21208.0,21200.0
31.992565155029297,22.881879806518555,-0.23658272624015808,0.07692258805036545,21212.0,21204.0
21.930667877197266,17.456302642822266,-0.38310134410858154,0.07691725343465805,21216.0,21208.0
25.935047149658203,18.63259506225586,-0.048037610948085785,0.07691220939159393,21220.0,21212.0
34.234657287597656,19.66658592224121,0.5213335752487183,0.07691013813018799,21224.0,21216.0
67.61151123046875,21.408790588378906,0.3371511399745941,0.0769098773598671,21228.0,21220.0
30.938217163085938,23.8079776763916,-0.20449313521385193,0.0769086703658104,21232.0,21224.0
20.99433135986328,22.671682357788086,0.2047223597764969,0.07690855860710144,21236.0,21228.0
28.44028091430664,20.80776596069336,-0.09950242191553116,0.07690799236297607,21240.0,21232.0
37.89729309082031,22.878583908081055,0.6251728534698486,0.07691045105457306,21244.0,21236.0
33.86808776855469,20.13450050354004,0.25324854254722595,0.07691385596990585,21248.0,21240.0
27.658641815185547,22.756145477294922,-0.4176574945449829,0.07691493630409241,21252.0,21244.0
35.00808334350586,22.590377807617188,0.030855849385261536,0.07691606134176254,21256.0,21248.0
30.85268783569336,21.088645935058594,0.11168818175792694,0.07691759616136551,21260.0,21252.0
29.947452545166016,19.762744903564453,0.25983405113220215,0.07692021876573563,21264.0,21256.0
56.97378921508789,21.699108123779297,0.48270243406295776,0.0769248828291893,21268.0,21260.0
61.78489685058594,26.189083099365234,-0.01690991222858429,0.0769289880990982,21272.0,21264.0
37.6688117980957,17.353137969970703,0.24581529200077057,0.07693386822938919,21276.0,21268.0
37.60704040527344,21.735048294067383,0.13547778129577637,0.07693891227245331,21280.0,21272.0
40.52239227294922,19.242929458618164,-0.05746982991695404,0.07694316655397415,21284.0,21276.0
31.219966888427734,21.57941436767578,0.021175414323806763,0.07694710791110992,21288.0,21280.0
43.68293762207031,21.530885696411133,-0.03322326019406319,0.07695050537586212,21292.0,21284.0
54.186222076416016,19.841798782348633,-0.4167896509170532,0.07695157080888748,21296.0,21288.0
46.30435562133789,19.23029136657715,-0.42965269088745117,0.07695046812295914,21300.0,21292.0
26.257671356201172,21.5549259185791,-0.1019105613231659,0.07694900035858154,21304.0,21296.0
20.33135414123535,20.666854858398438,-0.14328216016292572,0.07694698125123978,21308.0,21300.0
28.718128204345703,20.313934326171875,-0.13711154460906982,0.07694452255964279,21312.0,21304.0
30.245067596435547,19.304256439208984,-0.45348501205444336,0.0769401416182518,21316.0,21308.0
29.930574417114258,18.005615234375,0.41510534286499023,0.07693818211555481,21320.0,21312.0
25.998394012451172,19.95161247253418,-0.5570039749145508,0.07693374156951904,21324.0,21316.0
28.256418228149414,21.47136688232422,0.3226172626018524,0.07693129777908325,21328.0,21320.0
21.91982078552246,20.90226936340332,0.035454511642456055,0.07692926377058029,21332.0,21324.0
32.713661193847656,16.76325798034668,0.3731996417045593,0.07692922651767731,21336.0,21328.0
24.937152862548828,20.377761840820312,0.03604657202959061,0.07692935317754745,21340.0,21332.0
40.60451889038086,21.54220962524414,0.08530379831790924,0.07692988961935043,21344.0,21336.0
38.350669860839844,21.190826416015625,0.12740038335323334,0.07693096995353699,21348.0,21340.0
49.097633361816406,26.385082244873047,-0.16126839816570282,0.0769311711192131,21352.0,21344.0
31.5640869140625,20.79199981689453,-0.47947248816490173,0.07692906260490417,21356.0,21348.0
30.840776443481445,19.710834503173828,-0.07220929861068726,0.0769268050789833,21360.0,21352.0
28.208202362060547,22.278182983398438,0.25477108359336853,0.07692600041627884,21364.0,21356.0
24.159130096435547,20.45430564880371,-0.31240832805633545,0.07692378014326096,21368.0,21360.0
24.705881118774414,21.965635299682617,0.6815711855888367,0.07692504674196243,21372.0,21364.0
20.290191650390625,21.087257385253906,-0.6710270047187805,0.07692297548055649,21376.0,21368.0
22.08255958557129,21.058300018310547,0.1337052434682846,0.076921746134758,21380.0,21372.0
41.00418472290039,20.852951049804688,-0.4104832112789154,0.07691866159439087,21384.0,21376.0
31.338443756103516,20.96859359741211,-0.5034143924713135,0.0769134908914566,21388.0,21380.0
33.67881774902344,20.09587287902832,-0.22161754965782166,0.07690776884555817,21392.0,21384.0
32.080101013183594,23.112714767456055,-0.20611758530139923,0.0769016295671463,21396.0,21388.0
26.39891815185547,19.58198356628418,0.7178577184677124,0.07689953595399857,21400.0,21392.0
33.614585876464844,26.442703247070312,-0.20567746460437775,0.07689667493104935,21404.0,21396.0
34.451080322265625,18.46761703491211,-0.09828159213066101,0.0768936350941658,21408.0,21400.0
25.836971282958984,18.897327423095703,-0.21405652165412903,0.07688985764980316,21412.0,21404.0
38.435997009277344,21.112957000732422,0.019805341958999634,0.07688655704259872,21416.0,21408.0
41.70452117919922,21.653076171875,-0.024056844413280487,0.0768834799528122,21420.0,21412.0
24.21135902404785,21.1155948638916,-0.08132170140743256,0.0768803060054779,21424.0,21416.0
29.530736923217773,21.013065338134766,-0.22334063053131104,0.07687638700008392,21428.0,21420.0
47.77214813232422,18.604372024536133,0.1579795926809311,0.07687360048294067,21432.0,21424.0
27.114830017089844,21.95041275024414,0.1120763048529625,0.07687164098024368,21436.0,21428.0
21.746362686157227,20.544633865356445,-0.03594008833169937,0.07686969637870789,21440.0,21432.0
69.20037841796875,18.155380249023438,-0.22728398442268372,0.07686685770750046,21444.0,21436.0
28.96823501586914,22.203632354736328,0.17673486471176147,0.07686515152454376,21448.0,21440.0
25.820236206054688,20.73187828063965,0.11955946683883667,0.07686419785022736,21452.0,21444.0
44.24225997924805,21.21327018737793,-0.15721182525157928,0.07686256617307663,21456.0,21448.0
49.14202880859375,20.73493194580078,0.17355942726135254,0.07686194032430649,21460.0,21452.0
28.929828643798828,22.740554809570312,-0.25858089327812195,0.07686012983322144,21464.0,21456.0
29.45077896118164,21.884368896484375,-0.17746895551681519,0.07685764133930206,21468.0,21460.0
45.967796325683594,19.018768310546875,0.6023504137992859,0.07685831189155579,21472.0,21464.0
29.1331844329834,17.919330596923828,-0.3618701696395874,0.07685717940330505,21476.0,21468.0
23.08589744567871,18.817718505859375,-0.11181843280792236,0.0768555998802185,21480.0,21472.0
23.255504608154297,18.255407333374023,-0.15765205025672913,0.0768534243106842,21484.0,21476.0
27.152090072631836,21.016071319580078,-0.08402236551046371,0.07685105502605438,21488.0,21480.0
44.57782745361328,23.568069458007812,-0.006463862955570221,0.07684889435768127,21492.0,21484.0
40.905555725097656,20.073680877685547,-0.1396787315607071,0.07684627920389175,21496.0,21488.0
25.189022064208984,22.999366760253906,-0.09093557298183441,0.07684347033500671,21500.0,21492.0
23.990245819091797,22.14093589782715,0.5177339315414429,0.07684345543384552,21504.0,21496.0
23.880504608154297,20.78286361694336,0.09146928787231445,0.07684388011693954,21508.0,21500.0
66.31681060791016,20.37841796875,0.3330211043357849,0.07684587687253952,21512.0,21504.0
30.753995895385742,21.454362869262695,-0.13767601549625397,0.07684700936079025,21516.0,21508.0
34.23766326904297,19.74862289428711,0.4991774260997772,0.07685045152902603,21520.0,21512.0
28.398788452148438,20.963489532470703,-0.07769300043582916,0.07685316354036331,21524.0,21516.0
35.992435455322266,23.380931854248047,0.59563148021698,0.07685849815607071,21528.0,21520.0
32.282806396484375,20.635587692260742,-0.24925139546394348,0.07686208933591843,21532.0,21524.0
34.37877655029297,22.01460838317871,0.06000862270593643,0.07686560600996017,21536.0,21528.0
37.573692321777344,23.255064010620117,-0.3974657654762268,0.07686685770750046,21540.0,21532.0
33.45548629760742,22.590713500976562,0.11880296468734741,0.07686855643987656,21544.0,21536.0
46.44499206542969,21.248905181884766,0.733565092086792,0.07687365263700485,21548.0,21540.0
41.74639892578125,23.64734649658203,0.6878631114959717,0.07688157260417938,21552.0,21544.0
33.22169494628906,20.27951431274414,-0.09460671246051788,0.07688824832439423,21556.0,21548.0
34.701629638671875,21.734661102294922,-0.4190250039100647,0.07689220458269119,21560.0,21552.0
33.067081451416016,23.405454635620117,-0.05989960953593254,0.07689549028873444,21564.0,21556.0
25.62188720703125,20.47218132019043,0.3310633897781372,0.07690005004405975,21568.0,21560.0
34.21394729614258,19.18177604675293,-0.30607637763023376,0.07690267264842987,21572.0,21564.0
21.439043045043945,18.74397850036621,-0.010704893618822098,0.07690498232841492,21576.0,21568.0
29.218063354492188,23.96427345275879,0.3446542024612427,0.07690874487161636,21580.0,21572.0
20.099294662475586,19.946521759033203,0.7829981446266174,0.0769159272313118,21584.0,21576.0
32.37962341308594,20.333023071289062,0.35928648710250854,0.0769241452217102,21588.0,21580.0
33.90761947631836,17.486530303955078,0.5271112322807312,0.07693410664796829,21592.0,21584.0
40.748626708984375,23.585567474365234,0.7030451893806458,0.07694646716117859,21596.0,21588.0
30.61011505126953,21.896400451660156,0.527959406375885,0.07696017622947693,21600.0,21592.0
29.366413116455078,23.372425079345703,0.6493729948997498,0.07697566598653793,21604.0,21596.0
31.7679500579834,20.504711151123047,-0.0526769682765007,0.07698935270309448,21608.0,21600.0
49.088844299316406,22.553543090820312,0.7530765533447266,0.07700532674789429,21612.0,21604.0
36.098201751708984,22.595060348510742,-0.23996642231941223,0.07701854407787323,21616.0,21608.0
53.533714294433594,23.611310958862305,0.3097449541091919,0.07703195512294769,21620.0,21612.0
25.896913528442383,22.86587905883789,0.4298093914985657,0.07704611122608185,21624.0,21616.0
59.6463737487793,19.621753692626953,-0.2590838670730591,0.07705759257078171,21628.0,21620.0
42.4616813659668,24.2145938873291,-0.005777634680271149,0.07706791907548904,21632.0,21624.0
51.115478515625,21.626384735107422,-0.8890246152877808,0.0770728662610054,21636.0,21628.0
62.01909637451172,25.17411994934082,-0.20765067636966705,0.07707630097866058,21640.0,21632.0
49.63819122314453,20.55219078063965,0.579063892364502,0.07708221673965454,21644.0,21636.0
35.01216125488281,17.165414810180664,0.27595505118370056,0.07708889245986938,21648.0,21640.0
33.718345642089844,22.00294303894043,0.0859820544719696,0.07709532231092453,21652.0,21644.0
28.300098419189453,22.73346710205078,-0.24974632263183594,0.07709989696741104,21656.0,21648.0
38.480064392089844,19.547012329101562,-0.026602771133184433,0.07710389047861099,21660.0,21652.0
36.60115051269531,18.868465423583984,-0.2714732885360718,0.07710614800453186,21664.0,21656.0
36.45254135131836,22.801786422729492,0.16971711814403534,0.07710901647806168,21668.0,21660.0
36.83692932128906,24.595399856567383,0.3503914177417755,0.0771133154630661,21672.0,21664.0
31.100109100341797,19.630504608154297,0.21284136176109314,0.07711822539567947,21676.0,21668.0
30.086658477783203,23.61252212524414,-0.014614365994930267,0.07712256908416748,21680.0,21672.0
29.902542114257812,21.686357498168945,0.25582072138786316,0.07712773233652115,21684.0,21676.0
39.569034576416016,23.09183120727539,0.194413959980011,0.07713334262371063,21688.0,21680.0
26.714801788330078,23.710514068603516,0.2301964908838272,0.07713951915502548,21692.0,21684.0
34.24347686767578,23.70404815673828,0.04553889483213425,0.0771452933549881,21696.0,21688.0
41.058189392089844,22.62628746032715,0.43346208333969116,0.07715261727571487,21700.0,21692.0
43.86332702636719,22.682941436767578,0.16908103227615356,0.0771600529551506,21704.0,21696.0
25.33319091796875,22.60539436340332,0.48840418457984924,0.07716913521289825,21708.0,21700.0
25.060558319091797,19.737590789794922,-0.052232109010219574,0.07717707008123398,21712.0,21704.0
26.102859497070312,20.46126937866211,-0.16386181116104126,0.07718339562416077,21716.0,21708.0
20.266164779663086,21.944303512573242,0.08673197776079178,0.07718952745199203,21720.0,21712.0
54.614349365234375,22.88553237915039,0.15263348817825317,0.07719580084085464,21724.0,21716.0
28.168733596801758,19.260473251342773,-0.01778361201286316,0.07720135897397995,21728.0,21720.0
28.79261589050293,16.101154327392578,-0.06398513913154602,0.07720605283975601,21732.0,21724.0
30.643291473388672,18.298208236694336,-0.23194950819015503,0.07720912992954254,21736.0,21728.0
21.277420043945312,20.291261672973633,0.04430191218852997,0.07721211016178131,21740.0,21732.0
23.450960159301758,20.371353149414062,-0.3372960388660431,0.07721313834190369,21744.0,21736.0
20.603660583496094,22.70817756652832,0.08449000865221024,0.07721448689699173,21748.0,21740.0
32.951759338378906,23.55738067626953,0.23079140484333038,0.07721684128046036,21752.0,21744.0
33.44489288330078,19.247682571411133,-0.1668025255203247,0.07721813023090363,21756.0,21748.0
23.84683609008789,23.174434661865234,-0.40862971544265747,0.07721728086471558,21760.0,21752.0
34.59114074707031,23.637062072753906,0.26052260398864746,0.07721780240535736,21764.0,21756.0
22.002487182617188,20.16771697998047,0.13180091977119446,0.0772189199924469,21768.0,21760.0
21.10862159729004,22.879446029663086,-0.0022728294134140015,0.07721991837024689,21772.0,21764.0
30.560070037841797,21.65184783935547,-0.457612544298172,0.07721855491399765,21776.0,21768.0
43.939964294433594,19.854114532470703,0.857893705368042,0.07722155749797821,21780.0,21772.0
43.70331573486328,19.228809356689453,0.2591324746608734,0.07722555100917816,21784.0,21776.0
34.61840057373047,23.785301208496094,-0.06351003050804138,0.07722882926464081,21788.0,21780.0
48.14841079711914,23.849777221679688,0.5319287776947021,0.0772344097495079,21792.0,21784.0
35.24576950073242,22.89596176147461,-0.020987704396247864,0.07723931968212128,21796.0,21788.0
18.154335021972656,22.897403717041016,0.6099191904067993,0.0772467628121376,21800.0,21792.0
38.474910736083984,20.229995727539062,0.12065831571817398,0.07725405693054199,21804.0,21796.0
20.83544921875,16.827842712402344,0.01860663667321205,0.07726072520017624,21808.0,21800.0
21.10536003112793,19.566162109375,0.18962112069129944,0.07726766914129257,21812.0,21804.0
31.695676803588867,17.97687530517578,-0.12963628768920898,0.07727327197790146,21816.0,21808.0
17.214359283447266,19.09393310546875,-0.1217433363199234,0.07727771252393723,21820.0,21812.0
23.483203887939453,18.793212890625,0.010960787534713745,0.07728176563978195,21824.0,21816.0
42.49822998046875,23.78933334350586,0.17275738716125488,0.07728628069162369,21828.0,21820.0
18.477256774902344,21.768508911132812,0.2611232101917267,0.07729163765907288,21832.0,21824.0
35.86878204345703,22.953977584838867,0.44396138191223145,0.07729866355657578,21836.0,21828.0
20.866867065429688,21.736446380615234,0.6468139886856079,0.07730819284915924,21840.0,21832.0
18.473041534423828,20.53580093383789,0.06278108060359955,0.07731709629297256,21844.0,21836.0
25.944534301757812,19.24066925048828,0.32008302211761475,0.077326700091362,21848.0,21840.0
66.01881408691406,20.141929626464844,0.1810181587934494,0.07733625173568726,21852.0,21844.0
87.45751953125,23.999629974365234,0.21520303189754486,0.07734590768814087,21856.0,21848.0
23.309494018554688,18.492734909057617,0.3707037568092346,0.07735645771026611,21860.0,21852.0
35.010677337646484,19.525041580200195,0.08363115787506104,0.07736638188362122,21864.0,21856.0
38.560909271240234,22.352149963378906,0.2599606215953827,0.0773766040802002,21868.0,21860.0
24.93464469909668,21.934280395507812,0.2448096126317978,0.07738702744245529,21872.0,21864.0
49.9716682434082,17.77486228942871,0.2353789508342743,0.07739759981632233,21876.0,21868.0
52.52653884887695,16.783824920654297,0.7087340950965881,0.07741064578294754,21880.0,21872.0
23.559925079345703,20.691238403320312,-0.3548685610294342,0.07742061465978622,21884.0,21876.0
23.19001579284668,22.54459571838379,0.2803448736667633,0.07743098586797714,21888.0,21880.0
25.16390609741211,18.460037231445312,0.2390892505645752,0.07744152843952179,21892.0,21884.0
37.17662048339844,22.265443801879883,0.46290773153305054,0.07745333015918732,21896.0,21888.0
24.54898452758789,23.002897262573242,0.0679764673113823,0.07746429741382599,21900.0,21892.0
23.189739227294922,23.603309631347656,0.5544424057006836,0.07747693359851837,21904.0,21896.0
23.423919677734375,21.092945098876953,0.11410485208034515,0.07748888432979584,21908.0,21900.0
56.27022933959961,20.99367904663086,0.4729548394680023,0.07750200480222702,21912.0,21904.0
27.035398483276367,21.53413200378418,-0.24300529062747955,0.07751260697841644,21916.0,21908.0
23.207149505615234,18.925495147705078,-0.1754947006702423,0.07752127945423126,21920.0,21912.0
25.96739959716797,23.647802352905273,0.8369525074958801,0.07753325998783112,21924.0,21916.0
21.575977325439453,22.588329315185547,0.6330670714378357,0.07754721492528915,21928.0,21920.0
45.6536865234375,20.620534896850586,0.2671726942062378,0.07756111770868301,21932.0,21924.0
21.690414428710938,21.182933807373047,0.3384464681148529,0.07757531851530075,21936.0,21928.0
64.24535369873047,22.933320999145508,0.06171543896198273,0.07758843898773193,21940.0,21932.0
20.36429214477539,23.277061462402344,0.3952752947807312,0.07760221511125565,21944.0,21936.0
31.14314079284668,20.946067810058594,-0.03689160943031311,0.0776144489645958,21948.0,21940.0
24.283750534057617,21.15536880493164,0.036521151661872864,0.07762564718723297,21952.0,21944.0
30.59929847717285,23.368444442749023,0.11163567751646042,0.07763628661632538,21956.0,21948.0
46.6828498840332,21.514371871948242,0.01013919711112976,0.0776459276676178,21960.0,21952.0
32.961002349853516,23.341941833496094,0.14442285895347595,0.07765533775091171,21964.0,21956.0
33.4931640625,19.966590881347656,0.163258895277977,0.07766462862491608,21968.0,21960.0
53.17479705810547,19.139057159423828,-0.006503123790025711,0.07767296582460403,21972.0,21964.0
35.456111907958984,22.380273818969727,0.15197086334228516,0.07768124341964722,21976.0,21968.0
25.441953659057617,22.956626892089844,0.3531184792518616,0.07769046723842621,21980.0,21972.0
25.093441009521484,22.155712127685547,0.41541624069213867,0.07770087569952011,21984.0,21976.0
28.23164939880371,21.40856170654297,0.27671146392822266,0.07771164178848267,21988.0,21980.0
15.482572555541992,21.184234619140625,0.14828526973724365,0.07772208750247955,21992.0,21984.0
36.495269775390625,23.38875389099121,0.6871299743652344,0.07773495465517044,21996.0,21988.0
30.854690551757812,20.348203659057617,0.17938338220119476,0.07774744927883148,22000.0,21992.0
36.460472106933594,21.950748443603516,0.2702586352825165,0.07776004821062088,22004.0,21996.0
23.766075134277344,20.250003814697266,0.15097182989120483,0.07777217775583267,22008.0,22000.0
24.283132553100586,20.937557220458984,0.7004342675209045,0.07778662443161011,22012.0,22004.0
31.674652099609375,20.419689178466797,0.17487095296382904,0.07780051231384277,22016.0,22008.0
19.797073364257812,22.58743667602539,0.22694045305252075,0.07781416922807693,22020.0,22012.0
21.16783905029297,15.844011306762695,-0.27944332361221313,0.07782506197690964,22024.0,22016.0
24.47999382019043,21.47694206237793,0.3019188344478607,0.07783639430999756,22028.0,22020.0
31.515743255615234,25.15215301513672,0.5942654609680176,0.0778496116399765,22032.0,22024.0
34.636566162109375,17.687837600708008,0.07850687205791473,0.07786189764738083,22036.0,22028.0
24.932453155517578,24.581859588623047,0.7739076018333435,0.07787688076496124,22040.0,22032.0
51.86248016357422,21.223697662353516,0.3083632290363312,0.07789192348718643,22044.0,22036.0
59.77091979980469,21.126880645751953,0.01110728457570076,0.07790553569793701,22048.0,22040.0
32.96966552734375,21.296894073486328,-0.20717251300811768,0.07791674137115479,22052.0,22044.0
29.284072875976562,20.438209533691406,0.2112310528755188,0.07792790234088898,22056.0,22048.0
40.75559997558594,22.770524978637695,0.48898860812187195,0.0779404267668724,22060.0,22052.0
22.148788452148438,21.56147003173828,0.00425296276807785,0.07795172929763794,22064.0,22056.0
20.482376098632812,21.203731536865234,0.406393438577652,0.07796397060155869,22068.0,22060.0
22.090436935424805,22.999229431152344,0.5071010589599609,0.07797758281230927,22072.0,22064.0
19.18952751159668,18.496919631958008,0.3002987205982208,0.07799135893583298,22076.0,22068.0
21.6919002532959,20.577423095703125,0.14494916796684265,0.07800450921058655,22080.0,22072.0
33.1353759765625,20.85883140563965,0.07089091837406158,0.07801670581102371,22084.0,22076.0
27.116127014160156,19.134437561035156,-0.14862801134586334,0.07802693545818329,22088.0,22080.0
42.534156799316406,24.212316513061523,-0.12847428023815155,0.07803549617528915,22092.0,22084.0
26.42306137084961,21.069400787353516,-0.0686526745557785,0.07804284244775772,22096.0,22088.0
35.89234161376953,20.9075927734375,0.19996021687984467,0.07805049419403076,22100.0,22092.0
15.923685073852539,19.529205322265625,-0.04555918276309967,0.07805714011192322,22104.0,22096.0
26.23110580444336,21.759592056274414,-0.032613348215818405,0.07806295901536942,22108.0,22100.0
33.595787048339844,22.72297477722168,0.005905508995056152,0.07806822657585144,22112.0,22104.0
32.60419464111328,19.219196319580078,0.21920400857925415,0.07807409018278122,22116.0,22108.0
31.82520294189453,20.6524715423584,-0.046700380742549896,0.07807913422584534,22120.0,22112.0
20.60506248474121,20.935588836669922,0.2646792531013489,0.0780850350856781,22124.0,22116.0
39.0750617980957,20.965444564819336,-0.16229575872421265,0.07808952778577805,22128.0,22120.0
29.984045028686523,22.034025192260742,-0.004415780305862427,0.07809354364871979,22132.0,22124.0
20.078264236450195,20.589073181152344,-0.14743712544441223,0.07809639722108841,22136.0,22128.0
23.778244018554688,21.33605194091797,0.06581276655197144,0.07809930294752121,22140.0,22132.0
37.868656158447266,24.242753982543945,0.42298659682273865,0.07810408622026443,22144.0,22136.0
33.40858840942383,20.23394775390625,0.20358389616012573,0.07810945063829422,22148.0,22140.0
22.687362670898438,22.068939208984375,0.48716139793395996,0.07811678946018219,22152.0,22144.0
34.58494567871094,25.90020751953125,0.23246097564697266,0.07812459021806717,22156.0,22148.0
23.669719696044922,23.145042419433594,0.4390897750854492,0.07813386619091034,22160.0,22152.0
35.573974609375,19.595243453979492,-0.10298999398946762,0.07814168930053711,22164.0,22156.0
25.411331176757812,21.976463317871094,0.6202371120452881,0.07815191894769669,22168.0,22160.0
34.4959716796875,21.21169662475586,0.6199772357940674,0.07816430926322937,22172.0,22164.0
31.576648712158203,23.614261627197266,0.32798099517822266,0.07817715406417847,22176.0,22168.0
24.44796371459961,20.056385040283203,-0.49698132276535034,0.07818615436553955,22180.0,22172.0
30.275732040405273,22.056501388549805,0.15936149656772614,0.07819508761167526,22184.0,22176.0
38.38862228393555,21.90700340270996,0.29786965250968933,0.0782046690583229,22188.0,22180.0
40.86626434326172,25.129684448242188,-0.16729749739170074,0.0782124251127243,22192.0,22184.0
42.59423828125,25.801589965820312,-0.08874297887086868,0.07821895182132721,22196.0,22188.0
24.077896118164062,21.5806827545166,0.08716408908367157,0.078225277364254,22200.0,22192.0
23.173095703125,23.275043487548828,0.14465896785259247,0.07823172956705093,22204.0,22196.0
21.074127197265625,22.375381469726562,0.036434002220630646,0.07823771238327026,22208.0,22200.0
27.54446029663086,21.933977127075195,0.6935832500457764,0.07824669033288956,22212.0,22204.0
18.655933380126953,20.143108367919922,0.5774545669555664,0.07825775444507599,22216.0,22208.0
27.21847152709961,21.87533950805664,0.48088255524635315,0.07827019691467285,22220.0,22212.0
40.501853942871094,24.058828353881836,0.3040844798088074,0.07828296720981598,22224.0,22216.0
26.73175811767578,23.103477478027344,0.3265252709388733,0.07829616218805313,22228.0,22220.0
25.357088088989258,23.416702270507812,0.5220217704772949,0.07831072062253952,22232.0,22224.0
18.467269897460938,16.918771743774414,0.11379119753837585,0.07832442969083786,22236.0,22228.0
28.287649154663086,21.936206817626953,0.02752852439880371,0.0783369243144989,22240.0,22232.0
28.44212532043457,22.02566909790039,0.43619322776794434,0.07835042476654053,22244.0,22236.0
30.593250274658203,21.135549545288086,0.17464888095855713,0.07836348563432693,22248.0,22240.0
60.60100555419922,23.232547760009766,0.40971189737319946,0.078377366065979,22252.0,22244.0
33.378883361816406,21.28990936279297,-0.08937054872512817,0.07838940620422363,22256.0,22248.0
28.65418243408203,21.858497619628906,-0.3515665829181671,0.07839841395616531,22260.0,22252.0
29.022951126098633,25.02839469909668,0.4137105345726013,0.07840867340564728,22264.0,22256.0
37.01058578491211,21.4537353515625,-0.01942393183708191,0.0784178152680397,22268.0,22260.0
50.941688537597656,21.428024291992188,-0.19443213939666748,0.07842503488063812,22272.0,22264.0
30.40973663330078,20.272401809692383,-0.20760023593902588,0.07843045890331268,22276.0,22268.0
27.85386848449707,20.3514461517334,0.2844720780849457,0.07843681424856186,22280.0,22272.0
29.649572372436523,18.295841217041016,-0.03160107880830765,0.07844238728284836,22284.0,22276.0
37.66289138793945,22.104780197143555,0.401996374130249,0.07844949513673782,22288.0,22280.0
22.620128631591797,24.05914306640625,0.6658959984779358,0.07845935225486755,22292.0,22284.0
28.563037872314453,26.306737899780273,0.6209090352058411,0.07847145199775696,22296.0,22288.0
25.42578125,20.685327529907227,0.1256888508796692,0.07848300039768219,22300.0,22292.0
32.682979583740234,21.184776306152344,0.6835991144180298,0.07849696278572083,22304.0,22296.0
18.945938110351562,22.100584030151367,0.4213561415672302,0.07851170748472214,22308.0,22300.0
37.32500457763672,23.817672729492188,0.7559654712677002,0.07852891087532043,22312.0,22304.0
26.862308502197266,22.912582397460938,0.257906973361969,0.07854574918746948,22316.0,22308.0
25.829286575317383,22.190343856811523,0.39098188281059265,0.07856293767690659,22320.0,22312.0
68.20167541503906,19.257787704467773,-0.12765994668006897,0.07857775688171387,22324.0,22316.0
41.99274826049805,21.512577056884766,0.34526774287223816,0.07859289646148682,22328.0,22320.0
40.89869689941406,19.173654556274414,-0.2955103814601898,0.07860498130321503,22332.0,22324.0
58.120662689208984,21.310070037841797,0.13906708359718323,0.07861660420894623,22336.0,22328.0
37.01636505126953,24.80565071105957,0.9130406379699707,0.07863180339336395,22340.0,22332.0
42.04905700683594,23.459762573242188,0.5265754461288452,0.07864823192358017,22344.0,22336.0
35.04937744140625,22.16104507446289,-0.10085159540176392,0.07866249978542328,22348.0,22340.0
32.90238952636719,23.59157943725586,0.44829991459846497,0.0786776915192604,22352.0,22344.0
29.658395767211914,23.265296936035156,0.01956281065940857,0.07869148254394531,22356.0,22348.0
27.247970581054688,22.418479919433594,0.5011911988258362,0.07870651036500931,22360.0,22352.0
38.58103942871094,24.118816375732422,0.666426956653595,0.07872351258993149,22364.0,22356.0
17.84610366821289,22.172483444213867,0.12114749848842621,0.07873944938182831,22368.0,22360.0
46.29494094848633,20.44171905517578,-0.0011647939682006836,0.07875379920005798,22372.0,22364.0
16.690210342407227,21.324623107910156,-0.24991196393966675,0.07876542210578918,22376.0,22368.0
25.72601318359375,21.816661834716797,-0.09761452674865723,0.07877537608146667,22380.0,22372.0
32.000450134277344,25.11526107788086,0.26611751317977905,0.0787857174873352,22384.0,22376.0
33.568519592285156,21.793201446533203,0.698043704032898,0.07879868149757385,22388.0,22380.0
23.378007888793945,19.704069137573242,-0.2806185781955719,0.07880888879299164,22392.0,22384.0
36.58197021484375,21.583694458007812,0.0190848708152771,0.0788181871175766,22396.0,22388.0
43.63563537597656,19.849369049072266,0.5144544839859009,0.07882925868034363,22400.0,22392.0
28.529109954833984,22.334745407104492,0.4928463101387024,0.07884179055690765,22404.0,22396.0
36.6451530456543,21.739482879638672,0.3000616133213043,0.07885467261075974,22408.0,22400.0
23.433712005615234,22.341520309448242,0.4893264174461365,0.07886882871389389,22412.0,22404.0
27.325441360473633,21.192636489868164,0.8864493370056152,0.07888620346784592,22416.0,22408.0
24.55066680908203,20.644540786743164,0.5598913431167603,0.07890477031469345,22420.0,22412.0
18.296852111816406,24.458616256713867,-0.01656341180205345,0.07892140001058578,22424.0,22416.0
24.97334098815918,19.509431838989258,0.5024510622024536,0.07893901318311691,22428.0,22420.0
52.1573371887207,25.43232536315918,0.3855067193508148,0.07895690202713013,22432.0,22424.0
21.043128967285156,21.734912872314453,0.4066035747528076,0.0789751410484314,22436.0,22428.0
21.370986938476562,22.332231521606445,0.292534202337265,0.07899310439825058,22440.0,22432.0
28.535614013671875,23.597030639648438,0.3792223036289215,0.07901126146316528,22444.0,22436.0
24.573001861572266,24.238723754882812,0.17576535046100616,0.07902853935956955,22448.0,22440.0
28.676315307617188,18.957948684692383,0.5115457773208618,0.07904677838087082,22452.0,22444.0
23.768598556518555,23.035572052001953,0.982647716999054,0.07906834781169891,22456.0,22448.0
59.213279724121094,18.80590057373047,0.31874603033065796,0.0790894404053688,22460.0,22452.0
17.9548397064209,22.214431762695312,0.24315667152404785,0.07910971343517303,22464.0,22456.0
35.38856506347656,23.922344207763672,0.7312957048416138,0.07913180440664291,22468.0,22460.0
12.998117446899414,19.00686264038086,0.49936363101005554,0.07915431261062622,22472.0,22464.0
25.815746307373047,20.817325592041016,0.5918175578117371,0.07917767763137817,22476.0,22468.0
37.97853088378906,20.821704864501953,0.3263868987560272,0.07920044660568237,22480.0,22472.0
24.725608825683594,17.735010147094727,0.07931512594223022,0.07922137528657913,22484.0,22476.0
26.42779541015625,19.0001163482666,0.522960364818573,0.07924296706914902,22488.0,22480.0
53.51563262939453,22.03593635559082,0.49692070484161377,0.07926502078771591,22492.0,22484.0
30.813283920288086,19.3238582611084,0.17008206248283386,0.07928577065467834,22496.0,22488.0
65.62088775634766,18.57340431213379,-0.14920026063919067,0.07930367439985275,22500.0,22492.0
41.02657699584961,24.90444564819336,0.17513200640678406,0.07932072877883911,22504.0,22496.0
21.879425048828125,21.913209915161133,0.33361268043518066,0.07933785021305084,22508.0,22500.0
31.650917053222656,23.464263916015625,0.516158938407898,0.07935599237680435,22512.0,22504.0
22.75933265686035,23.569948196411133,0.6339497566223145,0.07937566936016083,22516.0,22508.0
25.610017776489258,20.977949142456055,0.5597821474075317,0.0793963372707367,22520.0,22512.0
28.25946044921875,21.80786895751953,0.5429060459136963,0.07941780984401703,22524.0,22516.0
31.48297882080078,22.517229080200195,0.6910549402236938,0.07944077998399734,22528.0,22520.0
22.139997482299805,25.71626853942871,1.1665691137313843,0.07946754992008209,22532.0,22524.0
26.776676177978516,21.18316650390625,0.5895932912826538,0.07949475944042206,22536.0,22528.0
27.844806671142578,23.023263931274414,0.23902441561222076,0.07952051609754562,22540.0,22532.0
35.176597595214844,20.884971618652344,0.029357396066188812,0.07954388111829758,22544.0,22536.0
65.34030151367188,24.04916000366211,0.3001217842102051,0.07956650853157043,22548.0,22540.0
34.17859649658203,25.731094360351562,0.439907044172287,0.07958920300006866,22552.0,22544.0
30.419384002685547,21.581520080566406,0.1469039022922516,0.0796104148030281,22556.0,22548.0
18.315528869628906,22.548599243164062,0.2832925319671631,0.0796310305595398,22560.0,22552.0
25.82547950744629,25.28644371032715,-0.10878977179527283,0.07964901626110077,22564.0,22556.0
23.595378875732422,22.578853607177734,0.2862106263637543,0.07966673374176025,22568.0,22560.0
43.36237335205078,24.37034797668457,0.1460818350315094,0.07968346774578094,22572.0,22564.0
28.515716552734375,25.245071411132812,0.18458683788776398,0.07969952374696732,22576.0,22568.0
37.32478332519531,22.895971298217773,0.42651718854904175,0.07971622794866562,22580.0,22572.0
23.85593032836914,24.01306915283203,-0.4947797358036041,0.0797286406159401,22584.0,22576.0
29.355243682861328,22.401784896850586,0.27423524856567383,0.07974128425121307,22588.0,22580.0
35.638267517089844,23.07378387451172,0.14893166720867157,0.07975345104932785,22592.0,22584.0
36.46644973754883,25.338428497314453,-0.3341955840587616,0.07976263761520386,22596.0,22588.0
27.339502334594727,21.786203384399414,0.17268559336662292,0.07977181673049927,22600.0,22592.0
19.723255157470703,22.356796264648438,0.3159332871437073,0.07978177070617676,22604.0,22596.0
24.461261749267578,18.515342712402344,-0.3052024841308594,0.07978910952806473,22608.0,22600.0
21.893917083740234,18.755874633789062,-0.2520250678062439,0.07979436218738556,22612.0,22604.0
15.678296089172363,18.925796508789062,-0.10684847831726074,0.07979852706193924,22616.0,22608.0
36.68439865112305,20.98589324951172,-0.08371521532535553,0.07980184257030487,22620.0,22612.0
23.69321060180664,18.881309509277344,-0.08954565227031708,0.07980433106422424,22624.0,22616.0
23.441722869873047,20.63135528564453,-0.39469850063323975,0.07980446517467499,22628.0,22620.0
43.078094482421875,21.34879493713379,-0.051760464906692505,0.07980431616306305,22632.0,22624.0
28.436996459960938,20.434612274169922,0.10809245705604553,0.07980474829673767,22636.0,22628.0
51.148738861083984,20.96510887145996,0.12218733876943588,0.07980579137802124,22640.0,22632.0
21.57013702392578,22.212081909179688,0.19562077522277832,0.07980779558420181,22644.0,22636.0
24.16518783569336,21.343505859375,0.1710207462310791,0.0798105001449585,22648.0,22640.0
27.589797973632812,23.387685775756836,0.22302505373954773,0.0798141285777092,22652.0,22644.0
38.969505310058594,25.840667724609375,0.3066673278808594,0.07981903851032257,22656.0,22648.0
41.91128921508789,24.296581268310547,0.2108445167541504,0.07982459664344788,22660.0,22652.0
23.127214431762695,21.354223251342773,-0.3227780759334564,0.07982787489891052,22664.0,22656.0
21.243194580078125,23.861284255981445,0.09473170340061188,0.0798313319683075,22668.0,22660.0
17.461994171142578,20.166275024414062,-0.028071008622646332,0.07983430474996567,22672.0,22664.0
21.74117660522461,20.387205123901367,-0.33710023760795593,0.07983516156673431,22676.0,22668.0
23.578262329101562,22.493934631347656,-0.3755362927913666,0.07983390241861343,22680.0,22672.0
25.00829315185547,20.348661422729492,-0.22128984332084656,0.07983158528804779,22684.0,22676.0
27.14273452758789,22.167518615722656,-0.5587339997291565,0.07982650399208069,22688.0,22680.0
29.711978912353516,19.56861686706543,-0.5087882876396179,0.07981918752193451,22692.0,22684.0
26.82564926147461,23.682580947875977,-0.37122446298599243,0.07981061190366745,22696.0,22688.0
19.735742568969727,21.363582611083984,-0.3652256727218628,0.07980092614889145,22700.0,22692.0
49.67522430419922,21.547771453857422,-0.11696439981460571,0.0797915831208229,22704.0,22696.0
19.48543930053711,20.081436157226562,-0.5491355061531067,0.0797802284359932,22708.0,22700.0
25.959152221679688,24.97085189819336,-0.20807568728923798,0.07976888865232468,22712.0,22704.0
24.707088470458984,25.64750862121582,-0.2896305322647095,0.07975712418556213,22716.0,22708.0
29.483619689941406,22.067481994628906,-0.6494136452674866,0.07974305003881454,22720.0,22712.0
16.69988441467285,23.05413246154785,-0.09760597348213196,0.07972985506057739,22724.0,22716.0
27.125410079956055,20.79122543334961,-0.3101300299167633,0.07971632480621338,22728.0,22720.0
40.44395446777344,28.272808074951172,-0.030055426061153412,0.07970397174358368,22732.0,22724.0
23.44159507751465,23.296947479248047,-0.49439737200737,0.07969021052122116,22736.0,22728.0
25.50808334350586,20.974214553833008,0.03414714336395264,0.0796779990196228,22740.0,22732.0
26.26630401611328,23.243999481201172,-0.020397961139678955,0.07966690510511398,22744.0,22736.0
31.625152587890625,21.788944244384766,-0.20738032460212708,0.07965579628944397,22748.0,22740.0
28.47634506225586,24.84176254272461,0.3076415956020355,0.07964745908975601,22752.0,22744.0
26.476272583007812,19.688894271850586,-0.3353697657585144,0.07963813096284866,22756.0,22748.0
20.71381378173828,19.364429473876953,-0.005084559321403503,0.07962971925735474,22760.0,22752.0
20.58977508544922,17.791391372680664,-0.31539079546928406,0.07962045818567276,22764.0,22756.0
31.685577392578125,20.85346221923828,0.09768572449684143,0.07961263507604599,22768.0,22760.0
29.36311912536621,22.679027557373047,-0.009575098752975464,0.07960553467273712,22772.0,22764.0
25.93411636352539,21.64719581604004,-0.049735188484191895,0.07959887385368347,22776.0,22768.0
33.93670654296875,24.954565048217773,-0.1958247721195221,0.07959184050559998,22780.0,22772.0
41.62971496582031,25.756187438964844,-0.04396440088748932,0.0795852541923523,22784.0,22776.0
35.57487487792969,22.00023651123047,0.3423413038253784,0.07958117127418518,22788.0,22780.0
24.798564910888672,22.57758140563965,0.560314416885376,0.07958053052425385,22792.0,22784.0
25.850627899169922,22.220409393310547,-0.5023227334022522,0.0795772448182106,22796.0,22788.0
39.75196075439453,18.056034088134766,0.40674886107444763,0.07957646995782852,22800.0,22792.0
24.095407485961914,22.12512969970703,0.4429500102996826,0.07957815378904343,22804.0,22796.0
16.683961868286133,23.73349952697754,-0.0551699660718441,0.07957939058542252,22808.0,22800.0
24.202816009521484,21.339351654052734,0.2880556881427765,0.07958205044269562,22812.0,22804.0
32.7712516784668,24.133052825927734,0.19138935208320618,0.07958546280860901,22816.0,22808.0
14.198295593261719,19.662395477294922,0.036845073103904724,0.07958874106407166,22820.0,22812.0
69.3453369140625,26.082096099853516,0.18076765537261963,0.07959267497062683,22824.0,22816.0
23.295574188232422,22.089889526367188,-0.53595370054245,0.07959331572055817,22828.0,22820.0
23.706432342529297,23.667613983154297,-0.09596593677997589,0.07959337532520294,22832.0,22824.0
29.023401260375977,21.47814178466797,-0.16248396039009094,0.07959255576133728,22836.0,22828.0
32.828529357910156,18.20441436767578,-0.15650419890880585,0.07959096133708954,22840.0,22832.0
27.891895294189453,24.208484649658203,-0.1005508303642273,0.07958899438381195,22844.0,22836.0
31.732318878173828,22.82445526123047,-0.6020137667655945,0.07958395779132843,22848.0,22840.0
22.923511505126953,20.8013858795166,-0.4187617003917694,0.07957717031240463,22852.0,22844.0
26.372241973876953,21.836620330810547,0.23564377427101135,0.07957233488559723,22856.0,22848.0
25.115570068359375,23.200740814208984,-0.24767747521400452,0.07956664264202118,22860.0,22852.0
30.025728225708008,24.578624725341797,0.9578408002853394,0.07956669479608536,22864.0,22856.0
31.51123046875,24.8184757232666,0.30071038007736206,0.07956837117671967,22868.0,22860.0
24.36516571044922,24.455127716064453,-0.03758316487073898,0.07956967502832413,22872.0,22864.0
29.24252700805664,26.527294158935547,-0.29192376136779785,0.07956928014755249,22876.0,22868.0
29.45943260192871,24.875526428222656,0.7077026963233948,0.07957272976636887,22880.0,22872.0
26.591062545776367,20.00465202331543,-0.06813934445381165,0.07957547903060913,22884.0,22876.0
20.83245849609375,22.01466178894043,-0.04237160086631775,0.0795777216553688,22888.0,22880.0
17.64549446105957,21.617549896240234,0.12101439386606216,0.0795803964138031,22892.0,22884.0
28.634498596191406,25.908649444580078,-0.16129007935523987,0.07958193123340607,22896.0,22888.0
27.80429458618164,23.665891647338867,0.44541022181510925,0.0795857310295105,22900.0,22892.0
25.512365341186523,21.959453582763672,0.03010181337594986,0.07958929240703583,22904.0,22896.0
33.95811080932617,27.728437423706055,0.19397929310798645,0.07959356158971786,22908.0,22900.0
30.573078155517578,22.573341369628906,-0.2993716299533844,0.07959578186273575,22912.0,22904.0
20.506074905395508,23.29435157775879,0.14426787197589874,0.0795985758304596,22916.0,22908.0
20.94416046142578,21.7493896484375,-0.058162104338407516,0.0796007588505745,22920.0,22912.0
17.510547637939453,19.688478469848633,0.03863045945763588,0.07960294187068939,22924.0,22916.0
20.439334869384766,19.34112548828125,-0.517947793006897,0.07960208505392075,22928.0,22920.0
27.14173698425293,25.838327407836914,-0.2764713168144226,0.07959982752799988,22932.0,22924.0
28.55626678466797,22.717832565307617,-0.3479958474636078,0.0795958936214447,22936.0,22928.0
46.647705078125,25.238189697265625,-0.21813979744911194,0.07959116995334625,22940.0,22932.0
37.29685974121094,22.918581008911133,0.19527338445186615,0.07958798110485077,22944.0,22936.0
33.352657318115234,25.165557861328125,0.15131568908691406,0.07958593964576721,22948.0,22940.0
29.75441551208496,22.198902130126953,-0.07544036954641342,0.07958367466926575,22952.0,22944.0
18.949935913085938,22.010526657104492,-0.05236230045557022,0.0795813649892807,22956.0,22948.0
15.051875114440918,20.808259963989258,-0.017562467604875565,0.0795791819691658,22960.0,22952.0
38.89222717285156,20.995363235473633,-0.09743854403495789,0.07957669347524643,22964.0,22956.0
26.469039916992188,20.814355850219727,-0.16799142956733704,0.07957354187965393,22968.0,22960.0
27.088760375976562,19.671283721923828,-0.36293545365333557,0.07956872880458832,22972.0,22964.0
36.608299255371094,23.689922332763672,0.039836470037698746,0.07956460863351822,22976.0,22968.0
24.008140563964844,22.415164947509766,0.08059850335121155,0.07956135272979736,22980.0,22972.0
21.884933471679688,21.85184097290039,-0.23379316926002502,0.0795571357011795,22984.0,22976.0
36.49580383300781,22.80537986755371,-0.32554173469543457,0.079551562666893,22988.0,22980.0
47.194339752197266,24.821199417114258,0.06195622682571411,0.07954687625169754,22992.0,22984.0
32.741485595703125,21.45450782775879,0.013402625918388367,0.07954274117946625,22996.0,22988.0
22.664337158203125,21.406572341918945,0.7169290781021118,0.07954293489456177,23000.0,22992.0
38.08295440673828,21.10157585144043,-0.16159024834632874,0.07954221218824387,23004.0,22996.0
21.718334197998047,22.284603118896484,-0.17522375285625458,0.07954061776399612,23008.0,23000.0
18.026552200317383,20.066980361938477,0.32124078273773193,0.0795409232378006,23012.0,23004.0
23.117536544799805,24.78394317626953,0.08478082716464996,0.0795416608452797,23016.0,23008.0
21.152435302734375,20.166481018066406,-0.2793578505516052,0.07954080402851105,23020.0,23012.0
26.152597427368164,21.170827865600586,-0.016809143126010895,0.079539954662323,23024.0,23016.0
30.955570220947266,22.046863555908203,0.17278999090194702,0.07954012602567673,23028.0,23020.0
27.70087242126465,23.781715393066406,0.06272802501916885,0.07954061776399612,23032.0,23024.0
25.639179229736328,18.9050350189209,0.0025258827954530716,0.07954107224941254,23036.0,23028.0
18.58514404296875,19.513771057128906,-0.14044992625713348,0.07954071462154388,23040.0,23032.0
29.921659469604492,21.922435760498047,-0.0773489847779274,0.07953996956348419,23044.0,23036.0
19.27696990966797,19.20465087890625,-0.7849029898643494,0.07953500747680664,23048.0,23040.0
20.61417007446289,20.987712860107422,-0.4401701092720032,0.07952813804149628,23052.0,23044.0
22.86813735961914,22.18793487548828,-0.27121102809906006,0.07952046394348145,23056.0,23048.0
31.49394989013672,21.49346351623535,-0.055729515850543976,0.07951325923204422,23060.0,23052.0
26.618549346923828,23.886432647705078,-0.46138113737106323,0.07950425148010254,23064.0,23056.0
22.260040283203125,21.409805297851562,-0.1536370813846588,0.07949531078338623,23068.0,23060.0
23.963348388671875,22.28485107421875,-0.04220820963382721,0.07948700338602066,23072.0,23064.0
28.583269119262695,23.08995819091797,0.12446941435337067,0.07948022335767746,23076.0,23068.0
22.79092788696289,23.01025390625,-0.5208548307418823,0.07947126030921936,23080.0,23072.0
18.690250396728516,20.373350143432617,0.09672394394874573,0.07946372032165527,23084.0,23076.0
23.81060791015625,19.633342742919922,0.03415980190038681,0.079457126557827,23088.0,23080.0
26.620763778686523,20.6446590423584,-0.37077173590660095,0.07944914698600769,23092.0,23084.0
27.851587295532227,26.16470718383789,0.08851463347673416,0.07944246381521225,23096.0,23088.0
50.75117492675781,24.898502349853516,0.335895299911499,0.07943827658891678,23100.0,23092.0
23.621967315673828,25.676790237426758,-0.004994913935661316,0.07943449169397354,23104.0,23096.0
16.648393630981445,19.50665283203125,-0.6721318960189819,0.07942740619182587,23108.0,23100.0
21.10232162475586,21.846160888671875,-0.26760217547416687,0.07941955327987671,23112.0,23104.0
30.624431610107422,20.92764663696289,-0.5693986415863037,0.07940936088562012,23116.0,23108.0
15.510254859924316,22.159196853637695,-0.6786178946495056,0.07939648628234863,23120.0,23112.0
30.905216217041016,21.857088088989258,-0.4113122820854187,0.07938265800476074,23124.0,23116.0
19.545616149902344,24.74217987060547,-0.32560789585113525,0.07936841994524002,23128.0,23120.0
16.66189956665039,23.60184097290039,-0.44765108823776245,0.07935316860675812,23132.0,23124.0
20.634315490722656,24.660587310791016,-0.5677761435508728,0.07933635264635086,23136.0,23128.0
19.20977210998535,20.461153030395508,-0.28717169165611267,0.07931963354349136,23140.0,23132.0
23.826107025146484,20.782855987548828,-0.5011996030807495,0.0793018639087677,23144.0,23136.0
23.69327163696289,23.581483840942383,-0.025972887873649597,0.07928571105003357,23148.0,23140.0
31.35396957397461,25.597915649414062,-0.031066756695508957,0.07927101105451584,23152.0,23144.0
21.45737075805664,22.985450744628906,-0.4023266136646271,0.0792555883526802,23156.0,23148.0
29.36787986755371,23.716794967651367,-0.017567604780197144,0.07924160361289978,23160.0,23152.0
27.49744415283203,19.740436553955078,-0.8266279697418213,0.07922452688217163,23164.0,23156.0
24.5275821685791,25.2221736907959,0.03334500640630722,0.0792093276977539,23168.0,23160.0
24.058015823364258,21.806381225585938,0.305134654045105,0.07919731736183167,23172.0,23164.0
28.642440795898438,23.15220832824707,0.12635913491249084,0.07918719947338104,23176.0,23168.0
28.502098083496094,22.11334991455078,0.2024717926979065,0.07917919009923935,23180.0,23172.0
21.22649574279785,20.116313934326172,-0.48932135105133057,0.07916931807994843,23184.0,23176.0
32.10463333129883,25.441755294799805,0.3840353488922119,0.07916252315044403,23188.0,23180.0
37.885162353515625,23.097576141357422,-0.1510891616344452,0.0791555792093277,23192.0,23184.0
25.80535125732422,25.821086883544922,0.37021780014038086,0.07915135473012924,23196.0,23188.0
27.006956100463867,27.087923049926758,0.4358175992965698,0.07914993911981583,23200.0,23192.0
28.951396942138672,26.81104850769043,0.37737908959388733,0.07915070652961731,23204.0,23196.0
21.020503997802734,20.50534439086914,-0.07088840007781982,0.07915103435516357,23208.0,23200.0
24.380624771118164,21.944379806518555,-0.10299645364284515,0.07915075123310089,23212.0,23204.0
27.38254165649414,24.432950973510742,0.12272138893604279,0.07915116101503372,23216.0,23208.0
19.365997314453125,21.708776473999023,0.09299159049987793,0.07915204763412476,23220.0,23212.0
42.675086975097656,24.171916961669922,0.09281748533248901,0.07915335148572922,23224.0,23216.0
28.684106826782227,21.836681365966797,0.4387394189834595,0.07915693521499634,23228.0,23220.0
37.82952880859375,27.103696823120117,0.2979658544063568,0.07916179299354553,23232.0,23224.0
33.85528564453125,20.969905853271484,0.2865355312824249,0.07916773110628128,23236.0,23228.0
18.40750503540039,21.68134880065918,-0.049208156764507294,0.07917281240224838,23240.0,23232.0
18.587268829345703,24.496524810791016,-0.18077149987220764,0.0791763961315155,23244.0,23236.0
28.370853424072266,22.61501121520996,-0.2730139195919037,0.07917811721563339,23248.0,23240.0
27.583066940307617,24.690853118896484,-0.4372214078903198,0.07917726784944534,23252.0,23244.0
14.868304252624512,19.46142578125,-0.7392035722732544,0.07917245477437973,23256.0,23248.0
30.81999397277832,23.605770111083984,-0.3342213034629822,0.07916627824306488,23260.0,23252.0
28.36639404296875,21.72374153137207,-0.027007505297660828,0.07916057854890823,23264.0,23256.0
34.96788787841797,24.19586753845215,-0.39264070987701416,0.07915329933166504,23268.0,23260.0
24.60692596435547,25.66704750061035,0.30454903841018677,0.07914841175079346,23272.0,23264.0
24.395156860351562,23.798358917236328,-0.00043497979640960693,0.07914401590824127,23276.0,23268.0
21.860065460205078,19.85525894165039,0.1490885615348816,0.07914085686206818,23280.0,23272.0
29.340675354003906,21.602540969848633,0.016926273703575134,0.0791381224989891,23284.0,23276.0
22.659778594970703,21.34061050415039,-0.046307507902383804,0.07913540303707123,23288.0,23280.0
28.433815002441406,21.170188903808594,-0.2669849395751953,0.07913149893283844,23292.0,23284.0
32.0693473815918,20.892539978027344,-0.12399088591337204,0.07912729680538177,23296.0,23288.0
23.505844116210938,27.88555145263672,0.27257275581359863,0.07912500947713852,23300.0,23292.0
28.074277877807617,22.95096206665039,-0.053148142993450165,0.07912265509366989,23304.0,23296.0
25.13315200805664,23.071788787841797,0.2998132109642029,0.07912218570709229,23308.0,23300.0
22.266956329345703,21.092670440673828,-0.08503897488117218,0.07912129163742065,23312.0,23304.0
23.780473709106445,22.1574649810791,-0.13714362680912018,0.07911974936723709,23316.0,23308.0
32.64859390258789,21.294021606445312,-0.4320196509361267,0.07911597192287445,23320.0,23312.0
20.560035705566406,20.541522979736328,0.32814252376556396,0.07911437749862671,23324.0,23316.0
38.19825744628906,21.301366806030273,0.15053707361221313,0.07911376655101776,23328.0,23320.0
23.581972122192383,23.615615844726562,0.01173439621925354,0.07911327481269836,23332.0,23324.0
40.29534149169922,22.86336326599121,-0.02535948157310486,0.0791127160191536,23336.0,23328.0
24.50567626953125,23.090238571166992,0.12364595383405685,0.07911288738250732,23340.0,23332.0
14.160689353942871,21.48806381225586,0.09927287697792053,0.07911358028650284,23344.0,23336.0
23.607492446899414,21.75112533569336,-0.13625188171863556,0.0791134461760521,23348.0,23340.0
21.698925018310547,23.63444709777832,0.38409239053726196,0.07911546528339386,23352.0,23344.0
25.211158752441406,23.01471710205078,0.31399214267730713,0.079119011759758,23356.0,23348.0
24.405071258544922,23.96050262451172,0.6807458996772766,0.07912595570087433,23360.0,23352.0
13.009071350097656,21.66735076904297,0.017595842480659485,0.0791323110461235,23364.0,23356.0
15.100909233093262,24.31002426147461,0.09041500091552734,0.07913853973150253,23368.0,23360.0
26.048654556274414,21.16145896911621,-0.0073271989822387695,0.07914410531520844,23372.0,23364.0
31.233667373657227,24.543668746948242,0.07721704989671707,0.07914954423904419,23376.0,23368.0
37.27298355102539,25.0842342376709,0.33870553970336914,0.0791563168168068,23380.0,23372.0
45.855140686035156,22.334980010986328,0.12354828417301178,0.0791630893945694,23384.0,23376.0
35.69860076904297,22.841262817382812,0.4049414396286011,0.07917143404483795,23388.0,23380.0
17.396759033203125,22.333654403686523,-0.02612445130944252,0.0791788101196289,23392.0,23384.0
27.102190017700195,23.158157348632812,-0.5739046335220337,0.07918226718902588,23396.0,23388.0
17.120033264160156,24.196422576904297,-0.49062085151672363,0.07918264716863632,23400.0,23392.0
16.81420135498047,22.691516876220703,0.32645106315612793,0.07918480038642883,23404.0,23396.0
30.59771728515625,21.25575065612793,-0.40069320797920227,0.07918451726436615,23408.0,23400.0
20.070152282714844,20.558006286621094,-0.36119720339775085,0.07918226718902588,23412.0,23404.0
18.655132293701172,20.77032470703125,-0.44836533069610596,0.07917775958776474,23416.0,23408.0
17.77400779724121,22.798717498779297,-0.16304779052734375,0.07917279005050659,23420.0,23412.0
49.96024703979492,22.59454345703125,-0.2779623866081238,0.07916676998138428,23424.0,23416.0
14.345966339111328,20.976490020751953,-0.39759135246276855,0.07915914803743362,23428.0,23420.0
23.437734603881836,22.735065460205078,-0.00993325375020504,0.07915224134922028,23432.0,23424.0
18.034954071044922,23.90021514892578,-0.2097749561071396,0.07914484292268753,23436.0,23428.0
16.11137580871582,22.787593841552734,-0.44820114970207214,0.0791357085108757,23440.0,23432.0
21.57185935974121,23.500553131103516,0.19020061194896698,0.07912854105234146,23444.0,23436.0
23.141408920288086,21.554710388183594,-0.10562249273061752,0.07912150025367737,23448.0,23440.0
23.79104232788086,24.368938446044922,0.2927497923374176,0.07911679148674011,23452.0,23444.0
32.83500671386719,21.43885612487793,-0.27577224373817444,0.0791110172867775,23456.0,23448.0
20.37007713317871,22.142040252685547,-0.5207752585411072,0.07910292595624924,23460.0,23452.0
29.072265625,23.084781646728516,-0.05440807715058327,0.07909534126520157,23464.0,23456.0
25.366025924682617,22.64044189453125,-0.0496034249663353,0.0790882334113121,23468.0,23460.0
33.77110290527344,23.453693389892578,-0.3603839874267578,0.07907984405755997,23472.0,23464.0
23.499492645263672,24.24269676208496,-0.5357784628868103,0.07906930148601532,23476.0,23468.0
20.039108276367188,20.24281883239746,0.12005691975355148,0.07906047999858856,23480.0,23472.0
23.859634399414062,21.773876190185547,0.07674540579319,0.07905298471450806,23484.0,23476.0
17.085634231567383,23.22415542602539,0.09843162447214127,0.07904676347970963,23488.0,23480.0
23.915328979492188,18.273845672607422,-0.03701688349246979,0.07904095947742462,23492.0,23484.0
26.15941619873047,19.48762321472168,-0.1380012482404709,0.0790349692106247,23496.0,23488.0
20.28763198852539,26.32785415649414,-0.25903505086898804,0.07902812957763672,23500.0,23492.0
31.954946517944336,21.528535842895508,-0.515824556350708,0.07901909947395325,23504.0,23496.0
38.73100280761719,23.143192291259766,0.034365665167570114,0.07901117205619812,23508.0,23500.0
24.593746185302734,22.52459716796875,-0.6211879253387451,0.07900058478116989,23512.0,23504.0
40.148597717285156,21.03452491760254,0.3801614046096802,0.07899316400289536,23516.0,23508.0
14.977699279785156,24.1387939453125,0.020975857973098755,0.07898660749197006,23520.0,23512.0
18.300540924072266,23.26593780517578,0.3049403131008148,0.078982412815094,23524.0,23516.0
76.47393798828125,25.483577728271484,0.018353253602981567,0.07897871732711792,23528.0,23520.0
24.52097511291504,22.44607162475586,0.10263076424598694,0.07897596806287766,23532.0,23524.0
19.31985092163086,25.66733169555664,-0.07656706869602203,0.07897306978702545,23536.0,23528.0
25.587867736816406,23.49933624267578,-0.4104476273059845,0.07896817475557327,23540.0,23532.0
32.40974807739258,24.596538543701172,-0.7890282869338989,0.0789593830704689,23544.0,23536.0
25.84676742553711,24.714008331298828,0.6956226825714111,0.07895535230636597,23548.0,23540.0
37.009788513183594,23.709802627563477,0.07443182170391083,0.0789521336555481,23552.0,23544.0
15.84793472290039,21.422508239746094,-0.020803675055503845,0.07894912362098694,23556.0,23548.0
38.2640495300293,21.5944766998291,0.07978793978691101,0.07894684374332428,23560.0,23552.0
25.70134735107422,20.834209442138672,-0.5805220603942871,0.07894157618284225,23564.0,23556.0
23.55299949645996,23.068435668945312,-0.08791184425354004,0.07893634587526321,23568.0,23560.0
22.28640365600586,24.992698669433594,0.03326353430747986,0.07893180847167969,23572.0,23564.0
22.62887954711914,23.239185333251953,-0.45716553926467896,0.07892518490552902,23576.0,23568.0
21.12667465209961,23.886343002319336,-0.13232722878456116,0.07891848683357239,23580.0,23572.0
27.217344284057617,24.094200134277344,-0.22340275347232819,0.0789112001657486,23584.0,23576.0
30.005901336669922,24.238422393798828,0.03170496225357056,0.07890482246875763,23588.0,23580.0
22.711524963378906,23.90239715576172,-0.10056571662425995,0.07889852672815323,23592.0,23584.0
27.352413177490234,21.043262481689453,-0.41249987483024597,0.07889054715633392,23596.0,23588.0
37.581787109375,22.7954044342041,0.04620250687003136,0.07888362556695938,23600.0,23592.0
31.51103973388672,20.023494720458984,0.17227989435195923,0.07887835800647736,23604.0,23596.0
15.266252517700195,25.323352813720703,-0.260620653629303,0.07887217402458191,23608.0,23600.0
26.04434585571289,27.070158004760742,0.08890288323163986,0.0788671001791954,23612.0,23604.0
37.809837341308594,25.705673217773438,0.28548216819763184,0.07886412739753723,23616.0,23608.0
23.144489288330078,23.241437911987305,0.500687301158905,0.07886423915624619,23620.0,23612.0
23.009906768798828,22.32252311706543,-0.12375994026660919,0.07886365801095963,23624.0,23616.0
29.698768615722656,25.086641311645508,0.011791020631790161,0.07886318862438202,23628.0,23620.0
23.163898468017578,20.72772979736328,0.04132017493247986,0.0788629949092865,23632.0,23624.0
32.482757568359375,27.04439926147461,0.5062088370323181,0.078865647315979,23636.0,23628.0
35.71510314941406,22.232566833496094,-0.12067332863807678,0.0788673609495163,23640.0,23632.0
12.51991081237793,21.10396957397461,0.5168862342834473,0.07887180149555206,23644.0,23636.0
21.750320434570312,28.31075668334961,0.5186964273452759,0.07887868583202362,23648.0,23640.0
43.29646301269531,25.449600219726562,0.26106756925582886,0.07888633757829666,23652.0,23644.0
31.183990478515625,26.1384220123291,0.40990912914276123,0.07889553159475327,23656.0,23648.0
29.589933395385742,24.44643211364746,0.04142703860998154,0.07890403270721436,23660.0,23652.0
21.036046981811523,24.901508331298828,0.4459846019744873,0.07891419529914856,23664.0,23656.0
25.645586013793945,25.443506240844727,-0.24319373071193695,0.07892196625471115,23668.0,23660.0
22.385482788085938,22.395755767822266,0.060659259557724,0.07892930507659912,23672.0,23664.0
23.909530639648438,25.666793823242188,0.019744515419006348,0.07893602550029755,23676.0,23668.0
52.995689392089844,22.532440185546875,-0.15690617263317108,0.07894119620323181,23680.0,23672.0
23.547462463378906,19.785320281982422,-0.3751283288002014,0.07894375920295715,23684.0,23676.0
29.678577423095703,24.903350830078125,-0.38739973306655884,0.0789438933134079,23688.0,23680.0
24.275352478027344,23.84926986694336,-0.23587666451931,0.0789426863193512,23692.0,23684.0
29.3560791015625,24.062908172607422,-0.05294422805309296,0.07894129306077957,23696.0,23688.0
25.68852996826172,24.18846893310547,-0.36037689447402954,0.07893802225589752,23700.0,23692.0
18.288806915283203,22.736377716064453,-0.13764891028404236,0.07893428951501846,23704.0,23696.0
31.692630767822266,22.119049072265625,-0.30890241265296936,0.07892921566963196,23708.0,23700.0
28.701812744140625,21.57107925415039,0.1611277014017105,0.07892554253339767,23712.0,23704.0
19.42287254333496,23.800283432006836,0.22961682081222534,0.0789235308766365,23716.0,23708.0
24.578195571899414,20.88180160522461,-0.03253313899040222,0.07892153412103653,23720.0,23712.0
49.54508972167969,22.822237014770508,0.3361913561820984,0.07892163097858429,23724.0,23716.0
22.306079864501953,24.03264617919922,-0.1817726492881775,0.07892068475484848,23728.0,23720.0
20.02869415283203,24.775177001953125,0.33247166872024536,0.07892172038555145,23732.0,23724.0
16.070568084716797,22.654232025146484,-0.1373533010482788,0.07892186939716339,23736.0,23728.0
20.254125595092773,22.144392013549805,-0.13069505989551544,0.07892127335071564,23740.0,23732.0
11.982325553894043,18.6649169921875,-0.8836954832077026,0.07891575992107391,23744.0,23736.0
18.364238739013672,22.696643829345703,-0.4415647089481354,0.07890832424163818,23748.0,23740.0
22.575571060180664,17.825000762939453,-0.14507150650024414,0.07890082150697708,23752.0,23744.0
27.758468627929688,26.303955078125,0.2606635093688965,0.07889551669359207,23756.0,23748.0
19.00446319580078,23.764062881469727,0.395182341337204,0.07889297604560852,23760.0,23752.0
21.859088897705078,25.42620086669922,0.5047557950019836,0.0788935199379921,23764.0,23756.0
25.965538024902344,25.337566375732422,0.2727333903312683,0.07889555394649506,23768.0,23760.0
19.351110458374023,25.878768920898438,0.2953973710536957,0.07889903336763382,23772.0,23764.0
26.284732818603516,22.312759399414062,-0.006272822618484497,0.07890214025974274,23776.0,23768.0
31.293838500976562,23.20221710205078,0.06372085213661194,0.07890529930591583,23780.0,23772.0
22.357666015625,24.936452865600586,-0.1507992297410965,0.07890728861093521,23784.0,23776.0
31.156641006469727,27.112991333007812,0.236153244972229,0.07891041040420532,23788.0,23780.0
15.937995910644531,24.380897521972656,0.5664989352226257,0.07891641557216644,23792.0,23784.0
18.64445686340332,26.15013885498047,0.020739078521728516,0.07892194390296936,23796.0,23788.0
21.925352096557617,24.316007614135742,0.20706021785736084,0.07892808318138123,23800.0,23792.0
25.250019073486328,25.65121078491211,-0.4501818120479584,0.07893107831478119,23804.0,23796.0
21.275659561157227,24.99386215209961,0.5053776502609253,0.0789366066455841,23808.0,23800.0
22.544963836669922,20.568679809570312,0.5089147090911865,0.07894445955753326,23812.0,23804.0
25.631135940551758,22.48944091796875,-0.03263222426176071,0.07895134389400482,23816.0,23808.0
21.95423126220703,20.675382614135742,-0.3510603904724121,0.07895556092262268,23820.0,23812.0
21.08502197265625,22.38140296936035,0.12497100979089737,0.07896006107330322,23824.0,23816.0
22.62958526611328,24.95408058166504,0.4902251362800598,0.07896687090396881,23828.0,23820.0
24.92019271850586,21.27288818359375,0.05316682904958725,0.07897331565618515,23832.0,23824.0
22.456396102905273,22.405208587646484,-0.14110113680362701,0.07897832244634628,23836.0,23828.0
30.64815902709961,22.5572566986084,0.1622571498155594,0.07898374646902084,23840.0,23832.0
24.102096557617188,24.457595825195312,-0.11129806190729141,0.07898800075054169,23844.0,23836.0
29.224658966064453,25.26339340209961,0.5896106362342834,0.07899516075849533,23848.0,23840.0
28.14242935180664,22.66750144958496,0.33379068970680237,0.07900350540876389,23852.0,23844.0
35.06604766845703,23.754241943359375,-0.07887367159128189,0.07901056855916977,23856.0,23848.0
19.266891479492188,22.525531768798828,0.5321258306503296,0.0790199339389801,23860.0,23852.0
25.676273345947266,24.56806182861328,0.9157697558403015,0.07903353124856949,23864.0,23856.0
24.2540283203125,26.977840423583984,0.3248399794101715,0.07904760539531708,23868.0,23860.0
19.85406494140625,20.505023956298828,0.20684877038002014,0.07906146347522736,23872.0,23864.0
19.528047561645508,23.930747985839844,-0.30883175134658813,0.07907219231128693,23876.0,23868.0
28.432037353515625,24.145160675048828,0.1468122899532318,0.0790826678276062,23880.0,23872.0
20.528894424438477,25.32228660583496,0.09128079563379288,0.07909262925386429,23884.0,23876.0
17.034936904907227,25.905048370361328,0.7729934453964233,0.07910595834255219,23888.0,23880.0
19.426544189453125,25.05150604248047,0.1176813617348671,0.07911863923072815,23892.0,23884.0
21.259994506835938,23.124881744384766,0.10030393302440643,0.079130619764328,23896.0,23888.0
20.254491806030273,22.65266227722168,0.099134162068367,0.07914197444915771,23900.0,23892.0
16.25912094116211,21.743690490722656,0.22077028453350067,0.07915344834327698,23904.0,23896.0
22.555130004882812,26.44761848449707,0.013359710574150085,0.07916386425495148,23908.0,23900.0
20.34239387512207,27.21072769165039,-0.16362455487251282,0.0791722983121872,23912.0,23904.0
30.433879852294922,23.498619079589844,-0.3484700918197632,0.07917793095111847,23916.0,23908.0
22.0584716796875,28.20096778869629,0.2600827217102051,0.07918445765972137,23920.0,23912.0
17.42616081237793,22.01154327392578,-0.31561434268951416,0.07918855547904968,23924.0,23916.0
37.69658660888672,23.832780838012695,-0.01854497194290161,0.0791921466588974,23928.0,23920.0
22.83349609375,22.658132553100586,-0.1379500925540924,0.079194575548172,23932.0,23924.0
24.267017364501953,26.562217712402344,0.01819824054837227,0.07919688522815704,23936.0,23928.0
21.86320686340332,28.225072860717773,0.22862190008163452,0.07920026034116745,23940.0,23932.0
20.37319564819336,25.551830291748047,0.6998114585876465,0.07920728623867035,23944.0,23936.0
43.847381591796875,22.58055305480957,0.2150067687034607,0.07921484112739563,23948.0,23940.0
34.44308090209961,25.730045318603516,0.690033495426178,0.07922554761171341,23952.0,23944.0
77.25885772705078,23.14134979248047,0.1775694489479065,0.0792362242937088,23956.0,23948.0
27.086063385009766,23.546293258666992,0.5733336806297302,0.07924909144639969,23960.0,23952.0
34.90476989746094,27.529970169067383,0.5808702707290649,0.07926397770643234,23964.0,23956.0
22.590456008911133,24.889122009277344,0.5305927395820618,0.07928040623664856,23968.0,23960.0
26.056720733642578,23.46013832092285,0.27540117502212524,0.07929675281047821,23972.0,23964.0
29.528404235839844,27.06627082824707,0.29734617471694946,0.07931316643953323,23976.0,23968.0
34.41667175292969,23.29096031188965,0.5333729982376099,0.07933098077774048,23980.0,23972.0
28.51483917236328,26.220691680908203,0.533309817314148,0.0793500542640686,23984.0,23976.0
20.66170883178711,22.901227951049805,0.34184178709983826,0.07936917990446091,23988.0,23980.0
21.124834060668945,21.934083938598633,0.16029220819473267,0.07938732951879501,23992.0,23984.0
31.070152282714844,24.13294792175293,0.6439142227172852,0.07940731942653656,23996.0,23988.0
23.771202087402344,21.499940872192383,0.034770362079143524,0.07942552864551544,24000.0,23992.0
28.43508529663086,24.651763916015625,0.11039721220731735,0.07944256067276001,24004.0,23996.0
18.355405807495117,19.987747192382812,-0.08081658184528351,0.07945743203163147,24008.0,24000.0
23.35853385925293,26.04450035095215,-0.0640663132071495,0.07947046309709549,24012.0,24004.0
23.510581970214844,25.201021194458008,-0.14600415527820587,0.07948136329650879,24016.0,24008.0
33.27862548828125,25.965225219726562,-0.09479759633541107,0.07949062436819077,24020.0,24012.0
53.49847412109375,23.475391387939453,0.5488176941871643,0.07950211316347122,24024.0,24016.0
15.100177764892578,24.251020431518555,-0.12581616640090942,0.07951173931360245,24028.0,24020.0
27.802078247070312,21.86041259765625,-0.17652222514152527,0.07951939851045609,24032.0,24024.0
15.66988754272461,23.197952270507812,-0.08724822103977203,0.07952579110860825,24036.0,24028.0
16.741596221923828,24.494197845458984,0.09929032623767853,0.07953212410211563,24040.0,24032.0
36.39677810668945,23.60973358154297,0.4589758515357971,0.0795404464006424,24044.0,24036.0
35.178688049316406,26.86991310119629,-0.09949389100074768,0.07954736799001694,24048.0,24040.0
15.83837604522705,22.59922218322754,-0.01939099282026291,0.0795534998178482,24052.0,24044.0
21.28844451904297,24.147972106933594,-0.17462840676307678,0.07955800741910934,24056.0,24048.0
30.123165130615234,24.562593460083008,0.5016006231307983,0.07956495136022568,24060.0,24052.0
17.457368850708008,24.80782699584961,-0.3152422606945038,0.07956939190626144,24064.0,24056.0
28.31566619873047,25.0734920501709,0.6359741687774658,0.07957703620195389,24068.0,24060.0
20.356800079345703,20.700725555419922,-0.3148781955242157,0.07958212494850159,24072.0,24064.0
21.26194190979004,23.831356048583984,-0.020991116762161255,0.07958658039569855,24076.0,24068.0
23.55816650390625,22.809982299804688,0.18554547429084778,0.07959166169166565,24080.0,24072.0
40.57843780517578,25.599685668945312,0.11906839907169342,0.07959692180156708,24084.0,24076.0
54.26443099975586,23.473548889160156,0.4950953423976898,0.07960451394319534,24088.0,24080.0
14.324712753295898,21.95479965209961,-0.06716623902320862,0.07961096614599228,24092.0,24084.0
23.837989807128906,25.08333969116211,-0.02315676212310791,0.07961664348840714,24096.0,24088.0
19.018163681030273,19.198850631713867,0.5377993583679199,0.07962484657764435,24100.0,24092.0
19.207529067993164,22.78124237060547,0.7266068458557129,0.07963640987873077,24104.0,24096.0
18.432403564453125,22.226734161376953,-0.05139298364520073,0.0796465277671814,24108.0,24100.0
52.2701416015625,22.056678771972656,-0.19897982478141785,0.07965448498725891,24112.0,24104.0
36.16178894042969,20.408077239990234,0.44513067603111267,0.07966423034667969,24116.0,24108.0
44.52680969238281,21.163211822509766,0.53270024061203,0.0796760618686676,24120.0,24112.0
25.556720733642578,24.849973678588867,-0.10909199714660645,0.07968609035015106,24124.0,24116.0
22.810401916503906,24.602462768554688,0.3164636194705963,0.07969696074724197,24128.0,24120.0
23.403291702270508,25.32493782043457,0.454405277967453,0.07970936596393585,24132.0,24124.0
20.872587203979492,26.319347381591797,1.0660853385925293,0.07972664386034012,24136.0,24128.0
18.842864990234375,23.217395782470703,0.15878959000110626,0.07974312454462051,24140.0,24132.0
30.102367401123047,25.01925277709961,0.6168408989906311,0.07976151257753372,24144.0,24136.0
32.157936096191406,22.390941619873047,0.5539661645889282,0.07978125661611557,24148.0,24140.0
29.462093353271484,23.051166534423828,0.4594128727912903,0.07980166375637054,24152.0,24144.0
24.289649963378906,26.15691375732422,0.1109963059425354,0.07982069253921509,24156.0,24148.0
32.297454833984375,24.986425399780273,0.002406477928161621,0.0798378437757492,24160.0,24152.0
51.916099548339844,22.743141174316406,0.05772536247968674,0.07985362410545349,24164.0,24156.0
24.26698112487793,22.609806060791016,-0.38218849897384644,0.07986561954021454,24168.0,24160.0
31.997943878173828,24.91583824157715,0.1558712124824524,0.0798773318529129,24172.0,24164.0
22.941617965698242,24.731029510498047,0.192556232213974,0.07988898456096649,24176.0,24168.0
15.57400131225586,25.782306671142578,-0.060839004814624786,0.07989911735057831,24180.0,24172.0
15.983774185180664,24.98202133178711,0.5835883021354675,0.07991161942481995,24184.0,24176.0
14.89903450012207,21.312604904174805,0.31346502900123596,0.07992468774318695,24188.0,24180.0
19.447601318359375,24.92290687561035,-0.4235863983631134,0.0799340084195137,24192.0,24184.0
27.8732852935791,24.190927505493164,-0.12637779116630554,0.07994166761636734,24196.0,24188.0
22.773075103759766,24.97886848449707,0.15068784356117249,0.07994942367076874,24200.0,24192.0
20.510608673095703,26.671154022216797,0.04942316189408302,0.07995671033859253,24204.0,24196.0
13.934860229492188,26.305805206298828,0.24360856413841248,0.07996468245983124,24208.0,24200.0
19.062522888183594,26.256656646728516,0.3050909638404846,0.07997362315654755,24212.0,24204.0
18.533409118652344,24.199941635131836,-0.03471233695745468,0.0799814760684967,24216.0,24208.0
25.254730224609375,21.287309646606445,0.04749763011932373,0.07998883724212646,24220.0,24212.0
23.293071746826172,23.862503051757812,0.20660653710365295,0.07999666035175323,24224.0,24216.0
25.759384155273438,21.851327896118164,-0.08284254372119904,0.08000321686267853,24228.0,24220.0
20.42046546936035,22.148052215576172,-0.040133386850357056,0.08000890165567398,24232.0,24224.0
19.802867889404297,27.009136199951172,0.4401205778121948,0.08001656830310822,24236.0,24228.0
33.30024719238281,26.72002601623535,0.03316587209701538,0.08002366870641708,24240.0,24232.0
51.95220947265625,25.637577056884766,0.1987522840499878,0.08003122359514236,24244.0,24236.0
30.453889846801758,24.240385055541992,0.016011320054531097,0.08003813028335571,24248.0,24240.0
23.33118438720703,22.68752098083496,-0.4037926197052002,0.08004198968410492,24252.0,24244.0
19.25301742553711,22.773418426513672,-0.43107521533966064,0.08004294335842133,24256.0,24248.0
52.815711975097656,24.21862030029297,-0.34609851241111755,0.0800417810678482,24260.0,24252.0
37.2191276550293,27.072505950927734,-0.40467241406440735,0.08003836125135422,24264.0,24256.0
31.498689651489258,25.322111129760742,-0.482448011636734,0.08003246784210205,24268.0,24260.0
20.073787689208984,22.738954544067383,-0.09683157503604889,0.08002658933401108,24272.0,24264.0
25.59444808959961,22.47355079650879,-0.12132935225963593,0.08002059906721115,24276.0,24268.0
22.7860107421875,24.398386001586914,0.11347291618585587,0.0800158679485321,24280.0,24272.0
23.599578857421875,26.273365020751953,-0.5931479334831238,0.0800081416964531,24284.0,24276.0
19.020751953125,23.178245544433594,-0.7374410629272461,0.07999688386917114,24288.0,24280.0
20.096012115478516,23.452665328979492,0.25723013281822205,0.0799882635474205,24292.0,24284.0
21.09771728515625,24.49544906616211,-0.24955517053604126,0.0799790546298027,24296.0,24288.0
34.19148254394531,24.20738410949707,-0.12431728839874268,0.07997003197669983,24300.0,24292.0
30.228317260742188,23.90990447998047,-0.09915118664503098,0.07996132224798203,24304.0,24296.0
22.541210174560547,24.89418601989746,-0.21002830564975739,0.07995226979255676,24308.0,24300.0
22.047266006469727,24.1783504486084,-0.11664946377277374,0.07994342595338821,24312.0,24304.0
26.029972076416016,24.868099212646484,0.0722750872373581,0.07993589341640472,24316.0,24308.0
15.353458404541016,24.22956657409668,0.27785366773605347,0.07993073016405106,24320.0,24312.0
22.709972381591797,23.860780715942383,-0.26017093658447266,0.0799245536327362,24324.0,24316.0
28.55891990661621,26.83132553100586,0.3153764307498932,0.07992084324359894,24328.0,24320.0
26.710704803466797,22.561538696289062,-0.1703813374042511,0.07991651445627213,24332.0,24324.0
21.856735229492188,26.453197479248047,0.34608519077301025,0.0799146443605423,24336.0,24328.0
28.76919937133789,20.69141387939453,-0.10402818024158478,0.07991234213113785,24340.0,24332.0
17.765098571777344,23.615264892578125,0.3066650629043579,0.07991207391023636,24344.0,24336.0
23.900394439697266,24.7260799407959,-0.37062448263168335,0.07990965247154236,24348.0,24340.0
19.492935180664062,25.801834106445312,-0.00981537252664566,0.07990743219852448,24352.0,24344.0
17.307506561279297,20.40583038330078,-0.3427218794822693,0.07990340888500214,24356.0,24348.0
22.013816833496094,26.014965057373047,0.09920334070920944,0.07990037649869919,24360.0,24352.0
26.174949645996094,23.695331573486328,0.3158089518547058,0.07989950478076935,24364.0,24356.0
18.835865020751953,22.60758399963379,-0.1049920916557312,0.07989808917045593,24368.0,24360.0
20.95986557006836,22.556777954101562,-0.15073680877685547,0.07989594340324402,24372.0,24364.0
18.908477783203125,25.083227157592773,0.118226058781147,0.07989470660686493,24376.0,24368.0
20.91781234741211,27.456073760986328,0.4158192276954651,0.07989601790904999,24380.0,24372.0
24.43891143798828,28.09829330444336,-0.06077253818511963,0.07989685237407684,24384.0,24376.0
20.02298355102539,23.779844284057617,-0.08774397522211075,0.07989708334207535,24388.0,24380.0
17.22123146057129,23.977731704711914,0.3716014325618744,0.07989948242902756,24392.0,24384.0
20.9444580078125,22.640052795410156,0.18795308470726013,0.07990273833274841,24396.0,24388.0
24.001415252685547,24.047412872314453,-0.4621936082839966,0.07990294694900513,24400.0,24392.0
13.96347427368164,22.601030349731445,0.24054720997810364,0.07990454882383347,24404.0,24396.0
19.146928787231445,26.47785186767578,0.21803545951843262,0.07990727573633194,24408.0,24400.0
30.151432037353516,20.091228485107422,-0.09773769974708557,0.07990916073322296,24412.0,24404.0
25.92514419555664,24.573827743530273,-0.1611001044511795,0.07990990579128265,24416.0,24408.0
32.0129508972168,25.051164627075195,-0.5934247970581055,0.07990708202123642,24420.0,24412.0
18.760786056518555,24.477495193481445,0.14027026295661926,0.07990536838769913,24424.0,24416.0
19.636531829833984,22.58123779296875,0.23300926387310028,0.0799051970243454,24428.0,24420.0
19.662517547607422,25.596113204956055,-0.38320067524909973,0.07990279793739319,24432.0,24424.0
14.344281196594238,22.282442092895508,-0.333350270986557,0.0798986628651619,24436.0,24428.0
33.925628662109375,22.079790115356445,-0.5717051029205322,0.07989157736301422,24440.0,24432.0
40.56242752075195,27.76828384399414,-0.24583086371421814,0.07988375425338745,24444.0,24436.0
17.148252487182617,23.968002319335938,-0.3136669397354126,0.07987485826015472,24448.0,24440.0
21.117111206054688,24.59951400756836,-0.4936959743499756,0.07986396551132202,24452.0,24444.0
17.482959747314453,21.00809669494629,0.32793062925338745,0.07985608279705048,24456.0,24448.0
19.740222930908203,24.055192947387695,-0.44281911849975586,0.07984638959169388,24460.0,24452.0
26.139347076416016,26.354509353637695,0.34322023391723633,0.07983969151973724,24464.0,24456.0
20.09383201599121,23.144710540771484,0.08140911161899567,0.07983413338661194,24468.0,24460.0
16.939870834350586,25.559986114501953,-0.1499578058719635,0.07982824742794037,24472.0,24464.0
23.942035675048828,24.219802856445312,-0.40415817499160767,0.07982058078050613,24476.0,24468.0
28.897356033325195,24.08509063720703,-0.43049490451812744,0.07981114089488983,24480.0,24472.0
21.072834014892578,22.348674774169922,-0.4865375757217407,0.07979978621006012,24484.0,24476.0
16.677536010742188,23.367042541503906,-0.1816110610961914,0.07978848367929459,24488.0,24480.0
18.803699493408203,25.206501007080078,0.25293365120887756,0.07977981120347977,24492.0,24484.0
33.90570068359375,25.987455368041992,-0.514001727104187,0.07976898550987244,24496.0,24488.0
24.02273178100586,25.42086410522461,-0.052167221903800964,0.07975892722606659,24500.0,24492.0
23.98255157470703,24.843994140625,-0.01966218650341034,0.07974976301193237,24504.0,24496.0
22.960384368896484,22.819244384765625,0.019371770322322845,0.07974162697792053,24508.0,24500.0
13.7645263671875,20.311058044433594,-0.4090776741504669,0.07973188906908035,24512.0,24504.0
13.83558464050293,22.135814666748047,0.03907611966133118,0.07972335815429688,24516.0,24508.0
27.272062301635742,26.14997100830078,0.5817257761955261,0.07971909642219543,24520.0,24512.0
27.788057327270508,20.778165817260742,0.2862982153892517,0.07971695065498352,24524.0,24516.0
21.1319580078125,26.734283447265625,-0.2072153240442276,0.07971379160881042,24528.0,24520.0
11.836369514465332,21.78155517578125,0.42709511518478394,0.07971347123384476,24532.0,24524.0
13.652013778686523,21.334285736083984,0.23289752006530762,0.07971455156803131,24536.0,24528.0
27.41891860961914,23.201641082763672,0.516913890838623,0.07971856743097305,24540.0,24532.0
20.668977737426758,23.967552185058594,0.7583155632019043,0.07972664386034012,24544.0,24536.0
13.386479377746582,24.396108627319336,0.1848563551902771,0.07973501086235046,24548.0,24540.0
24.438138961791992,20.61455726623535,-0.0829542800784111,0.07974204421043396,24552.0,24544.0
16.197547912597656,25.161420822143555,-0.44443580508232117,0.07974574714899063,24556.0,24548.0
23.159011840820312,20.88814926147461,-0.18443769216537476,0.0797480121254921,24560.0,24552.0
33.09187316894531,24.805179595947266,0.2936130166053772,0.07975177466869354,24564.0,24556.0
21.887134552001953,26.177539825439453,-0.2076188325881958,0.07975394278764725,24568.0,24560.0
58.60813903808594,24.306350708007812,0.18462686240673065,0.07975699007511139,24572.0,24564.0
15.373327255249023,24.675230026245117,-0.20861251652240753,0.07975848764181137,24576.0,24568.0
22.351421356201172,22.33233642578125,-0.2533053457736969,0.07975835353136063,24580.0,24572.0
16.994762420654297,22.706302642822266,-0.2680652141571045,0.07975664734840393,24584.0,24576.0
19.781688690185547,22.831390380859375,-0.6668428182601929,0.0797511637210846,24588.0,24580.0
20.04208755493164,22.144163131713867,-0.18922391533851624,0.07974512130022049,24592.0,24584.0
21.782073974609375,23.38065528869629,0.3032344579696655,0.079741470515728,24596.0,24588.0
24.411640167236328,25.057113647460938,-0.41191089153289795,0.07973574846982956,24600.0,24592.0
27.70546531677246,25.166738510131836,-0.5911360383033752,0.07972712069749832,24604.0,24596.0
29.845375061035156,23.739856719970703,-0.3616139888763428,0.07971721887588501,24608.0,24600.0
31.65615463256836,22.75646209716797,-0.5500893592834473,0.07970507442951202,24612.0,24604.0
19.150371551513672,21.96381187438965,-0.8857090473175049,0.07968895882368088,24616.0,24608.0
19.410167694091797,23.089658737182617,-0.3009398579597473,0.07967269420623779,24620.0,24612.0
16.71129608154297,23.139795303344727,-0.41370779275894165,0.07965562492609024,24624.0,24616.0
15.696907997131348,22.805315017700195,-0.7562228441238403,0.07963583618402481,24628.0,24620.0
53.37842559814453,23.95506477355957,-0.13183379173278809,0.07961724698543549,24632.0,24624.0
15.524662971496582,24.227794647216797,0.2336847484111786,0.07960189878940582,24636.0,24628.0
26.684846878051758,24.27157211303711,0.15584132075309753,0.07958899438381195,24640.0,24632.0
26.218097686767578,24.6815242767334,-0.43296414613723755,0.0795748382806778,24644.0,24636.0
17.120113372802734,25.434608459472656,0.12802571058273315,0.07956284284591675,24648.0,24640.0
15.468269348144531,24.436349868774414,-0.4604858160018921,0.07954935729503632,24652.0,24644.0
40.888954162597656,24.837169647216797,-0.2342248260974884,0.0795358419418335,24656.0,24648.0
12.859066009521484,20.565183639526367,-0.4643293619155884,0.07952095568180084,24660.0,24652.0
14.434141159057617,20.60753631591797,-0.46287643909454346,0.0795048400759697,24664.0,24656.0
29.418102264404297,26.07562255859375,0.13479582965373993,0.07949113845825195,24668.0,24660.0
14.30782699584961,25.579320907592773,-0.22698631882667542,0.0794774740934372,24672.0,24664.0
36.30654525756836,25.281646728515625,-0.5479553937911987,0.0794619545340538,24676.0,24668.0
27.840333938598633,25.70638656616211,-0.26216763257980347,0.0794464647769928,24680.0,24672.0
17.351987838745117,20.834339141845703,-0.1859946995973587,0.07943142205476761,24684.0,24676.0
26.455219268798828,24.345108032226562,-0.44970381259918213,0.07941524684429169,24688.0,24680.0
20.386001586914062,25.5743350982666,-0.5978875160217285,0.07939720898866653,24692.0,24684.0
50.78697204589844,23.05281639099121,-0.49388226866722107,0.07937809079885483,24696.0,24688.0
14.942913055419922,22.7440242767334,-0.6840023398399353,0.07935691624879837,24700.0,24692.0
18.589847564697266,24.808361053466797,0.10980069637298584,0.07933849096298218,24704.0,24696.0
13.438267707824707,22.5064754486084,0.19910264015197754,0.07932307571172714,24708.0,24700.0
15.158027648925781,19.44109535217285,-0.2840982675552368,0.07930753380060196,24712.0,24704.0
22.470951080322266,23.02034568786621,-0.7302902936935425,0.07928930968046188,24716.0,24708.0
27.79739761352539,25.64776039123535,-0.2402452826499939,0.07927150279283524,24720.0,24712.0
24.690412521362305,23.48863410949707,0.2538367807865143,0.07925695180892944,24724.0,24716.0
23.47518539428711,27.270263671875,-0.41283872723579407,0.07924143970012665,24728.0,24720.0
24.654495239257812,25.0570068359375,-0.7593460083007812,0.07922307401895523,24732.0,24724.0
18.027252197265625,23.81684684753418,-0.20486843585968018,0.07920536398887634,24736.0,24728.0
18.10633087158203,24.615835189819336,-0.35695287585258484,0.07918732613325119,24740.0,24732.0
20.718416213989258,24.468334197998047,0.06632066518068314,0.07917149364948273,24744.0,24736.0
25.60003662109375,24.763763427734375,-0.2976861000061035,0.07915550470352173,24748.0,24740.0
18.699138641357422,23.07754135131836,-0.4723896384239197,0.0791383683681488,24752.0,24744.0
21.537330627441406,22.077123641967773,-0.2983531355857849,0.07912120223045349,24756.0,24748.0
19.352848052978516,24.9874267578125,-0.45465904474258423,0.07910311222076416,24760.0,24752.0
24.93633460998535,23.526290893554688,-0.3243481516838074,0.07908495515584946,24764.0,24756.0
42.76246643066406,24.194400787353516,-0.09143078327178955,0.07906806468963623,24768.0,24760.0
11.24853515625,23.501392364501953,-0.11760150641202927,0.07905217260122299,24772.0,24764.0
13.87649917602539,25.321847915649414,0.03590671718120575,0.07903807610273361,24776.0,24768.0
23.382221221923828,23.163841247558594,-0.25297701358795166,0.07902392745018005,24780.0,24772.0
27.491649627685547,25.40559196472168,-0.3018379807472229,0.07900941371917725,24784.0,24776.0
14.992386817932129,22.48133659362793,-0.3860565423965454,0.07899412512779236,24788.0,24780.0
13.099559783935547,24.736082077026367,0.11786176264286041,0.07898103445768356,24792.0,24784.0
54.364681243896484,26.72386360168457,0.4396250247955322,0.07897182554006577,24796.0,24788.0
18.250240325927734,22.96748161315918,0.016917195171117783,0.07896363735198975,24800.0,24792.0
19.402441024780273,25.07851219177246,-0.5070880651473999,0.07895330339670181,24804.0,24796.0
16.206619262695312,25.120338439941406,-0.10330173373222351,0.0789434015750885,24808.0,24800.0
17.41374969482422,22.690479278564453,0.15856996178627014,0.0789354220032692,24812.0,24804.0
22.40709686279297,24.044780731201172,-0.2170780599117279,0.07892697304487228,24816.0,24808.0
38.330326080322266,25.666595458984375,0.45156916975975037,0.07892198860645294,24820.0,24812.0
20.566938400268555,25.44477081298828,-0.8590372800827026,0.07891251891851425,24824.0,24816.0
18.39236831665039,21.942466735839844,-0.3638956546783447,0.07890189439058304,24828.0,24820.0
26.144393920898438,25.548994064331055,0.27554425597190857,0.07889391481876373,24832.0,24824.0
29.253334045410156,22.881135940551758,-0.08118727803230286,0.07888626307249069,24836.0,24828.0
15.575547218322754,21.594640731811523,-0.24528978765010834,0.07887794822454453,24840.0,24832.0
16.596220016479492,25.256481170654297,-0.11701149493455887,0.0788697898387909,24844.0,24836.0
20.451440811157227,24.948461532592773,0.28167036175727844,0.07886406779289246,24848.0,24840.0
25.998979568481445,24.948455810546875,-0.022615056484937668,0.07885880768299103,24852.0,24844.0
15.293466567993164,22.888408660888672,-0.019473113119602203,0.07885393500328064,24856.0,24848.0
34.559303283691406,22.759376525878906,-0.6688963174819946,0.07884566485881805,24860.0,24852.0
29.335214614868164,23.958282470703125,-0.18341679871082306,0.07883714884519577,24864.0,24856.0
17.65267562866211,23.10891342163086,0.2435181736946106,0.07883091270923615,24868.0,24860.0
19.83652114868164,23.981861114501953,-0.23478269577026367,0.07882391661405563,24872.0,24864.0
26.10281753540039,26.108566284179688,0.03054964542388916,0.07881781458854675,24876.0,24868.0
17.603496551513672,25.038869857788086,-0.4452629089355469,0.0788097083568573,24880.0,24872.0
30.172103881835938,24.95248031616211,0.16283366084098816,0.07880338281393051,24884.0,24876.0
18.58155059814453,27.160888671875,-0.42312586307525635,0.07879520952701569,24888.0,24880.0
21.321626663208008,25.2420597076416,-0.1875641793012619,0.07878675311803818,24892.0,24884.0
17.495365142822266,27.0454158782959,-0.1262281835079193,0.07877841591835022,24896.0,24888.0
15.747344970703125,24.05790138244629,-0.19813962280750275,0.0787697583436966,24900.0,24892.0
14.526375770568848,21.29088592529297,-0.2819521427154541,0.0787603110074997,24904.0,24896.0
28.152973175048828,26.999855041503906,0.1020270586013794,0.07875240594148636,24908.0,24900.0
29.823169708251953,24.947256088256836,0.34674039483070374,0.07874731719493866,24912.0,24904.0
32.29711151123047,26.270099639892578,-0.9776308536529541,0.07873706519603729,24916.0,24908.0
68.32875061035156,23.689945220947266,-0.18057836592197418,0.07872678339481354,24920.0,24912.0
20.614572525024414,23.704479217529297,-0.09831645339727402,0.0787169486284256,24924.0,24916.0
20.13180923461914,24.45962142944336,-0.25440332293510437,0.07870660722255707,24928.0,24920.0
32.458740234375,23.299196243286133,-0.45301616191864014,0.0786946713924408,24932.0,24924.0
14.965012550354004,25.797889709472656,-0.21571803092956543,0.07868268340826035,24936.0,24928.0
18.686080932617188,22.967079162597656,-1.0208886861801147,0.07866598665714264,24940.0,24932.0
21.53401756286621,26.458499908447266,-0.5351437926292419,0.07864787429571152,24944.0,24936.0
21.63831329345703,22.596633911132812,-0.379842609167099,0.07862936705350876,24948.0,24940.0
19.958396911621094,22.450220108032227,-0.9889978170394897,0.07860704511404037,24952.0,24944.0
23.888641357421875,27.06386947631836,-0.8427610993385315,0.07858212292194366,24956.0,24948.0
21.035961151123047,25.906545639038086,-0.1834605485200882,0.07855863124132156,24960.0,24952.0
28.111892700195312,24.607257843017578,-0.5675501823425293,0.07853424549102783,24964.0,24956.0
38.34413146972656,25.291614532470703,-0.49124228954315186,0.07850947976112366,24968.0,24960.0
28.168441772460938,27.675567626953125,-0.38482552766799927,0.07848498225212097,24972.0,24964.0
18.348636627197266,26.020978927612305,-0.802632749080658,0.07845836132764816,24976.0,24968.0
18.085481643676758,25.313623428344727,-0.09801429510116577,0.0784338191151619,24980.0,24972.0
27.54438591003418,23.872047424316406,-0.4450843334197998,0.07840919494628906,24984.0,24976.0
18.544578552246094,24.615814208984375,-0.3680770695209503,0.07838492095470428,24988.0,24980.0
14.750905990600586,23.55133819580078,-0.4613569974899292,0.07836043834686279,24992.0,24984.0
15.56815242767334,23.243797302246094,-0.5227158069610596,0.07833542674779892,24996.0,24988.0
27.777345657348633,25.170509338378906,-0.5523312091827393,0.07830977439880371,25000.0,24992.0
18.38239860534668,24.833431243896484,-0.5026049017906189,0.07828380167484283,25004.0,24996.0
13.931171417236328,24.36212730407715,-0.22289495170116425,0.0782591700553894,25008.0,25000.0
21.834379196166992,27.1239013671875,-0.9552538990974426,0.07823159545660019,25012.0,25004.0
19.719335556030273,25.632667541503906,-0.14479534327983856,0.07820595800876617,25016.0,25008.0
21.817527770996094,23.246315002441406,-0.6122208833694458,0.07817941159009933,25020.0,25012.0
21.807193756103516,23.56410789489746,-0.8476158976554871,0.07815072685480118,25024.0,25016.0
22.48892593383789,22.89381217956543,-0.4990707337856293,0.0781220942735672,25028.0,25020.0
14.671363830566406,23.307640075683594,-0.529977023601532,0.07809334248304367,25032.0,25024.0
23.055496215820312,23.250953674316406,-0.47108787298202515,0.07806480675935745,25036.0,25028.0
16.70663833618164,22.908050537109375,-0.7995339632034302,0.07803462445735931,25040.0,25032.0
22.539623260498047,25.193153381347656,-0.5801301598548889,0.07800421118736267,25044.0,25036.0
20.44329071044922,24.291423797607422,-0.7325042486190796,0.07797273248434067,25048.0,25040.0
27.960613250732422,26.35158348083496,-0.32504788041114807,0.07794256508350372,25052.0,25044.0
15.383203506469727,22.393369674682617,-0.7032828330993652,0.07791148126125336,25056.0,25048.0
23.53773307800293,27.36928939819336,0.03473019599914551,0.07788369804620743,25060.0,25052.0
22.386783599853516,23.84100341796875,-0.2961142063140869,0.07785703241825104,25064.0,25056.0
25.074838638305664,25.778324127197266,0.07831135392189026,0.07783346623182297,25068.0,25060.0
21.54729461669922,22.371665954589844,-0.22234605252742767,0.07781099528074265,25072.0,25064.0
23.354808807373047,24.69998550415039,-0.3658142387866974,0.07778871804475784,25076.0,25068.0
34.22187042236328,24.67824363708496,0.0999540314078331,0.07776922732591629,25080.0,25072.0
28.12958526611328,24.3995304107666,0.005491800606250763,0.07775171101093292,25084.0,25076.0
33.406341552734375,24.168684005737305,0.11082318425178528,0.07773656398057938,25088.0,25080.0
38.26374816894531,26.150951385498047,-0.4739079177379608,0.0777202770113945,25092.0,25084.0
22.240150451660156,25.099624633789062,-0.4871879816055298,0.07770287990570068,25096.0,25088.0
83.08476257324219,27.21149253845215,0.17565301060676575,0.07768820971250534,25100.0,25092.0
20.343456268310547,24.19426918029785,-0.6517336368560791,0.07767133414745331,25104.0,25096.0
21.24460220336914,25.331050872802734,-0.42793145775794983,0.07765374332666397,25108.0,25100.0
52.19325256347656,24.150808334350586,-0.011758983135223389,0.07763784378767014,25112.0,25104.0
22.997798919677734,24.785846710205078,0.22427941858768463,0.07762479782104492,25116.0,25108.0
26.164583206176758,27.080764770507812,-0.3867257237434387,0.07761088013648987,25120.0,25112.0
19.36117935180664,25.8862361907959,0.03374309465289116,0.07759853452444077,25124.0,25116.0
22.32522201538086,22.739234924316406,-0.21941083669662476,0.07758619636297226,25128.0,25120.0
15.881631851196289,21.798423767089844,0.14766740798950195,0.0775759145617485,25132.0,25124.0
21.798601150512695,24.325111389160156,0.13382738828659058,0.07756740599870682,25136.0,25128.0
18.954891204833984,23.776134490966797,-0.3910391628742218,0.07755754888057709,25140.0,25132.0
12.317835807800293,21.36208152770996,-0.12025819718837738,0.07754801213741302,25144.0,25136.0
19.676795959472656,25.640392303466797,-0.0603615827858448,0.07753907889127731,25148.0,25140.0
23.110824584960938,26.92852210998535,-0.2053236961364746,0.07752986997365952,25152.0,25144.0
29.992755889892578,24.113534927368164,-0.40560051798820496,0.07751929759979248,25156.0,25148.0
56.076934814453125,23.476316452026367,-0.276247501373291,0.07750823348760605,25160.0,25152.0
14.551856994628906,26.845001220703125,-0.43966931104660034,0.07749579846858978,25164.0,25156.0
17.317649841308594,23.325428009033203,-0.2986803650856018,0.0774829164147377,25168.0,25160.0
19.379005432128906,22.786449432373047,-0.3937339782714844,0.077469103038311,25172.0,25164.0
16.394180297851562,26.175891876220703,-0.27441972494125366,0.07745511829853058,25176.0,25168.0
19.231624603271484,23.5721435546875,-0.6449627876281738,0.07743892818689346,25180.0,25172.0
18.593463897705078,25.20558738708496,-0.0314212441444397,0.07742416113615036,25184.0,25176.0
24.287837982177734,23.319725036621094,-0.6190013885498047,0.07740739732980728,25188.0,25180.0
21.46912384033203,26.310588836669922,-0.3816705644130707,0.07739017903804779,25192.0,25184.0
21.921672821044922,24.231983184814453,-0.42260634899139404,0.07737230509519577,25196.0,25188.0
14.981979370117188,26.04367446899414,0.011470355093479156,0.07735627889633179,25200.0,25192.0
30.002849578857422,27.470672607421875,0.14210233092308044,0.07734264433383942,25204.0,25196.0
19.749649047851562,26.349273681640625,0.20327769219875336,0.0773315280675888,25208.0,25200.0
23.71670150756836,24.658634185791016,-0.47226983308792114,0.07731886208057404,25212.0,25204.0
18.94301986694336,27.167762756347656,-0.1805133819580078,0.07730644196271896,25216.0,25208.0
33.342628479003906,26.46434783935547,-0.23021826148033142,0.07729396224021912,25220.0,25212.0
12.541631698608398,25.1787109375,-0.25687161087989807,0.07728128135204315,25224.0,25216.0
22.244823455810547,28.748886108398438,-0.18484723567962646,0.07726883143186569,25228.0,25220.0
26.705768585205078,24.718769073486328,-0.32760190963745117,0.07725578546524048,25232.0,25224.0
26.71706771850586,25.443408966064453,-0.3062240481376648,0.07724232971668243,25236.0,25228.0
18.201622009277344,25.567140579223633,-0.1393946409225464,0.07722941786050797,25240.0,25232.0
17.75305938720703,27.526260375976562,-0.0428696870803833,0.07721756398677826,25244.0,25236.0
13.999442100524902,27.313087463378906,-0.3804749846458435,0.07720474898815155,25248.0,25240.0
28.249969482421875,25.578737258911133,0.10457977652549744,0.07719379663467407,25252.0,25244.0
32.611167907714844,23.375484466552734,-0.03569746017456055,0.07718373090028763,25256.0,25248.0
19.884634017944336,24.108383178710938,-0.14562416076660156,0.07717385143041611,25260.0,25252.0
24.305431365966797,25.65465545654297,0.15855112671852112,0.07716584205627441,25264.0,25256.0
16.955432891845703,26.002845764160156,0.3520028591156006,0.07716064155101776,25268.0,25260.0
22.728618621826172,24.3021240234375,-0.6628472805023193,0.07715221494436264,25272.0,25264.0
34.6086540222168,27.08267593383789,0.00346938893198967,0.07714465260505676,25276.0,25268.0
24.330839157104492,26.50912857055664,-0.3896999955177307,0.07713565975427628,25280.0,25272.0
42.85391616821289,24.4493408203125,-0.08683121204376221,0.07712706923484802,25284.0,25276.0
23.212369918823242,21.869749069213867,-0.017747726291418076,0.07711923867464066,25288.0,25280.0
19.837804794311523,22.569807052612305,-0.06536787748336792,0.07711181044578552,25292.0,25284.0
17.40164566040039,22.087356567382812,-0.6073819398880005,0.07710172235965729,25296.0,25288.0
20.933778762817383,23.42268180847168,-0.04017696529626846,0.07709240168333054,25300.0,25292.0
42.29325866699219,27.064212799072266,-0.2729327380657196,0.07708247750997543,25304.0,25296.0
16.15026092529297,27.104825973510742,-0.031141139566898346,0.0770733579993248,25308.0,25300.0
14.35397720336914,25.32806396484375,-0.12236706912517548,0.07706446945667267,25312.0,25304.0
21.466819763183594,23.080341339111328,0.17895980179309845,0.07705746591091156,25316.0,25308.0
21.66387176513672,24.536405563354492,-0.45206040143966675,0.07704862952232361,25320.0,25312.0
27.511985778808594,26.1967830657959,0.06816011667251587,0.07704104483127594,25324.0,25316.0
31.801626205444336,25.603321075439453,-0.07858264446258545,0.07703377306461334,25328.0,25320.0
14.467827796936035,20.549863815307617,-0.3736957907676697,0.07702512294054031,25332.0,25324.0
16.685075759887695,24.411476135253906,-0.3984353542327881,0.07701509445905685,25336.0,25328.0
31.171695709228516,26.089893341064453,-0.1235402524471283,0.07700536400079727,25340.0,25332.0
15.469953536987305,24.484981536865234,0.00910252332687378,0.07699666172266006,25344.0,25336.0
19.8370361328125,22.74388885498047,-0.5189735889434814,0.0769859030842781,25348.0,25340.0
18.208223342895508,25.839641571044922,0.20101842284202576,0.07697734981775284,25352.0,25344.0
26.33190155029297,22.577392578125,-0.08491146564483643,0.07696916908025742,25356.0,25348.0
20.409149169921875,26.74401092529297,-0.429061621427536,0.07695938646793365,25360.0,25352.0
27.06646728515625,24.327205657958984,-0.2413964718580246,0.07694922387599945,25364.0,25356.0
18.794986724853516,22.78338050842285,-0.2728831470012665,0.07693852484226227,25368.0,25360.0
15.713505744934082,22.07699203491211,-0.18801048398017883,0.07692783325910568,25372.0,25364.0
46.96071243286133,23.41938018798828,-0.8229326009750366,0.07691358029842377,25376.0,25368.0
16.49708366394043,22.706941604614258,-0.32412034273147583,0.07689893245697021,25380.0,25372.0
21.0360107421875,23.15561294555664,-0.17105981707572937,0.07688477635383606,25384.0,25376.0
26.92906951904297,27.231605529785156,-0.5526905655860901,0.0768689438700676,25388.0,25380.0
19.52096176147461,22.910903930664062,-0.19496551156044006,0.07685358822345734,25392.0,25384.0
14.611051559448242,22.814695358276367,-0.7727069854736328,0.07683545351028442,25396.0,25388.0
22.24736785888672,25.550891876220703,0.059094108641147614,0.07681944221258163,25400.0,25392.0
26.51596450805664,23.41366195678711,-0.7936000823974609,0.07680059969425201,25404.0,25396.0
14.18166732788086,24.58926773071289,0.23734000325202942,0.07678498327732086,25408.0,25400.0
21.01825714111328,24.537822723388672,-0.5355756282806396,0.0767679214477539,25412.0,25404.0
13.406441688537598,20.938005447387695,0.0030701160430908203,0.07675258070230484,25416.0,25408.0
13.905534744262695,25.714500427246094,-0.4439083933830261,0.07673630118370056,25420.0,25412.0
18.41417694091797,25.49652862548828,-0.21546323597431183,0.07672041654586792,25424.0,25416.0
15.252771377563477,22.91893768310547,0.02146594226360321,0.07670624554157257,25428.0,25420.0
24.025146484375,22.028873443603516,-0.43702203035354614,0.07669104635715485,25432.0,25424.0
18.544906616210938,24.153995513916016,0.13271862268447876,0.07667810469865799,25436.0,25428.0
26.712244033813477,27.973487854003906,-0.15903234481811523,0.07666556537151337,25440.0,25432.0
12.226034164428711,23.62265396118164,0.11892750859260559,0.07665494829416275,25444.0,25436.0
72.46696472167969,22.772754669189453,0.2722213864326477,0.07664690166711807,25448.0,25440.0
32.8370361328125,27.739700317382812,0.41185176372528076,0.0766419917345047,25452.0,25444.0
19.837749481201172,26.142730712890625,-0.02841554582118988,0.076637402176857,25456.0,25448.0
20.077674865722656,25.232471466064453,0.34305089712142944,0.07663518935441971,25460.0,25452.0
31.70351219177246,24.333072662353516,-0.40578365325927734,0.07663093507289886,25464.0,25456.0
17.06490135192871,22.451993942260742,-0.18267229199409485,0.07662607729434967,25468.0,25460.0
25.88138198852539,24.74700355529785,-0.16017375886440277,0.07662079483270645,25472.0,25464.0
24.15868377685547,27.291343688964844,0.4179779589176178,0.07661840319633484,25476.0,25468.0
27.109111785888672,26.09720802307129,0.1863405406475067,0.0766172856092453,25480.0,25472.0
26.66323471069336,24.60584259033203,0.2237279713153839,0.07661754637956619,25484.0,25476.0
20.837825775146484,24.943119049072266,0.002082202583551407,0.0766177773475647,25488.0,25480.0
14.45174789428711,25.553203582763672,0.13091066479682922,0.0766187310218811,25492.0,25484.0
17.332197189331055,23.688196182250977,-0.13197003304958344,0.07661884278059006,25496.0,25488.0
20.118606567382812,25.79789924621582,-0.42172643542289734,0.07661657780408859,25500.0,25492.0
20.346446990966797,23.938419342041016,0.08212529122829437,0.07661498337984085,25504.0,25496.0
16.199787139892578,25.414703369140625,-0.3787100911140442,0.07661142200231552,25508.0,25500.0
34.59482955932617,24.0083065032959,-0.0434143990278244,0.07660797238349915,25512.0,25504.0
23.55156898498535,23.67959976196289,-0.42049065232276917,0.07660248875617981,25516.0,25508.0
22.849016189575195,25.49941062927246,-0.4854673147201538,0.07659484446048737,25520.0,25512.0
33.51545715332031,27.56842041015625,-0.21416756510734558,0.07658673077821732,25524.0,25516.0
17.227893829345703,21.82834243774414,-0.20582473278045654,0.0765782818198204,25528.0,25520.0
30.161623001098633,25.181447982788086,-0.10839299857616425,0.076570063829422,25532.0,25524.0
19.394691467285156,23.74972915649414,-0.2579575479030609,0.07656121253967285,25536.0,25528.0
22.17565155029297,24.621315002441406,-0.4457184672355652,0.07655073702335358,25540.0,25532.0
20.09830093383789,25.754566192626953,0.06889764964580536,0.07654168456792831,25544.0,25536.0
16.3475284576416,26.25331687927246,-0.8894907236099243,0.07652854174375534,25548.0,25540.0
14.069652557373047,23.709308624267578,-0.5185371041297913,0.07651380449533463,25552.0,25544.0
28.646991729736328,25.7705078125,-0.46091896295547485,0.07649794965982437,25556.0,25548.0
17.29704475402832,27.62459373474121,-0.7322512269020081,0.07647958397865295,25560.0,25552.0
30.881746292114258,26.5324764251709,-0.3547329902648926,0.07646108418703079,25564.0,25556.0
22.78060531616211,26.355979919433594,-0.6210414171218872,0.0764409601688385,25568.0,25560.0
24.74270248413086,25.51819610595703,-0.2955630123615265,0.07642118632793427,25572.0,25564.0
41.40510177612305,25.826190948486328,-0.1494871973991394,0.07640255242586136,25576.0,25568.0
37.920082092285156,24.027530670166016,0.030271798372268677,0.07638593763113022,25580.0,25572.0
25.205615997314453,24.303762435913086,-0.3326287567615509,0.07636912912130356,25584.0,25576.0
20.225875854492188,27.155366897583008,-0.2348569929599762,0.07635269314050674,25588.0,25580.0
20.872758865356445,20.579265594482422,-0.6085248589515686,0.07633449137210846,25592.0,25584.0
29.950424194335938,24.188968658447266,-0.16233336925506592,0.0763172060251236,25596.0,25588.0
16.096115112304688,26.622920989990234,-0.492614209651947,0.07629887759685516,25600.0,25592.0
16.80301856994629,26.794967651367188,-0.3411945104598999,0.07628048956394196,25604.0,25596.0
21.727890014648438,25.981761932373047,-0.18807777762413025,0.07626289129257202,25608.0,25600.0
37.0321159362793,27.18330192565918,-0.520117461681366,0.07624414563179016,25612.0,25604.0
15.076532363891602,26.1884765625,-0.17701926827430725,0.07622627913951874,25616.0,25608.0
23.745689392089844,22.831371307373047,-0.47380101680755615,0.07620754837989807,25620.0,25612.0
29.09052276611328,26.085216522216797,0.01898270845413208,0.07619079202413559,25624.0,25616.0
27.870197296142578,26.52155303955078,-0.29405248165130615,0.0761740654706955,25628.0,25620.0
37.43280792236328,25.088008880615234,-0.25656992197036743,0.0761575773358345,25632.0,25624.0
25.63542938232422,26.872812271118164,-0.9629522562026978,0.07613740861415863,25636.0,25628.0
17.191631317138672,24.11508560180664,-0.17747905850410461,0.07611826062202454,25640.0,25632.0
18.606609344482422,27.021121978759766,-0.4890797734260559,0.07609830051660538,25644.0,25636.0
31.350690841674805,29.163345336914062,-0.6688913106918335,0.07607664167881012,25648.0,25640.0
22.850540161132812,26.802776336669922,-0.6017037034034729,0.07605380564928055,25652.0,25644.0
27.117027282714844,25.178991317749023,-0.7437389492988586,0.07602915167808533,25656.0,25648.0
20.765230178833008,25.618173599243164,-0.7019984126091003,0.07600310444831848,25660.0,25652.0
33.57322692871094,24.398303985595703,-0.5523064136505127,0.07597661763429642,25664.0,25656.0
20.22500991821289,23.522296905517578,-0.7203353047370911,0.0759488195180893,25668.0,25660.0
26.056909561157227,25.452911376953125,-0.4351990818977356,0.07592140883207321,25672.0,25664.0
26.136423110961914,24.798673629760742,-0.7348067760467529,0.07589270174503326,25676.0,25668.0
39.33650588989258,25.07929229736328,-0.421511709690094,0.07586455345153809,25680.0,25672.0
17.149818420410156,23.050872802734375,-0.6556525826454163,0.07583563774824142,25684.0,25676.0
17.210899353027344,26.30947494506836,-0.4541667401790619,0.0758071318268776,25688.0,25680.0
15.256994247436523,24.8978328704834,-0.8371001482009888,0.07577691972255707,25692.0,25684.0
22.13982391357422,25.310611724853516,-0.1231684759259224,0.07574904710054398,25696.0,25688.0
19.993627548217773,26.06937026977539,-0.41577908396720886,0.07572168856859207,25700.0,25692.0
20.975353240966797,23.04464340209961,-0.20176257193088531,0.0756959468126297,25704.0,25696.0
26.580726623535156,23.28614044189453,-0.673923671245575,0.07566911727190018,25708.0,25700.0
21.892520904541016,24.349334716796875,-0.7026975750923157,0.07564116269350052,25712.0,25704.0
18.197986602783203,24.694137573242188,-0.12927889823913574,0.0756152868270874,25716.0,25708.0
26.279468536376953,25.158340454101562,-0.6329253911972046,0.07558855414390564,25720.0,25712.0
20.47760581970215,27.079029083251953,-0.060677506029605865,0.07556416094303131,25724.0,25716.0
13.167442321777344,24.02786636352539,-0.5309364795684814,0.07553932070732117,25728.0,25720.0
14.543787956237793,20.71622085571289,-0.6723438501358032,0.0755133181810379,25732.0,25724.0
70.50917053222656,23.872600555419922,-0.13354510068893433,0.07548917829990387,25736.0,25728.0
19.496463775634766,25.231456756591797,-0.6446660757064819,0.07546396553516388,25740.0,25732.0
21.282440185546875,25.441997528076172,-0.6050233244895935,0.075437992811203,25744.0,25736.0
12.799560546875,23.970308303833008,-0.47953689098358154,0.07541202008724213,25748.0,25740.0
18.074892044067383,25.943199157714844,-0.17062616348266602,0.07538771629333496,25752.0,25744.0
23.42122459411621,27.556215286254883,-0.9424841403961182,0.07536078244447708,25756.0,25748.0
16.840412139892578,25.748382568359375,0.5613402724266052,0.07533960044384003,25760.0,25752.0
18.83755111694336,24.766265869140625,-0.5297693014144897,0.07531767338514328,25764.0,25756.0
21.23052978515625,25.25218963623047,-0.418173223733902,0.07529567927122116,25768.0,25760.0
17.220535278320312,26.137941360473633,-0.09925450384616852,0.07527533918619156,25772.0,25764.0
20.00926971435547,22.73953628540039,-0.6240820288658142,0.07525366544723511,25776.0,25768.0
16.302719116210938,26.501949310302734,-0.4748244881629944,0.07523159682750702,25780.0,25772.0
13.287140846252441,28.867679595947266,-1.0624375343322754,0.07520605623722076,25784.0,25776.0
39.60102462768555,27.175949096679688,-0.19378459453582764,0.07518203556537628,25788.0,25780.0
17.319242477416992,23.539901733398438,-0.5425900220870972,0.07515750080347061,25792.0,25784.0
24.964157104492188,25.26473617553711,-0.46193620562553406,0.07513293623924255,25796.0,25788.0
23.08371353149414,26.33449363708496,0.27833327651023865,0.07511234283447266,25800.0,25792.0
19.882030487060547,25.216459274291992,0.27006685733795166,0.07509525865316391,25804.0,25796.0
17.510940551757812,24.752729415893555,-0.4034773111343384,0.07507771253585815,25808.0,25800.0
22.129486083984375,24.948076248168945,-0.35039132833480835,0.07506003230810165,25812.0,25804.0
18.557031631469727,21.18521499633789,-0.7578613758087158,0.0750400647521019,25816.0,25808.0
40.98649597167969,26.166484832763672,-0.1961604356765747,0.07502102851867676,25820.0,25812.0
22.458171844482422,28.114856719970703,-0.1228237971663475,0.0750032365322113,25824.0,25816.0
19.139606475830078,26.0506649017334,-0.446206659078598,0.0749848335981369,25828.0,25820.0
19.037622451782227,25.38905143737793,-0.13318340480327606,0.07496754825115204,25832.0,25822.0
30.575328826904297,24.293758392333984,-0.6105985641479492,0.07494872808456421,25836.0,25826.0
21.8292236328125,29.5031681060791,-0.16575339436531067,0.07493089884519577,25840.0,25830.0
17.10186767578125,25.149219512939453,-0.51328045129776,0.07491210848093033,25844.0,25834.0
20.147052764892578,22.89237403869629,-0.0974409207701683,0.07489465922117233,25848.0,25838.0
16.680274963378906,22.625808715820312,0.009039834141731262,0.0748790055513382,25852.0,25842.0
14.85826301574707,23.230632781982422,-0.9351939558982849,0.07485993951559067,25856.0,25846.0
41.05029296875,26.09555435180664,-0.22881489992141724,0.07484155893325806,25860.0,25850.0
27.65857696533203,28.65089988708496,-0.45890337228775024,0.0748225599527359,25864.0,25854.0
24.836139678955078,26.29586410522461,-0.659371554851532,0.07480193674564362,25868.0,25858.0
17.180435180664062,24.372230529785156,-0.5491324663162231,0.07478047162294388,25872.0,25862.0
22.421724319458008,21.7435245513916,-0.5473083257675171,0.07475822418928146,25876.0,25866.0
14.767335891723633,27.263587951660156,-0.6761044859886169,0.074734628200531,25880.0,25870.0
15.103248596191406,23.16974449157715,-0.808600902557373,0.07470911741256714,25884.0,25874.0
26.39040756225586,24.816497802734375,-0.5828113555908203,0.07468307763338089,25888.0,25878.0
27.40538215637207,25.889495849609375,-1.1152185201644897,0.07465381175279617,25892.0,25882.0
22.4593505859375,22.565160751342773,-0.8408831357955933,0.07462306320667267,25896.0,25886.0
16.24020767211914,25.32364845275879,-0.8939133882522583,0.07459072023630142,25900.0,25890.0
14.903109550476074,21.501358032226562,-0.6461259126663208,0.07455825805664062,25904.0,25894.0
16.852418899536133,22.75446319580078,-0.7687562704086304,0.07452504336833954,25908.0,25898.0
39.48944854736328,23.87708282470703,-0.13115689158439636,0.07449445128440857,25912.0,25902.0
23.165740966796875,25.28482437133789,0.1683943122625351,0.07446779310703278,25916.0,25906.0
24.109540939331055,24.821218490600586,-0.8923161029815674,0.07443918287754059,25920.0,25910.0
26.55013656616211,24.426427841186523,-0.015255484730005264,0.07441334426403046,25924.0,25914.0
27.213298797607422,22.879060745239258,-1.0171318054199219,0.07438482344150543,25928.0,25918.0
19.535507202148438,24.902090072631836,-0.26108837127685547,0.07435780018568039,25932.0,25922.0
14.271574974060059,23.95677375793457,-0.5926374197006226,0.0743303969502449,25936.0,25926.0
33.976158142089844,22.063526153564453,-0.558405339717865,0.07430282980203629,25940.0,25930.0
14.062126159667969,25.382314682006836,-1.0668971538543701,0.07427254319190979,25944.0,25934.0
48.11102294921875,23.718976974487305,-0.5197120308876038,0.07424258440732956,25948.0,25938.0
21.109275817871094,24.254131317138672,-0.6594500541687012,0.07421223074197769,25952.0,25942.0
16.25434684753418,26.81884002685547,0.08039845526218414,0.0741853266954422,25956.0,25946.0
18.33357048034668,26.900264739990234,-0.323658287525177,0.07415943592786789,25960.0,25950.0
16.0711727142334,25.37089729309082,-0.21569103002548218,0.07413502037525177,25964.0,25954.0
15.171409606933594,26.801517486572266,-0.2870788276195526,0.07411155104637146,25968.0,25958.0
18.408159255981445,24.87811851501465,-0.07285787910223007,0.07409005612134933,25972.0,25962.0
24.53924560546875,22.876527786254883,-0.2016245275735855,0.07406965643167496,25976.0,25966.0
20.762319564819336,27.484487533569336,-0.14436756074428558,0.07405053079128265,25980.0,25970.0
24.351604461669922,26.924217224121094,-0.3015947639942169,0.0740317702293396,25984.0,25974.0
18.537015914916992,26.601940155029297,-0.09584410488605499,0.07401436567306519,25988.0,25978.0
16.825300216674805,25.297361373901367,-0.2015382945537567,0.07399765402078629,25992.0,25982.0
14.731925010681152,27.484106063842773,-0.08217127621173859,0.07398218661546707,25996.0,25986.0
13.637826919555664,24.699115753173828,-0.3526465594768524,0.07396643608808517,26000.0,25990.0
22.546859741210938,23.676532745361328,-0.48539966344833374,0.07394973933696747,26004.0,25994.0
39.573974609375,27.111400604248047,-0.41500312089920044,0.07393256574869156,26008.0,25998.0
24.171724319458008,27.583635330200195,-0.42088454961776733,0.07391492277383804,26012.0,26002.0
36.90996551513672,26.56401252746582,0.424972802400589,0.07390125095844269,26016.0,26006.0
20.839401245117188,26.216508865356445,-0.6224526762962341,0.0738857313990593,26020.0,26010.0
20.527542114257812,22.6953067779541,0.10744902491569519,0.07387232780456543,26024.0,26014.0
10.941279411315918,22.829242706298828,-0.6695350408554077,0.07385679334402084,26028.0,26018.0
27.16583251953125,24.306631088256836,-0.5040717124938965,0.07384020835161209,26032.0,26022.0
17.828033447265625,27.472097396850586,-0.5220528244972229,0.07382258772850037,26036.0,26026.0
21.2772274017334,26.258670806884766,-0.44568079710006714,0.07380442321300507,26040.0,26030.0
17.905513763427734,29.055402755737305,-0.6310837268829346,0.07378484308719635,26044.0,26034.0
22.189151763916016,26.804569244384766,-0.3668551445007324,0.07376531511545181,26048.0,26038.0
17.493335723876953,24.282276153564453,-0.5415439009666443,0.07374495267868042,26052.0,26042.0
31.61988067626953,24.609540939331055,-0.33968523144721985,0.07372488081455231,26056.0,26046.0
20.397371292114258,24.102380752563477,-0.23808716237545013,0.07370558381080627,26060.0,26050.0
24.40468978881836,26.027986526489258,-0.4759216904640198,0.07368576526641846,26064.0,26054.0
13.064790725708008,23.34402084350586,-0.6670875549316406,0.07366450875997543,26068.0,26058.0
19.127927780151367,25.4501895904541,-0.5455447435379028,0.07364257425069809,26072.0,26062.0
14.81894588470459,26.597763061523438,-0.4929955005645752,0.07362031191587448,26076.0,26066.0
17.258560180664062,21.872159957885742,-0.7602235674858093,0.07359639555215836,26080.0,26070.0
21.930028915405273,26.90105438232422,-0.09399234503507614,0.07357437908649445,26084.0,26074.0
20.948448181152344,24.109596252441406,-0.23357848823070526,0.07355336844921112,26088.0,26078.0
20.598602294921875,25.636199951171875,-0.22364956140518188,0.0735333040356636,26092.0,26082.0
24.0257568359375,22.918867111206055,-0.6513465046882629,0.07351192086935043,26096.0,26086.0
17.174917221069336,23.787723541259766,0.17260663211345673,0.07349355518817902,26100.0,26090.0
26.861602783203125,25.58727264404297,0.18326033651828766,0.07347796112298965,26104.0,26094.0
14.043179512023926,25.87276840209961,-0.5812581181526184,0.07346095144748688,26108.0,26098.0
13.672090530395508,23.585857391357422,-0.20757927000522614,0.07344457507133484,26112.0,26102.0
18.25202178955078,23.452655792236328,-0.20346198976039886,0.07342880219221115,26116.0,26106.0
20.528133392333984,24.178373336791992,-0.5822234153747559,0.07341162860393524,26120.0,26110.0
16.765230178833008,22.537853240966797,-0.25783711671829224,0.07339484989643097,26124.0,26114.0
19.565996170043945,27.298744201660156,-0.48738962411880493,0.07337724417448044,26128.0,26118.0
12.337066650390625,23.739986419677734,-0.39320287108421326,0.0733594074845314,26132.0,26122.0
21.29086685180664,24.660179138183594,-0.794497013092041,0.07333929091691971,26136.0,26126.0
16.588191986083984,24.03066635131836,-0.5209372043609619,0.07331854104995728,26140.0,26130.0
28.910499572753906,25.432491302490234,0.030568817630410194,0.07330001145601273,26144.0,26134.0
35.16133499145508,26.17328453063965,-0.5172090530395508,0.0732807070016861,26148.0,26138.0
54.53997039794922,27.268192291259766,-0.32989829778671265,0.07326164841651917,26152.0,26142.0
22.745952606201172,25.42279815673828,0.0709221214056015,0.0732448473572731,26156.0,26146.0
19.839271545410156,23.779644012451172,-0.3328995704650879,0.07322803139686584,26160.0,26150.0
25.53685760498047,24.80660629272461,-0.15297183394432068,0.07321210950613022,26164.0,26154.0
21.402719497680664,24.02733039855957,-0.2375732958316803,0.07319656014442444,26168.0,26158.0
16.328594207763672,23.091575622558594,-0.1693693995475769,0.07318168878555298,26172.0,26162.0
32.23731231689453,21.112150192260742,-0.22153152525424957,0.07316717505455017,26176.0,26166.0
14.174383163452148,25.48237419128418,-0.46899932622909546,0.07315172255039215,26180.0,26170.0
18.913877487182617,23.464540481567383,-0.5943301916122437,0.07313478738069534,26184.0,26174.0
25.741626739501953,26.97042465209961,-0.18081098794937134,0.07311862707138062,26188.0,26178.0
16.275299072265625,23.373611450195312,-0.4845360517501831,0.07310161739587784,26192.0,26182.0
44.35261535644531,22.537137985229492,-0.5327270030975342,0.07308359444141388,26196.0,26186.0
15.235872268676758,24.811382293701172,-0.40784668922424316,0.07306530326604843,26200.0,26190.0
14.202415466308594,27.03569221496582,-0.7275725603103638,0.07304514944553375,26204.0,26194.0
19.11506462097168,27.664642333984375,-0.10598830133676529,0.07302646338939667,26208.0,26198.0
14.799796104431152,26.675153732299805,-0.9861456751823425,0.07300468534231186,26212.0,26202.0
13.144638061523438,22.017257690429688,-0.5079471468925476,0.07298251986503601,26216.0,26206.0
67.6566162109375,22.42438507080078,-0.2619781494140625,0.07296122610569,26220.0,26210.0
15.454030990600586,23.90216064453125,-0.7108992338180542,0.072938472032547,26224.0,26214.0
29.657848358154297,27.20958709716797,-0.8985296487808228,0.0729135051369667,26228.0,26218.0
18.265064239501953,23.818693161010742,-0.23876890540122986,0.07288981229066849,26232.0,26222.0
23.067827224731445,27.08460235595703,-0.18133553862571716,0.07286757230758667,26236.0,26226.0
22.384239196777344,24.8681697845459,-0.6720017194747925,0.07284419238567352,26240.0,26230.0
38.370033264160156,23.14474868774414,-0.4114094078540802,0.07282106578350067,26244.0,26234.0
27.87242317199707,25.02768325805664,0.32802048325538635,0.07280191779136658,26248.0,26238.0
26.436426162719727,25.16621208190918,-0.6771650314331055,0.0727812796831131,26252.0,26242.0
34.099464416503906,26.837326049804688,-0.12161850929260254,0.07276209443807602,26256.0,26246.0
13.018257141113281,25.008392333984375,-0.7047383785247803,0.07274129241704941,26260.0,26250.0
22.585432052612305,21.904747009277344,-0.27474603056907654,0.07272118330001831,26264.0,26254.0
23.774213790893555,24.754047393798828,-0.8253127336502075,0.07269895821809769,26268.0,26258.0
20.5189208984375,25.194618225097656,-0.15937481820583344,0.07267815619707108,26272.0,26262.0
25.374582290649414,24.477413177490234,-0.7293717265129089,0.07265578955411911,26276.0,26266.0
19.71869659423828,23.672447204589844,-0.6674510836601257,0.07263234257698059,26280.0,26270.0
23.01580810546875,26.146282196044922,-0.377229779958725,0.07260935008525848,26284.0,26274.0
35.984344482421875,25.646499633789062,-0.31096845865249634,0.07258708775043488,26288.0,26278.0
17.97509002685547,24.979507446289062,-0.6868155002593994,0.07256364077329636,26292.0,26282.0
25.548498153686523,26.583316802978516,0.23876148462295532,0.07254373282194138,26296.0,26286.0
23.359668731689453,23.90535545349121,-0.3028865158557892,0.072524294257164,26300.0,26290.0
29.500774383544922,21.81861686706543,0.13249428570270538,0.07250745594501495,26304.0,26294.0
44.82586669921875,26.565675735473633,0.2458803802728653,0.0724935382604599,26308.0,26298.0
19.49123191833496,26.404857635498047,-0.3218875229358673,0.07247940450906754,26312.0,26302.0
15.506532669067383,25.732179641723633,0.5659695863723755,0.07246951758861542,26316.0,26306.0
18.62424087524414,26.18844985961914,-0.3816596269607544,0.07245870679616928,26320.0,26310.0
29.229537963867188,25.60691261291504,-0.054016828536987305,0.07244870066642761,26324.0,26314.0
11.003240585327148,23.105396270751953,-0.34302693605422974,0.07243797928094864,26328.0,26318.0
9.155593872070312,24.245643615722656,-0.41945236921310425,0.07242623716592789,26332.0,26322.0
25.04147720336914,24.978839874267578,-0.19787384569644928,0.07241466641426086,26336.0,26326.0
15.916028022766113,23.787290573120117,-0.29510384798049927,0.07240277528762817,26340.0,26330.0
20.28313446044922,23.636001586914062,-0.19704994559288025,0.0723910853266716,26344.0,26334.0
20.428138732910156,24.416860580444336,0.10950271785259247,0.07238110899925232,26348.0,26338.0
15.972672462463379,24.36510467529297,0.129336878657341,0.07237277925014496,26352.0,26342.0
16.57920265197754,25.728092193603516,-0.25097283720970154,0.07236400991678238,26356.0,26346.0
24.26294708251953,24.669511795043945,-0.13675545156002045,0.07235543429851532,26360.0,26350.0
63.158607482910156,27.419275283813477,0.07323688268661499,0.07234808802604675,26364.0,26354.0
15.027101516723633,24.632333755493164,0.07530130445957184,0.07234184443950653,26368.0,26358.0
15.688773155212402,23.44097900390625,-0.08112967014312744,0.07233582437038422,26372.0,26362.0
37.20806884765625,25.732803344726562,0.17987897992134094,0.07233130931854248,26376.0,26366.0
13.287189483642578,21.847492218017578,-0.03307920694351196,0.07232706248760223,26380.0,26370.0
50.62786102294922,27.937889099121094,0.387948602437973,0.072325199842453,26384.0,26374.0
20.374563217163086,27.181806564331055,0.14197169244289398,0.072324238717556,26388.0,26378.0
18.106409072875977,27.194377899169922,0.05683162063360214,0.07232365012168884,26392.0,26382.0
18.078872680664062,24.183629989624023,-0.1015344113111496,0.07232261449098587,26396.0,26386.0
21.06003189086914,25.31084442138672,0.012196168303489685,0.07232173532247543,26400.0,26390.0
16.836898803710938,23.135927200317383,-0.2399497628211975,0.07231973856687546,26404.0,26394.0
32.00727462768555,25.81806182861328,-0.3737688660621643,0.07231606543064117,26408.0,26398.0
31.869457244873047,24.881629943847656,-0.5457462072372437,0.07231001555919647,26412.0,26402.0
16.236967086791992,23.49386978149414,-0.3302029073238373,0.072302907705307,26416.0,26406.0
11.063983917236328,24.652055740356445,-0.42503422498703003,0.07229437679052353,26420.0,26410.0
18.48383331298828,23.038171768188477,-0.6694808602333069,0.07228332757949829,26424.0,26414.0
16.654617309570312,23.80773162841797,-0.6069878339767456,0.07227035611867905,26428.0,26418.0
19.994112014770508,24.800437927246094,-0.060218289494514465,0.072258360683918,26432.0,26422.0
20.918991088867188,21.8821964263916,-0.26808667182922363,0.07224621623754501,26436.0,26426.0
18.8386287689209,25.518857955932617,-0.5050144195556641,0.07223276793956757,26440.0,26430.0
39.097694396972656,23.519001007080078,-0.25919705629348755,0.0722193494439125,26444.0,26434.0
13.148099899291992,22.241161346435547,-0.397983193397522,0.07220528274774551,26448.0,26438.0
17.215110778808594,25.563579559326172,-0.17741896212100983,0.07219172269105911,26452.0,26442.0
15.516029357910156,23.52254295349121,0.27056849002838135,0.07218088209629059,26456.0,26446.0
25.247692108154297,22.977020263671875,-0.22042357921600342,0.07217000424861908,26460.0,26450.0
57.633750915527344,23.898235321044922,0.391608327627182,0.0721621960401535,26464.0,26454.0
32.66157150268555,25.937149047851562,0.1354752779006958,0.07215584069490433,26468.0,26458.0
38.923851013183594,24.96579360961914,-1.0183641910552979,0.0721450224518776,26472.0,26462.0
17.640438079833984,25.587650299072266,-0.39987489581108093,0.07213329523801804,26476.0,26466.0
22.0856990814209,26.34820556640625,0.38916298747062683,0.0721246749162674,26480.0,26470.0
17.66751480102539,24.030542373657227,-0.48492130637168884,0.072114497423172,26484.0,26474.0
17.815845489501953,23.56810760498047,-0.11030523478984833,0.07210478186607361,26488.0,26478.0
14.517623901367188,24.89225196838379,-0.13300484418869019,0.0720953643321991,26492.0,26482.0
33.053985595703125,27.491090774536133,-0.3801007866859436,0.07208498567342758,26496.0,26486.0
17.3598690032959,24.45758819580078,0.07746662199497223,0.07207603007555008,26500.0,26490.0
13.834425926208496,24.804027557373047,-0.377891480922699,0.07206608355045319,26504.0,26494.0
27.27936553955078,25.675336837768555,-0.6999841928482056,0.07205362617969513,26508.0,26498.0
22.288015365600586,27.944944381713867,-0.6801565885543823,0.07203902304172516,26512.0,26502.0
13.752777099609375,26.46630096435547,-0.2548666298389435,0.07202459871768951,26516.0,26506.0
14.652507781982422,24.601078033447266,0.26410973072052,0.07201293855905533,26520.0,26510.0
18.437450408935547,25.603769302368164,-0.20338758826255798,0.07200141996145248,26524.0,26514.0
69.69526672363281,26.917387008666992,0.4673202335834503,0.0719934031367302,26528.0,26518.0
33.77847671508789,27.905498504638672,-0.3307373523712158,0.07198452949523926,26532.0,26522.0
29.435123443603516,23.109498977661133,-0.488463819026947,0.07197409868240356,26536.0,26526.0
16.72978973388672,26.564191818237305,-0.6193325519561768,0.07196162641048431,26540.0,26530.0
23.061687469482422,27.72171401977539,-0.25845256447792053,0.07194910198450089,26544.0,26534.0
21.239547729492188,26.339588165283203,0.04924772307276726,0.07193806767463684,26548.0,26538.0
31.651451110839844,27.36433219909668,-0.3536835312843323,0.07192637026309967,26552.0,26542.0
25.467449188232422,25.153160095214844,-0.2623707950115204,0.07191453874111176,26556.0,26546.0
13.327404022216797,26.01875114440918,-0.4968514144420624,0.07190141081809998,26560.0,26550.0
20.55890464782715,25.729969024658203,-0.28132230043411255,0.07188817858695984,26564.0,26554.0
14.499011993408203,25.351165771484375,-0.1740267276763916,0.07187539339065552,26568.0,26558.0
16.264266967773438,27.20205307006836,-0.17418473958969116,0.07186301797628403,26572.0,26562.0
18.407936096191406,27.34349822998047,-0.10042136907577515,0.07185137271881104,26576.0,26566.0
21.4340877532959,26.519580841064453,-0.01584884524345398,0.071840800344944,26580.0,26570.0
12.9904146194458,25.667064666748047,0.4699338972568512,0.07183364033699036,26584.0,26574.0
31.914112091064453,22.957935333251953,-0.07308416068553925,0.07182684540748596,26588.0,26578.0
15.73562240600586,22.08736228942871,-0.683397650718689,0.0718173086643219,26592.0,26582.0
14.80156135559082,27.920940399169922,-0.13638490438461304,0.07180804014205933,26596.0,26586.0
23.40207290649414,24.53494644165039,-0.43548285961151123,0.07179753482341766,26600.0,26590.0
20.565963745117188,23.98058319091797,-0.09608377516269684,0.07178758829832077,26604.0,26594.0
35.804771423339844,26.34905242919922,-0.3419523239135742,0.07177692651748657,26608.0,26598.0
17.50051498413086,25.331388473510742,-0.10456370562314987,0.07176679372787476,26612.0,26602.0
17.707563400268555,23.918987274169922,-0.2270130217075348,0.07175654917955399,26616.0,26606.0
20.48186492919922,26.121482849121094,-0.43259263038635254,0.07174515724182129,26620.0,26610.0
16.34355926513672,25.536298751831055,-0.15459753572940826,0.07173412293195724,26624.0,26614.0
22.873958587646484,23.656288146972656,-0.4846526086330414,0.07172177731990814,26628.0,26618.0
11.418474197387695,26.076440811157227,-0.5253420472145081,0.07170804589986801,26632.0,26622.0
16.196504592895508,28.79452896118164,-0.3202003836631775,0.07169409096240997,26636.0,26626.0
35.006866455078125,27.294883728027344,0.046003248542547226,0.07168175280094147,26640.0,26630.0
18.748920440673828,25.536264419555664,0.0395834743976593,0.07167085260152817,26644.0,26634.0
57.9659309387207,27.577571868896484,0.12291228771209717,0.07166164368391037,26648.0,26638.0
26.802841186523438,26.767494201660156,0.010307088494300842,0.07165341079235077,26652.0,26642.0
31.68694305419922,29.438098907470703,0.16462649405002594,0.0716468095779419,26656.0,26646.0
15.809123039245605,24.60029411315918,-0.07434217631816864,0.0716405063867569,26660.0,26650.0
39.773353576660156,23.825889587402344,0.33835649490356445,0.07163652777671814,26664.0,26654.0
30.370601654052734,21.83649253845215,-0.8215296268463135,0.07162884622812271,26668.0,26658.0
18.03301429748535,25.072669982910156,0.1364058405160904,0.07162261009216309,26672.0,26662.0
22.281604766845703,20.917137145996094,0.05203336477279663,0.0716172531247139,26676.0,26666.0
19.44902992248535,26.80086326599121,0.8026746511459351,0.07161644846200943,26680.0,26670.0
14.172430038452148,22.69903564453125,-0.31876444816589355,0.07161412388086319,26684.0,26674.0
54.63275146484375,23.859556198120117,-0.18664613366127014,0.07161110639572144,26688.0,26678.0
33.42424011230469,27.118457794189453,-0.27757561206817627,0.07160700857639313,26692.0,26682.0
21.555355072021484,27.458984375,0.03182411938905716,0.07160346955060959,26696.0,26686.0
28.57227325439453,25.636049270629883,-0.5488110780715942,0.07159754633903503,26700.0,26690.0
20.547435760498047,26.426233291625977,-0.4062802493572235,0.07159017771482468,26704.0,26694.0
28.210216522216797,28.23908233642578,-0.4665904939174652,0.07158121466636658,26708.0,26698.0
35.573463439941406,26.01978302001953,0.1264144480228424,0.07157377153635025,26712.0,26702.0
15.511468887329102,22.117591857910156,-0.10133180022239685,0.07156657427549362,26716.0,26706.0
26.065311431884766,25.788646697998047,-0.7874029278755188,0.07155616581439972,26720.0,26710.0
23.027149200439453,24.76944351196289,-0.47049668431282043,0.07154444605112076,26724.0,26714.0
19.75832748413086,25.76846694946289,-0.898149847984314,0.07152945548295975,26728.0,26718.0
26.783050537109375,25.59674644470215,-0.9496046304702759,0.07151126116514206,26732.0,26722.0
18.074209213256836,23.133161544799805,-1.0761339664459229,0.0714895948767662,26736.0,26726.0
18.01757049560547,24.27806282043457,-0.07112637162208557,0.0714697390794754,26740.0,26730.0
14.897165298461914,21.628982543945312,-0.8609926104545593,0.07144764065742493,26744.0,26734.0
15.741220474243164,24.26210594177246,-0.5554077625274658,0.07142502069473267,26748.0,26738.0
21.547420501708984,25.98912239074707,-0.6129294633865356,0.07140164822340012,26752.0,26742.0
24.43769073486328,29.951026916503906,-0.4008830785751343,0.07137863337993622,26756.0,26746.0
27.561573028564453,26.960105895996094,-0.4925653338432312,0.07135549187660217,26760.0,26750.0
21.906539916992188,24.811426162719727,0.014007965102791786,0.07133474200963974,26764.0,26754.0
15.042523384094238,27.27549171447754,0.2248738408088684,0.0713171735405922,26768.0,26758.0
25.809219360351562,24.202613830566406,0.13762354850769043,0.07130204141139984,26772.0,26762.0
24.427453994750977,23.88852310180664,0.37579867243766785,0.0712902843952179,26776.0,26766.0
12.783352851867676,21.91164779663086,-0.033214062452316284,0.07127952575683594,26780.0,26770.0
25.025856018066406,27.05669403076172,0.17420321702957153,0.07127070426940918,26784.0,26774.0
17.324039459228516,29.538623809814453,1.044610619544983,0.07126793265342712,26788.0,26778.0
17.319969177246094,27.18133544921875,0.29307177662849426,0.07126688212156296,26792.0,26782.0
19.82956314086914,24.35576629638672,0.2444280982017517,0.07126713544130325,26796.0,26786.0
15.419218063354492,26.568675994873047,0.29123231768608093,0.07126879692077637,26800.0,26790.0
17.420909881591797,28.450138092041016,0.6791486740112305,0.07127363979816437,26804.0,26794.0
16.790502548217773,26.23468780517578,0.5751596689224243,0.0712808296084404,26808.0,26798.0
19.24587631225586,24.939685821533203,0.4461418390274048,0.07128950208425522,26812.0,26802.0
13.329256057739258,23.65245819091797,-0.1719648391008377,0.07129646837711334,26816.0,26806.0
16.94916343688965,25.336584091186523,0.020254850387573242,0.07130284607410431,26820.0,26810.0
29.828977584838867,26.07780647277832,-0.1765376627445221,0.0713077038526535,26824.0,26814.0
32.93954086303711,26.510177612304688,0.12411137670278549,0.07131270319223404,26828.0,26818.0
17.467361450195312,27.19266700744629,-0.21627329289913177,0.07131613790988922,26832.0,26822.0
15.334526062011719,25.602590560913086,0.23758018016815186,0.07132040709257126,26836.0,26826.0
25.874893188476562,26.038650512695312,-0.04341535270214081,0.07132402807474136,26840.0,26830.0
35.02281951904297,25.43229103088379,-0.17420007288455963,0.07132642716169357,26844.0,26834.0
22.448543548583984,28.010234832763672,0.03892742097377777,0.0713287740945816,26848.0,26838.0
20.18140411376953,28.396181106567383,-0.3829309642314911,0.07132899761199951,26852.0,26842.0
26.20478057861328,27.24378776550293,-0.5524687767028809,0.07132645696401596,26856.0,26846.0
17.345813751220703,26.393314361572266,-0.4134182333946228,0.07132212072610855,26860.0,26850.0
16.44564437866211,24.64842414855957,-0.4284445345401764,0.07131610810756683,26864.0,26854.0
19.900102615356445,24.45610809326172,-0.8925740122795105,0.07130629569292068,26868.0,26858.0
23.017494201660156,24.11412811279297,-0.36688876152038574,0.07129564881324768,26872.0,26862.0
15.60736083984375,24.418506622314453,-0.33289316296577454,0.07128443568944931,26876.0,26866.0
22.113351821899414,23.793270111083984,-0.23704750835895538,0.07127314805984497,26880.0,26870.0
18.356704711914062,26.130313873291016,0.06822266429662704,0.07126332819461823,26884.0,26874.0
31.088327407836914,29.45556640625,-0.3563185930252075,0.0712527260184288,26888.0,26878.0
18.085039138793945,27.507404327392578,0.3073371946811676,0.07124470919370651,26892.0,26882.0
15.487424850463867,25.036746978759766,-0.13873061537742615,0.07123681157827377,26896.0,26886.0
59.00190353393555,29.717670440673828,-0.4716392159461975,0.07122737169265747,26900.0,26890.0
21.380020141601562,26.326736450195312,0.0857747420668602,0.07121928781270981,26904.0,26894.0
25.66142463684082,28.121604919433594,0.07770738750696182,0.07121239602565765,26908.0,26898.0
41.21836853027344,27.80276870727539,-0.0701766312122345,0.07120583951473236,26912.0,26902.0
29.352191925048828,27.734621047973633,-0.4154123067855835,0.07119789719581604,26916.0,26906.0
14.270920753479004,25.281951904296875,-0.6003497242927551,0.07118777930736542,26920.0,26910.0
26.50457763671875,26.259197235107422,-0.860768735408783,0.07117444276809692,26924.0,26914.0
27.1610164642334,25.600391387939453,-0.32710567116737366,0.07116081565618515,26928.0,26918.0
13.951166152954102,24.096359252929688,-0.41356030106544495,0.07114651054143906,26932.0,26922.0
24.509693145751953,25.584636688232422,-0.3947623074054718,0.07113170623779297,26936.0,26926.0
22.71221351623535,31.261077880859375,-0.18718373775482178,0.07111744582653046,26940.0,26930.0
17.2206974029541,23.387123107910156,-0.1561194509267807,0.07110383361577988,26944.0,26934.0
41.43000030517578,25.724288940429688,-0.5482596755027771,0.07108888030052185,26948.0,26938.0
13.492668151855469,24.00059700012207,0.07664074003696442,0.07107581198215485,26952.0,26942.0
15.94991683959961,25.149185180664062,0.004375234246253967,0.0710640698671341,26956.0,26946.0
18.963062286376953,26.945148468017578,-0.10889759659767151,0.07105296105146408,26960.0,26950.0
18.436832427978516,26.688291549682617,-0.23592674732208252,0.07104179263114929,26964.0,26954.0
25.91236686706543,22.490360260009766,0.18762058019638062,0.07103266566991806,26968.0,26958.0
19.897869110107422,27.968629837036133,0.04597961902618408,0.07102467119693756,26972.0,26962.0
29.368337631225586,25.848758697509766,0.28634387254714966,0.07101889699697495,26976.0,26966.0
26.04922866821289,25.08588981628418,0.050194382667541504,0.0710139349102974,26980.0,26970.0
20.407621383666992,23.444711685180664,0.4507339596748352,0.07101170718669891,26984.0,26974.0
21.10013198852539,27.89368438720703,0.0746726542711258,0.071010060608387,26988.0,26978.0
18.673709869384766,24.75455093383789,-0.09126022458076477,0.07100813090801239,26992.0,26982.0
75.46722412109375,27.426620483398438,-0.983856737613678,0.07100154459476471,26996.0,26986.0
14.293438911437988,26.80111312866211,-0.10581925511360168,0.07099509239196777,27000.0,26990.0
21.567550659179688,26.575990676879883,-0.1467265486717224,0.07098856568336487,27004.0,26994.0
12.784154891967773,26.499900817871094,0.3352748155593872,0.07098433375358582,27008.0,26998.0
16.899885177612305,30.11465072631836,0.4549153447151184,0.07098277658224106,27012.0,27002.0
21.517385482788086,23.877254486083984,-0.09164293110370636,0.07098091393709183,27016.0,27006.0
18.443832397460938,26.859699249267578,0.26852524280548096,0.07098057866096497,27020.0,27010.0
15.193577766418457,24.898990631103516,0.3060753643512726,0.07098177820444107,27024.0,27014.0
25.899892807006836,25.274982452392578,0.07835469394922256,0.07098324596881866,27028.0,27018.0
14.970216751098633,25.95931625366211,0.0329878106713295,0.07098473608493805,27032.0,27022.0
19.2540283203125,27.279394149780273,0.06251007318496704,0.07098638266324997,27036.0,27026.0
13.416156768798828,23.913761138916016,0.3855753242969513,0.07098978012800217,27040.0,27030.0
21.15606689453125,27.881206512451172,-0.2525586783885956,0.07099159061908722,27044.0,27034.0
19.152057647705078,27.042491912841797,0.7925117611885071,0.07099712640047073,27048.0,27038.0
18.344459533691406,23.82928466796875,-0.16242027282714844,0.07100130617618561,27052.0,27042.0
19.931365966796875,26.233312606811523,-0.23202382028102875,0.07100392878055573,27056.0,27046.0
31.605274200439453,28.644962310791016,0.063641756772995,0.07100661098957062,27060.0,27050.0
10.765180587768555,25.677688598632812,0.21738705039024353,0.07101009786128998,27064.0,27054.0
13.952911376953125,24.722858428955078,-0.5973885655403137,0.07101026177406311,27068.0,27058.0
16.54036521911621,27.049779891967773,-0.49836015701293945,0.07100795954465866,27072.0,27062.0
20.21154022216797,27.390357971191406,0.0025184713304042816,0.07100589573383331,27076.0,27066.0
18.99085235595703,25.02069664001465,0.02250903844833374,0.07100415229797363,27080.0,27070.0
13.619745254516602,26.015857696533203,0.1101871058344841,0.07100312411785126,27084.0,27074.0
36.603843688964844,28.764385223388672,-0.26866334676742554,0.07100086659193039,27088.0,27078.0
30.54046630859375,22.324819564819336,-0.13592484593391418,0.0709981620311737,27092.0,27082.0
25.686912536621094,25.841583251953125,-0.07940420508384705,0.07099533081054688,27096.0,27086.0
26.06070327758789,26.65468978881836,-0.010045871138572693,0.07099272310733795,27100.0,27090.0
19.04436683654785,25.419998168945312,0.09227821975946426,0.07099084556102753,27104.0,27094.0
15.448814392089844,23.18596839904785,-0.4572250247001648,0.07098688930273056,27108.0,27098.0
17.83662986755371,23.0069580078125,0.029812857508659363,0.07098346948623657,27112.0,27102.0
25.266929626464844,25.690820693969727,-0.312927782535553,0.07097883522510529,27116.0,27106.0
18.939735412597656,26.371074676513672,-0.4099671244621277,0.07097262144088745,27120.0,27110.0
14.760043144226074,25.773609161376953,-0.6964808106422424,0.07096356898546219,27124.0,27114.0
25.682510375976562,28.009628295898438,-0.27760905027389526,0.07095404714345932,27128.0,27118.0
33.27020263671875,27.343891143798828,-0.567460834980011,0.07094266265630722,27132.0,27122.0
24.109439849853516,26.614336013793945,-0.09223125874996185,0.07093195617198944,27136.0,27126.0
18.90937614440918,29.70954132080078,-0.5455517768859863,0.07091961055994034,27140.0,27130.0
19.199893951416016,26.888633728027344,-0.5825557708740234,0.07090562582015991,27144.0,27134.0
17.122276306152344,24.361242294311523,-0.7921544313430786,0.07088913023471832,27148.0,27138.0
14.185829162597656,25.420555114746094,-0.4149653911590576,0.0708722323179245,27152.0,27142.0
13.893321990966797,23.757713317871094,-0.34155264496803284,0.07085533440113068,27156.0,27146.0
20.709232330322266,26.977262496948242,-0.21541878581047058,0.0708390548825264,27160.0,27150.0
18.420799255371094,27.473690032958984,-0.9325372576713562,0.07081983983516693,27164.0,27154.0
18.387279510498047,27.103160858154297,-0.09176582098007202,0.07080207765102386,27168.0,27158.0
20.799724578857422,23.533138275146484,-0.6470839977264404,0.07078291475772858,27172.0,27162.0
14.325433731079102,25.044445037841797,-0.5001070499420166,0.07076320797204971,27176.0,27166.0
23.832387924194336,24.044132232666016,-0.4199962615966797,0.07074340432882309,27180.0,27170.0
15.344193458557129,23.924274444580078,-0.5770550966262817,0.07072274386882782,27184.0,27174.0
21.67889404296875,25.495346069335938,-0.14355060458183289,0.07070344686508179,27188.0,27178.0
18.131486892700195,25.777156829833984,-0.46298903226852417,0.0706838071346283,27192.0,27182.0
25.15133285522461,27.049551010131836,-0.6661524772644043,0.07066286355257034,27196.0,27186.0
22.620887756347656,25.626937866210938,-0.5475766062736511,0.07064133882522583,27200.0,27190.0
22.524219512939453,26.873504638671875,-0.3358936011791229,0.07062032073736191,27204.0,27194.0
17.073040008544922,24.66380500793457,-0.699141800403595,0.07059799879789352,27208.0,27198.0
17.56536102294922,27.634044647216797,-0.294636070728302,0.07057645916938782,27212.0,27202.0
26.633060455322266,27.205692291259766,-0.29975005984306335,0.07055559754371643,27216.0,27206.0
23.954631805419922,25.711761474609375,-0.6296530365943909,0.07053374499082565,27220.0,27210.0
21.510236740112305,25.597190856933594,-0.24950264394283295,0.07051286101341248,27224.0,27214.0
27.663036346435547,27.298545837402344,0.04499290883541107,0.07049428671598434,27228.0,27218.0
14.33352279663086,23.847911834716797,-0.32131487131118774,0.0704759880900383,27232.0,27222.0
17.507081985473633,24.914894104003906,-0.42190733551979065,0.07045745849609375,27236.0,27226.0
23.222911834716797,26.23550033569336,-0.1284300535917282,0.0704401433467865,27240.0,27230.0
23.966136932373047,25.823169708251953,-0.45422282814979553,0.07042233645915985,27244.0,27234.0
28.40550994873047,27.28368377685547,-0.08303167670965195,0.07040590792894363,27248.0,27238.0
19.06867790222168,27.893695831298828,-0.05062653869390488,0.07039086520671844,27252.0,27242.0
22.491355895996094,26.617652893066406,-0.49006175994873047,0.07037494331598282,27256.0,27246.0
18.091957092285156,26.81387710571289,-0.2402743399143219,0.07035942375659943,27260.0,27250.0
18.741771697998047,27.364852905273438,-0.48196667432785034,0.07034309953451157,27264.0,27254.0
33.715667724609375,27.60163116455078,-0.32526618242263794,0.07032682001590729,27268.0,27258.0
14.457849502563477,24.448322296142578,-0.7443386316299438,0.07030854374170303,27272.0,27262.0
13.555582046508789,28.904022216796875,0.2430397868156433,0.07029329240322113,27276.0,27266.0
15.210716247558594,26.596187591552734,-0.5638943314552307,0.07027680426836014,27280.0,27270.0
26.457605361938477,25.910160064697266,-0.3111797869205475,0.07026045024394989,27284.0,27274.0
13.328584671020508,27.25148582458496,0.09050797671079636,0.07024616748094559,27288.0,27278.0
17.274564743041992,24.546613693237305,-0.1678473800420761,0.07023248076438904,27292.0,27282.0
17.123197555541992,25.226364135742188,-0.0019384324550628662,0.07022015750408173,27296.0,27286.0
16.440731048583984,26.876188278198242,0.9151155352592468,0.07021356374025345,27300.0,27290.0
14.382169723510742,24.97397804260254,0.058447979390621185,0.07020790874958038,27304.0,27294.0
37.87495040893555,28.55654525756836,0.08110270649194717,0.07020319998264313,27308.0,27298.0
12.31190299987793,24.04494285583496,0.010608911514282227,0.07019902020692825,27312.0,27302.0
21.44451141357422,27.607746124267578,0.2612099051475525,0.07019652426242828,27316.0,27306.0
17.338680267333984,27.23524284362793,0.5530160665512085,0.07019699364900589,27320.0,27310.0
28.393980026245117,27.30549430847168,0.5269620418548584,0.07019998878240585,27324.0,27314.0
79.01921081542969,26.728069305419922,0.1673082411289215,0.0702035054564476,27328.0,27318.0
18.754844665527344,26.50567054748535,0.3968327045440674,0.0702086091041565,27332.0,27322.0
13.217304229736328,25.179767608642578,0.6492525339126587,0.0702163577079773,27336.0,27326.0
16.894390106201172,27.06512451171875,0.3496207892894745,0.0702250525355339,27340.0,27330.0
26.571422576904297,26.152450561523438,0.5091747641563416,0.07023536413908005,27344.0,27334.0
23.380517959594727,24.934324264526367,0.3919585347175598,0.07024656981229782,27348.0,27338.0
14.85629653930664,25.179176330566406,0.7483948469161987,0.07026028633117676,27352.0,27342.0
17.542993545532227,26.759065628051758,0.3646509051322937,0.07027442753314972,27356.0,27346.0
58.880859375,25.82067108154297,0.27849337458610535,0.0702885165810585,27360.0,27350.0
17.90308380126953,24.365127563476562,-0.3067784309387207,0.07029969245195389,27364.0,27354.0
27.095943450927734,26.134546279907227,-0.0922161191701889,0.07030931860208511,27368.0,27358.0
16.975040435791016,24.765941619873047,0.5125776529312134,0.0703204795718193,27372.0,27362.0
21.429611206054688,29.847381591796875,0.7439993619918823,0.07033416628837585,27376.0,27366.0
22.599384307861328,22.97634506225586,0.007488857954740524,0.07034652680158615,27380.0,27370.0
22.80565071105957,25.842571258544922,-0.2531772553920746,0.07035642117261887,27384.0,27374.0
16.383241653442383,30.19790267944336,0.45692208409309387,0.07036755979061127,27388.0,27378.0
17.274070739746094,27.534385681152344,0.08081918209791183,0.07037797570228577,27392.0,27382.0
23.50417709350586,25.564250946044922,-0.21911919116973877,0.07038628309965134,27396.0,27386.0
17.037784576416016,28.10662269592285,0.2490687370300293,0.07039499282836914,27400.0,27390.0
27.042823791503906,27.683809280395508,0.53258216381073,0.07040545344352722,27404.0,27394.0
22.894580841064453,25.466352462768555,0.47881951928138733,0.07041720300912857,27408.0,27398.0
21.033729553222656,30.16610336303711,0.44394007325172424,0.0704299658536911,27412.0,27402.0
17.08267593383789,25.450098037719727,-0.07978975772857666,0.07044106721878052,27416.0,27406.0
31.920778274536133,26.268245697021484,0.3681464195251465,0.07045286893844604,27420.0,27410.0
17.099090576171875,25.848411560058594,0.5137978196144104,0.07046601176261902,27424.0,27414.0
26.25115966796875,26.091320037841797,0.776389479637146,0.07048163563013077,27428.0,27418.0
30.044532775878906,27.045316696166992,0.22935332357883453,0.0704968273639679,27432.0,27422.0
13.244743347167969,26.771583557128906,0.6500325202941895,0.07051368802785873,27436.0,27426.0
20.00358009338379,25.81706428527832,0.22907672822475433,0.0705299973487854,27440.0,27430.0
21.052602767944336,26.71471405029297,-0.25189438462257385,0.07054345309734344,27444.0,27434.0
19.299602508544922,24.391067504882812,0.3340624272823334,0.07055720686912537,27448.0,27438.0
18.772544860839844,27.778148651123047,0.10411546379327774,0.07057011127471924,27452.0,27442.0
18.860267639160156,24.195491790771484,-0.0692126601934433,0.07058138400316238,27456.0,27446.0
11.285102844238281,24.238956451416016,-0.5291224122047424,0.07058892399072647,27460.0,27450.0
11.959745407104492,26.92601776123047,0.12256690859794617,0.07059631496667862,27464.0,27454.0
19.594518661499023,26.457576751708984,0.25190994143486023,0.07060420513153076,27468.0,27458.0
25.46446418762207,28.02427101135254,0.17108945548534393,0.07061216980218887,27472.0,27462.0
27.388357162475586,26.751022338867188,0.6280733346939087,0.07062242180109024,27476.0,27466.0
22.608617782592773,29.520475387573242,-0.4381096363067627,0.07062949985265732,27480.0,27470.0
17.533205032348633,24.077926635742188,-0.0021082982420921326,0.07063586264848709,27484.0,27474.0
26.101381301879883,25.011489868164062,-0.5041356086730957,0.07063909620046616,27488.0,27478.0
10.161493301391602,24.677549362182617,0.15192392468452454,0.07064275443553925,27492.0,27482.0
24.68142318725586,23.730253219604492,0.09164029359817505,0.0706465095281601,27496.0,27486.0
17.066650390625,25.229280471801758,0.10902012884616852,0.07065041363239288,27500.0,27490.0
18.00983428955078,28.100500106811523,0.15604239702224731,0.07065471261739731,27504.0,27494.0
26.1135311126709,27.199392318725586,-0.5851187109947205,0.0706556886434555,27508.0,27498.0
26.097265243530273,26.81141471862793,-0.3671336770057678,0.0706547424197197,27512.0,27502.0
16.24074363708496,27.84012222290039,-0.4775029122829437,0.07065154612064362,27516.0,27506.0
20.475465774536133,25.051490783691406,-0.48997417092323303,0.0706462413072586,27520.0,27510.0
17.195629119873047,24.18056297302246,-0.059955716133117676,0.0706411674618721,27524.0,27514.0
51.034358978271484,27.42273712158203,0.1571122407913208,0.07063737511634827,27528.0,27518.0
33.96352005004883,26.02084732055664,-0.14714279770851135,0.07063323259353638,27532.0,27522.0
18.568784713745117,23.912616729736328,-0.7017214298248291,0.07062604278326035,27536.0,27526.0
18.60568618774414,25.885753631591797,-1.277845859527588,0.0706133022904396,27540.0,27530.0
20.346113204956055,26.41153335571289,-0.7420105338096619,0.07059819996356964,27544.0,27534.0
14.0433349609375,25.138561248779297,-0.2535462975502014,0.07058335840702057,27548.0,27538.0
25.25904083251953,25.941200256347656,-0.3603975176811218,0.07056822627782822,27552.0,27542.0
24.098451614379883,25.36615753173828,-0.20834682881832123,0.07055359333753586,27556.0,27546.0
14.850568771362305,26.453584671020508,0.062330909073352814,0.07054072618484497,27560.0,27550.0
58.546424865722656,27.266277313232422,-0.08574523031711578,0.07052871584892273,27564.0,27554.0
27.708332061767578,29.896406173706055,-0.05914284288883209,0.07051762193441391,27568.0,27558.0
21.63571548461914,27.57013702392578,0.15075916051864624,0.07050837576389313,27572.0,27562.0
15.857861518859863,27.120832443237305,-0.37112826108932495,0.07049822062253952,27576.0,27566.0
36.17334747314453,28.6516170501709,-0.3336898684501648,0.07048743218183517,27580.0,27570.0
25.52001953125,27.419605255126953,-0.11452966928482056,0.07047716528177261,27584.0,27574.0
15.242606163024902,23.78878402709961,-0.024684488773345947,0.07046778500080109,27588.0,27578.0
12.770401000976562,29.146602630615234,0.09175893664360046,0.07045980542898178,27592.0,27582.0
70.91270446777344,24.278432846069336,0.06807206571102142,0.07045295834541321,27596.0,27586.0
22.583290100097656,28.790851593017578,0.28654617071151733,0.07044820487499237,27600.0,27590.0
13.732505798339844,27.645030975341797,0.8560897707939148,0.0704481303691864,27604.0,27594.0
15.823244094848633,28.03775405883789,-0.12394080311059952,0.07044745981693268,27608.0,27598.0
20.06525993347168,27.974040985107422,0.16884931921958923,0.07044769823551178,27612.0,27602.0
24.707504272460938,26.947338104248047,-0.13360612094402313,0.07044724375009537,27616.0,27606.0
31.980960845947266,28.081619262695312,-0.10553938150405884,0.07044631987810135,27620.0,27610.0
16.177837371826172,27.886749267578125,-0.21109654009342194,0.07044444233179092,27624.0,27614.0
20.1878662109375,27.60956382751465,-0.0238761305809021,0.07044263929128647,27628.0,27618.0
22.415388107299805,24.931350708007812,-0.2541927695274353,0.07043977081775665,27632.0,27622.0
13.003806114196777,27.550811767578125,0.3362315893173218,0.07043884694576263,27636.0,27626.0
18.367290496826172,26.51345443725586,0.5434955358505249,0.07044069468975067,27640.0,27630.0
19.084993362426758,27.05657958984375,0.7099059224128723,0.07044585049152374,27644.0,27634.0
21.23005485534668,27.583415985107422,0.44873255491256714,0.07045270502567291,27648.0,27638.0
15.663932800292969,27.719810485839844,0.6009794473648071,0.07046182453632355,27652.0,27642.0
16.120445251464844,26.0773983001709,0.1305217146873474,0.07047069817781448,27656.0,27646.0
22.76862907409668,27.86433219909668,0.19120672345161438,0.070479616522789,27660.0,27650.0
23.847686767578125,26.16448402404785,0.44217029213905334,0.07048983871936798,27664.0,27654.0
13.995244979858398,27.39287567138672,-0.010966643691062927,0.0704989805817604,27668.0,27658.0
19.240833282470703,24.823963165283203,-0.010162830352783203,0.07050716131925583,27672.0,27662.0
18.31186866760254,28.77645492553711,-0.027698040008544922,0.07051439583301544,27676.0,27666.0
35.00043487548828,24.88557243347168,0.436888724565506,0.07052306830883026,27680.0,27670.0
14.14734935760498,27.807392120361328,0.12953123450279236,0.07053152471780777,27684.0,27674.0
24.955345153808594,25.035614013671875,-0.21224573254585266,0.07053808867931366,27688.0,27678.0
37.92650604248047,27.010751724243164,-0.46841317415237427,0.07054166495800018,27692.0,27682.0
13.90727710723877,25.53877830505371,-0.21750566363334656,0.0705438181757927,27696.0,27686.0
17.09953498840332,27.977310180664062,-0.24172312021255493,0.07054455578327179,27700.0,27690.0
18.476470947265625,24.594514846801758,-0.6493756771087646,0.07054200023412704,27704.0,27694.0
18.308256149291992,28.072185516357422,-0.4725925326347351,0.07053735852241516,27708.0,27698.0
14.768704414367676,28.05173683166504,-0.7083377838134766,0.07052969187498093,27712.0,27702.0
27.695846557617188,26.640323638916016,0.28630465269088745,0.0705241933465004,27716.0,27706.0
25.244544982910156,25.18435287475586,0.5358943939208984,0.07052190601825714,27720.0,27710.0
18.403568267822266,27.60293197631836,0.004616254940629005,0.07051987200975418,27724.0,27714.0
15.840264320373535,25.73607635498047,-0.7376660704612732,0.07051439583301544,27728.0,27718.0
34.29207992553711,24.236108779907227,0.1905713677406311,0.07051040977239609,27732.0,27722.0
22.08449935913086,28.965343475341797,0.5242655873298645,0.0705094188451767,27736.0,27726.0
31.210786819458008,27.53350257873535,0.020588897168636322,0.07050862908363342,27740.0,27730.0
25.165409088134766,23.48379135131836,0.16704675555229187,0.07050872594118118,27744.0,27734.0
25.75769805908203,27.308988571166992,-0.32791459560394287,0.07050719857215881,27748.0,27738.0
15.676488876342773,27.91516876220703,-0.05121726915240288,0.07050556689500809,27752.0,27742.0
21.443889617919922,27.777263641357422,0.10567004978656769,0.07050462812185287,27756.0,27746.0
18.033504486083984,30.100879669189453,-0.1280371993780136,0.07050314545631409,27760.0,27750.0
15.185845375061035,28.178213119506836,-0.4202224910259247,0.0704997330904007,27764.0,27754.0
19.332538604736328,26.67623519897461,-0.22759920358657837,0.07049553096294403,27768.0,27758.0
23.233917236328125,26.219104766845703,-0.4971908926963806,0.07048927992582321,27772.0,27762.0
20.81477165222168,26.567007064819336,-0.14157134294509888,0.07048296183347702,27776.0,27766.0
24.66839027404785,25.77880859375,0.05498120188713074,0.07047753036022186,27780.0,27770.0
27.639236450195312,28.249919891357422,-0.3392709195613861,0.07047096639871597,27784.0,27774.0
17.164960861206055,30.380319595336914,-0.2454698085784912,0.07046384364366531,27788.0,27778.0
19.486948013305664,26.211137771606445,-0.4652408957481384,0.07045511901378632,27792.0,27782.0
14.175958633422852,26.308727264404297,-0.19697624444961548,0.07044630497694016,27796.0,27786.0
25.41942596435547,31.08013916015625,0.10011014342308044,0.07043886184692383,27800.0,27790.0
40.77622604370117,25.715471267700195,-0.3119426965713501,0.07043062150478363,27804.0,27794.0
11.093499183654785,28.40665626525879,-0.4985630512237549,0.07042072713375092,27808.0,27798.0
26.598377227783203,30.68035125732422,-0.2543773651123047,0.07041055709123611,27812.0,27802.0
19.51704978942871,28.149076461791992,-0.23921866714954376,0.07040021568536758,27816.0,27806.0
22.332740783691406,25.366283416748047,-0.32801541686058044,0.0703892707824707,27820.0,27810.0
22.666349411010742,29.031476974487305,-0.20289379358291626,0.07037841528654099,27824.0,27814.0
19.21298599243164,26.14649772644043,-0.5079909563064575,0.07036612927913666,27828.0,27818.0
15.272647857666016,27.426742553710938,0.018597610294818878,0.07035516202449799,27832.0,27822.0
21.045658111572266,26.327245712280273,-0.31771108508110046,0.07034372538328171,27836.0,27826.0
28.521207809448242,29.13808822631836,0.11795367300510406,0.07033401727676392,27840.0,27830.0
20.45485496520996,26.26934051513672,0.25316452980041504,0.07032652199268341,27844.0,27834.0
19.972152709960938,25.102298736572266,-0.22723010182380676,0.07031863927841187,27848.0,27838.0
17.999160766601562,27.97287368774414,-0.15557992458343506,0.07031077146530151,27852.0,27842.0
20.71808624267578,24.46609878540039,0.14457911252975464,0.07030442357063293,27856.0,27846.0
33.48580551147461,27.748615264892578,-0.32012099027633667,0.07029711455106735,27860.0,27850.0
14.908263206481934,25.74431037902832,-0.28137102723121643,0.07028913497924805,27864.0,27854.0
15.170866012573242,29.770946502685547,0.08707073330879211,0.07028238475322723,27868.0,27858.0
24.825105667114258,26.275726318359375,-0.3141382932662964,0.07027474045753479,27872.0,27862.0
19.892539978027344,24.668743133544922,-0.1921708583831787,0.07026691734790802,27876.0,27866.0
13.641923904418945,25.464406967163086,-0.07309223711490631,0.07025949656963348,27880.0,27870.0
29.608844757080078,29.1011962890625,-0.16786083579063416,0.07025199383497238,27884.0,27874.0
15.435539245605469,24.4794921875,0.038261979818344116,0.07024542987346649,27888.0,27878.0
26.909339904785156,23.151721954345703,0.22889110445976257,0.07024065405130386,27892.0,27882.0
10.07581901550293,26.505840301513672,-0.43209022283554077,0.07023420929908752,27896.0,27886.0
30.744298934936523,30.454944610595703,0.11634083092212677,0.07022898644208908,27900.0,27890.0
35.29243469238281,27.543874740600586,-0.40850234031677246,0.07022225111722946,27904.0,27894.0
44.462215423583984,28.395736694335938,-0.5285632610321045,0.07021356374025345,27908.0,27898.0
15.977203369140625,26.753061294555664,-0.010366186499595642,0.0702056810259819,27912.0,27902.0
18.479652404785156,25.890810012817383,-0.0981844961643219,0.07019809633493423,27916.0,27906.0
26.19742202758789,28.33983612060547,-0.5210965871810913,0.07018869370222092,27920.0,27910.0
30.050134658813477,29.19222640991211,-0.37080758810043335,0.07017836719751358,27924.0,27914.0
34.79240417480469,28.324848175048828,0.3976497948169708,0.070171058177948,27928.0,27918.0
62.13050079345703,29.25320053100586,0.12503445148468018,0.07016509771347046,27932.0,27922.0
24.940216064453125,29.04250144958496,0.33193546533584595,0.07016138732433319,27936.0,27926.0
13.264106750488281,28.060924530029297,0.2719723582267761,0.07015939801931381,27940.0,27930.0
23.178321838378906,25.765914916992188,0.7322829961776733,0.07016125321388245,27944.0,27934.0
19.648252487182617,28.483123779296875,0.641947329044342,0.07016612589359283,27948.0,27938.0
25.424522399902344,26.28302001953125,0.24386686086654663,0.07017170637845993,27952.0,27942.0
18.968544006347656,28.85674476623535,0.6930274367332458,0.07018017768859863,27956.0,27946.0
21.35909652709961,30.484588623046875,0.8565670847892761,0.07019203901290894,27960.0,27950.0
17.329265594482422,29.82809829711914,0.08239694684743881,0.07020313292741776,27964.0,27954.0
24.4310245513916,26.851905822753906,1.0045629739761353,0.07021808624267578,27968.0,27958.0
25.767345428466797,31.325775146484375,-0.2857632637023926,0.07023012638092041,27972.0,27962.0
62.6639289855957,29.895984649658203,0.1535847783088684,0.07024172693490982,27976.0,27966.0
25.890216827392578,32.88770294189453,0.4328101873397827,0.07025432586669922,27980.0,27970.0
14.352766036987305,30.50330352783203,0.07521218806505203,0.07026603072881699,27984.0,27974.0
24.293804168701172,28.79701042175293,0.18233689665794373,0.07027748972177505,27988.0,27978.0
53.787071228027344,26.385190963745117,0.22672177851200104,0.07028893381357193,27992.0,27982.0
16.421430587768555,25.75143814086914,0.1572798192501068,0.07030001282691956,27996.0,27986.0
14.288726806640625,26.83228302001953,-0.2558361291885376,0.07030873000621796,28000.0,27990.0
17.875240325927734,28.620935440063477,0.10684022307395935,0.0703171119093895,28004.0,27994.0
18.977909088134766,24.969036102294922,-0.6839315891265869,0.07032123953104019,28008.0,27998.0
12.193208694458008,27.36001205444336,0.21250630915164948,0.07032601535320282,28012.0,28002.0
32.8736572265625,30.037254333496094,0.3372136354446411,0.07033199816942215,28016.0,28006.0
27.904022216796875,24.063438415527344,0.08157123625278473,0.07033778727054596,28020.0,28010.0
25.011796951293945,23.910615921020508,0.07201838493347168,0.07034335285425186,28024.0,28014.0
20.083003997802734,26.039276123046875,0.29730188846588135,0.07034986466169357,28028.0,28018.0
18.66975975036621,27.58023452758789,0.25438618659973145,0.07035698741674423,28032.0,28022.0
37.248634338378906,29.90535545349121,0.3771341145038605,0.07036527991294861,28036.0,28026.0
34.773338317871094,28.07492446899414,0.3197531998157501,0.07037433981895447,28040.0,28030.0
36.80611038208008,28.953229904174805,0.17449647188186646,0.07038336247205734,28044.0,28034.0
35.42218017578125,28.268131256103516,0.3563961386680603,0.07039327919483185,28048.0,28038.0
20.843307495117188,26.20330047607422,0.4060317873954773,0.07040424644947052,28052.0,28042.0
43.59960174560547,27.34488296508789,0.20448434352874756,0.07041513919830322,28056.0,28046.0
15.039592742919922,27.660429000854492,-0.7379284501075745,0.0704212337732315,28060.0,28050.0
19.75005340576172,23.957611083984375,-0.1283206343650818,0.0704260841012001,28064.0,28054.0
58.150848388671875,30.11244010925293,0.003860972821712494,0.0704304650425911,28068.0,28058.0
34.17688751220703,26.53485870361328,0.29509687423706055,0.07043588906526566,28072.0,28062.0
53.33251190185547,29.98447608947754,-0.30864810943603516,0.07043923437595367,28076.0,28066.0
23.043777465820312,27.281787872314453,-0.3107850253582001,0.07044067978858948,28080.0,28070.0
30.452404022216797,29.8990421295166,0.45164504647254944,0.070444256067276,28084.0,28074.0
39.744667053222656,30.465885162353516,-0.4377754032611847,0.07044527679681778,28088.0,28078.0
31.845182418823242,25.030467987060547,-0.7245639562606812,0.0704425722360611,28092.0,28082.0
27.13164520263672,26.588287353515625,-0.34929126501083374,0.07043839246034622,28096.0,28086.0
24.448246002197266,28.859512329101562,0.08885790407657623,0.0704350695014,28100.0,28090.0
13.817790985107422,25.106346130371094,-0.2087809145450592,0.07043102383613586,28104.0,28094.0
27.427753448486328,25.977622985839844,0.020445212721824646,0.07042747735977173,28108.0,28098.0
19.987934112548828,26.68011474609375,-0.27955615520477295,0.07042289525270462,28112.0,28102.0
34.656402587890625,28.84966278076172,-0.3267268240451813,0.0704171359539032,28116.0,28106.0
15.483930587768555,27.38874626159668,-0.33954495191574097,0.07041025161743164,28120.0,28110.0
29.373395919799805,26.29486083984375,0.045226454734802246,0.07040427625179291,28124.0,28114.0
23.51434326171875,31.263586044311523,-0.040001094341278076,0.07039868831634521,28128.0,28118.0
40.17904281616211,26.617938995361328,0.06582652777433395,0.07039398699998856,28132.0,28122.0
16.61028289794922,24.442340850830078,0.09351439774036407,0.07039022445678711,28136.0,28126.0
22.12390899658203,26.94449234008789,0.12687024474143982,0.07038747519254684,28140.0,28130.0
47.215450286865234,24.7978458404541,0.16303777694702148,0.07038581371307373,28144.0,28134.0
17.9080810546875,27.84856414794922,-0.710065484046936,0.07038076221942902,28148.0,28138.0
20.14382553100586,27.934741973876953,0.7202460169792175,0.070379838347435,28152.0,28142.0
22.38637924194336,28.484642028808594,0.03016725182533264,0.07037915289402008,28156.0,28146.0
15.592985153198242,26.18670654296875,-0.05097426474094391,0.07037828117609024,28160.0,28150.0
16.610557556152344,29.837078094482422,-0.19719204306602478,0.07037650048732758,28164.0,28154.0
18.03170394897461,28.33489418029785,0.3660893142223358,0.07037673890590668,28168.0,28158.0
19.02627182006836,26.007545471191406,-0.19565564393997192,0.0703759640455246,28172.0,28162.0
13.952756881713867,27.80759048461914,-0.5488587617874146,0.07037252187728882,28176.0,28166.0
45.026180267333984,30.82155418395996,-0.12086592614650726,0.07036881893873215,28180.0,28170.0
16.635574340820312,24.98093605041504,-0.17446784675121307,0.07036460936069489,28184.0,28174.0
32.59550476074219,26.868011474609375,-0.07866989076137543,0.07036041468381882,28188.0,28178.0
14.001985549926758,25.915584564208984,-0.07525872439146042,0.07035624980926514,28192.0,28182.0
38.69868087768555,30.570194244384766,0.3462464213371277,0.07035425305366516,28196.0,28186.0
22.133237838745117,26.044282913208008,-0.13039925694465637,0.07035180926322937,28200.0,28190.0
24.687095642089844,23.910154342651367,-0.01477205753326416,0.07034952938556671,28204.0,28194.0
14.904017448425293,25.292325973510742,-0.43519601225852966,0.07034528255462646,28208.0,28198.0
20.679964065551758,28.61151885986328,-0.472823828458786,0.07033907622098923,28212.0,28202.0
21.802684783935547,28.320899963378906,-0.022065386176109314,0.07033337652683258,28216.0,28204.0
22.59601593017578,28.35576629638672,0.2885601818561554,0.0703297033905983,28220.0,28208.0
20.03448486328125,31.043392181396484,0.5027722120285034,0.07032893598079681,28224.0,28212.0
19.587495803833008,30.734237670898438,-0.3959680497646332,0.07032624632120132,28228.0,28216.0
20.724037170410156,25.87171173095703,-0.3667845129966736,0.07032197713851929,28232.0,28220.0
14.842397689819336,27.26325225830078,-0.8773975372314453,0.0703137218952179,28236.0,28224.0
66.49796295166016,26.02153778076172,-0.09711889922618866,0.07030581682920456,28240.0,28228.0
15.314278602600098,29.966251373291016,-0.3210347294807434,0.07029707729816437,28244.0,28232.0
20.358985900878906,28.636615753173828,-0.18937113881111145,0.0702882632613182,28248.0,28236.0
30.105377197265625,26.803028106689453,-0.9545747637748718,0.07027556747198105,28252.0,28240.0
13.337319374084473,26.221538543701172,-0.5548052787780762,0.07026135921478271,28256.0,28244.0
16.386398315429688,26.996963500976562,-0.5298268795013428,0.07024591416120529,28260.0,28248.0
22.81357192993164,31.549144744873047,-0.07098633795976639,0.07023166120052338,28264.0,28252.0
31.810535430908203,30.981983184814453,0.3096874952316284,0.07022039592266083,28268.0,28256.0
14.85653305053711,28.597801208496094,-0.6955735683441162,0.07020676881074905,28272.0,28260.0
56.32941818237305,26.00431251525879,-0.39646533131599426,0.07019252330064774,28276.0,28264.0
21.35249137878418,27.295654296875,-0.14354249835014343,0.07017898559570312,28280.0,28268.0
10.64288330078125,25.739707946777344,-0.7110781073570251,0.07016326487064362,28284.0,28272.0
31.463497161865234,28.479724884033203,0.38984230160713196,0.07015105336904526,28288.0,28276.0
21.71596908569336,27.7091064453125,-0.30822259187698364,0.07013852149248123,28292.0,28280.0
31.03191375732422,28.253355026245117,-0.8584896922111511,0.07012299448251724,28296.0,28284.0
30.727876663208008,33.22895812988281,-0.24692556262016296,0.07010778039693832,28300.0,28288.0
20.690433502197266,27.362998962402344,0.07282859086990356,0.07009444385766983,28304.0,28292.0
39.89039611816406,28.828651428222656,0.23711000382900238,0.0700836330652237,28308.0,28296.0
15.483526229858398,25.506284713745117,-0.3391437828540802,0.07007220387458801,28312.0,28300.0
22.67597007751465,27.458148956298828,-0.6432011723518372,0.07005871832370758,28316.0,28304.0
36.86726760864258,27.000415802001953,0.2236529141664505,0.07004769891500473,28320.0,28308.0
13.667234420776367,29.67377471923828,0.4528157711029053,0.0700400322675705,28324.0,28312.0
21.248048782348633,27.138710021972656,-0.11894868314266205,0.07003253698348999,28328.0,28316.0
33.91196060180664,26.21505355834961,-0.06806612014770508,0.07002545893192291,28332.0,28320.0
29.18975257873535,30.69638442993164,-0.4274815618991852,0.07001694291830063,28336.0,28324.0
20.01643943786621,30.16132164001465,-0.3884156346321106,0.07000734657049179,28340.0,28328.0
20.58029556274414,28.500701904296875,-0.043951015919446945,0.06999848037958145,28344.0,28332.0
15.243002891540527,27.652015686035156,-0.012155327945947647,0.06999045610427856,28348.0,28336.0
74.93284606933594,28.735851287841797,0.06084509193897247,0.06998352706432343,28352.0,28340.0
19.260448455810547,29.026350021362305,-0.022379562258720398,0.06997717171907425,28356.0,28344.0
11.622198104858398,24.940963745117188,-0.174778550863266,0.06997058540582657,28360.0,28348.0
21.845670700073242,25.521032333374023,-0.14347878098487854,0.06996392458677292,28364.0,28352.0
21.11048126220703,29.56724739074707,0.45970597863197327,0.06996024399995804,28368.0,28356.0
13.628189086914062,25.85444450378418,-0.1379135698080063,0.0699562355875969,28372.0,28360.0
22.503612518310547,27.322914123535156,-0.0803331583738327,0.06995221972465515,28376.0,28364.0
15.765848159790039,29.81707000732422,0.004623770713806152,0.06994863599538803,28380.0,28368.0
55.30046844482422,26.663711547851562,0.035279884934425354,0.06994558125734329,28384.0,28372.0
16.03514862060547,27.43303108215332,0.6860286593437195,0.06994626671075821,28388.0,28376.0
20.482959747314453,25.67607879638672,-0.23306070268154144,0.06994571536779404,28392.0,28380.0
15.602662086486816,28.70871925354004,0.34744763374328613,0.06994694471359253,28396.0,28384.0
29.554588317871094,28.312297821044922,-0.47462767362594604,0.06994570046663284,28400.0,28388.0
32.95402145385742,27.314546585083008,0.44950589537620544,0.06994681805372238,28404.0,28392.0
17.66608428955078,27.9659423828125,0.33156880736351013,0.06994948536157608,28408.0,28396.0
50.71959686279297,29.168363571166992,-0.03947039693593979,0.06995168328285217,28412.0,28400.0
52.6827507019043,30.023881912231445,0.16893211007118225,0.0699545219540596,28416.0,28404.0
18.05556869506836,25.02175521850586,0.5595182180404663,0.06995987147092819,28420.0,28408.0
28.56715202331543,30.675779342651367,-0.02569650113582611,0.06996455788612366,28424.0,28412.0
14.245437622070312,27.37537384033203,0.5676416158676147,0.06997162103652954,28428.0,28416.0
75.89618682861328,29.8459529876709,0.380723774433136,0.06997987627983093,28432.0,28420.0
30.750991821289062,27.218347549438477,-0.11417613923549652,0.0699867531657219,28436.0,28424.0
23.082468032836914,26.200592041015625,-0.2553424537181854,0.06999165564775467,28440.0,28428.0
35.51707458496094,29.160724639892578,0.3175753653049469,0.06999766081571579,28444.0,28432.0
29.37273597717285,25.64568519592285,0.004540994763374329,0.07000308483839035,28448.0,28436.0
17.37537384033203,26.38457679748535,0.24155575037002563,0.07000919431447983,28452.0,28440.0
15.298593521118164,26.82743263244629,0.3389367163181305,0.07001639157533646,28456.0,28444.0
22.387718200683594,29.950424194335938,0.43411898612976074,0.07002505660057068,28460.0,28448.0
17.042692184448242,31.269786834716797,-0.4649645686149597,0.07003051787614822,28464.0,28452.0
14.612565040588379,28.414958953857422,-0.293135404586792,0.0700339525938034,28468.0,28456.0
15.289743423461914,28.454143524169922,0.13122591376304626,0.07003770768642426,28472.0,28460.0
15.693565368652344,28.961742401123047,0.03894216567277908,0.07004128396511078,28476.0,28464.0
23.691452026367188,24.855304718017578,-0.04744711518287659,0.07004427164793015,28480.0,28468.0
22.65431785583496,32.123992919921875,0.02909749187529087,0.07004711031913757,28484.0,28472.0
12.22286319732666,28.980854034423828,-0.0390196293592453,0.0700494647026062,28488.0,28476.0
21.551544189453125,27.039920806884766,0.18118423223495483,0.07005250453948975,28492.0,28480.0
24.969127655029297,28.317455291748047,-0.18219932913780212,0.07005432993173599,28496.0,28484.0
20.165843963623047,30.0357666015625,0.369170218706131,0.07005781680345535,28500.0,28488.0
18.871158599853516,28.718158721923828,-0.235093891620636,0.07005977630615234,28504.0,28492.0
15.816222190856934,24.978919982910156,-0.2362166792154312,0.07006034255027771,28508.0,28496.0
28.999584197998047,28.406282424926758,0.37607336044311523,0.07006274908781052,28512.0,28500.0
26.42724609375,31.524127960205078,0.28525441884994507,0.07006635516881943,28516.0,28504.0
15.855649948120117,29.304346084594727,0.28088706731796265,0.0700710341334343,28520.0,28508.0
12.140277862548828,26.726123809814453,0.04891414940357208,0.07007549703121185,28524.0,28512.0
23.851505279541016,29.73570442199707,-0.033099010586738586,0.07007933408021927,28528.0,28516.0
17.697208404541016,27.840560913085938,0.21164554357528687,0.0700838640332222,28532.0,28520.0
18.2811222076416,26.707021713256836,-0.19445207715034485,0.07008695602416992,28536.0,28524.0
21.11175537109375,25.275463104248047,0.5949826836585999,0.07009275257587433,28540.0,28528.0
30.421226501464844,30.270671844482422,0.5903041362762451,0.07010096311569214,28544.0,28532.0
13.52680778503418,25.042490005493164,0.26192495226860046,0.07010966539382935,28548.0,28536.0
18.83053207397461,27.913177490234375,0.1947041153907776,0.0701184943318367,28552.0,28540.0
39.368507385253906,27.500686645507812,-0.2562054395675659,0.07012514770030975,28556.0,28544.0
16.41092300415039,28.349050521850586,-0.41044777631759644,0.07012905925512314,28560.0,28548.0
16.214412689208984,27.209857940673828,-0.01668372005224228,0.07013248652219772,28564.0,28552.0
27.988548278808594,26.342395782470703,0.34702175855636597,0.07013733685016632,28568.0,28556.0
29.307838439941406,27.03289794921875,0.18990978598594666,0.07014267146587372,28572.0,28560.0
19.64398956298828,28.876598358154297,-0.08124028891324997,0.07014705240726471,28576.0,28564.0
24.53002166748047,28.96628761291504,0.29098033905029297,0.07015249133110046,28580.0,28568.0
21.950851440429688,31.680316925048828,-0.41439297795295715,0.07015526294708252,28584.0,28572.0
24.70782470703125,26.194116592407227,-0.05633174628019333,0.070157490670681,28588.0,28576.0
27.978681564331055,30.817455291748047,-0.5834683179855347,0.0701565220952034,28592.0,28580.0
16.111610412597656,29.51580810546875,-0.30872756242752075,0.07015407830476761,28596.0,28584.0
16.172935485839844,26.754432678222656,0.09451068937778473,0.07015235722064972,28600.0,28586.0
14.236647605895996,26.8004150390625,0.05327820032835007,0.07015108317136765,28604.0,28590.0
25.379892349243164,28.6402530670166,1.0803170204162598,0.07015541940927505,28608.0,28594.0
21.336698532104492,29.461469650268555,-0.2263936549425125,0.07015817612409592,28612.0,28598.0
21.13803482055664,26.14328384399414,-0.12401185929775238,0.07016003131866455,28616.0,28602.0
30.241600036621094,28.837665557861328,-0.22969543933868408,0.07016053795814514,28620.0,28606.0
18.82152557373047,25.900297164916992,0.6048843860626221,0.07016404718160629,28624.0,28610.0
40.42707824707031,27.96524429321289,0.8605330586433411,0.07017157971858978,28628.0,28614.0
38.65699768066406,28.64345932006836,0.2005750983953476,0.07017935812473297,28632.0,28618.0
28.695701599121094,30.280811309814453,0.41388028860092163,0.07018845528364182,28636.0,28622.0
20.890716552734375,30.720783233642578,0.09900900721549988,0.07019715756177902,28640.0,28626.0
12.799589157104492,30.22500991821289,0.6156736016273499,0.0702081099152565,28644.0,28630.0
19.778581619262695,29.591304779052734,0.2753453552722931,0.07021937519311905,28648.0,28634.0
23.946868896484375,29.129440307617188,0.1699112504720688,0.07023037225008011,28652.0,28638.0
21.005924224853516,29.554378509521484,-0.7306787371635437,0.07023654878139496,28656.0,28642.0
16.310300827026367,27.157615661621094,0.09262196719646454,0.07024259865283966,28660.0,28646.0
27.416179656982422,27.933635711669922,0.4349536597728729,0.07025023549795151,28664.0,28650.0
22.98248291015625,23.459632873535156,-0.0779707133769989,0.07025671750307083,28668.0,28654.0
17.08717155456543,27.295501708984375,-0.3737296760082245,0.07026065140962601,28672.0,28658.0
20.92197036743164,25.33645248413086,-0.46416372060775757,0.07026184350252151,28676.0,28662.0
24.127470016479492,27.146995544433594,0.2852650284767151,0.07026435434818268,28680.0,28666.0
35.66912841796875,25.73779296875,0.15652430057525635,0.07026742398738861,28684.0,28670.0
14.743919372558594,28.419984817504883,-0.1937461495399475,0.07026919722557068,28688.0,28674.0
40.853240966796875,27.561023712158203,-0.2623286247253418,0.07026946544647217,28692.0,28678.0
19.93768310546875,23.30228042602539,-0.2072579562664032,0.0702686458826065,28696.0,28682.0
27.11803436279297,25.340511322021484,0.22262629866600037,0.07026904821395874,28700.0,28686.0
25.39923095703125,28.302303314208984,0.03346771001815796,0.07026958465576172,28704.0,28690.0
21.834415435791016,28.99008560180664,-0.05750070512294769,0.07026976346969604,28708.0,28694.0
25.153011322021484,29.286041259765625,0.06566514819860458,0.07027027010917664,28712.0,28698.0
17.83966827392578,32.8734016418457,-0.21999508142471313,0.07026959955692291,28716.0,28702.0
16.999168395996094,28.315458297729492,-0.184533029794693,0.07026805728673935,28720.0,28706.0
22.47213363647461,29.431482315063477,-0.1740022748708725,0.07026577740907669,28724.0,28710.0
29.925823211669922,29.881357192993164,0.7139049768447876,0.07026737183332443,28728.0,28714.0
21.634445190429688,27.93231964111328,-0.026685725897550583,0.0702686607837677,28732.0,28718.0
37.31491470336914,31.775836944580078,0.5848853588104248,0.07027281820774078,28736.0,28722.0
23.018001556396484,25.500335693359375,0.05642557144165039,0.07027683407068253,28740.0,28726.0
16.887630462646484,26.679584503173828,0.7845056653022766,0.07028444111347198,28744.0,28730.0
49.55232238769531,30.305524826049805,0.29116836190223694,0.07029279321432114,28748.0,28734.0
24.305431365966797,31.200244903564453,0.3946003019809723,0.07030230760574341,28752.0,28738.0
16.254261016845703,24.962162017822266,0.35379523038864136,0.07031268626451492,28756.0,28742.0
21.000102996826172,27.452720642089844,-0.12783537805080414,0.07032137364149094,28760.0,28746.0
17.751026153564453,28.90802574157715,0.4014844298362732,0.07033124566078186,28764.0,28750.0
14.148340225219727,30.550251007080078,0.35763776302337646,0.07034195959568024,28768.0,28754.0
52.61875534057617,27.633283615112305,0.264503538608551,0.0703529641032219,28772.0,28758.0
20.870492935180664,28.036083221435547,0.5017934441566467,0.07036542892456055,28776.0,28762.0
19.94021987915039,29.66069221496582,0.16598379611968994,0.07037749141454697,28780.0,28766.0
20.223102569580078,27.19417953491211,0.234104186296463,0.07038955390453339,28784.0,28770.0
26.519195556640625,27.581945419311523,0.08020274341106415,0.07040083408355713,28788.0,28774.0
23.60723114013672,31.392467498779297,0.40349388122558594,0.07041305303573608,28792.0,28778.0
13.056807518005371,26.059614181518555,0.2907278537750244,0.07042554765939713,28796.0,28782.0
17.317913055419922,27.319774627685547,0.34397634863853455,0.07043856382369995,28800.0,28786.0
20.81344985961914,24.200191497802734,0.5428402423858643,0.07045304030179977,28804.0,28790.0
13.837732315063477,27.96750259399414,0.15476477146148682,0.07046688348054886,28808.0,28794.0
50.78919219970703,27.36870765686035,-0.08778737485408783,0.0704788938164711,28812.0,28798.0
11.39837646484375,25.357730865478516,-0.4798552095890045,0.07048724591732025,28816.0,28802.0
19.5341796875,31.703990936279297,0.22126607596874237,0.07049590349197388,28820.0,28806.0
20.210243225097656,27.994632720947266,0.09313741326332092,0.07050417363643646,28824.0,28810.0
19.432130813598633,25.66661262512207,-0.15688996016979218,0.07051081210374832,28828.0,28814.0
19.411773681640625,28.909379959106445,0.04420118033885956,0.07051701843738556,28832.0,28818.0
51.892784118652344,29.312206268310547,-0.004867047071456909,0.07052257657051086,28836.0,28822.0
27.624256134033203,30.199495315551758,0.16452664136886597,0.07052843272686005,28840.0,28826.0
50.659400939941406,29.491565704345703,-0.04310107231140137,0.07053349167108536,28844.0,28830.0
83.46090698242188,26.26708221435547,-0.026489391922950745,0.07053791731595993,28848.0,28834.0
20.228437423706055,28.728065490722656,0.13160058856010437,0.07054257392883301,28852.0,28838.0
13.887075424194336,24.683238983154297,-0.1521865725517273,0.0705459713935852,28856.0,28842.0
53.1202507019043,26.98473358154297,0.12522876262664795,0.07054968923330307,28860.0,28846.0
36.174278259277344,29.00075912475586,-0.48484086990356445,0.07055053114891052,28864.0,28850.0
16.48642921447754,26.93515396118164,-0.7270442843437195,0.07054753601551056,28868.0,28854.0
14.466641426086426,26.168594360351562,-0.048129841685295105,0.07054459303617477,28872.0,28858.0
31.129602432250977,29.543134689331055,0.24345465004444122,0.07054319977760315,28876.0,28862.0
33.795921325683594,30.51411247253418,-0.041424527764320374,0.07054173201322556,28880.0,28866.0
15.50441837310791,28.895835876464844,-0.01466824859380722,0.07054033875465393,28884.0,28870.0
20.72808074951172,29.725553512573242,0.5428337454795837,0.07054188847541809,28888.0,28874.0
19.514785766601562,30.653453826904297,0.1120498776435852,0.07054385542869568,28892.0,28878.0
15.071648597717285,31.679401397705078,-0.4978182315826416,0.07054304331541061,28896.0,28882.0
16.651180267333984,27.93581199645996,0.3486177921295166,0.07054412364959717,28900.0,28886.0
21.5178279876709,24.90833282470703,0.532478392124176,0.07054784148931503,28904.0,28890.0
14.225410461425781,27.409635543823242,0.08680500090122223,0.07055164128541946,28908.0,28894.0
24.45232391357422,27.41747283935547,0.466405987739563,0.07055747509002686,28912.0,28898.0
14.101227760314941,28.595474243164062,0.0583856999874115,0.07056303322315216,28916.0,28902.0
25.554595947265625,30.502334594726562,0.14223524928092957,0.07056877017021179,28920.0,28906.0
24.48611831665039,29.799131393432617,0.08920615166425705,0.07057438790798187,28924.0,28910.0
17.26595115661621,28.138185501098633,-0.6560656428337097,0.07057604938745499,28928.0,28914.0
14.587858200073242,27.333417892456055,-0.22068139910697937,0.07057640701532364,28932.0,28918.0
23.646106719970703,30.190685272216797,-0.10553516447544098,0.07057619094848633,28936.0,28922.0
14.848444938659668,25.6143798828125,-0.08390934020280838,0.07057555019855499,28940.0,28926.0
19.98983383178711,29.735919952392578,0.14735905826091766,0.07057572901248932,28944.0,28930.0
26.93562889099121,29.622989654541016,-0.31608718633651733,0.07057426869869232,28948.0,28934.0
34.475975036621094,27.576984405517578,0.234249085187912,0.07057416439056396,28952.0,28938.0
32.48849868774414,27.816198348999023,-0.8101146817207336,0.07056988030672073,28956.0,28942.0
17.000019073486328,26.704212188720703,-0.2875179648399353,0.07056452333927155,28960.0,28946.0
12.087776184082031,28.69170379638672,-0.08319668471813202,0.07055927813053131,28964.0,28950.0
20.786197662353516,26.564842224121094,-0.08025063574314117,0.07055412977933884,28968.0,28954.0
15.965320587158203,26.62218475341797,-0.03188024461269379,0.07054933905601501,28972.0,28958.0
15.503339767456055,30.824859619140625,0.13733278214931488,0.0705457329750061,28976.0,28962.0
20.03165054321289,26.2497501373291,0.4189797043800354,0.07054466009140015,28980.0,28966.0
14.124055862426758,27.886245727539062,0.07077544927597046,0.07054407149553299,28984.0,28970.0
20.769657135009766,26.814725875854492,0.6039301753044128,0.07054666429758072,28988.0,28974.0
44.472496032714844,29.455158233642578,0.22575703263282776,0.07055015861988068,28992.0,28978.0
9.671880722045898,27.487878799438477,-0.0022259801626205444,0.07055330276489258,28996.0,28982.0
16.46847152709961,24.347179412841797,0.19109517335891724,0.0705571249127388,29000.0,28986.0
12.22077751159668,26.100196838378906,-0.5546982884407043,0.07055768370628357,29004.0,28990.0
22.617183685302734,26.97179412841797,0.0918145626783371,0.07055865228176117,29008.0,28994.0
22.036930084228516,28.143489837646484,-4.553794860839844e-05,0.0705595463514328,29012.0,28998.0
12.543654441833496,25.84860610961914,-0.2308805137872696,0.07055914402008057,29016.0,29002.0
19.96449089050293,25.309646606445312,0.15162843465805054,0.070559561252594,29020.0,29006.0
18.894954681396484,29.89737892150879,0.3893727958202362,0.0705619677901268,29024.0,29010.0
34.56633758544922,24.433931350708008,-0.2428930401802063,0.07056287676095963,29028.0,29014.0
19.007417678833008,26.63846206665039,0.0293332040309906,0.07056383788585663,29032.0,29018.0
19.41575050354004,28.857473373413086,-0.2046082466840744,0.07056363672018051,29036.0,29022.0
29.013545989990234,29.88343620300293,0.21085187792778015,0.07056456059217453,29040.0,29026.0
21.461605072021484,29.0780086517334,0.6560091972351074,0.07056879997253418,29044.0,29030.0
55.106712341308594,28.08712387084961,0.30963170528411865,0.07057423889636993,29048.0,29034.0
22.98294448852539,24.72891616821289,0.06806948781013489,0.07057948410511017,29052.0,29038.0
19.531095504760742,28.776737213134766,0.8679311275482178,0.07058870792388916,29056.0,29042.0
32.93914031982422,28.055156707763672,0.30147308111190796,0.07059858739376068,29060.0,29046.0
20.242137908935547,26.500789642333984,0.2931792736053467,0.07060900330543518,29064.0,29050.0
13.90005874633789,25.067764282226562,0.6089144349098206,0.0706215500831604,29068.0,29054.0
11.814403533935547,31.190345764160156,0.2831110954284668,0.07063431292772293,29072.0,29058.0
24.31751823425293,26.024131774902344,-0.39018869400024414,0.07064377516508102,29076.0,29062.0
31.85867691040039,27.595022201538086,-0.015087738633155823,0.07065221667289734,29080.0,29066.0
22.595272064208984,28.501632690429688,0.07262516021728516,0.07066020369529724,29084.0,29070.0
17.94236946105957,25.01012420654297,-0.43705588579177856,0.07066510617733002,29088.0,29074.0
13.38182544708252,29.463014602661133,-0.1126830205321312,0.07066892832517624,29092.0,29078.0
23.46784210205078,26.309165954589844,0.08945593982934952,0.07067283987998962,29096.0,29082.0
38.532020568847656,26.858840942382812,0.03197392821311951,0.0706765279173851,29100.0,29086.0
22.8330078125,29.443115234375,0.48003992438316345,0.07068236172199249,29104.0,29090.0
25.61916732788086,29.434114456176758,0.2920237183570862,0.0706891342997551,29108.0,29094.0
16.464677810668945,25.923330307006836,-0.1033211201429367,0.0706946924328804,29112.0,29098.0
18.22743034362793,29.49842071533203,-0.18851888179779053,0.07069870829582214,29116.0,29102.0
15.449161529541016,31.640697479248047,0.23518158495426178,0.07070355862379074,29120.0,29106.0
16.053173065185547,27.522747039794922,-0.37054258584976196,0.07070598751306534,29124.0,29110.0
18.05619239807129,29.852500915527344,0.026832878589630127,0.07070831954479218,29128.0,29114.0
21.366958618164062,29.169902801513672,0.14369679987430573,0.0707111656665802,29132.0,29118.0
18.900672912597656,27.856536865234375,0.13430742919445038,0.07071443647146225,29136.0,29122.0
32.89557647705078,28.39463996887207,0.5500456094741821,0.07072025537490845,29140.0,29126.0
14.102221488952637,28.11775016784668,-0.5356347560882568,0.07072268426418304,29144.0,29130.0
23.23418426513672,27.17257308959961,-0.0006632357835769653,0.07072487473487854,29148.0,29134.0
53.285606384277344,27.25238037109375,-0.32137954235076904,0.07072515785694122,29152.0,29138.0
16.179096221923828,28.07522201538086,0.4241902828216553,0.07072763890028,29156.0,29142.0
11.793800354003906,25.510238647460938,-0.13019056618213654,0.07072918862104416,29160.0,29146.0
16.75363540649414,31.003467559814453,0.6209902167320251,0.07073384523391724,29164.0,29150.0
35.124359130859375,25.096288681030273,-0.16850581765174866,0.07073714584112167,29168.0,29154.0
21.896785736083984,26.126605987548828,0.39338332414627075,0.0707421749830246,29172.0,29158.0
17.91936492919922,26.854625701904297,-0.23046332597732544,0.07074549794197083,29176.0,29162.0
30.94883918762207,28.3104190826416,0.014806218445301056,0.07074856758117676,29180.0,29166.0
22.065673828125,26.018630981445312,0.05615091323852539,0.0707516223192215,29184.0,29170.0
18.734176635742188,28.672807693481445,0.3263314664363861,0.07075609266757965,29188.0,29174.0
20.610275268554688,29.44358253479004,0.21396735310554504,0.07076123356819153,29192.0,29178.0
26.77806854248047,29.39463996887207,0.004074256867170334,0.0707658901810646,29196.0,29182.0
45.918922424316406,28.542827606201172,-0.13313280045986176,0.07076938450336456,29200.0,29186.0
26.428884506225586,30.764604568481445,0.21643969416618347,0.0707736685872078,29204.0,29190.0
24.14392852783203,27.41762924194336,0.19162902235984802,0.07077853381633759,29208.0,29194.0
29.87255859375,26.27973747253418,0.5554344654083252,0.07078583538532257,29212.0,29198.0
22.42779541015625,29.42641830444336,0.09342757612466812,0.07079291343688965,29216.0,29202.0
31.65680694580078,28.173995971679688,0.17697030305862427,0.07080020010471344,29220.0,29206.0
20.123077392578125,28.32624053955078,0.7583904266357422,0.07081075012683868,29224.0,29210.0
22.840702056884766,30.149808883666992,0.20828980207443237,0.0708213597536087,29228.0,29214.0
22.234676361083984,31.16315460205078,0.45622164011001587,0.07083329558372498,29232.0,29218.0
26.1954402923584,27.918502807617188,-0.019446998834609985,0.07084394991397858,29236.0,29222.0
21.271820068359375,29.39382553100586,0.3870641589164734,0.07085558772087097,29240.0,29226.0
27.018665313720703,28.617725372314453,0.5799199342727661,0.07086910307407379,29244.0,29230.0
14.815933227539062,30.005229949951172,-0.015183128416538239,0.0708812028169632,29248.0,29234.0
46.856300354003906,27.056020736694336,0.35303935408592224,0.07089396566152573,29252.0,29238.0
20.816293716430664,25.43716812133789,-0.024741172790527344,0.07090532779693604,29256.0,29242.0
30.490732192993164,26.540172576904297,0.49866732954978943,0.07091817259788513,29260.0,29246.0
14.81791877746582,27.324153900146484,0.13229265809059143,0.07093045115470886,29264.0,29250.0
17.623714447021484,25.896961212158203,0.1117742583155632,0.07094208896160126,29268.0,29254.0
25.223979949951172,28.24640655517578,0.16983355581760406,0.07095346599817276,29272.0,29258.0
14.300216674804688,29.698551177978516,0.038336969912052155,0.07096392661333084,29276.0,29262.0
21.83413314819336,30.64112663269043,0.7568728923797607,0.07097732275724411,29280.0,29266.0
72.1353988647461,29.365589141845703,-0.09178704023361206,0.07098891586065292,29284.0,29270.0
27.165050506591797,26.735754013061523,0.5824316740036011,0.07100242376327515,29288.0,29274.0
17.74503517150879,28.616531372070312,0.61345374584198,0.07101781666278839,29292.0,29278.0
19.241775512695312,27.32736587524414,-0.2742442488670349,0.07103022933006287,29296.0,29282.0
14.084362030029297,28.539608001708984,-0.4938236176967621,0.07103878259658813,29300.0,29286.0
21.427764892578125,25.413116455078125,-0.08226634562015533,0.07104604691267014,29304.0,29290.0
17.04452133178711,29.06218910217285,0.3105262219905853,0.07105422765016556,29308.0,29294.0
18.422271728515625,25.487445831298828,-0.07972753793001175,0.07106117159128189,29312.0,29298.0
16.79408073425293,29.161155700683594,-0.06225794553756714,0.07106710225343704,29316.0,29302.0
24.20964813232422,30.041698455810547,-0.3884061574935913,0.07107037305831909,29320.0,29306.0
17.90869140625,26.56667709350586,-0.2601167559623718,0.07107195258140564,29324.0,29310.0
16.653675079345703,27.910415649414062,-0.99076908826828,0.07106812298297882,29328.0,29314.0
20.68017578125,27.724782943725586,-0.43309903144836426,0.07106237858533859,29332.0,29318.0
14.599691390991211,29.32407569885254,-0.19485551118850708,0.07105617970228195,29336.0,29322.0
15.706737518310547,27.105140686035156,-0.28160178661346436,0.07104909420013428,29340.0,29326.0
21.810802459716797,29.058116912841797,-0.12099310010671616,0.07104208320379257,29344.0,29330.0
18.957937240600586,28.689632415771484,0.3357255458831787,0.07103754580020905,29348.0,29334.0
15.495338439941406,27.393917083740234,0.01616482436656952,0.0710335448384285,29352.0,29338.0
18.505958557128906,28.952281951904297,-0.08571210503578186,0.07102949917316437,29356.0,29342.0
20.336956024169922,26.549352645874023,0.28699225187301636,0.07102738320827484,29360.0,29346.0
15.029271125793457,26.321596145629883,-0.4107819199562073,0.07102328538894653,29364.0,29350.0
27.378854751586914,29.628318786621094,0.18812336027622223,0.07102058827877045,29368.0,29354.0
24.038291931152344,25.579513549804688,-0.15084147453308105,0.07101737707853317,29372.0,29358.0
19.565786361694336,28.04409408569336,0.07306751608848572,0.07101486623287201,29376.0,29362.0
44.11325454711914,29.28127670288086,-0.13101588189601898,0.07101190835237503,29380.0,29366.0
11.63306999206543,24.734352111816406,-0.26079970598220825,0.0710078626871109,29384.0,29370.0
22.658428192138672,27.33351707458496,0.4545793831348419,0.071006640791893,29388.0,29374.0
42.3335075378418,28.120140075683594,0.31013166904449463,0.07100718468427658,29392.0,29378.0
28.12590980529785,29.902992248535156,0.6144622564315796,0.07101092487573624,29396.0,29382.0
19.928010940551758,30.078094482421875,-0.26656845211982727,0.07101288437843323,29400.0,29386.0
22.111129760742188,28.8109130859375,0.12649758160114288,0.07101532816886902,29404.0,29390.0
33.875946044921875,30.365549087524414,0.12755143642425537,0.07101820409297943,29408.0,29394.0
66.08181762695312,25.811058044433594,-0.18075865507125854,0.07101982831954956,29412.0,29398.0
26.47002410888672,25.165363311767578,0.369551420211792,0.07102324813604355,29416.0,29402.0
22.855880737304688,29.696901321411133,0.22700506448745728,0.07102755457162857,29420.0,29406.0
52.69261169433594,27.850290298461914,-0.3461279273033142,0.07102956622838974,29424.0,29410.0
21.019567489624023,27.01952362060547,-0.47082191705703735,0.07102888822555542,29428.0,29414.0
20.51312828063965,26.733562469482422,-0.5612942576408386,0.07102528214454651,29432.0,29418.0
25.756072998046875,28.28711700439453,-0.36333024501800537,0.07102011889219284,29436.0,29422.0
21.340496063232422,25.919292449951172,-0.08599421381950378,0.07101500779390335,29440.0,29426.0
24.800472259521484,26.12171173095703,-0.4779559373855591,0.0710078626871109,29444.0,29430.0
17.481061935424805,26.451555252075195,-0.3292595148086548,0.07099968194961548,29448.0,29434.0
14.716548919677734,28.003253936767578,-0.30231887102127075,0.07099071145057678,29452.0,29438.0
15.099885940551758,29.556245803833008,-0.3884754180908203,0.07098057866096497,29456.0,29442.0
19.200164794921875,26.21554946899414,-0.024532169103622437,0.07097131758928299,29460.0,29446.0
48.94001388549805,26.245258331298828,-0.33638620376586914,0.07096119970083237,29464.0,29450.0
20.21954345703125,25.997390747070312,-0.03403423726558685,0.070951908826828,29468.0,29454.0
18.486221313476562,26.609920501708984,0.1343289166688919,0.07094426453113556,29472.0,29458.0
29.440868377685547,29.716732025146484,-0.054568104445934296,0.07093709707260132,29476.0,29462.0
18.375186920166016,27.273509979248047,-0.27835938334465027,0.0709291473031044,29480.0,29466.0
35.05903244018555,30.480854034423828,0.29405173659324646,0.0709235668182373,29484.0,29470.0
22.4852237701416,29.88445472717285,0.47565409541130066,0.07092107832431793,29488.0,29474.0
26.594409942626953,29.223373413085938,-0.36521703004837036,0.07091689109802246,29492.0,29478.0
22.85781478881836,27.698904037475586,0.10362336784601212,0.07091367244720459,29496.0,29482.0
18.949722290039062,25.80089569091797,0.17248855531215668,0.0709116980433464,29500.0,29486.0
17.80532455444336,26.081165313720703,-0.17813895642757416,0.07090895622968674,29504.0,29490.0
25.12661361694336,28.632097244262695,0.23708239197731018,0.07090775668621063,29508.0,29494.0
40.508644104003906,27.141387939453125,0.10720323026180267,0.07090725004673004,29512.0,29498.0
14.911295890808105,27.580238342285156,-0.19252672791481018,0.07090575993061066,29516.0,29502.0
35.86908721923828,26.007423400878906,-0.49848055839538574,0.0709017738699913,29520.0,29506.0
13.921805381774902,27.707786560058594,0.19805866479873657,0.07089924067258835,29524.0,29510.0
12.600495338439941,28.884201049804688,-0.09914950281381607,0.07089643180370331,29528.0,29514.0
43.25417709350586,29.724788665771484,-0.15782827138900757,0.0708930492401123,29532.0,29518.0
23.61100196838379,27.523277282714844,0.14898928999900818,0.07089080661535263,29536.0,29522.0
28.663719177246094,28.2427921295166,0.3347027003765106,0.07089056819677353,29540.0,29526.0
16.770946502685547,25.518966674804688,0.2748975157737732,0.070891834795475,29544.0,29530.0
21.859725952148438,31.796772003173828,0.38044291734695435,0.0708949938416481,29548.0,29534.0
46.97685241699219,29.008235931396484,0.34815582633018494,0.07089971005916595,29552.0,29538.0
35.426780700683594,28.337982177734375,-0.4693666994571686,0.07090143859386444,29556.0,29542.0
16.977052688598633,29.542118072509766,0.3283504247665405,0.07090474665164948,29560.0,29546.0
30.590721130371094,28.075815200805664,0.14564505219459534,0.07090851664543152,29564.0,29550.0
33.503013610839844,26.850894927978516,-0.16884666681289673,0.07091100513935089,29568.0,29554.0
21.740453720092773,28.012086868286133,0.16480614244937897,0.07091411203145981,29572.0,29558.0
48.205081939697266,27.405227661132812,-0.06966674327850342,0.070916548371315,29576.0,29562.0
28.466102600097656,29.594165802001953,0.15574292838573456,0.07091957330703735,29580.0,29566.0
29.390085220336914,30.84815216064453,-0.05960047245025635,0.07092197984457016,29584.0,29570.0
39.395198822021484,27.859596252441406,0.06412956118583679,0.07092449814081192,29588.0,29574.0
25.11699867248535,29.46390151977539,-0.24281299114227295,0.07092545926570892,29592.0,29578.0
53.06289291381836,26.969451904296875,0.010495468974113464,0.07092637568712234,29596.0,29582.0
13.816726684570312,26.34385108947754,-0.4759828448295593,0.07092464715242386,29600.0,29586.0
25.297279357910156,27.407743453979492,-0.16332592070102692,0.07092221081256866,29604.0,29590.0
11.622323989868164,27.997161865234375,-0.4455297291278839,0.07091763615608215,29608.0,29594.0
23.145732879638672,29.644315719604492,-0.5123125910758972,0.07091076672077179,29612.0,29598.0
36.48400115966797,29.07725715637207,0.1981511265039444,0.0709056481719017,29616.0,29602.0
25.51712989807129,29.010421752929688,-0.23755379021167755,0.07089976221323013,29620.0,29606.0
17.795673370361328,27.62995719909668,-0.5249329805374146,0.07089164853096008,29624.0,29610.0
16.58550262451172,29.573060989379883,0.10515055805444717,0.07088490575551987,29628.0,29614.0
43.404640197753906,27.1007080078125,-0.12435607612133026,0.07087817788124084,29632.0,29618.0
18.56645393371582,25.695850372314453,0.0463578924536705,0.07087236642837524,29636.0,29622.0
14.544645309448242,27.621366500854492,0.7464040517807007,0.07087115198373795,29640.0,29626.0
14.19749927520752,24.51406478881836,-0.19888900220394135,0.07086898386478424,29644.0,29630.0
23.030071258544922,29.896148681640625,-0.12181746959686279,0.07086638361215591,29648.0,29634.0
20.395523071289062,30.099361419677734,0.023755669593811035,0.07086417078971863,29652.0,29638.0
16.629295349121094,33.9055290222168,-0.15698657929897308,0.0708613321185112,29656.0,29642.0
20.70273208618164,26.16470718383789,-0.21517248451709747,0.07085761427879333,29660.0,29646.0
12.116214752197266,26.157913208007812,-0.11369821429252625,0.07085366547107697,29664.0,29650.0
22.77944564819336,27.22119140625,-0.08443844318389893,0.07084964215755463,29668.0,29654.0
18.69736099243164,26.551368713378906,0.2863475978374481,0.07084756344556808,29672.0,29658.0
17.740297317504883,27.242698669433594,-0.2911933660507202,0.0708441361784935,29676.0,29662.0
16.835269927978516,26.941017150878906,-0.02806871384382248,0.07084089517593384,29680.0,29666.0
17.844684600830078,24.899742126464844,0.004298347979784012,0.07083800435066223,29684.0,29670.0
18.096763610839844,28.550418853759766,0.2007775604724884,0.07083648443222046,29688.0,29674.0
21.586288452148438,26.007110595703125,-0.22433944046497345,0.07083389908075333,29692.0,29678.0
28.851009368896484,27.321226119995117,0.3124682307243347,0.07083325833082199,29696.0,29682.0
12.75862979888916,25.694297790527344,-0.03459616005420685,0.0708324983716011,29700.0,29686.0
50.13908386230469,28.443965911865234,0.4627704322338104,0.07083430886268616,29704.0,29690.0
36.69860076904297,27.598220825195312,0.4354538023471832,0.07083827257156372,29708.0,29694.0
16.67087745666504,27.33666229248047,0.3195722699165344,0.07084357738494873,29712.0,29698.0
18.54794692993164,26.879854202270508,-0.7043912410736084,0.07084454596042633,29716.0,29702.0
25.22397804260254,30.507606506347656,-0.3964496850967407,0.07084327936172485,29720.0,29706.0
32.193817138671875,26.94356918334961,-0.19546273350715637,0.07084108144044876,29724.0,29710.0
16.049787521362305,29.68980598449707,0.04475454241037369,0.07083936035633087,29728.0,29714.0
22.447086334228516,25.09807777404785,-0.43739861249923706,0.07083544135093689,29732.0,29718.0
25.284473419189453,27.93326187133789,-0.27043843269348145,0.07083045691251755,29736.0,29722.0
29.04601287841797,27.13383674621582,-0.15181861817836761,0.07082515209913254,29740.0,29726.0
59.04362487792969,28.74238395690918,0.09249529987573624,0.0708208829164505,29744.0,29730.0
43.00037384033203,27.29728889465332,-0.4037955403327942,0.07081485539674759,29748.0,29734.0
15.442258834838867,28.494998931884766,0.5213251113891602,0.07081224024295807,29752.0,29738.0
17.936992645263672,28.833171844482422,-0.08451450616121292,0.07080943882465363,29756.0,29742.0
22.353130340576172,29.2799072265625,0.318774938583374,0.07080862671136856,29760.0,29746.0
18.544742584228516,23.164443969726562,-0.013082653284072876,0.07080782949924469,29764.0,29750.0
24.547409057617188,28.564483642578125,0.8466149568557739,0.0708116814494133,29768.0,29754.0
22.907554626464844,28.546531677246094,0.7959453463554382,0.0708194151520729,29772.0,29758.0
15.180793762207031,24.255477905273438,-0.08509199321269989,0.07082591205835342,29776.0,29762.0
28.76432991027832,29.14276885986328,0.4593309760093689,0.07083424180746078,29780.0,29766.0
15.701692581176758,28.665842056274414,-0.4316811263561249,0.07083940505981445,29784.0,29770.0
13.828256607055664,25.5987606048584,0.13285572826862335,0.07084477692842484,29788.0,29774.0
13.702508926391602,25.180282592773438,-0.0042128488421440125,0.07084959000349045,29792.0,29778.0
16.496625900268555,29.514404296875,0.4774062931537628,0.0708565041422844,29796.0,29782.0
20.582759857177734,27.781789779663086,-0.0013673752546310425,0.07086271792650223,29800.0,29786.0
34.80897521972656,24.079376220703125,-0.06510774791240692,0.07086795568466187,29804.0,29790.0
18.699581146240234,26.1468563079834,-0.10029071569442749,0.07087212800979614,29808.0,29794.0
18.88446044921875,28.60478401184082,0.14977625012397766,0.07087671011686325,29812.0,29798.0
16.15139389038086,30.65316390991211,0.20479100942611694,0.0708819329738617,29816.0,29802.0
29.955535888671875,28.36031723022461,0.29095345735549927,0.07088819891214371,29820.0,29806.0
36.37069320678711,29.685029983520508,0.16966527700424194,0.07089477777481079,29824.0,29810.0
14.589115142822266,27.45490264892578,1.2338237762451172,0.07090730220079422,29828.0,29814.0
21.66826820373535,26.78272247314453,0.6963258981704712,0.07092231512069702,29832.0,29818.0
69.67045593261719,30.998178482055664,0.41264283657073975,0.07093804329633713,29836.0,29822.0
14.109492301940918,28.0111083984375,0.7423055171966553,0.07095617800951004,29840.0,29826.0
33.56917953491211,26.566299438476562,0.572551965713501,0.07097556442022324,29844.0,29830.0
14.867395401000977,27.564878463745117,0.10502918064594269,0.07099360972642899,29848.0,29834.0
23.87047576904297,25.481264114379883,0.4524853229522705,0.07101228088140488,29852.0,29838.0
19.356037139892578,28.064186096191406,0.18873344361782074,0.07103011012077332,29856.0,29842.0
25.34037971496582,27.524635314941406,0.05038812756538391,0.07104643434286118,29860.0,29846.0
18.737611770629883,30.606369018554688,0.2981664538383484,0.07106275111436844,29864.0,29850.0
24.002944946289062,28.20717430114746,0.08379398286342621,0.07107789814472198,29868.0,29854.0
40.84535217285156,30.305498123168945,0.19583173096179962,0.07109259068965912,29872.0,29858.0
19.07166290283203,28.57868003845215,-0.27219921350479126,0.07110435515642166,29876.0,29862.0
23.420869827270508,30.420486450195312,0.05028654634952545,0.07111522555351257,29880.0,29866.0
22.6993465423584,27.098533630371094,0.0498545840382576,0.07112527638673782,29884.0,29870.0
22.78826332092285,29.733539581298828,0.06411097943782806,0.07113467156887054,29888.0,29874.0
22.806522369384766,29.072860717773438,0.6561019420623779,0.07114668190479279,29892.0,29878.0
25.152162551879883,29.82928466796875,0.06374447792768478,0.07115784287452698,29896.0,29882.0
21.263763427734375,24.86927604675293,-0.2803315222263336,0.07116636633872986,29900.0,29886.0
15.994485855102539,25.889535903930664,-0.21670374274253845,0.07117286324501038,29904.0,29890.0
24.419574737548828,29.81899642944336,0.254372239112854,0.07118009030818939,29908.0,29894.0
18.549152374267578,25.858665466308594,0.21574467420578003,0.07118777930736542,29912.0,29898.0
20.044536590576172,25.591602325439453,-0.07607176899909973,0.07119427621364594,29916.0,29902.0
20.031845092773438,32.03391647338867,0.04205960035324097,0.07120037078857422,29920.0,29906.0
47.358604431152344,28.081939697265625,-0.037224993109703064,0.07120565325021744,29924.0,29910.0
52.45563888549805,27.405038833618164,0.4688299000263214,0.07121295481920242,29928.0,29914.0
36.22705841064453,28.25481605529785,-0.03652716800570488,0.0712193176150322,29932.0,29918.0
44.51802062988281,30.364654541015625,0.5667141675949097,0.07122813165187836,29936.0,29922.0
24.31789207458496,31.22142791748047,-0.15926364064216614,0.07123519480228424,29940.0,29926.0
22.322338104248047,30.205608367919922,0.06451940536499023,0.07124192267656326,29944.0,29930.0
41.376708984375,30.444366455078125,-0.04406050592660904,0.07124773412942886,29948.0,29934.0
21.34382438659668,29.74597930908203,0.06542985886335373,0.07125332206487656,29952.0,29938.0
17.580001831054688,27.09729766845703,-0.4237020015716553,0.07125604152679443,29956.0,29942.0
16.554428100585938,28.58774757385254,-0.14486193656921387,0.07125770300626755,29960.0,29946.0
13.325679779052734,27.60227394104004,-0.059131547808647156,0.07125888019800186,29964.0,29950.0
20.59705352783203,26.239727020263672,-0.175454244017601,0.07125897705554962,29968.0,29954.0
21.042869567871094,29.159008026123047,-0.20397135615348816,0.07125796377658844,29972.0,29958.0
15.337929725646973,32.519718170166016,-0.27082523703575134,0.07125556468963623,29976.0,29962.0
23.250225067138672,24.15042495727539,-0.5061862468719482,0.07125063985586166,29980.0,29966.0
24.263900756835938,29.433229446411133,-0.366085946559906,0.07124421745538712,29984.0,29970.0
18.470138549804688,29.921768188476562,0.13634951412677765,0.071239173412323,29988.0,29974.0
20.843158721923828,29.695053100585938,0.2092972695827484,0.0712357759475708,29992.0,29978.0
47.79484558105469,30.57605743408203,-0.5748021006584167,0.07122957706451416,29996.0,29982.0
17.129135131835938,28.878551483154297,-0.6460921764373779,0.07122049480676651,30000.0,29986.0
23.71426010131836,25.147506713867188,-0.29053398966789246,0.07121072709560394,30004.0,29990.0
15.65476131439209,27.1691837310791,0.22114607691764832,0.07120314240455627,30008.0,29994.0
25.943553924560547,22.873634338378906,-0.04693460464477539,0.0711960643529892,30012.0,29998.0
19.17338752746582,27.18004035949707,-0.21811330318450928,0.07118849456310272,30016.0,30002.0
24.30484390258789,30.693313598632812,0.14759401977062225,0.071182481944561,30020.0,30006.0
50.874977111816406,29.033950805664062,-0.32919788360595703,0.07117526978254318,30024.0,30010.0
19.45227813720703,26.542137145996094,0.2875267565250397,0.07117035239934921,30028.0,30014.0
22.939189910888672,29.82708168029785,-0.3280734121799469,0.07116413861513138,30032.0,30018.0
25.059261322021484,29.635299682617188,-0.22452853620052338,0.07115732133388519,30036.0,30022.0
16.71340560913086,29.051584243774414,-0.34841376543045044,0.07114927470684052,30040.0,30026.0
17.575374603271484,26.54250144958496,0.19513706862926483,0.07114310562610626,30044.0,30030.0
36.41419982910156,29.251340866088867,0.3358100950717926,0.0711393877863884,30048.0,30034.0
51.441497802734375,25.522796630859375,-0.1034025102853775,0.07113546878099442,30052.0,30038.0
23.685020446777344,27.106237411499023,0.06212284043431282,0.07113227993249893,30056.0,30042.0
33.009761810302734,28.621990203857422,0.4126512408256531,0.07113167643547058,30060.0,30046.0
18.99549102783203,29.065692901611328,0.00695723295211792,0.0711311623454094,30064.0,30050.0
32.236637115478516,30.6429386138916,-0.2817961573600769,0.07112916558980942,30068.0,30054.0
17.855480194091797,26.530540466308594,-0.2729283571243286,0.07112587243318558,30072.0,30058.0
13.37465763092041,27.194046020507812,0.15309348702430725,0.07112373411655426,30076.0,30062.0
21.00501823425293,29.43194580078125,0.11945223808288574,0.07112246751785278,30080.0,30066.0
22.186141967773438,27.08045196533203,0.13010162115097046,0.07112204283475876,30084.0,30070.0
19.364604949951172,28.94664192199707,0.1792992800474167,0.07112263143062592,30088.0,30074.0
13.791252136230469,29.028793334960938,-0.5565717816352844,0.07112012803554535,30092.0,30078.0
68.74314880371094,28.2820987701416,0.13215786218643188,0.07111857831478119,30096.0,30082.0
17.62175750732422,28.184303283691406,0.24244417250156403,0.07111853361129761,30100.0,30086.0
22.513145446777344,28.401966094970703,0.015583217144012451,0.07111856341362,30104.0,30090.0
15.070691108703613,29.09895896911621,0.4965325593948364,0.07112131267786026,30108.0,30094.0
39.497657775878906,28.72323226928711,0.16860252618789673,0.07112471759319305,30112.0,30098.0
17.809253692626953,30.529521942138672,0.5002860426902771,0.07113052159547806,30116.0,30102.0
21.823850631713867,29.719064712524414,1.115598201751709,0.071141816675663,30120.0,30106.0
16.16876983642578,26.152915954589844,-0.33657458424568176,0.07115014642477036,30124.0,30110.0
18.350753784179688,31.598873138427734,-0.012746423482894897,0.07115757465362549,30128.0,30114.0
17.00494384765625,24.30200958251953,-0.13618700206279755,0.07116352766752243,30132.0,30118.0
20.558658599853516,32.94789505004883,0.10355579853057861,0.07116945087909698,30136.0,30122.0
15.508325576782227,27.750938415527344,-0.23302876949310303,0.07117350399494171,30140.0,30126.0
19.630542755126953,25.188858032226562,-0.09551519900560379,0.07117664813995361,30144.0,30130.0
15.798120498657227,30.34332275390625,0.5011387467384338,0.07118221372365952,30148.0,30134.0
21.952693939208984,25.578500747680664,-0.016225680708885193,0.07118713110685349,30152.0,30138.0
20.62782859802246,28.265724182128906,-0.08147934079170227,0.07119112461805344,30156.0,30142.0
32.15985107421875,29.565467834472656,0.3636113405227661,0.07119670510292053,30160.0,30146.0
18.359521865844727,28.119861602783203,-0.16962136328220367,0.07120079547166824,30164.0,30150.0
19.171161651611328,28.757665634155273,0.0609692744910717,0.07120481878519058,30168.0,30154.0
26.836463928222656,29.006986618041992,0.15611964464187622,0.07120930403470993,30172.0,30158.0
15.615440368652344,29.256092071533203,0.2970237731933594,0.07121497392654419,30176.0,30162.0
19.717105865478516,26.878307342529297,-0.38031741976737976,0.07121797651052475,30180.0,30166.0
25.624073028564453,26.337146759033203,-0.09258534759283066,0.07122018933296204,30184.0,30170.0
19.280473709106445,28.579265594482422,-0.07099307328462601,0.07122178375720978,30188.0,30174.0
35.6862678527832,29.431522369384766,0.32995790243148804,0.07122502475976944,30192.0,30178.0
37.630035400390625,23.152664184570312,0.012245558202266693,0.0712280124425888,30196.0,30182.0
42.737876892089844,26.474214553833008,-0.3046553432941437,0.07122903317213058,30200.0,30186.0
19.0457820892334,27.481945037841797,-0.25333887338638306,0.07122855633497238,30204.0,30190.0
28.40033721923828,29.157894134521484,-0.11610477417707443,0.07122749090194702,30208.0,30194.0
26.545578002929688,27.05883026123047,0.22041407227516174,0.07122774422168732,30212.0,30198.0
18.432140350341797,29.45682144165039,-0.023052051663398743,0.07122784852981567,30216.0,30202.0
20.494205474853516,27.493139266967773,-0.07631999254226685,0.07122750580310822,30220.0,30206.0
36.75762939453125,29.995500564575195,0.39745140075683594,0.07122939079999924,30224.0,30210.0
20.376441955566406,26.399215698242188,-0.19541871547698975,0.07123001664876938,30228.0,30214.0
32.593788146972656,29.285615921020508,-0.17510218918323517,0.07122960686683655,30232.0,30218.0
29.13551139831543,29.179243087768555,-0.288925439119339,0.07122765481472015,30236.0,30222.0
29.164030075073242,29.56670379638672,-0.15376707911491394,0.07122503966093063,30240.0,30226.0
14.866756439208984,27.71759033203125,0.33132559061050415,0.07122451812028885,30244.0,30230.0
27.813236236572266,29.84426498413086,0.07863972336053848,0.07122448086738586,30248.0,30234.0
35.398826599121094,27.466270446777344,0.01851940155029297,0.07122454792261124,30252.0,30238.0
29.185596466064453,25.786067962646484,0.019863680005073547,0.07122471928596497,30256.0,30242.0
15.097240447998047,27.794830322265625,0.004762217402458191,0.07122490555047989,30260.0,30246.0
31.785274505615234,27.93841552734375,-0.27426713705062866,0.07122354954481125,30264.0,30250.0
24.21717071533203,27.132808685302734,-0.24891704320907593,0.07122094929218292,30268.0,30254.0
13.606080055236816,27.58538818359375,-0.43447625637054443,0.07121621072292328,30272.0,30258.0
21.550655364990234,29.98505401611328,-0.569023609161377,0.07120878994464874,30276.0,30262.0
42.997772216796875,28.14904022216797,0.059979550540447235,0.07120244204998016,30280.0,30266.0
19.275833129882812,27.823745727539062,-0.25759610533714294,0.07119529694318771,30284.0,30270.0
40.28959655761719,28.70900535583496,-0.0886375829577446,0.07118837535381317,30288.0,30274.0
18.24555206298828,28.266321182250977,-0.028430186212062836,0.07118199020624161,30292.0,30278.0
20.914758682250977,28.178611755371094,-0.07192449271678925,0.07117585092782974,30296.0,30282.0
39.47461700439453,26.03476333618164,-0.15127889811992645,0.07116946578025818,30300.0,30286.0
31.364770889282227,27.344064712524414,-0.23228903114795685,0.07116243988275528,30304.0,30290.0
11.102237701416016,27.03998565673828,-0.4911462962627411,0.07115340232849121,30308.0,30294.0
15.240102767944336,28.488121032714844,0.1386326253414154,0.07114601880311966,30312.0,30298.0
15.744344711303711,29.432952880859375,-0.7237011194229126,0.07113538682460785,30316.0,30302.0
16.271892547607422,26.95482635498047,-0.0688127875328064,0.07112543284893036,30320.0,30306.0
59.0423583984375,33.38279342651367,0.25483638048171997,0.07111788541078568,30324.0,30310.0
37.131202697753906,27.479448318481445,0.3476662337779999,0.07111302018165588,30328.0,30314.0
21.50409698486328,27.43459129333496,-0.6599425077438354,0.0711049810051918,30332.0,30318.0
24.379539489746094,24.527570724487305,-0.7134494185447693,0.07109382748603821,30336.0,30322.0
15.85387134552002,28.752138137817383,-0.26992514729499817,0.07108228653669357,30340.0,30326.0
15.28610610961914,26.320899963378906,-0.34034091234207153,0.07107001543045044,30344.0,30330.0
17.598407745361328,27.716325759887695,-0.5360403060913086,0.07105602324008942,30348.0,30334.0
24.472484588623047,28.93817901611328,-0.04964694380760193,0.07104314863681793,30352.0,30338.0
13.61473274230957,26.592212677001953,-0.1360466480255127,0.07103081792593002,30356.0,30342.0
14.04698371887207,25.696884155273438,-0.5278817415237427,0.0710168182849884,30360.0,30346.0
22.411415100097656,28.248199462890625,-0.6640600562095642,0.07100056111812592,30364.0,30350.0
22.468671798706055,27.287534713745117,-0.027788691222667694,0.07098577171564102,30368.0,30354.0
14.653757095336914,27.1287841796875,-0.6304520964622498,0.07096900045871735,30372.0,30358.0
19.87977409362793,27.473682403564453,-0.2357245534658432,0.07095260918140411,30376.0,30362.0
17.21554183959961,27.39638900756836,0.23938709497451782,0.07093917578458786,30380.0,30366.0
30.67925453186035,28.033233642578125,0.31538712978363037,0.07092882692813873,30384.0,30370.0
20.39444351196289,30.979677200317383,0.01580112800002098,0.07091959565877914,30388.0,30374.0
34.750892639160156,26.297760009765625,0.34677740931510925,0.07091318815946579,30392.0,30378.0
19.73004150390625,29.504844665527344,-0.37404191493988037,0.07090535759925842,30396.0,30382.0
16.146533966064453,27.74002456665039,0.3404356837272644,0.07090020179748535,30400.0,30386.0
14.93195915222168,26.33600616455078,0.4523124396800995,0.07089805603027344,30404.0,30390.0
15.37149429321289,27.492341995239258,-0.47201743721961975,0.07089352607727051,30408.0,30394.0
15.656225204467773,28.577884674072266,-0.002390235662460327,0.0708894357085228,30412.0,30398.0
25.220354080200195,24.983455657958984,-0.36814993619918823,0.07088372111320496,30416.0,30402.0
30.93683433532715,30.7973690032959,0.2970370650291443,0.07088020443916321,30420.0,30406.0
22.710063934326172,26.097618103027344,-0.2550455629825592,0.07087564468383789,30424.0,30410.0
32.69272994995117,30.377784729003906,0.3181700110435486,0.07087329775094986,30428.0,30414.0
28.656227111816406,27.106082916259766,0.14747536182403564,0.0708719938993454,30432.0,30418.0
79.5374984741211,25.669469833374023,-0.3185230493545532,0.07086905837059021,30436.0,30422.0
15.556201934814453,28.33758544921875,0.2603404223918915,0.07086785137653351,30440.0,30426.0
25.929893493652344,27.643909454345703,-0.14634299278259277,0.07086595892906189,30444.0,30430.0
18.999563217163086,27.832622528076172,-0.1626141369342804,0.07086335867643356,30448.0,30434.0
18.849714279174805,27.231582641601562,-0.40516364574432373,0.07085878401994705,30452.0,30438.0
18.436561584472656,25.31169891357422,-0.1592208594083786,0.07085378468036652,30456.0,30442.0
23.35004425048828,29.72012710571289,0.31564199924468994,0.07085102796554565,30460.0,30446.0
17.880882263183594,27.687328338623047,-0.09078263491392136,0.07084804028272629,30464.0,30450.0
15.512526512145996,29.554628372192383,0.20305302739143372,0.07084646821022034,30468.0,30454.0
17.270492553710938,29.82565689086914,-0.24514544010162354,0.07084369659423828,30472.0,30458.0
20.584545135498047,27.280214309692383,-0.11922045052051544,0.07084055244922638,30476.0,30462.0
23.46192169189453,28.839168548583984,-0.008021950721740723,0.07083768397569656,30480.0,30466.0
23.274425506591797,27.82021141052246,0.34965550899505615,0.07083702832460403,30484.0,30470.0
29.736900329589844,28.580242156982422,-0.3604320287704468,0.0708344429731369,30488.0,30474.0
19.90606117248535,27.194061279296875,-0.1437288373708725,0.07083132117986679,30492.0,30478.0
28.710289001464844,28.550132751464844,0.16768532991409302,0.07082944363355637,30496.0,30482.0
15.169417381286621,29.838563919067383,0.6075096130371094,0.07083111256361008,30500.0,30486.0
16.69805908203125,27.52389144897461,0.34439870715141296,0.07083452492952347,30504.0,30490.0
19.961345672607422,26.504661560058594,0.31620150804519653,0.07083933800458908,30508.0,30494.0
25.377456665039062,29.06182289123535,0.5201390385627747,0.0708465501666069,30512.0,30498.0
26.064071655273438,28.859535217285156,0.5470103025436401,0.07085606455802917,30516.0,30502.0
24.64276123046875,28.1954402923584,0.6974045634269714,0.07086846232414246,30520.0,30506.0
26.342113494873047,27.51976776123047,0.10752159357070923,0.070880226790905,30524.0,30510.0
18.370346069335938,24.594093322753906,0.08431567251682281,0.07089127600193024,30528.0,30514.0
12.887654304504395,27.23363494873047,-0.0430392324924469,0.07090099900960922,30532.0,30518.0
16.375200271606445,28.417861938476562,0.1422288864850998,0.07091052830219269,30536.0,30522.0
20.30670928955078,28.844730377197266,0.23490288853645325,0.0709204226732254,30540.0,30526.0
17.839435577392578,30.196170806884766,0.7830051183700562,0.07093364745378494,30544.0,30530.0
13.126951217651367,31.586685180664062,0.01392807811498642,0.0709456354379654,30548.0,30534.0
22.230506896972656,26.796640396118164,-0.033971238881349564,0.07095624506473541,30552.0,30538.0
43.89045715332031,31.82797622680664,0.3424442410469055,0.07096769660711288,30556.0,30542.0
32.53246307373047,26.860807418823242,-0.2041141390800476,0.0709768682718277,30560.0,30546.0
23.481273651123047,25.70883560180664,0.09165272116661072,0.07098563760519028,30564.0,30550.0
108.34963989257812,28.206504821777344,-0.33962756395339966,0.0709916427731514,30568.0,30554.0
21.834007263183594,28.787811279296875,0.10455349087715149,0.07099763303995132,30572.0,30558.0
34.47776794433594,24.82312774658203,-0.2860775887966156,0.07100144028663635,30576.0,30562.0
63.8220100402832,29.559860229492188,-0.11338184773921967,0.0710042342543602,30580.0,30566.0
16.70986557006836,24.594594955444336,0.15255580842494965,0.0710076093673706,30584.0,30570.0
16.5408935546875,29.21906089782715,0.038007646799087524,0.07101085782051086,30588.0,30574.0
25.871191024780273,30.628334045410156,0.08373569697141647,0.07101424038410187,30592.0,30578.0
14.5001220703125,25.806180953979492,-0.13107460737228394,0.07101656496524811,30596.0,30582.0
21.00741195678711,27.979854583740234,0.2516193985939026,0.07102005183696747,30600.0,30586.0
29.187862396240234,25.615816116333008,0.14641988277435303,0.07102401554584503,30604.0,30590.0
12.96947193145752,29.106735229492188,0.022347576916217804,0.07102770358324051,30608.0,30594.0
23.7161865234375,29.151655197143555,-0.3475238084793091,0.07102909684181213,30612.0,30598.0
51.127811431884766,25.723573684692383,0.16052314639091492,0.07103122770786285,30616.0,30602.0
13.529816627502441,26.71328353881836,0.03162527084350586,0.07103332877159119,30620.0,30606.0
24.397775650024414,28.766666412353516,-0.14671915769577026,0.07103439420461655,30624.0,30610.0
38.751651763916016,30.22948455810547,0.45922234654426575,0.07103793323040009,30628.0,30614.0
28.48486328125,26.759017944335938,-0.2254561483860016,0.0710398480296135,30632.0,30618.0
40.769317626953125,26.24170684814453,0.08731105923652649,0.07104206830263138,30636.0,30622.0
36.6248779296875,31.696735382080078,0.5734863877296448,0.07104726880788803,30640.0,30626.0
42.59264373779297,28.902009963989258,-0.03758426010608673,0.07105173915624619,30644.0,30630.0
16.078567504882812,28.41029930114746,-0.18567785620689392,0.07105471938848495,30648.0,30634.0
25.887977600097656,29.080360412597656,0.5509350299835205,0.07106047868728638,30652.0,30638.0
17.416597366333008,32.50586700439453,0.23152446746826172,0.0710669681429863,30656.0,30642.0
21.478469848632812,27.806367874145508,0.35042837262153625,0.07107476145029068,30660.0,30646.0
22.13739585876465,26.012439727783203,-0.3386957049369812,0.07107989490032196,30664.0,30650.0
16.420406341552734,25.831037521362305,0.4321085810661316,0.07108692824840546,30668.0,30654.0
23.550601959228516,25.257993698120117,-0.00957590900361538,0.07109320163726807,30672.0,30658.0
28.109092712402344,29.89480972290039,0.5635930299758911,0.07110200077295303,30676.0,30662.0
