critic_loss,actor_loss,alpha_loss,alpha,global_step,buffer_size
2.1139423847198486,-1.3645669221878052,-0.0,0.9997000694274902,1000.0,1000.0
1.976287603378296,-1.3968794345855713,-0.0010093724122270942,0.9994001388549805,1004.0,1004.0
1.9197018146514893,-1.3946354389190674,-0.0020103049464523792,0.9991003274917603,1008.0,1008.0
1.9477452039718628,-1.3938242197036743,-0.003000114345923066,0.9988006949424744,1012.0,1012.0
1.8017196655273438,-1.4324004650115967,-0.004031074233353138,0.9985011219978333,1016.0,1016.0
1.710003137588501,-1.4333791732788086,-0.0050188517197966576,0.9982016682624817,1020.0,1020.0
1.6759535074234009,-1.4696714878082275,-0.0060656992718577385,0.9979021549224854,1024.0,1024.0
1.5942003726959229,-1.4807087182998657,-0.0070648230612277985,0.9976027607917786,1028.0,1028.0
1.5255703926086426,-1.4757425785064697,-0.008027821779251099,0.9973034262657166,1032.0,1032.0
1.5205085277557373,-1.4955873489379883,-0.009050658904016018,0.9970042705535889,1036.0,1036.0
1.3858903646469116,-1.5319279432296753,-0.010126402601599693,0.9967050552368164,1040.0,1040.0
1.3251861333847046,-1.5338518619537354,-0.011085161939263344,0.9964059591293335,1044.0,1044.0
1.28009831905365,-1.5553576946258545,-0.01211844477802515,0.9961069226264954,1048.0,1048.0
1.3554723262786865,-1.566260814666748,-0.013118875212967396,0.995807945728302,1052.0,1052.0
1.205334186553955,-1.5980844497680664,-0.014194026589393616,0.9955089688301086,1056.0,1056.0
1.1539051532745361,-1.6187622547149658,-0.015218296088278294,0.9952099919319153,1060.0,1060.0
1.1688636541366577,-1.6073495149612427,-0.016104266047477722,0.9949111938476562,1064.0,1064.0
1.0474841594696045,-1.6455061435699463,-0.017226656898856163,0.9946123957633972,1068.0,1068.0
1.0601577758789062,-1.6630961894989014,-0.018269889056682587,0.994313657283783,1072.0,1072.0
1.013089656829834,-1.6827878952026367,-0.01927592232823372,0.9940149188041687,1076.0,1076.0
1.0272066593170166,-1.6795672178268433,-0.020179307088255882,0.993716299533844,1080.0,1080.0
0.8696891069412231,-1.6942918300628662,-0.021184571087360382,0.9934178590774536,1084.0,1084.0
0.8952490091323853,-1.7260980606079102,-0.02228221297264099,0.993119478225708,1088.0,1088.0
0.7672266960144043,-1.7382498979568481,-0.023263022303581238,0.992821216583252,1092.0,1092.0
0.7416260838508606,-1.760163426399231,-0.024294616654515266,0.9925230145454407,1096.0,1096.0
0.6942631602287292,-1.7727934122085571,-0.025272006168961525,0.9922248721122742,1100.0,1100.0
0.658234179019928,-1.7827904224395752,-0.026229334995150566,0.9919269680976868,1104.0,1104.0
0.6429613828659058,-1.8164148330688477,-0.027340132743120193,0.9916290640830994,1108.0,1108.0
0.5709274411201477,-1.8038206100463867,-0.028066284954547882,0.9913314580917358,1112.0,1112.0
0.5719876885414124,-1.8380800485610962,-0.02921578660607338,0.9910340309143066,1116.0,1116.0
0.5536938905715942,-1.8573192358016968,-0.03024870902299881,0.9907366633415222,1120.0,1120.0
0.5023666620254517,-1.8654625415802002,-0.03106696903705597,0.9904395937919617,1124.0,1124.0
0.43534988164901733,-1.8988860845565796,-0.03224123641848564,0.9901426434516907,1128.0,1128.0
0.40092048048973083,-1.9243141412734985,-0.033292438834905624,0.9898457527160645,1132.0,1132.0
0.3637685179710388,-1.9613090753555298,-0.03444583714008331,0.9895488619804382,1136.0,1136.0
0.37985897064208984,-1.9644947052001953,-0.035316552966833115,0.9892520904541016,1140.0,1140.0
0.3257007300853729,-1.9792771339416504,-0.03626734018325806,0.9889553785324097,1144.0,1144.0
0.2824147343635559,-2.016733407974243,-0.0374283567070961,0.9886587262153625,1148.0,1148.0
0.2753121852874756,-2.043436050415039,-0.038518451154232025,0.9883620738983154,1152.0,1152.0
0.2006460428237915,-2.0487189292907715,-0.03936493396759033,0.9880655407905579,1156.0,1156.0
0.20194196701049805,-2.0604615211486816,-0.040263786911964417,0.9877691268920898,1160.0,1160.0
0.186188206076622,-2.089372158050537,-0.04132477194070816,0.9874728322029114,1164.0,1164.0
0.20491653680801392,-2.1026980876922607,-0.042268477380275726,0.9871767163276672,1168.0,1168.0
0.1449737846851349,-2.136460065841675,-0.043401528149843216,0.9868806600570679,1172.0,1172.0
0.14789876341819763,-2.1655116081237793,-0.0445510633289814,0.9865846037864685,1176.0,1176.0
0.13447296619415283,-2.1804280281066895,-0.04546414688229561,0.9862886071205139,1180.0,1180.0
0.10590127110481262,-2.204002857208252,-0.04654979705810547,0.9859926700592041,1184.0,1184.0
0.1168437972664833,-2.229033946990967,-0.04759999364614487,0.9856966733932495,1188.0,1188.0
0.1259966790676117,-2.2371222972869873,-0.0483563095331192,0.985400915145874,1192.0,1192.0
0.08907018601894379,-2.266704797744751,-0.04960089921951294,0.9851051568984985,1196.0,1196.0
0.08604645729064941,-2.276535987854004,-0.05041253939270973,0.9848095178604126,1200.0,1200.0
0.08709914982318878,-2.2998127937316895,-0.05141212046146393,0.9845139980316162,1204.0,1204.0
0.0752071738243103,-2.3159546852111816,-0.05250898748636246,0.9842185974121094,1208.0,1208.0
0.062276244163513184,-2.315488338470459,-0.053297124803066254,0.9839233756065369,1212.0,1212.0
0.07408641278743744,-2.3489959239959717,-0.05463411659002304,0.9836281538009644,1216.0,1216.0
0.06711198389530182,-2.3583176136016846,-0.05551106482744217,0.9833330512046814,1220.0,1220.0
0.08912251144647598,-2.374962329864502,-0.05653740465641022,0.983038067817688,1224.0,1224.0
0.06091944873332977,-2.3868839740753174,-0.05760897323489189,0.9827430844306946,1228.0,1228.0
0.0972292348742485,-2.4024345874786377,-0.058609943836927414,0.9824482202529907,1232.0,1232.0
0.07337699830532074,-2.4088499546051025,-0.05954267084598541,0.9821534156799316,1236.0,1236.0
0.0656716451048851,-2.4100284576416016,-0.06038248911499977,0.9818587899208069,1240.0,1240.0
0.06221795827150345,-2.4240329265594482,-0.06151817739009857,0.9815642833709717,1244.0,1244.0
0.06401433050632477,-2.4313974380493164,-0.06251529604196548,0.981269896030426,1248.0,1248.0
0.06395770609378815,-2.4360461235046387,-0.06337031722068787,0.9809756278991699,1252.0,1252.0
0.09703555703163147,-2.4543395042419434,-0.06487026065587997,0.9806813597679138,1256.0,1256.0
0.05264034867286682,-2.4500253200531006,-0.06561826914548874,0.9803871512413025,1260.0,1260.0
0.06156030297279358,-2.443148374557495,-0.06636372953653336,0.9800931811332703,1264.0,1264.0
0.11898855865001678,-2.453791379928589,-0.06767842918634415,0.979799211025238,1268.0,1268.0
0.058412935584783554,-2.46177077293396,-0.0687718540430069,0.9795053005218506,1272.0,1272.0
0.08600938320159912,-2.4467949867248535,-0.06947389990091324,0.9792115092277527,1276.0,1276.0
0.08853485435247421,-2.451589345932007,-0.07055000960826874,0.9789178967475891,1280.0,1280.0
0.05049466714262962,-2.4480180740356445,-0.07157368212938309,0.9786243438720703,1284.0,1284.0
0.050704069435596466,-2.440349817276001,-0.07235125452280045,0.9783309698104858,1288.0,1288.0
0.060977764427661896,-2.4571304321289062,-0.07381676882505417,0.9780375957489014,1292.0,1292.0
0.0738288164138794,-2.4528517723083496,-0.0748533234000206,0.9777442812919617,1296.0,1296.0
0.04390036687254906,-2.4569497108459473,-0.07600665837526321,0.9774509072303772,1300.0,1300.0
0.048071518540382385,-2.4351887702941895,-0.07651001960039139,0.977157711982727,1304.0,1304.0
0.07244443893432617,-2.4346492290496826,-0.07756401598453522,0.9768646359443665,1308.0,1308.0
0.041815660893917084,-2.4377827644348145,-0.07863389700651169,0.9765716791152954,1312.0,1312.0
0.06080174073576927,-2.436743974685669,-0.07979722321033478,0.9762787222862244,1316.0,1316.0
0.06622044742107391,-2.420431137084961,-0.08041732013225555,0.9759860038757324,1320.0,1320.0
0.044321171939373016,-2.434213876724243,-0.0817958265542984,0.9756933450698853,1324.0,1324.0
0.03315199539065361,-2.449040651321411,-0.08312714099884033,0.9754006266593933,1328.0,1328.0
0.05815694481134415,-2.4298665523529053,-0.08365127444267273,0.9751080274581909,1332.0,1332.0
0.0769641324877739,-2.4356982707977295,-0.08484704047441483,0.9748154878616333,1336.0,1336.0
0.03650561720132828,-2.4336981773376465,-0.08587047457695007,0.9745230674743652,1340.0,1340.0
0.07436276972293854,-2.4297099113464355,-0.08682176470756531,0.9742306470870972,1344.0,1344.0
0.040731415152549744,-2.4294426441192627,-0.08774367719888687,0.9739383459091187,1348.0,1348.0
0.08883117139339447,-2.4311938285827637,-0.08872048556804657,0.9736462235450745,1352.0,1352.0
0.04661806672811508,-2.447857141494751,-0.09018728137016296,0.9733540415763855,1356.0,1356.0
0.048181697726249695,-2.437828779220581,-0.09077216684818268,0.9730619788169861,1360.0,1360.0
0.034104883670806885,-2.4289803504943848,-0.0914703905582428,0.972770094871521,1364.0,1364.0
0.057766132056713104,-2.450469493865967,-0.09302547574043274,0.9724782705307007,1368.0,1368.0
0.04159654676914215,-2.443373680114746,-0.09384854882955551,0.9721865057945251,1372.0,1372.0
0.08341194689273834,-2.4504220485687256,-0.0949118435382843,0.9718948006629944,1376.0,1376.0
0.06766647100448608,-2.447119951248169,-0.09567577391862869,0.971603274345398,1380.0,1380.0
0.068513423204422,-2.4558427333831787,-0.09682875126600266,0.9713118672370911,1384.0,1384.0
0.050621792674064636,-2.4568753242492676,-0.09785839915275574,0.971020519733429,1388.0,1388.0
0.08662920445203781,-2.4511568546295166,-0.09838834404945374,0.970729410648346,1392.0,1392.0
0.0598810538649559,-2.4611377716064453,-0.0996352881193161,0.9704384207725525,1396.0,1396.0
0.053886085748672485,-2.4716591835021973,-0.10090820491313934,0.9701474905014038,1400.0,1400.0
0.05441518872976303,-2.495360851287842,-0.10254078358411789,0.9698565006256104,1404.0,1404.0
0.04171062260866165,-2.4790563583374023,-0.1028432548046112,0.9695655703544617,1408.0,1408.0
0.04291752725839615,-2.4918370246887207,-0.10424244403839111,0.969274640083313,1412.0,1412.0
0.04779081046581268,-2.50754976272583,-0.105664923787117,0.9689836502075195,1416.0,1416.0
0.053519003093242645,-2.4913554191589355,-0.10586246848106384,0.9686928391456604,1420.0,1420.0
0.0850868821144104,-2.5092670917510986,-0.10733433067798615,0.9684019684791565,1424.0,1424.0
0.05552982911467552,-2.4892752170562744,-0.10771402716636658,0.9681113362312317,1428.0,1428.0
0.09410586208105087,-2.5040271282196045,-0.10902176797389984,0.9678207635879517,1432.0,1432.0
0.05668330565094948,-2.4912116527557373,-0.1094626635313034,0.9675304293632507,1436.0,1436.0
0.05154016613960266,-2.5227251052856445,-0.11152084171772003,0.967240035533905,1440.0,1440.0
0.09490504860877991,-2.5153136253356934,-0.11213614046573639,0.9669497609138489,1444.0,1444.0
0.06922364234924316,-2.4999938011169434,-0.11253803968429565,0.966659665107727,1448.0,1448.0
0.05769570171833038,-2.5276079177856445,-0.11444497108459473,0.96636962890625,1452.0,1452.0
0.08703058958053589,-2.510270595550537,-0.11461985111236572,0.9660797119140625,1456.0,1456.0
0.04947713017463684,-2.520510196685791,-0.1158643364906311,0.9657899737358093,1460.0,1460.0
0.0551624521613121,-2.5313141345977783,-0.1172625944018364,0.9655002355575562,1464.0,1464.0
0.0694204643368721,-2.525437831878662,-0.11783188581466675,0.9652106761932373,1468.0,1468.0
0.054955437779426575,-2.5258679389953613,-0.11863536387681961,0.964921236038208,1472.0,1472.0
0.058504052460193634,-2.5383567810058594,-0.12003964185714722,0.9646319150924683,1476.0,1476.0
0.05373842269182205,-2.535616397857666,-0.12092509120702744,0.9643427133560181,1480.0,1480.0
0.05677683278918266,-2.539391040802002,-0.12213447690010071,0.9640535712242126,1484.0,1484.0
0.04736693203449249,-2.5350136756896973,-0.12281367182731628,0.9637645483016968,1488.0,1488.0
0.0493389293551445,-2.5478415489196777,-0.12425345182418823,0.9634755849838257,1492.0,1492.0
0.04621731489896774,-2.5525407791137695,-0.1254006177186966,0.9631866216659546,1496.0,1496.0
0.0517822802066803,-2.549488067626953,-0.12598228454589844,0.962897777557373,1500.0,1500.0
0.04965203255414963,-2.5505523681640625,-0.1270940601825714,0.962609052658081,1504.0,1504.0
0.06676368415355682,-2.558629035949707,-0.12823840975761414,0.9623203277587891,1508.0,1508.0
0.060362931340932846,-2.557063102722168,-0.12894447147846222,0.9620317220687866,1512.0,1512.0
0.05695004761219025,-2.5469560623168945,-0.12959015369415283,0.9617433547973633,1516.0,1516.0
0.0540308877825737,-2.567659378051758,-0.1314949244260788,0.9614549875259399,1520.0,1520.0
0.0495314784348011,-2.573087692260742,-0.1328398585319519,0.9611665606498718,1524.0,1524.0
0.06869029998779297,-2.549178123474121,-0.13233798742294312,0.9608783721923828,1528.0,1528.0
0.04127999767661095,-2.5668511390686035,-0.1342562735080719,0.9605902433395386,1532.0,1532.0
0.08442539721727371,-2.5621542930603027,-0.13464410603046417,0.9603022933006287,1536.0,1536.0
0.043529212474823,-2.5794100761413574,-0.13679581880569458,0.9600143432617188,1540.0,1540.0
0.06733306497335434,-2.5782470703125,-0.13745835423469543,0.9597263336181641,1544.0,1544.0
0.05959862843155861,-2.5685982704162598,-0.1379610300064087,0.9594385623931885,1548.0,1548.0
0.06152593344449997,-2.5921597480773926,-0.13982482254505157,0.9591506719589233,1552.0,1552.0
0.049830541014671326,-2.5881998538970947,-0.14082512259483337,0.958862841129303,1556.0,1556.0
0.04737984389066696,-2.607267141342163,-0.14244070649147034,0.9585748314857483,1560.0,1560.0
0.04050104320049286,-2.5788769721984863,-0.14186902344226837,0.9582870602607727,1564.0,1564.0
0.04447358846664429,-2.5829741954803467,-0.14324727654457092,0.9579993486404419,1568.0,1568.0
0.03552309051156044,-2.595275402069092,-0.14476317167282104,0.9577117562294006,1572.0,1572.0
0.07525772601366043,-2.5937929153442383,-0.14536726474761963,0.9574241638183594,1576.0,1576.0
0.05939101055264473,-2.608473300933838,-0.14695382118225098,0.9571366310119629,1580.0,1580.0
0.04907616600394249,-2.6377382278442383,-0.14919176697731018,0.9568488597869873,1584.0,1584.0
0.06416688859462738,-2.6094183921813965,-0.1486344188451767,0.9565612077713013,1588.0,1588.0
0.07767172157764435,-2.6169278621673584,-0.14965447783470154,0.9562736749649048,1592.0,1592.0
0.051847316324710846,-2.606773614883423,-0.15014733374118805,0.9559863209724426,1596.0,1596.0
0.04821130633354187,-2.6135494709014893,-0.15142352879047394,0.95569908618927,1600.0,1600.0
0.06262964010238647,-2.6140942573547363,-0.15214528143405914,0.9554120302200317,1604.0,1604.0
0.055540502071380615,-2.6371304988861084,-0.15417014062404633,0.9551249146461487,1608.0,1608.0
0.07613596320152283,-2.6289682388305664,-0.15444228053092957,0.9548380374908447,1612.0,1612.0
0.05315086990594864,-2.6384572982788086,-0.15602871775627136,0.954551100730896,1616.0,1616.0
0.05589115619659424,-2.6235697269439697,-0.1561269462108612,0.9542644023895264,1620.0,1620.0
0.057493336498737335,-2.6412668228149414,-0.1579374074935913,0.9539777040481567,1624.0,1624.0
0.06028231233358383,-2.6565699577331543,-0.15932311117649078,0.9536910653114319,1628.0,1628.0
0.06340808421373367,-2.6452789306640625,-0.1597287356853485,0.9534044861793518,1632.0,1632.0
0.046013981103897095,-2.651981830596924,-0.16073553264141083,0.9531179666519165,1636.0,1636.0
0.05768425762653351,-2.6526570320129395,-0.16177032887935638,0.9528316259384155,1640.0,1640.0
0.05001654103398323,-2.6476263999938965,-0.16230124235153198,0.9525454044342041,1644.0,1644.0
0.059062715619802475,-2.6555938720703125,-0.16350694000720978,0.9522593021392822,1648.0,1648.0
0.04505664110183716,-2.682765483856201,-0.16598042845726013,0.9519730806350708,1652.0,1652.0
0.06916344910860062,-2.6589555740356445,-0.16560524702072144,0.9516870379447937,1656.0,1656.0
0.07581593841314316,-2.6651053428649902,-0.16669388115406036,0.9514011144638062,1660.0,1660.0
0.069178506731987,-2.6939194202423096,-0.16938865184783936,0.9511150121688843,1664.0,1664.0
0.049615636467933655,-2.6718387603759766,-0.1686907708644867,0.9508290886878967,1668.0,1668.0
0.04199428856372833,-2.6706855297088623,-0.1695856750011444,0.9505432844161987,1672.0,1672.0
0.044555969536304474,-2.682539463043213,-0.17135417461395264,0.9502575397491455,1676.0,1676.0
0.049424219876527786,-2.6876883506774902,-0.17237016558647156,0.9499717950820923,1680.0,1680.0
0.039698511362075806,-2.689530372619629,-0.17363737523555756,0.9496861100196838,1684.0,1684.0
0.08113939315080643,-2.690995931625366,-0.17428019642829895,0.9494004249572754,1688.0,1688.0
0.08156503736972809,-2.6881051063537598,-0.17496994137763977,0.9491149187088013,1692.0,1692.0
0.03868589550256729,-2.6842398643493652,-0.17529872059822083,0.9488296508789062,1696.0,1696.0
0.05458340793848038,-2.6827290058135986,-0.17617034912109375,0.9485445618629456,1700.0,1700.0
0.048738472163677216,-2.6917080879211426,-0.17780601978302002,0.9482595920562744,1704.0,1704.0
0.056913167238235474,-2.703373908996582,-0.17919419705867767,0.9479747414588928,1708.0,1708.0
0.0549258291721344,-2.697716236114502,-0.17951130867004395,0.9476900100708008,1712.0,1712.0
0.03697752207517624,-2.7036678791046143,-0.180892676115036,0.9474053978919983,1716.0,1716.0
0.05426511913537979,-2.721928596496582,-0.18292121589183807,0.947120726108551,1720.0,1720.0
0.05264792591333389,-2.696178436279297,-0.18238486349582672,0.9468362927436829,1724.0,1724.0
0.04440925642848015,-2.704113006591797,-0.18369480967521667,0.9465519785881042,1728.0,1728.0
0.06453564763069153,-2.712613582611084,-0.18500825762748718,0.9462677240371704,1732.0,1732.0
0.05933629348874092,-2.7029647827148438,-0.18510472774505615,0.9459837079048157,1736.0,1736.0
0.0319083034992218,-2.719992160797119,-0.18728792667388916,0.9456996917724609,1740.0,1740.0
0.08843116462230682,-2.7102205753326416,-0.18754087388515472,0.9454159140586853,1744.0,1744.0
0.042959172278642654,-2.728026866912842,-0.18955163657665253,0.9451320767402649,1748.0,1748.0
0.04780416935682297,-2.7232491970062256,-0.19014395773410797,0.9448482990264893,1752.0,1752.0
0.08625417947769165,-2.7255311012268066,-0.19128230214118958,0.9445645809173584,1756.0,1756.0
0.055892229080200195,-2.7216429710388184,-0.19168376922607422,0.9442810416221619,1760.0,1760.0
0.04408387839794159,-2.719961166381836,-0.1921747326850891,0.9439976811408997,1764.0,1764.0
0.03460737317800522,-2.758753538131714,-0.19584015011787415,0.9437142014503479,1768.0,1768.0
0.13157349824905396,-2.74282169342041,-0.19525867700576782,0.9434307217597961,1772.0,1772.0
0.037166938185691833,-2.736506223678589,-0.19560116529464722,0.9431474804878235,1776.0,1776.0
0.036982323974370956,-2.7240917682647705,-0.19549064338207245,0.9428644776344299,1780.0,1780.0
0.06505660712718964,-2.735100269317627,-0.19715464115142822,0.9425817131996155,1784.0,1784.0
0.06222410872578621,-2.756678581237793,-0.19941243529319763,0.9422990083694458,1788.0,1788.0
0.05355347692966461,-2.75943660736084,-0.19997242093086243,0.9420163631439209,1792.0,1792.0
0.054450735449790955,-2.758983612060547,-0.20098701119422913,0.9417337775230408,1796.0,1796.0
0.039704445749521255,-2.7556018829345703,-0.20163780450820923,0.9414513111114502,1800.0,1800.0
0.04704951494932175,-2.7609784603118896,-0.20286722481250763,0.9411689639091492,1804.0,1804.0
0.04506639391183853,-2.769902229309082,-0.20432233810424805,0.9408866763114929,1808.0,1808.0
0.05805468559265137,-2.767001152038574,-0.204982727766037,0.9406044483184814,1812.0,1812.0
0.07125679403543472,-2.784367322921753,-0.20709410309791565,0.9403221607208252,1816.0,1816.0
0.04992669075727463,-2.774060010910034,-0.2074345052242279,0.9400399327278137,1820.0,1820.0
0.06523805111646652,-2.778593063354492,-0.20839551091194153,0.939757764339447,1824.0,1824.0
0.03746525198221207,-2.76582670211792,-0.20795130729675293,0.9394758939743042,1828.0,1828.0
0.04396447911858559,-2.784954071044922,-0.2103838324546814,0.9391939640045166,1832.0,1832.0
0.08063990622758865,-2.7922544479370117,-0.21150517463684082,0.9389121532440186,1836.0,1836.0
0.05820319801568985,-2.768371105194092,-0.21070945262908936,0.9386305809020996,1840.0,1840.0
0.043719373643398285,-2.7956080436706543,-0.2133999466896057,0.9383490681648254,1844.0,1844.0
0.0640590488910675,-2.7939772605895996,-0.2141970545053482,0.938067615032196,1848.0,1848.0
0.06938248127698898,-2.7956578731536865,-0.21486419439315796,0.9377862811088562,1852.0,1852.0
0.04522733390331268,-2.805708885192871,-0.21645192801952362,0.9375050067901611,1856.0,1856.0
0.0466778427362442,-2.796987533569336,-0.2164914309978485,0.9372238516807556,1860.0,1860.0
0.04627879709005356,-2.805542230606079,-0.21810340881347656,0.9369428157806396,1864.0,1864.0
0.036640942096710205,-2.8095688819885254,-0.21912427246570587,0.9366618394851685,1868.0,1868.0
0.042885854840278625,-2.8395235538482666,-0.22249248623847961,0.9363806247711182,1872.0,1872.0
0.0415646918118,-2.8256239891052246,-0.22212153673171997,0.9360994696617126,1876.0,1876.0
0.050426751375198364,-2.8214492797851562,-0.22260572016239166,0.9358183145523071,1880.0,1880.0
0.03393775597214699,-2.832042694091797,-0.2243584394454956,0.9355371594429016,1884.0,1884.0
0.03533186763525009,-2.8096303939819336,-0.2238377332687378,0.9352562427520752,1888.0,1888.0
0.03647029399871826,-2.806264877319336,-0.2240774780511856,0.9349755048751831,1892.0,1892.0
0.04949457198381424,-2.827139139175415,-0.2267429083585739,0.9346948266029358,1896.0,1896.0
0.04334785416722298,-2.805392265319824,-0.22598733007907867,0.9344144463539124,1900.0,1900.0
0.03610809147357941,-2.809967517852783,-0.22746294736862183,0.9341341853141785,1904.0,1904.0
0.042376793920993805,-2.827162265777588,-0.22970139980316162,0.9338539838790894,1908.0,1908.0
0.0439198762178421,-2.808027744293213,-0.22862598299980164,0.9335740804672241,1912.0,1912.0
0.04184051975607872,-2.8276424407958984,-0.23126451671123505,0.9332941770553589,1916.0,1916.0
0.04050736874341965,-2.8457255363464355,-0.23319315910339355,0.9330142736434937,1920.0,1920.0
0.04509107023477554,-2.8333683013916016,-0.23315545916557312,0.932734489440918,1924.0,1924.0
0.057645395398139954,-2.8402576446533203,-0.23460718989372253,0.9324547052383423,1928.0,1928.0
0.035677067935466766,-2.858065605163574,-0.23665854334831238,0.9321748614311218,1932.0,1932.0
0.034771356731653214,-2.847778558731079,-0.23640689253807068,0.9318951368331909,1936.0,1936.0
0.07371076196432114,-2.852543354034424,-0.23749981820583344,0.9316154718399048,1940.0,1940.0
0.032143570482730865,-2.848644256591797,-0.23746362328529358,0.931335985660553,1944.0,1944.0
0.03541161119937897,-2.8637447357177734,-0.23932191729545593,0.9310566186904907,1948.0,1948.0
0.034908540546894073,-2.8498029708862305,-0.23898105323314667,0.9307774901390076,1952.0,1952.0
0.06015206128358841,-2.8778152465820312,-0.24203775823116302,0.9304983615875244,1956.0,1956.0
0.03321464732289314,-2.8602869510650635,-0.24149668216705322,0.9302194118499756,1960.0,1960.0
0.04349008947610855,-2.876880168914795,-0.24356380105018616,0.9299404621124268,1964.0,1964.0
0.034364745020866394,-2.8879358768463135,-0.24558459222316742,0.9296615123748779,1968.0,1968.0
0.02305072546005249,-2.880429267883301,-0.24542079865932465,0.9293826222419739,1972.0,1972.0
0.03308577835559845,-2.8848931789398193,-0.24700096249580383,0.9291037321090698,1976.0,1976.0
0.04424096643924713,-2.870119571685791,-0.24648234248161316,0.9288250803947449,1980.0,1980.0
0.05013903230428696,-2.884251117706299,-0.24849794805049896,0.9285464882850647,1984.0,1984.0
0.04598894715309143,-2.8804454803466797,-0.2491879165172577,0.9282679557800293,1988.0,1988.0
0.048877134919166565,-2.8948354721069336,-0.2514198422431946,0.9279894828796387,1992.0,1992.0
0.0315411239862442,-2.8896846771240234,-0.25157248973846436,0.9277110695838928,1996.0,1996.0
0.03127007558941841,-2.8757119178771973,-0.25129520893096924,0.9274328351020813,2000.0,2000.0
0.1023368388414383,-2.884289264678955,-0.25293174386024475,0.9271547794342041,2004.0,2004.0
0.043823421001434326,-2.9026050567626953,-0.25530529022216797,0.9268766641616821,2008.0,2008.0
0.03291625529527664,-2.905433177947998,-0.2562183141708374,0.9265986084938049,2012.0,2012.0
0.07870002835988998,-2.8741259574890137,-0.2540917992591858,0.9263208508491516,2016.0,2016.0
0.040382906794548035,-2.9041237831115723,-0.25774428248405457,0.9260431528091431,2020.0,2020.0
0.047010596841573715,-2.909860372543335,-0.25880855321884155,0.9257655143737793,2024.0,2024.0
0.04794410243630409,-2.907625198364258,-0.2593097686767578,0.9254879355430603,2028.0,2028.0
0.0352030023932457,-2.915424346923828,-0.26072564721107483,0.9252104163169861,2032.0,2032.0
0.043890610337257385,-2.9238128662109375,-0.26217004656791687,0.9249328970909119,2036.0,2036.0
0.04747539013624191,-2.927314519882202,-0.26348447799682617,0.9246553778648376,2040.0,2040.0
0.03846536576747894,-2.9304933547973633,-0.2643119692802429,0.9243778586387634,2044.0,2044.0
0.04548744484782219,-2.948340892791748,-0.266443133354187,0.9241002798080444,2048.0,2048.0
0.05635365843772888,-2.928622245788574,-0.26534831523895264,0.9238228797912598,2052.0,2052.0
0.040027886629104614,-2.92584228515625,-0.2656002342700958,0.9235455989837646,2056.0,2056.0
0.046111300587654114,-2.9508814811706543,-0.2683510184288025,0.9232683777809143,2060.0,2060.0
0.04094788432121277,-2.956291675567627,-0.26979660987854004,0.922991156578064,2064.0,2064.0
0.04398740828037262,-2.9548399448394775,-0.2706129252910614,0.9227139949798584,2068.0,2068.0
0.10316327214241028,-2.942441701889038,-0.27002960443496704,0.9224369525909424,2072.0,2072.0
0.04325522482395172,-2.95632004737854,-0.27182769775390625,0.9221600294113159,2076.0,2076.0
0.06152908131480217,-2.950164318084717,-0.2722792625427246,0.921883225440979,2080.0,2080.0
0.06689921021461487,-2.9630539417266846,-0.27422118186950684,0.9216064810752869,2084.0,2084.0
0.04184334725141525,-2.954831600189209,-0.2742035686969757,0.921329915523529,2088.0,2088.0
0.05042358487844467,-2.957813024520874,-0.27532410621643066,0.9210534691810608,2092.0,2092.0
0.036002907902002335,-2.9547998905181885,-0.27615946531295776,0.9207771420478821,2096.0,2096.0
0.042332857847213745,-2.9723923206329346,-0.27882474660873413,0.9205008149147034,2100.0,2100.0
0.047280870378017426,-2.9692845344543457,-0.2791144847869873,0.9202246069908142,2104.0,2104.0
0.05906970798969269,-2.953869342803955,-0.278698205947876,0.9199485182762146,2108.0,2108.0
0.03615604713559151,-2.963883399963379,-0.2806258797645569,0.9196725487709045,2112.0,2112.0
0.07163485884666443,-2.9674885272979736,-0.28193676471710205,0.9193966388702393,2116.0,2116.0
0.04051715135574341,-2.969241142272949,-0.28273022174835205,0.9191208481788635,2120.0,2120.0
0.057404421269893646,-2.9815495014190674,-0.284432590007782,0.9188450574874878,2124.0,2124.0
0.042147137224674225,-2.9923479557037354,-0.28600382804870605,0.9185692667961121,2128.0,2128.0
0.0301399864256382,-2.9815354347229004,-0.2854834794998169,0.9182935953140259,2132.0,2132.0
0.03161004185676575,-2.987128257751465,-0.2868290841579437,0.9180180430412292,2136.0,2136.0
0.06354018300771713,-2.982208728790283,-0.28700804710388184,0.9177426695823669,2140.0,2140.0
0.07428578287363052,-2.9984285831451416,-0.2892240583896637,0.9174672961235046,2144.0,2144.0
0.026990734040737152,-2.9858667850494385,-0.2885264456272125,0.9171921610832214,2148.0,2148.0
0.04252942278981209,-3.000861167907715,-0.2904663383960724,0.9169171452522278,2152.0,2152.0
0.03409601002931595,-3.018737316131592,-0.29346880316734314,0.9166420698165894,2156.0,2156.0
0.04797821864485741,-3.0021889209747314,-0.2921491265296936,0.9163671135902405,2160.0,2160.0
0.05086900666356087,-3.0204434394836426,-0.29491299390792847,0.9160921573638916,2164.0,2164.0
0.04632619768381119,-3.014462947845459,-0.29501211643218994,0.9158172607421875,2168.0,2168.0
0.04527779668569565,-3.022808790206909,-0.2967991530895233,0.9155424237251282,2172.0,2172.0
0.04704958200454712,-3.017763614654541,-0.2967209219932556,0.9152677059173584,2176.0,2176.0
0.03035440295934677,-3.033379554748535,-0.2996695637702942,0.9149928689002991,2180.0,2180.0
0.05786248296499252,-3.013209342956543,-0.2982660233974457,0.9147182703018188,2184.0,2184.0
0.03027021884918213,-3.012014389038086,-0.29870855808258057,0.9144437909126282,2188.0,2188.0
0.05690796300768852,-3.029609203338623,-0.3012089729309082,0.914169430732727,2192.0,2192.0
0.031218141317367554,-3.027634382247925,-0.30227428674697876,0.9138951301574707,2196.0,2196.0
0.03407859802246094,-3.027639389038086,-0.3028913736343384,0.9136209487915039,2200.0,2200.0
0.049896057695150375,-3.036661148071289,-0.3041408658027649,0.9133468270301819,2204.0,2204.0
0.02907986380159855,-3.05405330657959,-0.3066384792327881,0.9130727052688599,2208.0,2208.0
0.03960112854838371,-3.0372159481048584,-0.3056364059448242,0.9127986431121826,2212.0,2212.0
0.034958384931087494,-3.041738510131836,-0.30700981616973877,0.9125247001647949,2216.0,2216.0
0.03436566889286041,-3.0453922748565674,-0.3080334961414337,0.9122508764266968,2220.0,2220.0
0.06267222762107849,-3.0614047050476074,-0.3102542459964752,0.9119770526885986,2224.0,2224.0
0.026061497628688812,-3.0793967247009277,-0.31297141313552856,0.9117030501365662,2228.0,2228.0
0.062182579189538956,-3.0644311904907227,-0.3119884133338928,0.9114291071891785,2232.0,2232.0
0.04655894637107849,-3.0660204887390137,-0.31264767050743103,0.9111552238464355,2236.0,2236.0
0.037720613181591034,-3.0648722648620605,-0.3126481771469116,0.910881519317627,2240.0,2240.0
0.05159398168325424,-3.0788068771362305,-0.3151198625564575,0.9106078743934631,2244.0,2244.0
0.03270178288221359,-3.0815253257751465,-0.3157750070095062,0.9103343486785889,2248.0,2248.0
0.03566668927669525,-3.072352886199951,-0.3158864378929138,0.9100608825683594,2252.0,2252.0
0.03008071705698967,-3.073739767074585,-0.3163553476333618,0.909787654876709,2256.0,2256.0
0.07391366362571716,-3.0895824432373047,-0.31902018189430237,0.9095144271850586,2260.0,2260.0
0.028910113498568535,-3.088345766067505,-0.31945812702178955,0.9092413187026978,2264.0,2264.0
0.04342927411198616,-3.082674980163574,-0.3197983503341675,0.9089683294296265,2268.0,2268.0
0.028460882604122162,-3.0755436420440674,-0.3204129934310913,0.9086955189704895,2272.0,2272.0
0.047962434589862823,-3.0922279357910156,-0.3225071430206299,0.9084228277206421,2276.0,2276.0
0.036361485719680786,-3.083894729614258,-0.3230311870574951,0.9081501960754395,2280.0,2280.0
0.037386443465948105,-3.0929486751556396,-0.3250492811203003,0.9078776240348816,2284.0,2284.0
0.0365062952041626,-3.0868406295776367,-0.32503825426101685,0.9076051712036133,2288.0,2288.0
0.05935560166835785,-3.1012115478515625,-0.32720303535461426,0.907332718372345,2292.0,2292.0
0.033767491579055786,-3.086789131164551,-0.32698166370391846,0.9070603847503662,2296.0,2296.0
0.03144990652799606,-3.0860719680786133,-0.32763004302978516,0.9067882299423218,2300.0,2300.0
0.03739307075738907,-3.1070830821990967,-0.33066272735595703,0.9065160155296326,2304.0,2304.0
0.05431342124938965,-3.0809378623962402,-0.32847487926483154,0.9062440395355225,2308.0,2308.0
0.03416205942630768,-3.1163601875305176,-0.3340417742729187,0.9059720039367676,2312.0,2312.0
0.05378473550081253,-3.092447519302368,-0.3320973813533783,0.9057000279426575,2316.0,2316.0
0.03892453759908676,-3.0923452377319336,-0.3325628936290741,0.9054282903671265,2320.0,2320.0
0.045426398515701294,-3.113511800765991,-0.3357136845588684,0.9051564335823059,2324.0,2324.0
0.022299831733107567,-3.1128644943237305,-0.33616673946380615,0.9048846960067749,2328.0,2328.0
0.0408538393676281,-3.125687837600708,-0.3377557396888733,0.9046128988265991,2332.0,2332.0
0.02559717558324337,-3.1451902389526367,-0.3400953412055969,0.9043410420417786,2336.0,2336.0
0.03159044310450554,-3.119932174682617,-0.3381144404411316,0.9040693640708923,2340.0,2340.0
0.04663145914673805,-3.129117965698242,-0.3393758237361908,0.9037978053092957,2344.0,2344.0
0.03245050460100174,-3.1389894485473633,-0.3407374322414398,0.9035263061523438,2348.0,2348.0
0.023754658177495003,-3.133823871612549,-0.3406975567340851,0.9032549858093262,2352.0,2352.0
0.03540597856044769,-3.147787570953369,-0.3428339958190918,0.9029837846755981,2356.0,2356.0
0.03908786550164223,-3.142507553100586,-0.342811644077301,0.9027127027511597,2360.0,2360.0
0.047118544578552246,-3.1460390090942383,-0.34379228949546814,0.9024417996406555,2364.0,2364.0
0.0346786230802536,-3.1457815170288086,-0.34468138217926025,0.9021710753440857,2368.0,2368.0
0.024906931445002556,-3.1492021083831787,-0.34561240673065186,0.9019004702568054,2372.0,2372.0
0.03691832721233368,-3.1648242473602295,-0.3490273356437683,0.9016298055648804,2376.0,2376.0
0.05012304335832596,-3.152742385864258,-0.34798023104667664,0.9013593196868896,2380.0,2380.0
0.04527527093887329,-3.155580520629883,-0.3493296802043915,0.9010889530181885,2384.0,2384.0
0.03362857550382614,-3.1696789264678955,-0.3520212769508362,0.9008184671401978,2388.0,2388.0
0.03149715065956116,-3.156038999557495,-0.35109657049179077,0.9005482196807861,2392.0,2392.0
0.05738750100135803,-3.1689236164093018,-0.3540198802947998,0.900277853012085,2396.0,2396.0
0.03342718258500099,-3.17525053024292,-0.355299174785614,0.9000075459480286,2400.0,2400.0
0.031055565923452377,-3.1755592823028564,-0.35602298378944397,0.8997371792793274,2404.0,2404.0
0.0278303362429142,-3.1542603969573975,-0.3543465733528137,0.8994670510292053,2408.0,2408.0
0.06967295706272125,-3.1772453784942627,-0.35773569345474243,0.8991969227790833,2412.0,2412.0
0.05668746680021286,-3.1713075637817383,-0.3573102056980133,0.8989269733428955,2416.0,2416.0
0.03950624167919159,-3.1832289695739746,-0.35956791043281555,0.8986570239067078,2420.0,2420.0
0.0640629380941391,-3.185203790664673,-0.3600187301635742,0.8983871936798096,2424.0,2424.0
0.03440514951944351,-3.1899304389953613,-0.360668808221817,0.8981174230575562,2428.0,2428.0
0.03224565088748932,-3.196972370147705,-0.3619893193244934,0.8978477716445923,2432.0,2432.0
0.030888747423887253,-3.2092409133911133,-0.36438900232315063,0.8975781202316284,2436.0,2436.0
0.029507990926504135,-3.1920242309570312,-0.3628399670124054,0.8973085880279541,2440.0,2440.0
0.03786353021860123,-3.2010631561279297,-0.36454129219055176,0.8970392346382141,2444.0,2444.0
0.046299777925014496,-3.2062437534332275,-0.365725576877594,0.8967699408531189,2448.0,2448.0
0.05593149736523628,-3.1955907344818115,-0.36527007818222046,0.8965008854866028,2452.0,2452.0
0.03485891968011856,-3.203397274017334,-0.36641132831573486,0.896232008934021,2456.0,2456.0
0.03283911943435669,-3.211169719696045,-0.36867401003837585,0.895963191986084,2460.0,2460.0
0.07365152984857559,-3.218761444091797,-0.3704916536808014,0.8956944346427917,2464.0,2464.0
0.0429876372218132,-3.2238101959228516,-0.3722289502620697,0.8954256176948547,2468.0,2468.0
0.04145506024360657,-3.211728096008301,-0.37078288197517395,0.895156979560852,2472.0,2472.0
0.03482256829738617,-3.215872049331665,-0.3718005418777466,0.8948885202407837,2476.0,2476.0
0.034080952405929565,-3.224921226501465,-0.3744393587112427,0.8946200609207153,2480.0,2480.0
0.04071252793073654,-3.2281370162963867,-0.3754790723323822,0.894351601600647,2484.0,2484.0
0.033491916954517365,-3.2190213203430176,-0.37528276443481445,0.8940833210945129,2488.0,2488.0
0.054584816098213196,-3.224825620651245,-0.3768339455127716,0.8938151597976685,2492.0,2492.0
0.04720836132764816,-3.222527503967285,-0.37760716676712036,0.893546998500824,2496.0,2496.0
0.045269086956977844,-3.236860752105713,-0.37980562448501587,0.8932788968086243,2500.0,2500.0
0.052975159138441086,-3.2459747791290283,-0.3820558488368988,0.8930107355117798,2504.0,2504.0
0.03235958144068718,-3.2343244552612305,-0.3807763457298279,0.8927426934242249,2508.0,2508.0
0.03373450040817261,-3.2408933639526367,-0.38204360008239746,0.8924747109413147,2512.0,2512.0
0.04857185110449791,-3.242187023162842,-0.3829217255115509,0.8922068476676941,2516.0,2516.0
0.0890922099351883,-3.252112865447998,-0.3845156729221344,0.8919390439987183,2520.0,2520.0
0.029914218932390213,-3.2453126907348633,-0.38445624709129333,0.891671359539032,2524.0,2524.0
0.04343897104263306,-3.2547168731689453,-0.3858296871185303,0.8914037942886353,2528.0,2528.0
0.11838638782501221,-3.2679643630981445,-0.3873969316482544,0.8911362886428833,2532.0,2532.0
0.02575581893324852,-3.259298801422119,-0.3870319128036499,0.8908689022064209,2536.0,2536.0
0.037344325333833694,-3.264183521270752,-0.3876465857028961,0.8906016945838928,2540.0,2540.0
0.04589863121509552,-3.262539863586426,-0.38846462965011597,0.8903346657752991,2544.0,2544.0
0.037389643490314484,-3.288902759552002,-0.39309579133987427,0.8900675773620605,2548.0,2548.0
0.04269382357597351,-3.263404130935669,-0.3908003270626068,0.8898006677627563,2552.0,2552.0
0.03452449291944504,-3.2638425827026367,-0.39159098267555237,0.8895338773727417,2556.0,2556.0
0.027076229453086853,-3.2781386375427246,-0.3946422040462494,0.8892671465873718,2560.0,2560.0
0.039780307561159134,-3.2766005992889404,-0.3953373432159424,0.8890004754066467,2564.0,2564.0
0.0291407722979784,-3.269059658050537,-0.39507123827934265,0.8887339234352112,2568.0,2568.0
0.04538315534591675,-3.2653450965881348,-0.39533400535583496,0.88846755027771,2572.0,2572.0
0.03119616210460663,-3.281068801879883,-0.3981746435165405,0.8882011771202087,2576.0,2576.0
0.04009523242712021,-3.3011391162872314,-0.40130555629730225,0.8879348039627075,2580.0,2580.0
0.06230127811431885,-3.2818379402160645,-0.3990759253501892,0.8876684904098511,2584.0,2584.0
0.03137752786278725,-3.309791088104248,-0.40339744091033936,0.8874021768569946,2588.0,2588.0
0.030470624566078186,-3.3134210109710693,-0.40424680709838867,0.8871357440948486,2592.0,2592.0
0.054050423204898834,-3.2996912002563477,-0.4026246964931488,0.886869490146637,2596.0,2596.0
0.030302517116069794,-3.2965457439422607,-0.4031215310096741,0.8866033554077148,2600.0,2600.0
0.0553300604224205,-3.3043928146362305,-0.4052871763706207,0.8863373398780823,2604.0,2604.0
0.02694125846028328,-3.304647207260132,-0.40584859251976013,0.8860714435577393,2608.0,2608.0
0.03243750333786011,-3.3047473430633545,-0.40684574842453003,0.885805606842041,2612.0,2612.0
0.04952855780720711,-3.316195487976074,-0.4091868996620178,0.8855397701263428,2616.0,2616.0
0.027917012572288513,-3.305830478668213,-0.40843161940574646,0.8852741122245789,2620.0,2620.0
0.031491104513406754,-3.312086582183838,-0.409241646528244,0.8850085735321045,2624.0,2624.0
0.04167396202683449,-3.3073129653930664,-0.4093359112739563,0.8847432732582092,2628.0,2628.0
0.029230665415525436,-3.3180418014526367,-0.41214069724082947,0.884477972984314,2632.0,2632.0
0.027501113712787628,-3.3310670852661133,-0.41466474533081055,0.8842126727104187,2636.0,2636.0
0.038313135504722595,-3.3227856159210205,-0.4136596918106079,0.883947491645813,2640.0,2640.0
0.027664877474308014,-3.333037853240967,-0.4156125485897064,0.883682370185852,2644.0,2644.0
0.05048224329948425,-3.3308498859405518,-0.4159693717956543,0.8834173083305359,2648.0,2648.0
0.032664041966199875,-3.346116781234741,-0.41807273030281067,0.8831523060798645,2652.0,2652.0
0.034759003669023514,-3.3369622230529785,-0.4180257022380829,0.8828873634338379,2656.0,2656.0
0.07342617213726044,-3.349764823913574,-0.420352578163147,0.882622480392456,2660.0,2660.0
0.03465865179896355,-3.3432774543762207,-0.419746458530426,0.882357656955719,2664.0,2664.0
0.04364142566919327,-3.3486549854278564,-0.4209190905094147,0.8820930123329163,2668.0,2668.0
0.06671497225761414,-3.350440263748169,-0.42150217294692993,0.8818284273147583,2672.0,2672.0
0.030339771881699562,-3.3567123413085938,-0.42273756861686707,0.8815639615058899,2676.0,2676.0
0.02906961925327778,-3.3623721599578857,-0.424014151096344,0.881299614906311,2680.0,2680.0
0.0719761997461319,-3.3764591217041016,-0.4264763593673706,0.8810352683067322,2684.0,2684.0
0.030511904507875443,-3.3788602352142334,-0.42700767517089844,0.8807709217071533,2688.0,2688.0
0.04311910271644592,-3.3696086406707764,-0.42696303129196167,0.880506694316864,2692.0,2692.0
0.04826533794403076,-3.382957696914673,-0.43005117774009705,0.8802424669265747,2696.0,2696.0
0.05047346651554108,-3.365025043487549,-0.4282313585281372,0.8799784183502197,2700.0,2700.0
0.03878112882375717,-3.3710339069366455,-0.42942506074905396,0.8797144889831543,2704.0,2704.0
0.028790347278118134,-3.3690927028656006,-0.43007516860961914,0.8794506788253784,2708.0,2708.0
0.030692119151353836,-3.3737010955810547,-0.43136465549468994,0.8791869878768921,2712.0,2712.0
0.04435644671320915,-3.3760781288146973,-0.4329032301902771,0.8789234757423401,2716.0,2716.0
0.025283705443143845,-3.3922173976898193,-0.4361950159072876,0.8786598443984985,2720.0,2720.0
0.0357050895690918,-3.3899154663085938,-0.4361075758934021,0.8783962726593018,2724.0,2724.0
0.026044195517897606,-3.3818883895874023,-0.4359259307384491,0.8781328201293945,2728.0,2728.0
0.03040674887597561,-3.3937690258026123,-0.4386503994464874,0.8778693675994873,2732.0,2732.0
0.04038894921541214,-3.3768868446350098,-0.4363020658493042,0.8776060938835144,2736.0,2736.0
0.03760669752955437,-3.390684127807617,-0.439345121383667,0.8773428797721863,2740.0,2740.0
0.04431670904159546,-3.4013729095458984,-0.4407205581665039,0.8770797848701477,2744.0,2744.0
0.03565133363008499,-3.398618221282959,-0.44054388999938965,0.8768167495727539,2748.0,2748.0
0.037511877715587616,-3.4213991165161133,-0.4440961480140686,0.8765537738800049,2752.0,2752.0
0.036261625587940216,-3.410888910293579,-0.4425239861011505,0.8762908577919006,2756.0,2756.0
0.030722901225090027,-3.405974864959717,-0.442575603723526,0.8760281801223755,2760.0,2760.0
0.03359444439411163,-3.4204773902893066,-0.44558313488960266,0.8757655024528503,2764.0,2764.0
0.02982841618359089,-3.440190553665161,-0.449648380279541,0.8755027651786804,2768.0,2768.0
0.051657333970069885,-3.4164631366729736,-0.4467502236366272,0.8752401471138,2772.0,2772.0
0.03907599300146103,-3.416562080383301,-0.44771808385849,0.8749775886535645,2776.0,2776.0
0.037916019558906555,-3.440640449523926,-0.45225435495376587,0.8747150301933289,2780.0,2780.0
0.03775528818368912,-3.4176383018493652,-0.4490576386451721,0.8744525909423828,2784.0,2784.0
0.02536088600754738,-3.4214019775390625,-0.45091941952705383,0.8741903305053711,2788.0,2788.0
0.04212275147438049,-3.418776512145996,-0.45070192217826843,0.8739282488822937,2792.0,2792.0
0.03091731108725071,-3.437188148498535,-0.4547322988510132,0.8736661076545715,2796.0,2796.0
0.07258765399456024,-3.423410415649414,-0.4533402919769287,0.8734041452407837,2800.0,2800.0
0.035790637135505676,-3.430912494659424,-0.4554886817932129,0.8731422424316406,2804.0,2804.0
0.0433003231883049,-3.4382970333099365,-0.4568113088607788,0.8728804588317871,2808.0,2808.0
0.023860644549131393,-3.4328551292419434,-0.4564494788646698,0.8726187348365784,2812.0,2812.0
0.023239903151988983,-3.431889057159424,-0.45695626735687256,0.872357189655304,2816.0,2816.0
0.031763069331645966,-3.4415576457977295,-0.4591870903968811,0.8720957040786743,2820.0,2820.0
0.028538856655359268,-3.454258918762207,-0.46192947030067444,0.8718342781066895,2824.0,2824.0
0.028378115966916084,-3.461125612258911,-0.46309030055999756,0.871572732925415,2828.0,2828.0
0.06606487929821014,-3.4651365280151367,-0.46403396129608154,0.8713113069534302,2832.0,2832.0
0.05296992510557175,-3.4600133895874023,-0.4633105993270874,0.8710498809814453,2836.0,2836.0
0.03455016762018204,-3.4560089111328125,-0.46252575516700745,0.8707886934280396,2840.0,2840.0
0.03101811744272709,-3.473900079727173,-0.46566617488861084,0.8705275654792786,2844.0,2844.0
0.022073009982705116,-3.471839666366577,-0.46575233340263367,0.8702665567398071,2848.0,2848.0
0.023629091680049896,-3.4587204456329346,-0.46507349610328674,0.8700057864189148,2852.0,2852.0
0.024582741782069206,-3.461855888366699,-0.46585559844970703,0.8697451949119568,2856.0,2856.0
0.03614502400159836,-3.474963426589966,-0.469046026468277,0.8694846630096436,2860.0,2860.0
0.029898591339588165,-3.501695156097412,-0.47384998202323914,0.8692240715026855,2864.0,2864.0
0.03851097822189331,-3.4751248359680176,-0.47152525186538696,0.8689634799957275,2868.0,2868.0
0.02867460623383522,-3.4803528785705566,-0.4728149175643921,0.8687030076980591,2872.0,2872.0
0.08884446322917938,-3.4860265254974365,-0.4744446575641632,0.8684424757957458,2876.0,2876.0
0.03157328814268112,-3.4854581356048584,-0.4746534526348114,0.8681820631027222,2880.0,2880.0
0.041934289038181305,-3.4914650917053223,-0.4758674204349518,0.8679217100143433,2884.0,2884.0
0.031009726226329803,-3.49898099899292,-0.4771156907081604,0.8676614165306091,2888.0,2888.0
0.03349466621875763,-3.5011417865753174,-0.47830724716186523,0.8674011826515198,2892.0,2892.0
0.023851126432418823,-3.5122697353363037,-0.4806816577911377,0.8671408891677856,2896.0,2896.0
0.02167826145887375,-3.5027644634246826,-0.4795856773853302,0.8668807148933411,2900.0,2900.0
0.03278930485248566,-3.5099148750305176,-0.48147767782211304,0.8666206002235413,2904.0,2904.0
0.04227954149246216,-3.511017322540283,-0.4820357859134674,0.8663605451583862,2908.0,2908.0
0.027984317392110825,-3.5130534172058105,-0.4828314781188965,0.866100549697876,2912.0,2912.0
0.028160259127616882,-3.529175281524658,-0.4857202172279358,0.8658406138420105,2916.0,2916.0
0.035988710820674896,-3.515425682067871,-0.4844019412994385,0.8655807375907898,2920.0,2920.0
0.10070617496967316,-3.531737804412842,-0.486717164516449,0.8653209209442139,2924.0,2924.0
0.03533700108528137,-3.537933111190796,-0.48930394649505615,0.8650611042976379,2928.0,2928.0
0.02503613755106926,-3.519303798675537,-0.4866727590560913,0.8648014068603516,2932.0,2932.0
0.03364582732319832,-3.5363028049468994,-0.489557147026062,0.8645418286323547,2936.0,2936.0
0.05945102870464325,-3.5325989723205566,-0.490342378616333,0.8642822504043579,2940.0,2940.0
0.026990244165062904,-3.534080982208252,-0.4912208318710327,0.8640228509902954,2944.0,2944.0
0.042874932289123535,-3.527475118637085,-0.49046289920806885,0.8637635707855225,2948.0,2948.0
0.022338707000017166,-3.5287528038024902,-0.4914802312850952,0.8635044693946838,2952.0,2952.0
0.03134281933307648,-3.540670871734619,-0.4938115179538727,0.86324542760849,2956.0,2956.0
0.020038779824972153,-3.544179916381836,-0.49463918805122375,0.8629865050315857,2960.0,2960.0
0.04734956473112106,-3.5418334007263184,-0.49548906087875366,0.862727701663971,2964.0,2964.0
0.052760012447834015,-3.551510810852051,-0.4970043897628784,0.862468957901001,2968.0,2968.0
0.026688354089856148,-3.5669898986816406,-0.5007888078689575,0.8622100949287415,2972.0,2972.0
0.02627246454358101,-3.5503878593444824,-0.4981067180633545,0.8619514107704163,2976.0,2976.0
0.027120031416416168,-3.5517570972442627,-0.4996564984321594,0.8616927862167358,2980.0,2980.0
0.02730717882514,-3.5455665588378906,-0.4993193745613098,0.8614344000816345,2984.0,2984.0
0.03993615880608559,-3.5608134269714355,-0.5036194324493408,0.8611759543418884,2988.0,2988.0
0.0327889546751976,-3.538309097290039,-0.5012950301170349,0.8609176874160767,2992.0,2992.0
0.029293930158019066,-3.556577205657959,-0.5045893788337708,0.8606594800949097,2996.0,2996.0
0.023346062749624252,-3.5595569610595703,-0.505728542804718,0.8604013323783875,3000.0,3000.0
0.04370860010385513,-3.5475292205810547,-0.5035786628723145,0.8601433634757996,3004.0,3004.0
0.02883082628250122,-3.571582794189453,-0.507559061050415,0.8598853945732117,3008.0,3008.0
0.04429347440600395,-3.561028003692627,-0.5056473016738892,0.8596276640892029,3012.0,3012.0
0.040082789957523346,-3.581317901611328,-0.5088176727294922,0.8593699932098389,3016.0,3016.0
0.03039802797138691,-3.610600709915161,-0.5135242938995361,0.8591122031211853,3020.0,3020.0
0.030882809311151505,-3.59218168258667,-0.5101670026779175,0.8588545322418213,3024.0,3024.0
0.045193709433078766,-3.6028573513031006,-0.5120788216590881,0.8585969805717468,3028.0,3028.0
0.028456730768084526,-3.5990915298461914,-0.5115893483161926,0.8583395481109619,3032.0,3032.0
0.030677691102027893,-3.602393388748169,-0.513262927532196,0.8580822348594666,3036.0,3036.0
0.04538523405790329,-3.606111764907837,-0.5147490501403809,0.857824981212616,3040.0,3040.0
0.02394787222146988,-3.6090261936187744,-0.5165591835975647,0.8575677871704102,3044.0,3044.0
0.030059507116675377,-3.594426155090332,-0.5151385068893433,0.8573107719421387,3048.0,3048.0
0.03260558843612671,-3.6068594455718994,-0.5189101099967957,0.8570537567138672,3052.0,3052.0
0.038236021995544434,-3.6042990684509277,-0.5198360681533813,0.8567967414855957,3056.0,3056.0
0.03619786351919174,-3.6018755435943604,-0.5206385254859924,0.8565398454666138,3060.0,3060.0
0.056663818657398224,-3.6085238456726074,-0.5223460793495178,0.8562828898429871,3064.0,3064.0
0.03643811494112015,-3.606860637664795,-0.5222771167755127,0.8560260534286499,3068.0,3068.0
0.03368251398205757,-3.6210312843322754,-0.5242123007774353,0.8557692170143127,3072.0,3072.0
0.025322984904050827,-3.5946855545043945,-0.5193276405334473,0.8555127382278442,3076.0,3076.0
0.04925915598869324,-3.644747734069824,-0.528384268283844,0.8552560806274414,3080.0,3080.0
0.024226224049925804,-3.632530927658081,-0.5257844924926758,0.8549996018409729,3084.0,3084.0
0.03564395755529404,-3.636322259902954,-0.5275526642799377,0.8547431826591492,3088.0,3088.0
0.03005528450012207,-3.6368236541748047,-0.5282102823257446,0.8544868230819702,3092.0,3092.0
0.01691368781030178,-3.6370530128479004,-0.5293023586273193,0.854230523109436,3096.0,3096.0
0.023285740986466408,-3.636003017425537,-0.5296492576599121,0.8539743423461914,3100.0,3100.0
0.09020963311195374,-3.6500003337860107,-0.5334737300872803,0.853718101978302,3104.0,3104.0
0.04099680483341217,-3.6407384872436523,-0.5325802564620972,0.8534619808197021,3108.0,3108.0
0.03247452527284622,-3.643834352493286,-0.5333503484725952,0.8532059192657471,3112.0,3112.0
0.04455074667930603,-3.646145820617676,-0.5336927175521851,0.8529499769210815,3116.0,3116.0
0.026848461478948593,-3.665341854095459,-0.5374528169631958,0.8526939749717712,3120.0,3120.0
0.05729607492685318,-3.6615846157073975,-0.5369144082069397,0.8524380326271057,3124.0,3124.0
0.030801856890320778,-3.658172130584717,-0.536419153213501,0.8521822690963745,3128.0,3128.0
0.02237464115023613,-3.661569595336914,-0.537553071975708,0.8519266247749329,3132.0,3132.0
0.022579777985811234,-3.66996693611145,-0.5414281487464905,0.8516709804534912,3136.0,3136.0
0.026697292923927307,-3.666794776916504,-0.541938066482544,0.8514152765274048,3140.0,3140.0
0.0232929065823555,-3.6469650268554688,-0.5393118858337402,0.8511598706245422,3144.0,3144.0
0.05294405296444893,-3.665684700012207,-0.5438690781593323,0.8509044051170349,3148.0,3148.0
0.03649212047457695,-3.660670757293701,-0.5438359379768372,0.8506489992141724,3152.0,3152.0
0.026511244475841522,-3.666351795196533,-0.544805109500885,0.8503937125205994,3156.0,3156.0
0.02990366704761982,-3.6644413471221924,-0.5441431999206543,0.8501386046409607,3160.0,3160.0
0.026480477303266525,-3.6868667602539062,-0.5490022897720337,0.8498834371566772,3164.0,3164.0
0.024567419663071632,-3.6832849979400635,-0.5485826730728149,0.8496282696723938,3168.0,3168.0
0.029414251446723938,-3.6746718883514404,-0.5474847555160522,0.8493732810020447,3172.0,3172.0
0.04724849388003349,-3.6797828674316406,-0.5489364862442017,0.8491184115409851,3176.0,3176.0
0.030984029173851013,-3.686420202255249,-0.55010586977005,0.8488636016845703,3180.0,3180.0
0.035007741302251816,-3.6815755367279053,-0.5491847395896912,0.8486090302467346,3184.0,3184.0
0.04813686013221741,-3.69992733001709,-0.5520963668823242,0.8483545184135437,3188.0,3188.0
0.03371553495526314,-3.7173545360565186,-0.5563263893127441,0.848099946975708,3192.0,3192.0
0.028781307861208916,-3.7027053833007812,-0.5527515411376953,0.8478456139564514,3196.0,3196.0
0.0484314039349556,-3.7042713165283203,-0.5539581775665283,0.8475913405418396,3200.0,3200.0
0.03494612127542496,-3.7171835899353027,-0.5564454197883606,0.8473371863365173,3204.0,3204.0
0.038984499871730804,-3.717407464981079,-0.5578873157501221,0.8470830917358398,3208.0,3208.0
0.02776288613677025,-3.71431303024292,-0.5582075119018555,0.8468290567398071,3212.0,3212.0
0.027619559317827225,-3.7122764587402344,-0.5585200190544128,0.846575140953064,3216.0,3216.0
0.0623350515961647,-3.727414608001709,-0.5616341233253479,0.8463212251663208,3220.0,3220.0
0.0203634575009346,-3.720266819000244,-0.5614086389541626,0.8460674285888672,3224.0,3224.0
0.08802597224712372,-3.7138633728027344,-0.5605971217155457,0.8458137512207031,3228.0,3228.0
0.024921605363488197,-3.7205569744110107,-0.5625489354133606,0.8455602526664734,3232.0,3232.0
0.043131276965141296,-3.7307684421539307,-0.5652374029159546,0.8453067541122437,3236.0,3236.0
0.03610452264547348,-3.721121311187744,-0.564078688621521,0.8450533151626587,3240.0,3240.0
0.03306811302900314,-3.7361650466918945,-0.5669917464256287,0.8447999954223633,3244.0,3244.0
0.04396049678325653,-3.7349424362182617,-0.5673163533210754,0.8445467948913574,3248.0,3248.0
0.03828559070825577,-3.723949909210205,-0.5655779838562012,0.8442937135696411,3252.0,3252.0
0.02122744545340538,-3.7447357177734375,-0.5712092518806458,0.8440406322479248,3256.0,3256.0
0.03025147318840027,-3.7390308380126953,-0.571077287197113,0.8437875509262085,3260.0,3260.0
0.03758899122476578,-3.7435221672058105,-0.5726687908172607,0.843534529209137,3264.0,3264.0
0.023137204349040985,-3.7459805011749268,-0.5742931962013245,0.8432815074920654,3268.0,3268.0
0.024029091000556946,-3.727417469024658,-0.571232795715332,0.8430286645889282,3272.0,3272.0
0.022962089627981186,-3.751502513885498,-0.5770370960235596,0.842775821685791,3276.0,3276.0
0.02302296832203865,-3.75130033493042,-0.5777960419654846,0.842522919178009,3280.0,3280.0
0.030961662530899048,-3.747270107269287,-0.576964259147644,0.8422701358795166,3284.0,3284.0
0.03728167712688446,-3.7415690422058105,-0.576154887676239,0.842017412185669,3288.0,3288.0
0.02528516575694084,-3.764680862426758,-0.5799654722213745,0.8417648077011108,3292.0,3292.0
0.03149248659610748,-3.752713203430176,-0.5776417255401611,0.8415123224258423,3296.0,3296.0
0.023088637739419937,-3.773407220840454,-0.581902027130127,0.8412599563598633,3300.0,3300.0
0.02925727143883705,-3.777292490005493,-0.5826640129089355,0.8410075306892395,3304.0,3304.0
0.0384984090924263,-3.7688443660736084,-0.5821223258972168,0.8407552242279053,3308.0,3308.0
0.03146901726722717,-3.7720983028411865,-0.5832512974739075,0.8405030369758606,3312.0,3312.0
0.027860935777425766,-3.765634775161743,-0.5822353363037109,0.8402510285377502,3316.0,3316.0
0.034836750477552414,-3.784435510635376,-0.5869910717010498,0.8399990797042847,3320.0,3320.0
0.04609949141740799,-3.7958340644836426,-0.589882493019104,0.8397470116615295,3324.0,3324.0
0.043135322630405426,-3.8032052516937256,-0.5909600853919983,0.8394949436187744,3328.0,3328.0
0.03559652715921402,-3.800189971923828,-0.5905174612998962,0.8392428159713745,3332.0,3332.0
0.03209493309259415,-3.784545421600342,-0.5872299671173096,0.8389909863471985,3336.0,3336.0
0.0746544897556305,-3.798272132873535,-0.5894762873649597,0.838739275932312,3340.0,3340.0
0.024994442239403725,-3.797368049621582,-0.5892691612243652,0.8384877443313599,3344.0,3344.0
0.06857804954051971,-3.81948184967041,-0.5937530994415283,0.8382362723350525,3348.0,3348.0
0.030013935640454292,-3.8169233798980713,-0.5938936471939087,0.8379848599433899,3352.0,3352.0
0.07005016505718231,-3.8258605003356934,-0.5966607928276062,0.8377334475517273,3356.0,3356.0
0.03956339508295059,-3.8178977966308594,-0.595172107219696,0.8374821543693542,3360.0,3360.0
0.031227460131049156,-3.822143077850342,-0.5978778600692749,0.837230920791626,3364.0,3364.0
0.03271964192390442,-3.816250801086426,-0.5990066528320312,0.8369796276092529,3368.0,3368.0
0.0353376604616642,-3.7971060276031494,-0.5975397825241089,0.836728572845459,3372.0,3372.0
0.03349032625555992,-3.798295736312866,-0.5994823575019836,0.8364775776863098,3376.0,3376.0
0.10916733741760254,-3.8023386001586914,-0.6002387404441833,0.8362267017364502,3380.0,3380.0
0.04703555628657341,-3.8113081455230713,-0.6015146970748901,0.8359758853912354,3384.0,3384.0
0.03536739945411682,-3.807405948638916,-0.5996032357215881,0.8357253074645996,3388.0,3388.0
0.029887333512306213,-3.833771228790283,-0.60385662317276,0.8354748487472534,3392.0,3392.0
0.02779657021164894,-3.834362506866455,-0.6046456098556519,0.8352243900299072,3396.0,3396.0
0.03703451156616211,-3.846137762069702,-0.6070479154586792,0.834973931312561,3400.0,3400.0
0.024567008018493652,-3.865931510925293,-0.6121649146080017,0.8347233533859253,3404.0,3404.0
0.03305446356534958,-3.8457798957824707,-0.6101433038711548,0.8344727754592896,3408.0,3408.0
0.039389468729496,-3.833966016769409,-0.608695924282074,0.8342223167419434,3412.0,3412.0
0.036921530961990356,-3.8285796642303467,-0.6084476709365845,0.8339720368385315,3416.0,3416.0
0.027189355343580246,-3.8353729248046875,-0.6101627349853516,0.8337218761444092,3420.0,3420.0
0.02466074749827385,-3.8327465057373047,-0.6111051440238953,0.8334717750549316,3424.0,3424.0
0.019800813868641853,-3.8643417358398438,-0.6188738346099854,0.8332215547561646,3428.0,3428.0
0.03880886733531952,-3.836461305618286,-0.6138030290603638,0.832971453666687,3432.0,3432.0
0.022720031440258026,-3.867554187774658,-0.6193389892578125,0.8327212333679199,3436.0,3436.0
0.01974279060959816,-3.841188907623291,-0.6144896745681763,0.8324711918830872,3440.0,3440.0
0.023339468985795975,-3.8558526039123535,-0.6168848872184753,0.832221269607544,3444.0,3444.0
0.03653549775481224,-3.8665618896484375,-0.6184415817260742,0.8319714665412903,3448.0,3448.0
0.04035612940788269,-3.8777530193328857,-0.6207503080368042,0.8317216634750366,3452.0,3452.0
0.020941447466611862,-3.889681816101074,-0.6231259107589722,0.8314719200134277,3456.0,3456.0
0.041695453226566315,-3.8834877014160156,-0.622896134853363,0.8312221169471741,3460.0,3460.0
0.03204268962144852,-3.8725123405456543,-0.621745228767395,0.8309724926948547,3464.0,3464.0
0.022484805434942245,-3.884810447692871,-0.6250551342964172,0.8307228684425354,3468.0,3468.0
0.026369884610176086,-3.8720366954803467,-0.6230075359344482,0.8304734230041504,3472.0,3472.0
0.022611748427152634,-3.871656894683838,-0.6247242093086243,0.8302240967750549,3476.0,3476.0
0.025218412280082703,-3.87679386138916,-0.6265396475791931,0.829974889755249,3480.0,3480.0
0.05236857011914253,-3.8647899627685547,-0.6251571774482727,0.8297258019447327,3484.0,3484.0
0.028493916615843773,-3.899409770965576,-0.633936882019043,0.8294765949249268,3488.0,3488.0
0.050708040595054626,-3.874250888824463,-0.6272900700569153,0.8292275667190552,3492.0,3492.0
0.023034358397126198,-3.8958754539489746,-0.6318950057029724,0.8289785981178284,3496.0,3496.0
0.03603075444698334,-3.915797710418701,-0.6369014978408813,0.828729510307312,3500.0,3500.0
0.04080839827656746,-3.900575876235962,-0.6318700313568115,0.82848060131073,3504.0,3504.0
0.08233492821455002,-3.8995461463928223,-0.6321567893028259,0.8282318115234375,3508.0,3508.0
0.044203247874975204,-3.897800922393799,-0.6325525045394897,0.8279831409454346,3512.0,3512.0
0.028124384582042694,-3.89332914352417,-0.6328654289245605,0.8277347087860107,3516.0,3516.0
0.04642855376005173,-3.911031723022461,-0.6374484896659851,0.8274863362312317,3520.0,3520.0
0.04723415523767471,-3.9137816429138184,-0.638920783996582,0.8272379636764526,3524.0,3524.0
0.03942928835749626,-3.915512800216675,-0.6393603086471558,0.8269896507263184,3528.0,3528.0
0.038947828114032745,-3.930520534515381,-0.6420845985412598,0.8267413377761841,3532.0,3532.0
0.09107518196105957,-3.928410291671753,-0.6411851048469543,0.8264930844306946,3536.0,3536.0
0.042205244302749634,-3.934197187423706,-0.642056941986084,0.8262448906898499,3540.0,3540.0
0.03419012576341629,-3.92755389213562,-0.6406992077827454,0.8259968757629395,3544.0,3544.0
0.027717160061001778,-3.9269778728485107,-0.6407645344734192,0.8257490396499634,3548.0,3548.0
0.03371412307024002,-3.9316344261169434,-0.6438915133476257,0.8255013227462769,3552.0,3552.0
0.045126743614673615,-3.9307241439819336,-0.64549320936203,0.8252537250518799,3556.0,3556.0
0.03723957762122154,-3.9193050861358643,-0.6441619992256165,0.8250062465667725,3560.0,3560.0
0.03643400967121124,-3.9220423698425293,-0.6460886001586914,0.8247588872909546,3564.0,3564.0
0.03410448133945465,-3.915849208831787,-0.6466987133026123,0.8245116472244263,3568.0,3568.0
0.02602846920490265,-3.912445068359375,-0.647153377532959,0.8242645859718323,3572.0,3572.0
0.028520341962575912,-3.923649549484253,-0.6490979194641113,0.8240175843238831,3576.0,3576.0
0.027637338265776634,-3.9296271800994873,-0.6511968374252319,0.8237707018852234,3580.0,3580.0
0.032661072909832,-3.944993019104004,-0.6533600091934204,0.823523759841919,3584.0,3584.0
0.03218526393175125,-3.946624994277954,-0.653120756149292,0.823276937007904,3588.0,3588.0
0.030283931642770767,-3.964317798614502,-0.6566488146781921,0.8230301141738892,3592.0,3592.0
0.02683146297931671,-3.9608986377716064,-0.655640721321106,0.822783350944519,3596.0,3596.0
0.07195883244276047,-3.968433380126953,-0.6563761234283447,0.8225365877151489,3600.0,3600.0
0.043732501566410065,-3.972851037979126,-0.6581893563270569,0.8222899436950684,3604.0,3604.0
0.025923579931259155,-3.982973575592041,-0.6601724624633789,0.822043240070343,3608.0,3608.0
0.03157679736614227,-3.967648506164551,-0.6581737995147705,0.821796715259552,3612.0,3612.0
0.025876885280013084,-3.9755825996398926,-0.6603004932403564,0.8215502500534058,3616.0,3616.0
0.062358662486076355,-3.9832077026367188,-0.6627609133720398,0.8213038444519043,3620.0,3620.0
0.028691519051790237,-3.9705514907836914,-0.6595810055732727,0.8210575580596924,3624.0,3624.0
0.02396734058856964,-3.9750561714172363,-0.6627640724182129,0.82081139087677,3628.0,3628.0
0.06926336884498596,-4.000696182250977,-0.668769896030426,0.8205651640892029,3632.0,3632.0
0.054756488651037216,-3.991025924682617,-0.6656078100204468,0.8203189969062805,3636.0,3636.0
0.017393043264746666,-3.9794058799743652,-0.6627484560012817,0.8200730681419373,3640.0,3640.0
0.03489699214696884,-4.000412940979004,-0.6685988903045654,0.819827139377594,3644.0,3644.0
0.029858969151973724,-3.9783685207366943,-0.6649142503738403,0.8195814490318298,3648.0,3648.0
0.043790869414806366,-3.9835267066955566,-0.6663440465927124,0.8193359375,3652.0,3652.0
0.088003009557724,-3.9892024993896484,-0.6702218055725098,0.8190904259681702,3656.0,3656.0
0.018635081127285957,-3.9721133708953857,-0.6661081314086914,0.8188451528549194,3660.0,3660.0
0.04222898930311203,-3.992265462875366,-0.6727173328399658,0.8185999393463135,3664.0,3664.0
0.033946942538022995,-3.98020601272583,-0.6717143058776855,0.8183548450469971,3668.0,3668.0
0.025652531534433365,-3.9998743534088135,-0.6763813495635986,0.8181097507476807,3672.0,3672.0
0.04210667312145233,-3.9974002838134766,-0.6756805181503296,0.8178646564483643,3676.0,3676.0
0.043287135660648346,-3.992257595062256,-0.6745571494102478,0.8176196813583374,3680.0,3680.0
0.07504969835281372,-4.016768932342529,-0.6784253120422363,0.8173747062683105,3684.0,3684.0
0.050220489501953125,-4.016286849975586,-0.6761360168457031,0.8171298503875732,3688.0,3688.0
0.03188762813806534,-4.031593322753906,-0.679437518119812,0.8168851137161255,3692.0,3692.0
0.04051642119884491,-4.0458197593688965,-0.6825442910194397,0.816640317440033,3696.0,3696.0
0.03203451633453369,-4.050761699676514,-0.6849318742752075,0.8163954019546509,3700.0,3700.0
0.027408979833126068,-4.033207893371582,-0.6810506582260132,0.8161506652832031,3704.0,3704.0
0.03442519158124924,-4.0381269454956055,-0.6842342615127563,0.8159059882164001,3708.0,3708.0
0.047847308218479156,-4.049955368041992,-0.6879768371582031,0.8156612515449524,3712.0,3712.0
0.04206833243370056,-4.024677276611328,-0.6818152666091919,0.815416693687439,3716.0,3716.0
0.01951467990875244,-4.043362140655518,-0.6885715126991272,0.8151721954345703,3720.0,3720.0
0.021811794489622116,-4.0659637451171875,-0.6955508589744568,0.8149274587631226,3724.0,3724.0
0.04003692418336868,-4.059350967407227,-0.6958713531494141,0.8146826028823853,3728.0,3728.0
0.034417156130075455,-4.039152145385742,-0.6916409134864807,0.814437747001648,3732.0,3732.0
0.05666600167751312,-4.028909683227539,-0.6886550188064575,0.8141931295394897,3736.0,3736.0
0.02057696133852005,-4.051558971405029,-0.6930472254753113,0.8139485120773315,3740.0,3740.0
0.017370568588376045,-4.063127040863037,-0.6949253678321838,0.8137040138244629,3744.0,3744.0
0.031106270849704742,-4.0542988777160645,-0.6915781497955322,0.8134596943855286,3748.0,3748.0
0.05174011364579201,-4.0626935958862305,-0.6926721334457397,0.8132154941558838,3752.0,3752.0
0.033579714596271515,-4.067244052886963,-0.6923508644104004,0.8129715919494629,3756.0,3756.0
0.035593412816524506,-4.0929718017578125,-0.6987475752830505,0.8127276301383972,3760.0,3760.0
0.0623319111764431,-4.090691566467285,-0.6990478038787842,0.8124837279319763,3764.0,3764.0
0.02133006975054741,-4.084624290466309,-0.7007820010185242,0.8122398853302002,3768.0,3768.0
0.045761242508888245,-4.076269149780273,-0.6991955041885376,0.8119961023330688,3772.0,3772.0
0.03817738592624664,-4.079723358154297,-0.7018260955810547,0.811752438545227,3776.0,3776.0
0.020576033741235733,-4.089374542236328,-0.7059258222579956,0.8115086555480957,3780.0,3780.0
0.0217874888330698,-4.071640491485596,-0.7023639678955078,0.8112650513648987,3784.0,3784.0
0.027082975953817368,-4.069117069244385,-0.702552855014801,0.8110215663909912,3788.0,3788.0
0.04536941647529602,-4.0745954513549805,-0.7042110562324524,0.8107782006263733,3792.0,3792.0
0.05051461607217789,-4.0851335525512695,-0.7049829959869385,0.8105349540710449,3796.0,3796.0
0.02966134622693062,-4.082297325134277,-0.7051941156387329,0.8102918267250061,3800.0,3800.0
0.030766349285840988,-4.097853660583496,-0.7096494436264038,0.8100487589836121,3804.0,3804.0
0.06435617804527283,-4.104020595550537,-0.7109934687614441,0.8098056316375732,3808.0,3808.0
0.03339706361293793,-4.091333389282227,-0.7089900970458984,0.8095626831054688,3812.0,3812.0
0.02692548930644989,-4.091106414794922,-0.7084412574768066,0.8093199133872986,3816.0,3816.0
0.026049533858895302,-4.104931831359863,-0.7137349843978882,0.8090771436691284,3820.0,3820.0
0.03327489271759987,-4.10026741027832,-0.7120245695114136,0.808834433555603,3824.0,3824.0
0.027099333703517914,-4.109777927398682,-0.7152501940727234,0.8085918426513672,3828.0,3828.0
0.02976590022444725,-4.117411136627197,-0.7194472551345825,0.8083491325378418,3832.0,3832.0
0.037675946950912476,-4.1002068519592285,-0.7148281931877136,0.808106541633606,3836.0,3836.0
0.05973978340625763,-4.097041606903076,-0.7148947715759277,0.8078641295433044,3840.0,3840.0
0.031149912625551224,-4.117271900177002,-0.7196476459503174,0.8076217174530029,3844.0,3844.0
0.041201017796993256,-4.111396312713623,-0.7177857160568237,0.8073794841766357,3848.0,3848.0
0.0311592947691679,-4.115555763244629,-0.7195793390274048,0.8071373105049133,3852.0,3852.0
0.025653423741459846,-4.116943836212158,-0.7201105356216431,0.8068952560424805,3856.0,3856.0
0.027571089565753937,-4.1368231773376465,-0.7257698178291321,0.8066531419754028,3860.0,3860.0
0.04146523028612137,-4.134214878082275,-0.725710391998291,0.8064110279083252,3864.0,3864.0
0.022425346076488495,-4.117804527282715,-0.7227424383163452,0.8061690330505371,3868.0,3868.0
0.03100193664431572,-4.1304473876953125,-0.7265106439590454,0.8059270977973938,3872.0,3872.0
0.026263490319252014,-4.119547367095947,-0.7247681021690369,0.80568528175354,3876.0,3876.0
0.0331646203994751,-4.1321258544921875,-0.7275504469871521,0.805443525314331,3880.0,3880.0
0.0410115122795105,-4.137415885925293,-0.7285455465316772,0.8052018880844116,3884.0,3884.0
0.03397297114133835,-4.140848636627197,-0.7277829647064209,0.8049603700637817,3888.0,3888.0
0.06432010233402252,-4.155662536621094,-0.7315300703048706,0.8047188520431519,3892.0,3892.0
0.030210725963115692,-4.147019386291504,-0.728818953037262,0.8044775128364563,3896.0,3896.0
0.02358861267566681,-4.155992031097412,-0.7313491702079773,0.8042362332344055,3900.0,3900.0
0.02408469468355179,-4.153930187225342,-0.7318124771118164,0.8039951324462891,3904.0,3904.0
0.029901975765824318,-4.16461181640625,-0.735026478767395,0.8037540316581726,3908.0,3908.0
0.02645174227654934,-4.1484270095825195,-0.7318260669708252,0.8035131096839905,3912.0,3912.0
0.10118051618337631,-4.151926517486572,-0.7350770235061646,0.8032722473144531,3916.0,3916.0
0.025932099670171738,-4.162623882293701,-0.7386354207992554,0.8030314445495605,3920.0,3920.0
0.04421570152044296,-4.1583428382873535,-0.7363484501838684,0.8027907609939575,3924.0,3924.0
0.027844972908496857,-4.156455993652344,-0.7388648390769958,0.8025501370429993,3928.0,3928.0
0.07924333214759827,-4.174413681030273,-0.7431156635284424,0.802309513092041,3932.0,3932.0
0.0957452729344368,-4.162961959838867,-0.7380366921424866,0.8020690083503723,3936.0,3936.0
0.04419666528701782,-4.198281764984131,-0.7467193603515625,0.8018284440040588,3940.0,3940.0
0.02504534274339676,-4.19053316116333,-0.7440991401672363,0.8015879392623901,3944.0,3944.0
0.029078606516122818,-4.2059221267700195,-0.747418999671936,0.8013473749160767,3948.0,3948.0
0.02870970219373703,-4.200010299682617,-0.7455216646194458,0.8011069297790527,3952.0,3952.0
0.022570624947547913,-4.206299781799316,-0.750015914440155,0.800866425037384,3956.0,3956.0
0.06830912083387375,-4.1895246505737305,-0.748133659362793,0.8006259799003601,3960.0,3960.0
0.022467469796538353,-4.174374103546143,-0.7459772825241089,0.8003857135772705,3964.0,3964.0
0.026940615847706795,-4.17921257019043,-0.749946653842926,0.8001455664634705,3968.0,3968.0
0.0205522608011961,-4.162992477416992,-0.7475771903991699,0.79990553855896,3972.0,3972.0
0.033687394112348557,-4.176352024078369,-0.7496830224990845,0.7996656894683838,3976.0,3976.0
0.028072407469153404,-4.194889545440674,-0.7549556493759155,0.7994257807731628,3980.0,3980.0
0.02939072623848915,-4.2006330490112305,-0.7541977763175964,0.7991859316825867,3984.0,3984.0
0.026883995160460472,-4.2043914794921875,-0.7531901001930237,0.7989462018013,3988.0,3988.0
0.03845018893480301,-4.217345237731934,-0.7554471492767334,0.7987065315246582,3992.0,3992.0
0.04669979214668274,-4.229151725769043,-0.7556095123291016,0.7984669804573059,3996.0,3996.0
0.04149315133690834,-4.244511604309082,-0.7602808475494385,0.7982274293899536,4000.0,4000.0
0.043033622205257416,-4.220991134643555,-0.7551863789558411,0.7979880571365356,4004.0,4004.0
0.024406859651207924,-4.218254089355469,-0.7566871643066406,0.7977488040924072,4008.0,4008.0
0.07219204306602478,-4.215173721313477,-0.757603645324707,0.7975097298622131,4012.0,4012.0
0.027275752276182175,-4.22158145904541,-0.7626263499259949,0.797270655632019,4016.0,4016.0
0.025030506774783134,-4.230494499206543,-0.7673459053039551,0.7970315217971802,4020.0,4020.0
0.029732631519436836,-4.203546524047852,-0.7616304159164429,0.7967925071716309,4024.0,4024.0
0.0242437906563282,-4.217460632324219,-0.7656174898147583,0.7965534925460815,4028.0,4028.0
0.026435963809490204,-4.230734825134277,-0.7698001861572266,0.7963144779205322,4032.0,4032.0
0.06367766857147217,-4.2259440422058105,-0.765828013420105,0.7960755228996277,4036.0,4036.0
0.039116762578487396,-4.236149787902832,-0.7678394913673401,0.7958366870880127,4040.0,4040.0
0.017854902893304825,-4.238481044769287,-0.7675241231918335,0.7955979108810425,4044.0,4044.0
0.020702214911580086,-4.261320114135742,-0.7718135714530945,0.7953591346740723,4048.0,4048.0
0.024521850049495697,-4.2599029541015625,-0.7710908651351929,0.7951204776763916,4052.0,4052.0
0.1293085515499115,-4.262651443481445,-0.7713441848754883,0.7948819398880005,4056.0,4056.0
0.033329300582408905,-4.283402919769287,-0.7786427140235901,0.794643223285675,4060.0,4060.0
0.03462005779147148,-4.268834114074707,-0.7745994329452515,0.7944046258926392,4064.0,4064.0
0.02643931843340397,-4.250755786895752,-0.7734458446502686,0.7941661477088928,4068.0,4068.0
0.024789564311504364,-4.243346214294434,-0.774784505367279,0.793927788734436,4072.0,4072.0
0.04938643425703049,-4.255721092224121,-0.7803531885147095,0.7936893701553345,4076.0,4076.0
0.02686994895339012,-4.240521430969238,-0.7782184481620789,0.7934510707855225,4080.0,4080.0
0.029030218720436096,-4.249083995819092,-0.780076801776886,0.793212890625,4084.0,4084.0
0.0230705589056015,-4.254698753356934,-0.7807497382164001,0.7929747104644775,4088.0,4088.0
0.023106902837753296,-4.259857177734375,-0.7816288471221924,0.7927365303039551,4092.0,4092.0
0.03166297823190689,-4.272265434265137,-0.7829430103302002,0.7924985289573669,4096.0,4096.0
0.036024510860443115,-4.271137714385986,-0.7815252542495728,0.7922606468200684,4100.0,4100.0
0.03166507929563522,-4.275511741638184,-0.7814760208129883,0.7920228242874146,4104.0,4104.0
0.031808339059352875,-4.290200233459473,-0.7848535776138306,0.7917851805686951,4108.0,4108.0
0.022627022117376328,-4.2747039794921875,-0.7801809310913086,0.7915477752685547,4112.0,4112.0
0.028416726738214493,-4.295533180236816,-0.7884411811828613,0.7913103699684143,4116.0,4116.0
0.028139743953943253,-4.278034210205078,-0.786535918712616,0.7910730838775635,4120.0,4120.0
0.021278057247400284,-4.274529933929443,-0.788155198097229,0.7908358573913574,4124.0,4124.0
0.03352106362581253,-4.25520658493042,-0.7864925861358643,0.7905988097190857,4128.0,4128.0
0.030600106343626976,-4.274232864379883,-0.7927359938621521,0.790361762046814,4132.0,4132.0
0.03507160395383835,-4.283799171447754,-0.7944079637527466,0.7901247143745422,4136.0,4136.0
0.018519289791584015,-4.288822650909424,-0.7930355072021484,0.7898877263069153,4140.0,4140.0
0.03532098978757858,-4.280709266662598,-0.7895189523696899,0.7896509170532227,4144.0,4144.0
0.02664964832365513,-4.32570743560791,-0.7990067601203918,0.7894140481948853,4148.0,4148.0
0.02946213260293007,-4.331315517425537,-0.7983739376068115,0.7891771793365479,4152.0,4152.0
0.02557586506009102,-4.32972526550293,-0.797853946685791,0.7889404296875,4156.0,4156.0
0.027746453881263733,-4.338405609130859,-0.8018685579299927,0.7887035608291626,4160.0,4160.0
0.021087072789669037,-4.319391250610352,-0.7978858947753906,0.7884668111801147,4164.0,4164.0
0.03807886317372322,-4.325475215911865,-0.8026572465896606,0.7882301211357117,4168.0,4168.0
0.026810631155967712,-4.30074405670166,-0.799655556678772,0.7879935503005981,4172.0,4172.0
0.023727569729089737,-4.310361862182617,-0.8038774728775024,0.7877570390701294,4176.0,4176.0
0.05558878928422928,-4.30702018737793,-0.803396463394165,0.7875205278396606,4180.0,4180.0
0.028104228898882866,-4.289597511291504,-0.8002690672874451,0.787284255027771,4184.0,4184.0
0.026570593938231468,-4.321230411529541,-0.8082133531570435,0.7870479822158813,4188.0,4188.0
0.02865937352180481,-4.323891639709473,-0.8068342208862305,0.7868117094039917,4192.0,4192.0
0.052380673587322235,-4.327524662017822,-0.8060083389282227,0.7865756154060364,4196.0,4196.0
0.02691032364964485,-4.341396331787109,-0.8081659078598022,0.7863395810127258,4200.0,4200.0
0.054579347372055054,-4.3580121994018555,-0.8112831711769104,0.7861036062240601,4204.0,4204.0
0.02772466093301773,-4.349123954772949,-0.8081555962562561,0.7858676910400391,4208.0,4208.0
0.03256295993924141,-4.357451438903809,-0.8119984865188599,0.7856318950653076,4212.0,4212.0
0.023769568651914597,-4.3494415283203125,-0.8108084201812744,0.785396158695221,4216.0,4216.0
0.03421923518180847,-4.337421894073486,-0.8110714554786682,0.7851606011390686,4220.0,4220.0
0.06397512555122375,-4.347297668457031,-0.8135234117507935,0.784925103187561,4224.0,4224.0
0.04757145047187805,-4.341361045837402,-0.813243567943573,0.7846897840499878,4228.0,4228.0
0.05471227690577507,-4.327126979827881,-0.8078086376190186,0.7844547033309937,4232.0,4232.0
0.021915696561336517,-4.350162506103516,-0.8147109150886536,0.7842197418212891,4236.0,4236.0
0.0293666273355484,-4.343758583068848,-0.8150919675827026,0.783984899520874,4240.0,4240.0
0.02466275915503502,-4.364903926849365,-0.8225741982460022,0.7837499976158142,4244.0,4244.0
0.04956671595573425,-4.363799095153809,-0.8228708505630493,0.7835150957107544,4248.0,4248.0
0.02086096629500389,-4.3701066970825195,-0.8248989582061768,0.783280074596405,4252.0,4252.0
0.03831613063812256,-4.369719982147217,-0.8227070569992065,0.7830451726913452,4256.0,4256.0
0.02243022620677948,-4.379061698913574,-0.8232011795043945,0.7828103303909302,4260.0,4260.0
0.032073356211185455,-4.382447719573975,-0.8254317045211792,0.7825754880905151,4264.0,4264.0
0.025088690221309662,-4.388394832611084,-0.8284204602241516,0.7823406457901001,4268.0,4268.0
0.03359903395175934,-4.374544143676758,-0.826701283454895,0.7821058630943298,4272.0,4272.0
0.027841322124004364,-4.366981029510498,-0.8254904747009277,0.7818711996078491,4276.0,4276.0
0.02768399938941002,-4.381318092346191,-0.830756664276123,0.7816365957260132,4280.0,4280.0
0.025796301662921906,-4.38031005859375,-0.8316291570663452,0.7814019322395325,4284.0,4284.0
0.027660928666591644,-4.378570556640625,-0.8324198722839355,0.7811673283576965,4288.0,4288.0
0.023112453520298004,-4.383228302001953,-0.8330819606781006,0.7809327840805054,4292.0,4292.0
0.024753961712121964,-4.392029762268066,-0.8349495530128479,0.7806982398033142,4296.0,4296.0
0.030476408079266548,-4.3966827392578125,-0.8348747491836548,0.7804637551307678,4300.0,4300.0
0.036638043820858,-4.395927429199219,-0.8329394459724426,0.7802294492721558,4304.0,4304.0
0.019202789291739464,-4.4199910163879395,-0.8397058248519897,0.7799950838088989,4308.0,4308.0
0.02364714816212654,-4.405858039855957,-0.8351980447769165,0.7797608375549316,4312.0,4312.0
0.027790294960141182,-4.405388355255127,-0.8367053270339966,0.7795267105102539,4316.0,4316.0
0.03563247248530388,-4.401867389678955,-0.8382840752601624,0.7792927026748657,4320.0,4320.0
0.025618286803364754,-4.414612770080566,-0.8429009318351746,0.7790586948394775,4324.0,4324.0
0.01892082765698433,-4.405055046081543,-0.844512939453125,0.7788246273994446,4328.0,4328.0
0.0353606715798378,-4.396506309509277,-0.8438922166824341,0.7785906195640564,4332.0,4332.0
0.023570604622364044,-4.391786575317383,-0.8421682119369507,0.7783567309379578,4336.0,4336.0
0.018677785992622375,-4.388085842132568,-0.8400644659996033,0.7781230211257935,4340.0,4340.0
0.027541857212781906,-4.413527488708496,-0.8484939932823181,0.7778893709182739,4344.0,4344.0
0.01722622476518154,-4.411595344543457,-0.8461856842041016,0.7776557207107544,4348.0,4348.0
0.03685580566525459,-4.444802761077881,-0.8521312475204468,0.7774220705032349,4352.0,4352.0
0.027078915387392044,-4.426170825958252,-0.848572850227356,0.7771884202957153,4356.0,4356.0
0.030710801482200623,-4.430347442626953,-0.8472878932952881,0.7769550085067749,4360.0,4360.0
0.02709466777741909,-4.437270641326904,-0.8504098653793335,0.7767215967178345,4364.0,4364.0
0.019970281049609184,-4.43086051940918,-0.848198652267456,0.7764884233474731,4368.0,4368.0
0.03285304829478264,-4.439046859741211,-0.8530621528625488,0.7762552499771118,4372.0,4372.0
0.025032568722963333,-4.428535461425781,-0.8499356508255005,0.7760222554206848,4376.0,4376.0
0.03406217321753502,-4.4475555419921875,-0.8570230007171631,0.7757892608642578,4380.0,4380.0
0.027942687273025513,-4.437459468841553,-0.8527750968933105,0.7755564451217651,4384.0,4384.0
0.07121135294437408,-4.430771350860596,-0.8548503518104553,0.7753236889839172,4388.0,4388.0
0.025989443063735962,-4.440930366516113,-0.8582984805107117,0.7750909328460693,4392.0,4392.0
0.02256873808801174,-4.422299385070801,-0.8526903986930847,0.7748584747314453,4396.0,4396.0
0.05452459305524826,-4.437389373779297,-0.8593109846115112,0.7746260166168213,4400.0,4400.0
0.029711734503507614,-4.4437642097473145,-0.8582001328468323,0.7743936777114868,4404.0,4404.0
0.022097457200288773,-4.449499130249023,-0.8602427244186401,0.7741613984107971,4408.0,4408.0
0.02809853106737137,-4.449970722198486,-0.8608315587043762,0.773929238319397,4412.0,4412.0
0.02235480397939682,-4.44856595993042,-0.859916090965271,0.7736972570419312,4416.0,4416.0
0.04357020929455757,-4.451631546020508,-0.8595203161239624,0.7734653949737549,4420.0,4420.0
0.036190904676914215,-4.468560695648193,-0.8651069402694702,0.7732335329055786,4424.0,4424.0
0.021987538784742355,-4.484580993652344,-0.869807243347168,0.7730016708374023,4428.0,4428.0
0.03565580025315285,-4.4761457443237305,-0.8670979738235474,0.7727698087692261,4432.0,4432.0
0.022378435358405113,-4.4760026931762695,-0.8711701035499573,0.7725379467010498,4436.0,4436.0
0.033186689019203186,-4.463701248168945,-0.8694279789924622,0.7723062038421631,4440.0,4440.0
0.028961578384041786,-4.456833839416504,-0.8677369952201843,0.7720744609832764,4444.0,4444.0
0.036181144416332245,-4.466648101806641,-0.8696534633636475,0.771842896938324,4448.0,4448.0
0.06637078523635864,-4.465024471282959,-0.867343008518219,0.7716115117073059,4452.0,4452.0
0.02002645842730999,-4.491118431091309,-0.8730345964431763,0.7713801860809326,4456.0,4456.0
0.031844381242990494,-4.511778354644775,-0.8791986703872681,0.7711487412452698,4460.0,4460.0
0.03669823706150055,-4.491194725036621,-0.8718580603599548,0.7709174752235413,4464.0,4464.0
0.049492739140987396,-4.491434097290039,-0.8728601336479187,0.7706863284111023,4468.0,4468.0
0.031561948359012604,-4.50324821472168,-0.8786630630493164,0.7704552412033081,4472.0,4472.0
0.02433818206191063,-4.502042293548584,-0.8787229061126709,0.7702241539955139,4476.0,4476.0
0.028942272067070007,-4.5028767585754395,-0.8771747350692749,0.7699931859970093,4480.0,4480.0
0.033172305673360825,-4.5087127685546875,-0.8787736892700195,0.7697622776031494,4484.0,4484.0
0.027929037809371948,-4.504022598266602,-0.8796867728233337,0.7695314884185791,4488.0,4488.0
0.02649705857038498,-4.520136833190918,-0.8855720162391663,0.769300639629364,4492.0,4492.0
0.035528022795915604,-4.501093864440918,-0.8817831873893738,0.7690699100494385,4496.0,4496.0
0.0583927296102047,-4.521032333374023,-0.8898057341575623,0.7688391208648682,4500.0,4500.0
0.028221730142831802,-4.501804351806641,-0.8832886219024658,0.7686083912849426,4504.0,4504.0
0.033628709614276886,-4.508275985717773,-0.8848965167999268,0.7683777809143066,4508.0,4508.0
0.03011387214064598,-4.520555019378662,-0.8884677290916443,0.7681472301483154,4512.0,4512.0
0.042932190001010895,-4.523176193237305,-0.8886615037918091,0.767916738986969,4516.0,4516.0
0.04627785459160805,-4.548964500427246,-0.8938831090927124,0.7676862478256226,4520.0,4520.0
0.026522714644670486,-4.520959854125977,-0.8858298063278198,0.7674558758735657,4524.0,4524.0
0.020095182582736015,-4.534451484680176,-0.8910636305809021,0.7672255635261536,4528.0,4528.0
0.019469281658530235,-4.54144287109375,-0.895281195640564,0.7669953107833862,4532.0,4532.0
0.05324842035770416,-4.529324531555176,-0.8924463987350464,0.7667651176452637,4536.0,4536.0
0.023023322224617004,-4.535669326782227,-0.8955857753753662,0.7665349245071411,4540.0,4540.0
0.04757440462708473,-4.5467095375061035,-0.8981666564941406,0.7663047909736633,4544.0,4544.0
0.028819981962442398,-4.544637680053711,-0.8977836966514587,0.7660747170448303,4548.0,4548.0
0.029182732105255127,-4.543912887573242,-0.8980949521064758,0.7658447027206421,4552.0,4552.0
0.02339179441332817,-4.526744365692139,-0.892281174659729,0.7656148672103882,4556.0,4556.0
0.0248251985758543,-4.544158935546875,-0.9020912647247314,0.765385091304779,4560.0,4560.0
0.04248981177806854,-4.553023815155029,-0.9029499292373657,0.7651553153991699,4564.0,4564.0
0.0555877611041069,-4.557599067687988,-0.9036042094230652,0.7649255394935608,4568.0,4568.0
0.05645975470542908,-4.5628981590271,-0.9011162519454956,0.7646958827972412,4572.0,4572.0
0.02819535881280899,-4.576686859130859,-0.9051867723464966,0.7644662857055664,4576.0,4576.0
0.029111020267009735,-4.583287239074707,-0.9083689451217651,0.7642366886138916,4580.0,4580.0
0.032694097608327866,-4.5710039138793945,-0.906895637512207,0.7640070915222168,4584.0,4584.0
0.020723262801766396,-4.558191776275635,-0.9052632451057434,0.7637776732444763,4588.0,4588.0
0.02441493608057499,-4.5548906326293945,-0.9055848717689514,0.7635483741760254,4592.0,4592.0
0.028636083006858826,-4.567854881286621,-0.9115762710571289,0.7633190751075745,4596.0,4596.0
0.03544096648693085,-4.557585716247559,-0.9081369042396545,0.7630898952484131,4600.0,4600.0
0.01652962528169155,-4.5770158767700195,-0.9159965515136719,0.7628606557846069,4604.0,4604.0
0.03196883946657181,-4.57150936126709,-0.9137542247772217,0.7626314759254456,4608.0,4608.0
0.02718929573893547,-4.576198577880859,-0.9131105542182922,0.762402355670929,4612.0,4612.0
0.038326434791088104,-4.598796844482422,-0.9195852279663086,0.7621731758117676,4616.0,4616.0
0.02369150146842003,-4.590480327606201,-0.9140551090240479,0.7619441747665405,4620.0,4620.0
0.04972563683986664,-4.61669397354126,-0.9230746030807495,0.7617150545120239,4624.0,4624.0
0.02900673821568489,-4.589009761810303,-0.9124534130096436,0.7614861130714417,4628.0,4628.0
0.032252609729766846,-4.577784538269043,-0.9113908410072327,0.7612574696540833,4632.0,4632.0
0.031074486672878265,-4.610832691192627,-0.9228473901748657,0.7610287666320801,4636.0,4636.0
0.020950455218553543,-4.58065128326416,-0.9153740406036377,0.7608003616333008,4640.0,4640.0
0.029612142592668533,-4.596056938171387,-0.9215422868728638,0.7605719566345215,4644.0,4644.0
0.06085692346096039,-4.603212833404541,-0.9245059490203857,0.7603435516357422,4648.0,4648.0
0.03905477747321129,-4.594669342041016,-0.9196151494979858,0.7601152658462524,4652.0,4652.0
0.019039254635572433,-4.591209411621094,-0.9203853011131287,0.7598872184753418,4656.0,4656.0
0.024264991283416748,-4.60934591293335,-0.9271690845489502,0.7596591114997864,4660.0,4660.0
0.027788028120994568,-4.61300802230835,-0.925832986831665,0.7594311237335205,4664.0,4664.0
0.031056642532348633,-4.630015850067139,-0.9303542375564575,0.7592030763626099,4668.0,4668.0
0.024083584547042847,-4.620450019836426,-0.9285047054290771,0.7589751482009888,4672.0,4672.0
0.021286465227603912,-4.620059013366699,-0.9306162595748901,0.7587472200393677,4676.0,4676.0
0.02133723348379135,-4.603988170623779,-0.9284195303916931,0.7585194706916809,4680.0,4680.0
0.02225729078054428,-4.600482940673828,-0.9285471439361572,0.7582918405532837,4684.0,4684.0
0.0213012732565403,-4.60117769241333,-0.9293429851531982,0.7580642700195312,4688.0,4688.0
0.021723739802837372,-4.606754302978516,-0.9330078363418579,0.7578368186950684,4692.0,4692.0
0.03746676817536354,-4.6217570304870605,-0.9335246086120605,0.7576094269752502,4696.0,4696.0
0.024601954966783524,-4.638721466064453,-0.9407510757446289,0.7573819160461426,4700.0,4700.0
0.03636652231216431,-4.628838539123535,-0.9348136782646179,0.7571545839309692,4704.0,4704.0
0.023515012115240097,-4.6241774559021,-0.9360917210578918,0.7569273114204407,4708.0,4708.0
0.026846466585993767,-4.639795303344727,-0.9384580850601196,0.7567001581192017,4712.0,4712.0
0.058210086077451706,-4.645959854125977,-0.9402434825897217,0.7564729452133179,4716.0,4716.0
0.023025020956993103,-4.626898288726807,-0.9347947835922241,0.756246030330658,4720.0,4720.0
0.03530335798859596,-4.636126518249512,-0.9376763105392456,0.7560192346572876,4724.0,4724.0
0.045698076486587524,-4.6355791091918945,-0.9381068348884583,0.755792498588562,4728.0,4728.0
0.02409358322620392,-4.639322280883789,-0.9396873712539673,0.7555660009384155,4732.0,4732.0
0.035067252814769745,-4.656123638153076,-0.9446346759796143,0.755339503288269,4736.0,4736.0
0.024414530023932457,-4.657279968261719,-0.9441846609115601,0.7551130056381226,4740.0,4740.0
0.04531139135360718,-4.641703128814697,-0.9423003196716309,0.7548867464065552,4744.0,4744.0
0.027515217661857605,-4.64743709564209,-0.9447226524353027,0.7546604871749878,4748.0,4748.0
0.03644882142543793,-4.652999401092529,-0.9469149708747864,0.75443434715271,4752.0,4752.0
0.018422525376081467,-4.658415794372559,-0.9477443695068359,0.7542082667350769,4756.0,4756.0
0.024752261117100716,-4.66970157623291,-0.9499763250350952,0.7539821863174438,4760.0,4760.0
0.03363339602947235,-4.666464805603027,-0.9492592215538025,0.7537562251091003,4764.0,4764.0
0.029091333970427513,-4.66812801361084,-0.9517077207565308,0.7535302639007568,4768.0,4768.0
0.03408955782651901,-4.6756911277771,-0.9542483687400818,0.7533043622970581,4772.0,4772.0
0.04525183141231537,-4.686903953552246,-0.9545678496360779,0.7530784606933594,4776.0,4776.0
0.02280406653881073,-4.678169250488281,-0.9516622424125671,0.752852737903595,4780.0,4780.0
0.028765279799699783,-4.690592288970947,-0.9555519819259644,0.7526270151138306,4784.0,4784.0
0.02727241814136505,-4.678271293640137,-0.9518604278564453,0.7524015307426453,4788.0,4788.0
0.024534884840250015,-4.696041584014893,-0.9615432024002075,0.7521759271621704,4792.0,4792.0
0.03457048535346985,-4.681817531585693,-0.9582855105400085,0.7519504427909851,4796.0,4796.0
0.01707502454519272,-4.678282260894775,-0.9588216543197632,0.7517250180244446,4800.0,4800.0
0.055081069469451904,-4.661931037902832,-0.9551481008529663,0.7514997720718384,4804.0,4804.0
0.02666645683348179,-4.672275543212891,-0.9609020948410034,0.751274585723877,4808.0,4808.0
0.020797915756702423,-4.677417755126953,-0.9618391990661621,0.7510494589805603,4812.0,4812.0
0.027951529249548912,-4.677132606506348,-0.9604638814926147,0.7508244514465332,4816.0,4816.0
0.021691061556339264,-4.696033954620361,-0.964898943901062,0.7505995035171509,4820.0,4820.0
0.018410660326480865,-4.705923080444336,-0.9662176370620728,0.7503745555877686,4824.0,4824.0
0.02444351091980934,-4.710039138793945,-0.9652919769287109,0.7501497268676758,4828.0,4828.0
0.03708263486623764,-4.716641426086426,-0.9663766622543335,0.749924898147583,4832.0,4832.0
0.021720604971051216,-4.716031074523926,-0.9698793292045593,0.7497001886367798,4836.0,4836.0
0.020269786939024925,-4.691929817199707,-0.965550422668457,0.7494755983352661,4840.0,4840.0
0.03328036144375801,-4.701360702514648,-0.971299946308136,0.7492510080337524,4844.0,4844.0
0.020391598343849182,-4.6815619468688965,-0.9688562154769897,0.7490265369415283,4848.0,4848.0
0.020423714071512222,-4.704634666442871,-0.9780722856521606,0.7488019466400146,4852.0,4852.0
0.021938202902674675,-4.691332817077637,-0.9739726185798645,0.7485774755477905,4856.0,4856.0
0.02695852518081665,-4.709941387176514,-0.9745003581047058,0.7483530044555664,4860.0,4860.0
0.023302670568227768,-4.730224609375,-0.9784082770347595,0.7481285333633423,4864.0,4864.0
0.037323467433452606,-4.728457450866699,-0.973751425743103,0.7479042410850525,4868.0,4868.0
0.04300522059202194,-4.733577251434326,-0.9722530245780945,0.747680127620697,4872.0,4872.0
0.030194777995347977,-4.760526180267334,-0.9818129539489746,0.7474559545516968,4876.0,4876.0
0.02439795434474945,-4.751252174377441,-0.9800266027450562,0.7472318410873413,4880.0,4880.0
0.029340410605072975,-4.742271900177002,-0.9825500845909119,0.7470077872276306,4884.0,4884.0
0.027535652741789818,-4.721756458282471,-0.9803532361984253,0.7467838525772095,4888.0,4888.0
0.021912073716521263,-4.71937370300293,-0.9835023283958435,0.7465598583221436,4892.0,4892.0
0.02580542117357254,-4.700525760650635,-0.9803836941719055,0.7463361024856567,4896.0,4896.0
0.03286781162023544,-4.707309722900391,-0.9803149104118347,0.7461124658584595,4900.0,4900.0
0.018335968255996704,-4.7382049560546875,-0.9905387163162231,0.7458887100219727,4904.0,4904.0
0.027320299297571182,-4.742119789123535,-0.9857510924339294,0.7456651329994202,4908.0,4908.0
0.034440234303474426,-4.750669479370117,-0.9854162931442261,0.7454416155815125,4912.0,4912.0
0.02132849581539631,-4.769778728485107,-0.9929727911949158,0.74521803855896,4916.0,4916.0
0.029167531058192253,-4.779897689819336,-0.995990514755249,0.7449944615364075,4920.0,4920.0
0.034059733152389526,-4.758170127868652,-0.9891057014465332,0.7447710037231445,4924.0,4924.0
0.02009296417236328,-4.7417707443237305,-0.9885555505752563,0.7445476055145264,4928.0,4928.0
0.029056239873170853,-4.748335838317871,-0.9947437047958374,0.7443243265151978,4932.0,4932.0
0.018961798399686813,-4.7364501953125,-0.9936460256576538,0.7441010475158691,4936.0,4936.0
0.04255738481879234,-4.75124454498291,-0.9960044622421265,0.7438778281211853,4940.0,4940.0
0.027316205203533173,-4.769401550292969,-1.0011913776397705,0.7436546087265015,4944.0,4944.0
0.026856306940317154,-4.770458221435547,-0.9965590238571167,0.7434313893318176,4948.0,4948.0
0.031639330089092255,-4.795476913452148,-1.0003626346588135,0.7432082891464233,4952.0,4952.0
0.02910076081752777,-4.80245304107666,-1.0008010864257812,0.7429851293563843,4956.0,4956.0
0.025665193796157837,-4.786532402038574,-1.0003223419189453,0.7427620887756348,4960.0,4960.0
0.026868510991334915,-4.7758588790893555,-0.9981833696365356,0.7425392866134644,4964.0,4964.0
0.02258550189435482,-4.783325672149658,-1.0047484636306763,0.7423163652420044,4968.0,4968.0
0.05396857112646103,-4.754376411437988,-0.9978812336921692,0.7420936822891235,4972.0,4972.0
0.03264491260051727,-4.750877380371094,-0.99996018409729,0.7418712377548218,4976.0,4976.0
0.027451204136013985,-4.770969390869141,-1.0061466693878174,0.7416487336158752,4980.0,4980.0
0.035009756684303284,-4.777689456939697,-1.0068516731262207,0.7414263486862183,4984.0,4984.0
0.037042852491140366,-4.801470756530762,-1.0123605728149414,0.7412038445472717,4988.0,4988.0
0.03525558114051819,-4.8049211502075195,-1.0101087093353271,0.74098140001297,4992.0,4992.0
0.027071213349699974,-4.794501304626465,-1.0044653415679932,0.7407591342926025,4996.0,4996.0
0.030613362789154053,-4.794426918029785,-1.0047998428344727,0.7405370473861694,5000.0,5000.0
0.03523699939250946,-4.80364990234375,-1.0075733661651611,0.7403150796890259,5004.0,5004.0
0.02666712924838066,-4.816985130310059,-1.0176712274551392,0.7400930523872375,5008.0,5008.0
0.05027838796377182,-4.794774532318115,-1.013456106185913,0.739871084690094,5012.0,5012.0
0.041536834090948105,-4.800355434417725,-1.01636803150177,0.7396491765975952,5016.0,5016.0
0.02828216552734375,-4.7917375564575195,-1.0123026371002197,0.7394273281097412,5020.0,5020.0
0.022498736158013344,-4.802742004394531,-1.0188051462173462,0.739205539226532,5024.0,5024.0
0.02711513079702854,-4.80623722076416,-1.0172680616378784,0.7389837503433228,5028.0,5028.0
0.02960890345275402,-4.818442344665527,-1.0189733505249023,0.7387620806694031,5032.0,5032.0
0.05246508866548538,-4.818360328674316,-1.0175715684890747,0.738540530204773,5036.0,5036.0
0.02769632823765278,-4.823580265045166,-1.0199223756790161,0.7383189797401428,5040.0,5040.0
0.023338045924901962,-4.826520919799805,-1.0202891826629639,0.7380975484848022,5044.0,5044.0
0.03299510478973389,-4.831775665283203,-1.0254151821136475,0.7378761172294617,5048.0,5048.0
0.03230989724397659,-4.8091278076171875,-1.0164154767990112,0.7376549243927002,5052.0,5052.0
0.033171966671943665,-4.8238115310668945,-1.0254619121551514,0.737433671951294,5056.0,5056.0
0.04525883495807648,-4.825421333312988,-1.0271474123001099,0.7372125387191772,5060.0,5060.0
0.024158615618944168,-4.822561264038086,-1.024777889251709,0.7369914650917053,5064.0,5064.0
0.02817552164196968,-4.832806587219238,-1.0288490056991577,0.7367703914642334,5068.0,5068.0
0.022563524544239044,-4.83217716217041,-1.028987169265747,0.736549437046051,5072.0,5072.0
0.027203544974327087,-4.827450752258301,-1.0291720628738403,0.7363284826278687,5076.0,5076.0
0.03482849895954132,-4.837249755859375,-1.0309422016143799,0.736107587814331,5080.0,5080.0
0.05770907551050186,-4.849365234375,-1.0343587398529053,0.7358867526054382,5084.0,5084.0
0.023233257234096527,-4.85680627822876,-1.0361658334732056,0.7356659173965454,5088.0,5088.0
0.020844344049692154,-4.866013050079346,-1.0374927520751953,0.7354450225830078,5092.0,5092.0
0.032293759286403656,-4.8696441650390625,-1.0371103286743164,0.7352241277694702,5096.0,5096.0
0.050450414419174194,-4.871998310089111,-1.0362489223480225,0.7350033521652222,5100.0,5100.0
0.02474953606724739,-4.872529983520508,-1.037148118019104,0.7347826957702637,5104.0,5104.0
0.01969762146472931,-4.85237979888916,-1.031470537185669,0.7345621585845947,5108.0,5108.0
0.02673422358930111,-4.848616600036621,-1.0352439880371094,0.7343418598175049,5112.0,5112.0
0.025181163102388382,-4.843915939331055,-1.0370640754699707,0.734121561050415,5116.0,5116.0
0.03280629962682724,-4.844748497009277,-1.0397013425827026,0.7339014410972595,5120.0,5120.0
0.03521433100104332,-4.850499629974365,-1.0405702590942383,0.7336813807487488,5124.0,5124.0
0.028504490852355957,-4.860917568206787,-1.0431283712387085,0.7334613800048828,5128.0,5128.0
0.02339497022330761,-4.864683151245117,-1.0386829376220703,0.7332414984703064,5132.0,5132.0
0.020125918090343475,-4.888882160186768,-1.0472654104232788,0.73302161693573,5136.0,5136.0
0.021006397902965546,-4.882248401641846,-1.0441282987594604,0.7328018546104431,5140.0,5140.0
0.021504119038581848,-4.906858921051025,-1.0541974306106567,0.7325819730758667,5144.0,5144.0
0.10549473017454147,-4.911118984222412,-1.0531824827194214,0.7323620319366455,5148.0,5148.0
0.034548334777355194,-4.901659965515137,-1.0519449710845947,0.7321420907974243,5152.0,5152.0
0.02210778370499611,-4.897005558013916,-1.051733136177063,0.7319222688674927,5156.0,5156.0
0.03780224174261093,-4.880533218383789,-1.0479732751846313,0.7317025065422058,5160.0,5160.0
0.02024907059967518,-4.885306358337402,-1.0501296520233154,0.7314829230308533,5164.0,5164.0
0.02944350242614746,-4.884440898895264,-1.0546631813049316,0.7312633395195007,5168.0,5168.0
0.04121702164411545,-4.877155303955078,-1.0536513328552246,0.731043815612793,5172.0,5172.0
0.017652571201324463,-4.880200386047363,-1.0546789169311523,0.7308244705200195,5176.0,5176.0
0.03167795389890671,-4.8864946365356445,-1.056474208831787,0.7306051254272461,5180.0,5180.0
0.044505469501018524,-4.884640693664551,-1.0535104274749756,0.7303858995437622,5184.0,5184.0
0.02502339892089367,-4.905832767486572,-1.0558198690414429,0.7301667928695679,5188.0,5188.0
0.04020781069993973,-4.916715621948242,-1.057205080986023,0.7299478054046631,5192.0,5192.0
0.01993538998067379,-4.899481296539307,-1.054487705230713,0.7297289371490479,5196.0,5196.0
0.025729596614837646,-4.919775485992432,-1.062566876411438,0.7295101284980774,5200.0,5200.0
0.019271180033683777,-4.9091339111328125,-1.0644043684005737,0.7292913198471069,5204.0,5204.0
0.027178265154361725,-4.88926887512207,-1.0586597919464111,0.7290726900100708,5208.0,5208.0
0.04897081479430199,-4.899903774261475,-1.063033103942871,0.7288540601730347,5212.0,5212.0
0.03447875380516052,-4.900832176208496,-1.0650967359542847,0.7286354899406433,5216.0,5216.0
0.02750113047659397,-4.896607398986816,-1.0617752075195312,0.7284170985221863,5220.0,5220.0
0.026757217943668365,-4.904443264007568,-1.061403512954712,0.7281988263130188,5224.0,5224.0
0.0457218736410141,-4.935275554656982,-1.0690207481384277,0.7279806137084961,5228.0,5228.0
0.031139936298131943,-4.93153715133667,-1.0673916339874268,0.7277624607086182,5232.0,5232.0
0.02408008463680744,-4.941636085510254,-1.0684688091278076,0.7275443077087402,5236.0,5236.0
0.022200657054781914,-4.946531295776367,-1.0728421211242676,0.7273262739181519,5240.0,5240.0
0.027011007070541382,-4.926242351531982,-1.0725719928741455,0.7271081805229187,5244.0,5244.0
0.02373613975942135,-4.913548469543457,-1.070788025856018,0.7268902063369751,5248.0,5248.0
0.0466945618391037,-4.910372734069824,-1.0749859809875488,0.7266722917556763,5252.0,5252.0
0.01838533580303192,-4.900999069213867,-1.069525122642517,0.726454496383667,5256.0,5256.0
0.03164497762918472,-4.917081356048584,-1.0746135711669922,0.7262368202209473,5260.0,5260.0
0.04675920307636261,-4.935288429260254,-1.076782464981079,0.7260191440582275,5264.0,5264.0
0.017490115016698837,-4.931384563446045,-1.0739431381225586,0.7258016467094421,5268.0,5268.0
0.023947345092892647,-4.9542694091796875,-1.081163763999939,0.725584089756012,5272.0,5272.0
0.024041302502155304,-4.964317321777344,-1.0840775966644287,0.725366473197937,5276.0,5276.0
0.024929756298661232,-4.946046352386475,-1.0770010948181152,0.7251490354537964,5280.0,5280.0
0.028068888932466507,-4.956987380981445,-1.0865674018859863,0.7249315977096558,5284.0,5284.0
0.03149585798382759,-4.96137809753418,-1.0849738121032715,0.7247141599655151,5288.0,5288.0
0.024849489331245422,-4.935864448547363,-1.0786702632904053,0.7244968414306641,5292.0,5292.0
0.03722897544503212,-4.954986572265625,-1.082564353942871,0.7242796421051025,5296.0,5296.0
0.041642289608716965,-4.973293304443359,-1.0881832838058472,0.724062442779541,5300.0,5300.0
0.030874762684106827,-4.967766761779785,-1.0843851566314697,0.723845362663269,5304.0,5304.0
0.02807355485856533,-4.972594261169434,-1.0835613012313843,0.7236284613609314,5308.0,5308.0
0.031193524599075317,-4.966121196746826,-1.0841927528381348,0.7234116792678833,5312.0,5312.0
0.026024099439382553,-4.98111629486084,-1.0895371437072754,0.7231948971748352,5316.0,5316.0
0.026328716427087784,-4.963712692260742,-1.0862452983856201,0.7229782342910767,5320.0,5320.0
0.03066379576921463,-4.969938278198242,-1.0940182209014893,0.7227616310119629,5324.0,5324.0
0.030688907951116562,-4.967144966125488,-1.0923032760620117,0.7225450277328491,5328.0,5328.0
0.028984319418668747,-4.988763809204102,-1.103173017501831,0.7223283052444458,5332.0,5332.0
0.03845352306962013,-4.969852447509766,-1.0939006805419922,0.722111701965332,5336.0,5336.0
0.04236152023077011,-4.973482608795166,-1.0900850296020508,0.7218952178955078,5340.0,5340.0
0.03260897845029831,-4.993527412414551,-1.0941349267959595,0.7216788530349731,5344.0,5344.0
0.023522816598415375,-5.001875400543213,-1.0992175340652466,0.7214625477790833,5348.0,5348.0
0.036612894386053085,-4.990521430969238,-1.0992629528045654,0.7212462425231934,5352.0,5352.0
0.018160125240683556,-5.003681659698486,-1.1064338684082031,0.7210298776626587,5356.0,5356.0
0.025836601853370667,-4.973413467407227,-1.098799467086792,0.7208136320114136,5360.0,5360.0
0.026415880769491196,-4.978799343109131,-1.0996954441070557,0.720597505569458,5364.0,5364.0
0.019303489476442337,-4.975308895111084,-1.1027861833572388,0.7203814387321472,5368.0,5368.0
0.038649193942546844,-4.972867965698242,-1.0984824895858765,0.720165491104126,5372.0,5372.0
0.01803159900009632,-4.992249011993408,-1.1045217514038086,0.7199496626853943,5376.0,5376.0
0.022868935018777847,-5.0107526779174805,-1.1068264245986938,0.7197338342666626,5380.0,5380.0
0.019063368439674377,-5.00120210647583,-1.10334312915802,0.7195181250572205,5384.0,5384.0
0.08710762858390808,-5.021246433258057,-1.11234450340271,0.7193024158477783,5388.0,5388.0
0.019276674836874008,-5.016608238220215,-1.1084461212158203,0.719086766242981,5392.0,5392.0
0.034018177539110184,-5.005758285522461,-1.1079206466674805,0.7188711166381836,5396.0,5396.0
0.025642242282629013,-5.0015411376953125,-1.1074843406677246,0.7186557054519653,5400.0,5400.0
0.019216690212488174,-4.985592842102051,-1.1021161079406738,0.7184404730796814,5404.0,5404.0
0.021723387762904167,-4.99878454208374,-1.1100960969924927,0.718225359916687,5408.0,5408.0
0.042619191110134125,-5.0218634605407715,-1.1172066926956177,0.7180101871490479,5412.0,5412.0
0.01892927661538124,-5.018130779266357,-1.1178052425384521,0.7177950143814087,5416.0,5416.0
0.021923765540122986,-5.007330894470215,-1.1106513738632202,0.7175799608230591,5420.0,5420.0
0.033049896359443665,-5.034276485443115,-1.1216177940368652,0.7173649072647095,5424.0,5424.0
0.028094779700040817,-5.030666828155518,-1.1181190013885498,0.7171498537063599,5428.0,5428.0
0.020725570619106293,-5.03968620300293,-1.1225556135177612,0.7169348001480103,5432.0,5432.0
0.025806255638599396,-5.040900230407715,-1.123018503189087,0.7167198061943054,5436.0,5436.0
0.02299584448337555,-5.031248092651367,-1.1193970441818237,0.7165048122406006,5440.0,5440.0
0.039221230894327164,-5.031953811645508,-1.1179827451705933,0.7162899971008301,5444.0,5444.0
0.025267621502280235,-5.045328140258789,-1.1241624355316162,0.7160753011703491,5448.0,5448.0
0.03032776713371277,-5.047333240509033,-1.1272227764129639,0.7158604860305786,5452.0,5452.0
0.025975866243243217,-5.029128551483154,-1.1194497346878052,0.7156459093093872,5456.0,5456.0
0.035328034311532974,-5.06208610534668,-1.1306889057159424,0.7154312133789062,5460.0,5460.0
0.028055161237716675,-5.047572135925293,-1.1206417083740234,0.7152168154716492,5464.0,5464.0
0.0271297600120306,-5.071630477905273,-1.1337862014770508,0.7150022983551025,5468.0,5468.0
0.02983645349740982,-5.053585052490234,-1.1297612190246582,0.7147878408432007,5472.0,5472.0
0.04135112091898918,-5.054238319396973,-1.128438949584961,0.7145735025405884,5476.0,5476.0
0.026917733252048492,-5.053159713745117,-1.129923939704895,0.7143592238426208,5480.0,5480.0
0.025389904156327248,-5.056356430053711,-1.1278201341629028,0.7141450643539429,5484.0,5484.0
0.03001236543059349,-5.0574049949646,-1.1285240650177002,0.7139310836791992,5488.0,5488.0
0.038492679595947266,-5.063553810119629,-1.1337298154830933,0.7137171030044556,5492.0,5492.0
0.02616916038095951,-5.061731815338135,-1.1343475580215454,0.7135032415390015,5496.0,5496.0
0.021802501752972603,-5.075775146484375,-1.140580415725708,0.7132893204689026,5500.0,5500.0
0.029221825301647186,-5.057096481323242,-1.1389079093933105,0.7130753993988037,5504.0,5504.0
0.027288641780614853,-5.071531295776367,-1.1420466899871826,0.7128615379333496,5508.0,5508.0
0.03708121180534363,-5.071305274963379,-1.1395978927612305,0.7126476764678955,5512.0,5512.0
0.03053203411400318,-5.06710958480835,-1.1393115520477295,0.712433934211731,5516.0,5516.0
0.027781475335359573,-5.099114894866943,-1.1507368087768555,0.7122200727462769,5520.0,5520.0
0.032447416335344315,-5.081357002258301,-1.1404023170471191,0.7120063304901123,5524.0,5524.0
0.02532464638352394,-5.104233741760254,-1.1489657163619995,0.711792528629303,5528.0,5528.0
0.029413724318146706,-5.0819478034973145,-1.1416730880737305,0.7115788459777832,5532.0,5532.0
0.028396975249052048,-5.081937789916992,-1.143383502960205,0.7113653421401978,5536.0,5536.0
0.036761440336704254,-5.071953773498535,-1.1425321102142334,0.7111519575119019,5540.0,5540.0
0.03285984694957733,-5.0816240310668945,-1.1447174549102783,0.7109386920928955,5544.0,5544.0
0.032716598361730576,-5.081930637359619,-1.1489472389221191,0.7107254266738892,5548.0,5548.0
0.02771531417965889,-5.083246231079102,-1.1476552486419678,0.7105123400688171,5552.0,5552.0
0.018967296928167343,-5.088164329528809,-1.1448650360107422,0.7102993726730347,5556.0,5556.0
0.023291053250432014,-5.098357200622559,-1.146742582321167,0.7100865244865417,5560.0,5560.0
0.022276712581515312,-5.093111991882324,-1.1468549966812134,0.7098737955093384,5564.0,5564.0
0.03656525909900665,-5.113621711730957,-1.1566355228424072,0.7096611261367798,5568.0,5568.0
0.01873435452580452,-5.100214004516602,-1.1536144018173218,0.7094484567642212,5572.0,5572.0
0.02058757282793522,-5.094038009643555,-1.1518317461013794,0.7092359066009521,5576.0,5576.0
0.04150674492120743,-5.118729114532471,-1.1606601476669312,0.7090233564376831,5580.0,5580.0
0.04218564182519913,-5.11893892288208,-1.1567596197128296,0.7088108062744141,5584.0,5584.0
0.021219516173005104,-5.134245872497559,-1.1589592695236206,0.7085983157157898,5588.0,5588.0
0.03829636424779892,-5.138457775115967,-1.1567999124526978,0.7083859443664551,5592.0,5592.0
0.07000358402729034,-5.127607822418213,-1.1543115377426147,0.7081737518310547,5596.0,5596.0
0.0413924902677536,-5.125042915344238,-1.1604737043380737,0.7079615592956543,5600.0,5600.0
0.016199463978409767,-5.128368377685547,-1.1711324453353882,0.7077492475509644,5604.0,5604.0
0.031425852328538895,-5.099896430969238,-1.1596778631210327,0.707537055015564,5608.0,5608.0
0.02317228354513645,-5.118568420410156,-1.1685307025909424,0.7073248624801636,5612.0,5612.0
0.03289394825696945,-5.112068176269531,-1.1642417907714844,0.7071127891540527,5616.0,5616.0
0.016351474449038506,-5.12902307510376,-1.1681164503097534,0.7069007158279419,5620.0,5620.0
0.11925269663333893,-5.136656761169434,-1.1681045293807983,0.7066887021064758,5624.0,5624.0
0.03599558770656586,-5.144526481628418,-1.1664727926254272,0.7064768075942993,5628.0,5628.0
0.02461719512939453,-5.16796875,-1.176169753074646,0.7062647938728333,5632.0,5632.0
0.017789358273148537,-5.142498016357422,-1.1671394109725952,0.7060529589653015,5636.0,5636.0
0.033007532358169556,-5.138959884643555,-1.1697137355804443,0.7058411836624146,5640.0,5640.0
0.026888910681009293,-5.126227855682373,-1.1719609498977661,0.7056295275688171,5644.0,5644.0
0.02227032370865345,-5.128788948059082,-1.175598382949829,0.7054178714752197,5648.0,5648.0
0.04124610126018524,-5.128575801849365,-1.1730018854141235,0.7052062749862671,5652.0,5652.0
0.07760120928287506,-5.155698776245117,-1.1766754388809204,0.704994797706604,5656.0,5656.0
0.049216367304325104,-5.163683891296387,-1.1793313026428223,0.7047832608222961,5660.0,5660.0
0.019535355269908905,-5.163156986236572,-1.1755139827728271,0.7045719027519226,5664.0,5664.0
0.023624848574399948,-5.1593170166015625,-1.1784815788269043,0.7043605446815491,5668.0,5668.0
0.02109498530626297,-5.148629188537598,-1.1778299808502197,0.7041493058204651,5672.0,5672.0
0.021917495876550674,-5.152176380157471,-1.1806135177612305,0.7039381265640259,5676.0,5676.0
0.047258052974939346,-5.158303260803223,-1.181776523590088,0.7037270069122314,5680.0,5680.0
0.026501046493649483,-5.157322883605957,-1.1836743354797363,0.703515887260437,5684.0,5684.0
0.02585515007376671,-5.154348373413086,-1.182853102684021,0.7033048868179321,5688.0,5688.0
0.020580222830176353,-5.174639701843262,-1.1907256841659546,0.7030938863754272,5692.0,5692.0
0.02515684999525547,-5.16470193862915,-1.18474543094635,0.7028829455375671,5696.0,5696.0
0.02936522290110588,-5.157362937927246,-1.1831656694412231,0.7026721239089966,5700.0,5700.0
0.028769414871931076,-5.182562828063965,-1.1886513233184814,0.702461302280426,5704.0,5704.0
0.03205406665802002,-5.176604747772217,-1.187650442123413,0.702250599861145,5708.0,5708.0
0.02057456225156784,-5.160039901733398,-1.1852449178695679,0.7020400762557983,5712.0,5712.0
0.038600873202085495,-5.182183265686035,-1.1936755180358887,0.7018294930458069,5716.0,5716.0
0.02908673882484436,-5.171533584594727,-1.194169521331787,0.7016189694404602,5720.0,5720.0
0.04073994979262352,-5.170684814453125,-1.1926474571228027,0.7014085054397583,5724.0,5724.0
0.026035262271761894,-5.176928997039795,-1.1907591819763184,0.701198160648346,5728.0,5728.0
0.02869175747036934,-5.205068111419678,-1.201008677482605,0.7009877562522888,5732.0,5732.0
0.02854050137102604,-5.191596031188965,-1.191016435623169,0.700777530670166,5736.0,5736.0
0.025800254195928574,-5.205802917480469,-1.194857120513916,0.700567364692688,5740.0,5740.0
0.026530912145972252,-5.204622268676758,-1.1970908641815186,0.7003573179244995,5744.0,5744.0
0.025731611996889114,-5.210321426391602,-1.2045342922210693,0.7001472115516663,5748.0,5748.0
0.020689476281404495,-5.209075927734375,-1.2059895992279053,0.6999370455741882,5752.0,5752.0
0.046000294387340546,-5.187587738037109,-1.1966426372528076,0.6997270584106445,5756.0,5756.0
0.021515842527151108,-5.194829940795898,-1.2017658948898315,0.6995171308517456,5760.0,5760.0
0.030218735337257385,-5.208767414093018,-1.204093098640442,0.6993072032928467,5764.0,5764.0
0.05763569846749306,-5.211777687072754,-1.2042205333709717,0.6990973949432373,5768.0,5768.0
0.0260123573243618,-5.2382097244262695,-1.2141740322113037,0.6988874673843384,5772.0,5772.0
0.02053292840719223,-5.236384391784668,-1.2119128704071045,0.6986775398254395,5776.0,5776.0
0.022914253175258636,-5.223005294799805,-1.2072861194610596,0.6984677314758301,5780.0,5780.0
0.04104563593864441,-5.22546911239624,-1.2077226638793945,0.6982579231262207,5784.0,5784.0
0.03327307850122452,-5.240222930908203,-1.222124457359314,0.6980480551719666,5788.0,5788.0
0.02406902238726616,-5.222279071807861,-1.211862564086914,0.6978382468223572,5792.0,5792.0
0.0832507535815239,-5.210893154144287,-1.2052276134490967,0.6976286172866821,5796.0,5796.0
0.028560558333992958,-5.221672058105469,-1.2136778831481934,0.6974191069602966,5800.0,5800.0
0.028293253853917122,-5.220495700836182,-1.215339183807373,0.6972095966339111,5804.0,5804.0
0.03471649810671806,-5.219862937927246,-1.209924340248108,0.69700026512146,5808.0,5808.0
0.03048785962164402,-5.22149658203125,-1.2130823135375977,0.6967910528182983,5812.0,5812.0
0.029672380536794662,-5.231839656829834,-1.2121983766555786,0.696582019329071,5816.0,5816.0
0.02005895972251892,-5.250682830810547,-1.2184394598007202,0.6963729858398438,5820.0,5820.0
0.030388381332159042,-5.2370285987854,-1.21807861328125,0.6961640119552612,5824.0,5824.0
0.02234732359647751,-5.220958232879639,-1.2157580852508545,0.6959551572799683,5828.0,5828.0
0.024793846532702446,-5.218471527099609,-1.2130708694458008,0.6957465410232544,5832.0,5832.0
0.023456405848264694,-5.235457420349121,-1.2223873138427734,0.6955379247665405,5836.0,5836.0
0.027196021750569344,-5.2341437339782715,-1.222506046295166,0.6953293681144714,5840.0,5840.0
0.030208107084035873,-5.249990463256836,-1.2240397930145264,0.6951208710670471,5844.0,5844.0
0.017878171056509018,-5.254201889038086,-1.2262492179870605,0.6949123740196228,5848.0,5848.0
0.024111369624733925,-5.2732977867126465,-1.2331655025482178,0.6947038173675537,5852.0,5852.0
0.022093482315540314,-5.272273063659668,-1.2287381887435913,0.6944952607154846,5856.0,5856.0
0.06292852759361267,-5.272757530212402,-1.2303783893585205,0.6942867040634155,5860.0,5860.0
0.02412298694252968,-5.267653465270996,-1.2304459810256958,0.694078266620636,5864.0,5864.0
0.028851350769400597,-5.250351428985596,-1.2289292812347412,0.6938698887825012,5868.0,5868.0
0.019604938104748726,-5.254528522491455,-1.2272869348526,0.693661630153656,5872.0,5872.0
0.022741464897990227,-5.252163887023926,-1.2239711284637451,0.6934535503387451,5876.0,5876.0
0.01749664545059204,-5.26176118850708,-1.2343257665634155,0.693245530128479,5880.0,5880.0
0.06762269139289856,-5.264362335205078,-1.2364132404327393,0.6930375099182129,5884.0,5884.0
0.022255243733525276,-5.263644218444824,-1.2377864122390747,0.6928295493125916,5888.0,5888.0
0.02335285395383835,-5.273689270019531,-1.2380040884017944,0.6926215887069702,5892.0,5892.0
0.016104301437735558,-5.282819747924805,-1.242304801940918,0.6924135684967041,5896.0,5896.0
0.05679573491215706,-5.270030975341797,-1.236533522605896,0.6922056674957275,5900.0,5900.0
0.0327557772397995,-5.282023906707764,-1.2402234077453613,0.6919978260993958,5904.0,5904.0
0.02035672776401043,-5.279379844665527,-1.2373595237731934,0.6917901039123535,5908.0,5908.0
0.027234595268964767,-5.283935546875,-1.2373535633087158,0.6915825009346008,5912.0,5912.0
0.018761733546853065,-5.280722141265869,-1.243484616279602,0.6913749575614929,5916.0,5916.0
0.028765685856342316,-5.2785797119140625,-1.2453032732009888,0.691167414188385,5920.0,5920.0
0.0700763612985611,-5.2550764083862305,-1.2399353981018066,0.6909599900245667,5924.0,5924.0
0.023413054645061493,-5.283963203430176,-1.2475638389587402,0.6907526254653931,5928.0,5928.0
0.042689427733421326,-5.277531623840332,-1.2415627241134644,0.690545380115509,5932.0,5932.0
0.018420826643705368,-5.294064044952393,-1.2458961009979248,0.6903381943702698,5936.0,5936.0
0.021965840831398964,-5.303844451904297,-1.2489064931869507,0.6901310682296753,5940.0,5940.0
0.01957116462290287,-5.30545711517334,-1.2493584156036377,0.6899240016937256,5944.0,5944.0
0.0432305708527565,-5.3067121505737305,-1.2510416507720947,0.6897169351577759,5948.0,5948.0
0.032326243817806244,-5.297810077667236,-1.2503169775009155,0.6895099878311157,5952.0,5952.0
0.022593438625335693,-5.290391445159912,-1.2504618167877197,0.6893031001091003,5956.0,5956.0
0.03100666031241417,-5.304479598999023,-1.2521157264709473,0.6890963315963745,5960.0,5960.0
0.01504787802696228,-5.3046674728393555,-1.25558602809906,0.6888895034790039,5964.0,5964.0
0.030036646872758865,-5.298730850219727,-1.254195213317871,0.6886828541755676,5968.0,5968.0
0.019812777638435364,-5.29955530166626,-1.2568217515945435,0.6884762048721313,5972.0,5972.0
0.026567399501800537,-5.300065994262695,-1.249342441558838,0.6882697343826294,5976.0,5976.0
0.026549648493528366,-5.326913356781006,-1.2616400718688965,0.6880632638931274,5980.0,5980.0
0.0192573182284832,-5.317762851715088,-1.2493854761123657,0.6878570318222046,5984.0,5984.0
0.027923356741666794,-5.325122833251953,-1.255079984664917,0.6876508593559265,5988.0,5988.0
0.030665701255202293,-5.33381462097168,-1.2629817724227905,0.6874447464942932,5992.0,5992.0
0.017112404108047485,-5.309198379516602,-1.2588812112808228,0.6872386932373047,5996.0,5996.0
0.018830977380275726,-5.293972969055176,-1.2596546411514282,0.6870327591896057,6000.0,6000.0
0.050728604197502136,-5.300233840942383,-1.265101671218872,0.6868268251419067,6004.0,6004.0
0.039477407932281494,-5.3039984703063965,-1.2645349502563477,0.6866209506988525,6008.0,6008.0
0.041732192039489746,-5.32718563079834,-1.2636348009109497,0.6864151358604431,6012.0,6012.0
0.036719053983688354,-5.349488735198975,-1.266786813735962,0.6862093210220337,6016.0,6016.0
0.0318833664059639,-5.357913494110107,-1.2671339511871338,0.6860036849975586,6020.0,6020.0
0.020529046654701233,-5.344747543334961,-1.2693614959716797,0.6857979893684387,6024.0,6024.0
0.02211219072341919,-5.321108818054199,-1.267132043838501,0.6855924129486084,6028.0,6028.0
0.02920079603791237,-5.316957473754883,-1.2691656351089478,0.6853868961334229,6032.0,6032.0
0.017218707129359245,-5.330290794372559,-1.2717151641845703,0.6851814389228821,6036.0,6036.0
0.027847951278090477,-5.313748836517334,-1.2691229581832886,0.6849761009216309,6040.0,6040.0
0.02826479822397232,-5.339942455291748,-1.2770099639892578,0.6847707033157349,6044.0,6044.0
0.02299777790904045,-5.3593058586120605,-1.2779343128204346,0.6845653057098389,6048.0,6048.0
0.019617993384599686,-5.347012996673584,-1.2731943130493164,0.6843600273132324,6052.0,6052.0
0.02589135430753231,-5.350081920623779,-1.2743918895721436,0.6841548681259155,6056.0,6056.0
0.04011297971010208,-5.350465297698975,-1.2780848741531372,0.6839497685432434,6060.0,6060.0
0.024916278198361397,-5.3554911613464355,-1.2818918228149414,0.6837446689605713,6064.0,6064.0
0.017345529049634933,-5.34461784362793,-1.2799056768417358,0.6835395693778992,6068.0,6068.0
0.026544082909822464,-5.343599796295166,-1.2787327766418457,0.6833345890045166,6072.0,6072.0
0.01565910503268242,-5.355660438537598,-1.2840856313705444,0.6831296682357788,6076.0,6076.0
0.020950667560100555,-5.340935707092285,-1.2782033681869507,0.6829248070716858,6080.0,6080.0
0.020768126472830772,-5.371759414672852,-1.2860814332962036,0.6827199459075928,6084.0,6084.0
0.0246693454682827,-5.373011112213135,-1.2871520519256592,0.6825151443481445,6088.0,6088.0
0.036789968609809875,-5.373922824859619,-1.288295030593872,0.6823104023933411,6092.0,6092.0
0.02012338861823082,-5.374898910522461,-1.2866777181625366,0.6821056604385376,6096.0,6096.0
0.03767915815114975,-5.368093967437744,-1.2820062637329102,0.6819011569023132,6100.0,6100.0
0.02917572483420372,-5.389660835266113,-1.2946693897247314,0.6816965341567993,6104.0,6104.0
0.019824955612421036,-5.380867958068848,-1.2939444780349731,0.6814919710159302,6108.0,6108.0
0.02611156553030014,-5.377058982849121,-1.294198751449585,0.681287407875061,6112.0,6112.0
0.031568966805934906,-5.3778910636901855,-1.2931748628616333,0.6810828447341919,6116.0,6116.0
0.01790837198495865,-5.378079414367676,-1.2929980754852295,0.6808784604072571,6120.0,6120.0
0.016862910240888596,-5.38507604598999,-1.2957438230514526,0.6806740760803223,6124.0,6124.0
0.022838003933429718,-5.375856399536133,-1.2911741733551025,0.680469810962677,6128.0,6128.0
0.021768657490611076,-5.397466659545898,-1.2955787181854248,0.6802656054496765,6132.0,6132.0
0.03212513029575348,-5.399428367614746,-1.2940728664398193,0.6800615787506104,6136.0,6136.0
0.021493125706911087,-5.406784534454346,-1.2977489233016968,0.6798575520515442,6140.0,6140.0
0.02067781239748001,-5.395233154296875,-1.2987425327301025,0.6796536445617676,6144.0,6144.0
0.03625504672527313,-5.392042636871338,-1.2987258434295654,0.6794497966766357,6148.0,6148.0
0.018557732924818993,-5.3867902755737305,-1.303904414176941,0.6792459487915039,6152.0,6152.0
0.03436717391014099,-5.376114845275879,-1.2996468544006348,0.6790422201156616,6156.0,6156.0
0.023293694481253624,-5.410944938659668,-1.313784122467041,0.678838312625885,6160.0,6160.0
0.02021493948996067,-5.395761489868164,-1.3037481307983398,0.678634524345398,6164.0,6164.0
0.020055433735251427,-5.414121150970459,-1.3046507835388184,0.6784308552742004,6168.0,6168.0
0.01978057250380516,-5.419584274291992,-1.3037406206130981,0.6782273054122925,6172.0,6172.0
0.026228874921798706,-5.408327579498291,-1.3039206266403198,0.6780238151550293,6176.0,6176.0
0.020675495266914368,-5.396363258361816,-1.3001631498336792,0.6778205633163452,6180.0,6180.0
0.023873843252658844,-5.397970199584961,-1.309906005859375,0.6776173114776611,6184.0,6184.0
0.026396561414003372,-5.3906402587890625,-1.3097140789031982,0.6774141192436218,6188.0,6188.0
0.02205275371670723,-5.380893707275391,-1.3064647912979126,0.6772110462188721,6192.0,6192.0
0.01808258332312107,-5.396669864654541,-1.3099327087402344,0.6770080327987671,6196.0,6196.0
0.02015526592731476,-5.412849426269531,-1.3128790855407715,0.6768051385879517,6200.0,6200.0
0.03325992822647095,-5.446201801300049,-1.3209872245788574,0.6766021251678467,6204.0,6204.0
0.020265938714146614,-5.440673828125,-1.3216252326965332,0.6763991117477417,6208.0,6208.0
0.015935206785798073,-5.422872543334961,-1.3156342506408691,0.6761961579322815,6212.0,6212.0
0.022670377045869827,-5.417799949645996,-1.3198628425598145,0.6759932041168213,6216.0,6216.0
0.025921214371919632,-5.422165870666504,-1.323385238647461,0.6757903099060059,6220.0,6220.0
0.021050123497843742,-5.402902126312256,-1.3165817260742188,0.6755874752998352,6224.0,6224.0
0.03867604583501816,-5.418579578399658,-1.3184813261032104,0.6753847599029541,6228.0,6228.0
0.016797304153442383,-5.441903114318848,-1.3292862176895142,0.6751819849014282,6232.0,6232.0
0.021163247525691986,-5.433229923248291,-1.3213207721710205,0.6749793291091919,6236.0,6236.0
0.024555101990699768,-5.42832088470459,-1.3152371644973755,0.6747767925262451,6240.0,6240.0
0.030345097184181213,-5.4434895515441895,-1.3198506832122803,0.6745744347572327,6244.0,6244.0
0.019439304247498512,-5.4450483322143555,-1.3224862813949585,0.6743721961975098,6248.0,6248.0
0.06062237173318863,-5.440027236938477,-1.3218920230865479,0.6741700172424316,6252.0,6252.0
0.03238897770643234,-5.442134380340576,-1.32523775100708,0.6739679574966431,6256.0,6256.0
0.018849875777959824,-5.4425272941589355,-1.3307604789733887,0.6737658977508545,6260.0,6260.0
0.0394899919629097,-5.454523086547852,-1.3358213901519775,0.6735637784004211,6264.0,6264.0
0.017647670581936836,-5.447551727294922,-1.3315659761428833,0.6733616590499878,6268.0,6268.0
0.020218990743160248,-5.45172119140625,-1.3337817192077637,0.6731595993041992,6272.0,6272.0
0.027614984661340714,-5.4686737060546875,-1.338181495666504,0.6729575395584106,6276.0,6276.0
0.023784857243299484,-5.457785606384277,-1.3278858661651611,0.6727556586265564,6280.0,6280.0
0.02474486455321312,-5.467669486999512,-1.3342103958129883,0.6725537776947021,6284.0,6284.0
0.017731904983520508,-5.465361595153809,-1.333033800125122,0.6723520755767822,6288.0,6288.0
0.026216164231300354,-5.465826511383057,-1.3399618864059448,0.6721503138542175,6292.0,6292.0
0.02731197513639927,-5.445798397064209,-1.3376277685165405,0.6719486117362976,6296.0,6296.0
0.040473565459251404,-5.434548377990723,-1.3286128044128418,0.6717471480369568,6300.0,6300.0
0.027273638173937798,-5.463854789733887,-1.342966914176941,0.671545684337616,6304.0,6304.0
0.029029052704572678,-5.493581771850586,-1.3443574905395508,0.6713442206382751,6308.0,6308.0
0.020096490159630775,-5.487868309020996,-1.3414870500564575,0.6711428165435791,6312.0,6312.0
0.025950025767087936,-5.471198081970215,-1.341059923171997,0.6709414720535278,6316.0,6316.0
0.024955201894044876,-5.455763339996338,-1.3411591053009033,0.6707402467727661,6320.0,6320.0
0.035854484885931015,-5.459188938140869,-1.3411400318145752,0.670539140701294,6324.0,6324.0
0.0247139073908329,-5.466672897338867,-1.3476887941360474,0.6703380346298218,6328.0,6328.0
0.01749667525291443,-5.471550464630127,-1.3430129289627075,0.6701370477676392,6332.0,6332.0
0.02855723723769188,-5.48776912689209,-1.348313331604004,0.6699360609054565,6336.0,6336.0
0.021755743771791458,-5.493152141571045,-1.3478765487670898,0.6697351932525635,6340.0,6340.0
0.04011160135269165,-5.498753547668457,-1.3500701189041138,0.6695343255996704,6344.0,6344.0
0.029324818402528763,-5.4950971603393555,-1.3491370677947998,0.6693335771560669,6348.0,6348.0
0.02269696071743965,-5.500289440155029,-1.3584892749786377,0.6691327095031738,6352.0,6352.0
0.02457488887012005,-5.486737251281738,-1.3480638265609741,0.6689320206642151,6356.0,6356.0
0.019593341276049614,-5.480991363525391,-1.3496662378311157,0.6687314510345459,6360.0,6360.0
0.022514674812555313,-5.487926959991455,-1.3536416292190552,0.6685309410095215,6364.0,6364.0
0.0150787103921175,-5.495882987976074,-1.3544721603393555,0.6683304309844971,6368.0,6368.0
0.020031379535794258,-5.498232841491699,-1.3582673072814941,0.6681300401687622,6372.0,6372.0
0.01747577264904976,-5.506217956542969,-1.358851432800293,0.6679296493530273,6376.0,6376.0
0.017758365720510483,-5.508410930633545,-1.36163330078125,0.6677292585372925,6380.0,6380.0
0.033607117831707,-5.524265289306641,-1.3725481033325195,0.6675287485122681,6384.0,6384.0
0.022991333156824112,-5.509941577911377,-1.3651338815689087,0.6673282980918884,6388.0,6388.0
0.018855703994631767,-5.503364562988281,-1.3607760667800903,0.6671279072761536,6392.0,6392.0
0.025286918506026268,-5.51997709274292,-1.3693815469741821,0.6669275164604187,6396.0,6396.0
0.02284720540046692,-5.519994258880615,-1.3692574501037598,0.6667270660400391,6400.0,6400.0
0.03737872838973999,-5.509105682373047,-1.3603317737579346,0.6665268540382385,6404.0,6404.0
0.021285535767674446,-5.523838043212891,-1.3674683570861816,0.666326642036438,6408.0,6408.0
0.026809990406036377,-5.515113830566406,-1.3625073432922363,0.6661266088485718,6412.0,6412.0
0.02741602621972561,-5.50205135345459,-1.3633822202682495,0.6659267544746399,6416.0,6416.0
0.021287277340888977,-5.502957344055176,-1.3657406568527222,0.6657269597053528,6420.0,6420.0
0.04499299079179764,-5.507714748382568,-1.3655989170074463,0.6655272841453552,6424.0,6424.0
0.02870648354291916,-5.519008636474609,-1.363621711730957,0.665327787399292,6428.0,6428.0
0.03018276020884514,-5.539438247680664,-1.375910997390747,0.6651282906532288,6432.0,6432.0
0.017293237149715424,-5.551304340362549,-1.3769724369049072,0.6649287343025208,6436.0,6436.0
0.020202629268169403,-5.542764186859131,-1.3797258138656616,0.6647291779518127,6440.0,6440.0
0.03498140722513199,-5.526894569396973,-1.374758005142212,0.6645296812057495,6444.0,6444.0
0.02361689694225788,-5.526274681091309,-1.379945993423462,0.664330244064331,6448.0,6448.0
0.025448577478528023,-5.518280982971191,-1.373191475868225,0.6641308665275574,6452.0,6452.0
0.02409488707780838,-5.556909561157227,-1.3814928531646729,0.6639314889907837,6456.0,6456.0
0.022720113396644592,-5.555612564086914,-1.3798432350158691,0.6637322306632996,6460.0,6460.0
0.03405597805976868,-5.567590713500977,-1.3800456523895264,0.6635330319404602,6464.0,6464.0
0.01941637694835663,-5.576897144317627,-1.3900730609893799,0.6633337736129761,6468.0,6468.0
0.041197191923856735,-5.569921970367432,-1.3839951753616333,0.6631345152854919,6472.0,6472.0
0.026242032647132874,-5.546079635620117,-1.376739263534546,0.6629354953765869,6476.0,6476.0
0.021550383418798447,-5.5542168617248535,-1.386582374572754,0.6627364158630371,6480.0,6480.0
0.022684667259454727,-5.548412322998047,-1.387378215789795,0.6625374555587769,6484.0,6484.0
0.022538958117365837,-5.538751602172852,-1.38267982006073,0.6623386144638062,6488.0,6488.0
0.02874494343996048,-5.556698322296143,-1.3938244581222534,0.6621397733688354,6492.0,6492.0
0.0201198011636734,-5.552040100097656,-1.3836145401000977,0.6619409918785095,6496.0,6496.0
0.02086116187274456,-5.5563063621521,-1.3883825540542603,0.6617423295974731,6500.0,6500.0
0.01677553541958332,-5.563711166381836,-1.3879855871200562,0.6615437865257263,6504.0,6504.0
0.02956029772758484,-5.560886383056641,-1.3891441822052002,0.6613453030586243,6508.0,6508.0
0.023977797478437424,-5.565281867980957,-1.3936965465545654,0.661146879196167,6512.0,6512.0
0.032124608755111694,-5.559597015380859,-1.39308762550354,0.6609485149383545,6516.0,6516.0
0.019497748464345932,-5.562275409698486,-1.3937526941299438,0.6607502102851868,6520.0,6520.0
0.015714537352323532,-5.571779251098633,-1.3981072902679443,0.660551905632019,6524.0,6524.0
0.025259021669626236,-5.562769412994385,-1.396080493927002,0.6603536605834961,6528.0,6528.0
0.027589337900280952,-5.566250801086426,-1.3965240716934204,0.6601555347442627,6532.0,6532.0
0.02586406096816063,-5.5863471031188965,-1.4046881198883057,0.6599574089050293,6536.0,6536.0
0.02589845284819603,-5.568588733673096,-1.390855312347412,0.6597594022750854,6540.0,6540.0
0.0317547507584095,-5.5632243156433105,-1.393736720085144,0.6595615148544312,6544.0,6544.0
0.02379029057919979,-5.571345329284668,-1.4025003910064697,0.6593637466430664,6548.0,6548.0
0.02072521299123764,-5.584600925445557,-1.4073302745819092,0.6591659188270569,6552.0,6552.0
0.027737703174352646,-5.57213020324707,-1.3989160060882568,0.6589682102203369,6556.0,6556.0
0.0209711492061615,-5.571676254272461,-1.3962063789367676,0.6587706804275513,6560.0,6560.0
0.018658887594938278,-5.588580131530762,-1.4101229906082153,0.6585731506347656,6564.0,6564.0
0.026302514597773552,-5.593371391296387,-1.4080934524536133,0.65837562084198,6568.0,6568.0
0.017712999135255814,-5.603529453277588,-1.412360429763794,0.6581780314445496,6572.0,6572.0
0.03154768422245979,-5.605046272277832,-1.4140733480453491,0.6579804420471191,6576.0,6576.0
0.018241826444864273,-5.589352607727051,-1.4082177877426147,0.6577829718589783,6580.0,6580.0
0.019864877685904503,-5.601850509643555,-1.419616937637329,0.6575854420661926,6584.0,6584.0
0.021538376808166504,-5.600799083709717,-1.4135372638702393,0.6573879718780518,6588.0,6588.0
0.01915009692311287,-5.592452526092529,-1.4124407768249512,0.6571905612945557,6592.0,6592.0
0.022443169727921486,-5.61911153793335,-1.4191654920578003,0.6569931507110596,6596.0,6596.0
0.017059389501810074,-5.613320350646973,-1.4165332317352295,0.6567957401275635,6600.0,6600.0
0.028714045882225037,-5.624013423919678,-1.4111621379852295,0.6565985679626465,6604.0,6604.0
0.021569063887000084,-5.625894546508789,-1.416851282119751,0.6564013957977295,6608.0,6608.0
0.041076239198446274,-5.608617782592773,-1.4142504930496216,0.6562044024467468,6612.0,6612.0
0.02538059838116169,-5.619447708129883,-1.4197072982788086,0.6560074090957642,6616.0,6616.0
0.02241360768675804,-5.604508876800537,-1.422008991241455,0.6558104753494263,6620.0,6620.0
0.031076598912477493,-5.604818344116211,-1.424943208694458,0.6556135416030884,6624.0,6624.0
0.01760820671916008,-5.614469051361084,-1.4256559610366821,0.6554166078567505,6628.0,6628.0
0.017580557614564896,-5.601895332336426,-1.4188473224639893,0.6552198529243469,6632.0,6632.0
0.023432839661836624,-5.614498615264893,-1.4215147495269775,0.6550231575965881,6636.0,6636.0
0.022761879488825798,-5.634421348571777,-1.424930214881897,0.6548265814781189,6640.0,6640.0
0.02084423042833805,-5.6306867599487305,-1.4257316589355469,0.6546300053596497,6644.0,6644.0
0.01677168905735016,-5.624248504638672,-1.4250354766845703,0.65443354845047,6648.0,6648.0
0.01669193059206009,-5.6201171875,-1.4261558055877686,0.6542372107505798,6652.0,6652.0
0.01602422073483467,-5.629338264465332,-1.4311273097991943,0.6540408134460449,6656.0,6656.0
0.03965682163834572,-5.615004539489746,-1.4247676134109497,0.6538445949554443,6660.0,6660.0
0.0345853753387928,-5.629986763000488,-1.4305540323257446,0.6536484956741333,6664.0,6664.0
0.032084062695503235,-5.629802227020264,-1.4284586906433105,0.6534523963928223,6668.0,6668.0
0.03551749140024185,-5.643670082092285,-1.4336504936218262,0.6532564163208008,6672.0,6672.0
0.031434398144483566,-5.658402442932129,-1.4349615573883057,0.6530604362487793,6676.0,6676.0
0.02340129017829895,-5.663757801055908,-1.4484217166900635,0.6528643369674683,6680.0,6680.0
0.023737076669931412,-5.627255916595459,-1.4292112588882446,0.6526683568954468,6684.0,6684.0
0.026209400966763496,-5.634084701538086,-1.4397282600402832,0.6524724364280701,6688.0,6688.0
0.03300228714942932,-5.624627113342285,-1.433443307876587,0.6522766351699829,6692.0,6692.0
0.023297810927033424,-5.6270928382873535,-1.439488410949707,0.6520808935165405,6696.0,6696.0
0.030433252453804016,-5.644346237182617,-1.444054365158081,0.6518852114677429,6700.0,6700.0
0.0228947214782238,-5.663926124572754,-1.4454023838043213,0.6516894698143005,6704.0,6704.0
0.02791503071784973,-5.676419734954834,-1.4408912658691406,0.6514938473701477,6708.0,6708.0
0.03731238842010498,-5.67845344543457,-1.4415417909622192,0.6512982845306396,6712.0,6712.0
0.01817232184112072,-5.666267395019531,-1.4355459213256836,0.6511029005050659,6716.0,6716.0
0.01840420812368393,-5.66760778427124,-1.4490630626678467,0.6509075164794922,6720.0,6720.0
0.017733652144670486,-5.628093719482422,-1.4376819133758545,0.6507123708724976,6724.0,6724.0
0.020415980368852615,-5.646215915679932,-1.452967882156372,0.6505171060562134,6728.0,6728.0
0.01688866689801216,-5.637295722961426,-1.4458119869232178,0.6503219604492188,6732.0,6732.0
0.02098408341407776,-5.654783725738525,-1.4540143013000488,0.6501268148422241,6736.0,6736.0
0.018358949571847916,-5.666805744171143,-1.4506580829620361,0.6499316692352295,6740.0,6740.0
0.02553393319249153,-5.681461334228516,-1.4552175998687744,0.6497365832328796,6744.0,6744.0
0.01895899698138237,-5.680909633636475,-1.4493539333343506,0.6495415568351746,6748.0,6748.0
0.026849787682294846,-5.679255962371826,-1.4516392946243286,0.649346649646759,6752.0,6752.0
0.027858877554535866,-5.675629138946533,-1.4519997835159302,0.6491518020629883,6756.0,6756.0
0.017772160470485687,-5.67014217376709,-1.461675763130188,0.6489569544792175,6760.0,6760.0
0.029393840581178665,-5.652993202209473,-1.4594193696975708,0.6487621068954468,6764.0,6764.0
0.025259364396333694,-5.654059410095215,-1.4551985263824463,0.6485673785209656,6768.0,6768.0
0.026589512825012207,-5.671760559082031,-1.4571223258972168,0.6483726501464844,6772.0,6772.0
0.024042069911956787,-5.695318698883057,-1.462185025215149,0.6481780409812927,6776.0,6776.0
0.017713643610477448,-5.7069993019104,-1.4637972116470337,0.6479834318161011,6780.0,6780.0
0.019365301355719566,-5.68488883972168,-1.4528088569641113,0.6477890014648438,6784.0,6784.0
0.025917813181877136,-5.687970161437988,-1.462531328201294,0.6475946307182312,6788.0,6788.0
0.017106886953115463,-5.686707496643066,-1.4667354822158813,0.6474002599716187,6792.0,6792.0
0.016897927969694138,-5.664821147918701,-1.4592041969299316,0.6472060084342957,6796.0,6796.0
0.022679675370454788,-5.67193078994751,-1.4655795097351074,0.6470118165016174,6800.0,6800.0
0.026148993521928787,-5.691299915313721,-1.465832233428955,0.646817684173584,6804.0,6804.0
0.03167117387056351,-5.703000545501709,-1.4635590314865112,0.6466236710548401,6808.0,6808.0
0.022379321977496147,-5.705973148345947,-1.4648284912109375,0.646429717540741,6812.0,6812.0
0.022495094686746597,-5.723003387451172,-1.474719524383545,0.6462357640266418,6816.0,6816.0
0.016830695793032646,-5.717858791351318,-1.478554129600525,0.646041750907898,6820.0,6820.0
0.031454898416996,-5.684826850891113,-1.4673019647598267,0.6458479166030884,6824.0,6824.0
0.029606521129608154,-5.690079689025879,-1.4702444076538086,0.6456540822982788,6828.0,6828.0
0.019247081130743027,-5.676860809326172,-1.4646868705749512,0.6454604864120483,6832.0,6832.0
0.018814314156770706,-5.697243690490723,-1.4726049900054932,0.6452669501304626,6836.0,6836.0
0.016189582645893097,-5.709555149078369,-1.471714973449707,0.6450734734535217,6840.0,6840.0
0.028961829841136932,-5.730524063110352,-1.4779646396636963,0.6448800563812256,6844.0,6844.0
0.020679906010627747,-5.728324890136719,-1.4761521816253662,0.6446866393089294,6848.0,6848.0
0.01569235324859619,-5.704929828643799,-1.4738428592681885,0.6444934010505676,6852.0,6852.0
0.03228837251663208,-5.699561595916748,-1.4781138896942139,0.6443001627922058,6856.0,6856.0
0.02187085524201393,-5.725830554962158,-1.4841270446777344,0.6441069841384888,6860.0,6860.0
0.05173161253333092,-5.7171831130981445,-1.4739335775375366,0.6439138650894165,6864.0,6864.0
0.01797746866941452,-5.734494209289551,-1.4842665195465088,0.643720805644989,6868.0,6868.0
0.02373403310775757,-5.718457221984863,-1.4821518659591675,0.6435278058052063,6872.0,6872.0
0.037560462951660156,-5.731854438781738,-1.484593391418457,0.6433348655700684,6876.0,6876.0
0.020530518144369125,-5.750925064086914,-1.4965484142303467,0.6431417465209961,6880.0,6880.0
0.025872983038425446,-5.716485500335693,-1.4795818328857422,0.6429488658905029,6884.0,6884.0
0.023983243852853775,-5.720851898193359,-1.4890695810317993,0.6427559852600098,6888.0,6888.0
0.026872966438531876,-5.70853328704834,-1.4849600791931152,0.6425631642341614,6892.0,6892.0
0.023163365200161934,-5.732970237731934,-1.4961965084075928,0.642370343208313,6896.0,6896.0
0.03014761209487915,-5.737481594085693,-1.4950473308563232,0.6421775221824646,6900.0,6900.0
0.023004960268735886,-5.734409332275391,-1.4911408424377441,0.641984760761261,6904.0,6904.0
0.020807024091482162,-5.758257865905762,-1.4929213523864746,0.6417920589447021,6908.0,6908.0
0.0240367092192173,-5.739404201507568,-1.4928312301635742,0.6415994763374329,6912.0,6912.0
0.026521854102611542,-5.745916366577148,-1.500004529953003,0.6414068341255188,6916.0,6916.0
0.02941691130399704,-5.745800018310547,-1.491844892501831,0.6412143111228943,6920.0,6920.0
0.01689663901925087,-5.7541351318359375,-1.4978419542312622,0.6410218477249146,6924.0,6924.0
0.020998401567339897,-5.747165203094482,-1.4976388216018677,0.6408294439315796,6928.0,6928.0
0.024794068187475204,-5.756428241729736,-1.5040229558944702,0.6406370401382446,6932.0,6932.0
0.021445514634251595,-5.735336780548096,-1.4970718622207642,0.6404447555541992,6936.0,6936.0
0.01574999839067459,-5.7373151779174805,-1.5064337253570557,0.640252411365509,6940.0,6940.0
0.01906087063252926,-5.741777420043945,-1.5022211074829102,0.6400601863861084,6944.0,6944.0
0.023123018443584442,-5.744785308837891,-1.5012953281402588,0.6398680210113525,6948.0,6948.0
0.016526851803064346,-5.761108875274658,-1.5041998624801636,0.6396759152412415,6952.0,6952.0
0.015233134850859642,-5.776030540466309,-1.5072102546691895,0.6394838690757751,6956.0,6956.0
0.024360913783311844,-5.782052516937256,-1.5100877285003662,0.6392917633056641,6960.0,6960.0
0.022653549909591675,-5.774679183959961,-1.5089629888534546,0.6390997767448425,6964.0,6964.0
0.021344874054193497,-5.754825115203857,-1.5038570165634155,0.6389079093933105,6968.0,6968.0
0.01963011361658573,-5.761752128601074,-1.5125243663787842,0.6387160420417786,6972.0,6972.0
0.027049677446484566,-5.768143177032471,-1.5135174989700317,0.6385242342948914,6976.0,6976.0
0.038447752594947815,-5.771744728088379,-1.5080997943878174,0.6383324861526489,6980.0,6980.0
0.017097361385822296,-5.759885311126709,-1.509084701538086,0.638140857219696,6984.0,6984.0
0.01564258337020874,-5.783616065979004,-1.5197224617004395,0.6379492282867432,6988.0,6988.0
0.019918888807296753,-5.753167152404785,-1.5051848888397217,0.6377577781677246,6992.0,6992.0
0.036548011004924774,-5.775744438171387,-1.5187404155731201,0.637566328048706,6996.0,6996.0
0.03121005930006504,-5.774868011474609,-1.5110901594161987,0.637374997138977,7000.0,7000.0
0.03252795338630676,-5.787291049957275,-1.51846182346344,0.6371837258338928,7004.0,7004.0
0.02011037990450859,-5.78216552734375,-1.5158888101577759,0.6369925141334534,7008.0,7008.0
0.016483111307024956,-5.7684454917907715,-1.5154938697814941,0.6368014216423035,7012.0,7012.0
0.018893659114837646,-5.773339748382568,-1.522123098373413,0.6366103291511536,7016.0,7016.0
0.017016997560858727,-5.772984027862549,-1.52530837059021,0.6364192366600037,7020.0,7020.0
0.03175830841064453,-5.771454334259033,-1.5180002450942993,0.6362282633781433,7024.0,7024.0
0.017377424985170364,-5.7773637771606445,-1.5166089534759521,0.6360374689102173,7028.0,7028.0
0.016460316255688667,-5.77882194519043,-1.515303134918213,0.635846734046936,7032.0,7032.0
0.019773004576563835,-5.8136186599731445,-1.5401909351348877,0.63565593957901,7036.0,7036.0
0.015805071219801903,-5.796545028686523,-1.5202374458312988,0.6354652643203735,7040.0,7040.0
0.028867851942777634,-5.814495086669922,-1.5328288078308105,0.6352745294570923,7044.0,7044.0
0.018750714138150215,-5.802761554718018,-1.5277677774429321,0.6350839138031006,7048.0,7048.0
0.04045654833316803,-5.793164253234863,-1.5245137214660645,0.6348933577537537,7052.0,7052.0
0.014725384302437305,-5.803834915161133,-1.5320749282836914,0.6347028613090515,7056.0,7056.0
0.023642132058739662,-5.78436803817749,-1.521648645401001,0.6345125436782837,7060.0,7060.0
0.017963673919439316,-5.79029655456543,-1.5260379314422607,0.6343222856521606,7064.0,7064.0
0.014232631772756577,-5.796620845794678,-1.5377280712127686,0.6341320276260376,7068.0,7068.0
0.018908552825450897,-5.794397830963135,-1.5311927795410156,0.6339418888092041,7072.0,7072.0
0.021412257105112076,-5.807302951812744,-1.5403621196746826,0.6337517499923706,7076.0,7076.0
0.01685337722301483,-5.809479713439941,-1.5370147228240967,0.6335616111755371,7080.0,7080.0
0.016271671280264854,-5.816567897796631,-1.538217544555664,0.6333715319633484,7084.0,7084.0
0.021940916776657104,-5.816421985626221,-1.5317000150680542,0.6331815719604492,7088.0,7088.0
0.021605603396892548,-5.83223295211792,-1.548288106918335,0.6329915523529053,7092.0,7092.0
0.03833130747079849,-5.810283660888672,-1.5360966920852661,0.6328015923500061,7096.0,7096.0
0.017447222024202347,-5.825952529907227,-1.5454400777816772,0.6326116919517517,7100.0,7100.0
0.028975723311305046,-5.827171802520752,-1.549433708190918,0.6324217319488525,7104.0,7104.0
0.0262310691177845,-5.812195777893066,-1.5424362421035767,0.6322318911552429,7108.0,7108.0
0.01926807127892971,-5.820657730102539,-1.5497418642044067,0.6320420503616333,7112.0,7112.0
0.022399500012397766,-5.817556381225586,-1.53729248046875,0.6318523287773132,7116.0,7116.0
0.03226558119058609,-5.825130939483643,-1.5445038080215454,0.6316627264022827,7120.0,7120.0
0.019440218806266785,-5.84299373626709,-1.5497552156448364,0.6314731240272522,7124.0,7124.0
0.03070526197552681,-5.860709190368652,-1.556748867034912,0.6312835216522217,7128.0,7128.0
0.027750328183174133,-5.8608174324035645,-1.5558733940124512,0.6310938596725464,7132.0,7132.0
0.01911865919828415,-5.825558662414551,-1.5455868244171143,0.6309043765068054,7136.0,7136.0
0.02856716513633728,-5.821588039398193,-1.5500625371932983,0.6307149529457092,7140.0,7140.0
0.038255032151937485,-5.807855129241943,-1.546457290649414,0.6305256485939026,7144.0,7144.0
0.021114878356456757,-5.816068649291992,-1.5513781309127808,0.6303364634513855,7148.0,7148.0
0.037943966686725616,-5.833312511444092,-1.5550816059112549,0.6301473379135132,7152.0,7152.0
0.0217791385948658,-5.845707416534424,-1.5514901876449585,0.6299582719802856,7156.0,7156.0
0.022629059851169586,-5.860356330871582,-1.5595736503601074,0.6297692060470581,7160.0,7160.0
0.021306801587343216,-5.835729122161865,-1.5433167219161987,0.6295804381370544,7164.0,7164.0
0.024137597531080246,-5.853431224822998,-1.566361427307129,0.6293915510177612,7168.0,7168.0
0.0175480954349041,-5.833096027374268,-1.5577294826507568,0.6292027831077576,7172.0,7172.0
0.025522872805595398,-5.827537536621094,-1.5499987602233887,0.6290141344070435,7176.0,7176.0
0.01930626481771469,-5.835236072540283,-1.5509202480316162,0.6288256645202637,7180.0,7180.0
0.0222034715116024,-5.8577165603637695,-1.5619670152664185,0.6286372542381287,7184.0,7184.0
0.019729210063815117,-5.853919506072998,-1.563960075378418,0.6284488439559937,7188.0,7188.0
0.019764132797718048,-5.847127914428711,-1.5543006658554077,0.628260612487793,7192.0,7192.0
0.0221673883497715,-5.853211879730225,-1.560941457748413,0.6280723810195923,7196.0,7196.0
0.023384064435958862,-5.851531505584717,-1.5677533149719238,0.6278842687606812,7200.0,7200.0
0.028980989009141922,-5.842875957489014,-1.5636343955993652,0.62769615650177,7204.0,7204.0
0.01937982067465782,-5.8604655265808105,-1.5760412216186523,0.6275079846382141,7208.0,7208.0
0.019831458106637,-5.854188919067383,-1.5680238008499146,0.627319872379303,7212.0,7212.0
0.020544152706861496,-5.864987373352051,-1.5728631019592285,0.6271317601203918,7216.0,7216.0
0.020226936787366867,-5.864966869354248,-1.5721054077148438,0.6269437074661255,7220.0,7220.0
0.022371750324964523,-5.856121063232422,-1.5677140951156616,0.6267557144165039,7224.0,7224.0
0.01994778960943222,-5.867696762084961,-1.5766000747680664,0.6265677809715271,7228.0,7228.0
0.01745770499110222,-5.86109733581543,-1.571514368057251,0.6263799071311951,7232.0,7232.0
0.02084730565547943,-5.859956741333008,-1.5736528635025024,0.6261920928955078,7236.0,7236.0
0.024348393082618713,-5.850790977478027,-1.577280879020691,0.6260042786598206,7240.0,7240.0
0.02807336114346981,-5.861815452575684,-1.5804628133773804,0.6258165240287781,7244.0,7244.0
0.027731282636523247,-5.880807876586914,-1.5807571411132812,0.6256287693977356,7248.0,7248.0
0.021015729755163193,-5.8807759284973145,-1.5785717964172363,0.6254410743713379,7252.0,7252.0
0.0159678366035223,-5.87934684753418,-1.5807323455810547,0.625253438949585,7256.0,7256.0
0.017886262387037277,-5.873357772827148,-1.5826830863952637,0.6250658631324768,7260.0,7260.0
0.018455684185028076,-5.866326332092285,-1.5748597383499146,0.6248784065246582,7264.0,7264.0
0.015929467976093292,-5.87459659576416,-1.581170916557312,0.6246910095214844,7268.0,7268.0
0.03146843612194061,-5.881009101867676,-1.5865998268127441,0.6245036721229553,7272.0,7272.0
0.018787192180752754,-5.878496170043945,-1.5778764486312866,0.6243164539337158,7276.0,7276.0
0.027724849060177803,-5.903587818145752,-1.5879607200622559,0.6241292357444763,7280.0,7280.0
0.020919395610690117,-5.907513618469238,-1.5901741981506348,0.6239420771598816,7284.0,7284.0
0.018122365698218346,-5.892367362976074,-1.5873496532440186,0.6237549185752869,7288.0,7288.0
0.030835725367069244,-5.891152381896973,-1.579560399055481,0.6235679388046265,7292.0,7292.0
0.01740521378815174,-5.877458095550537,-1.586072564125061,0.6233810782432556,7296.0,7296.0
0.020817959681153297,-5.881016731262207,-1.5931406021118164,0.6231942176818848,7300.0,7300.0
0.024940211325883865,-5.872768878936768,-1.5841999053955078,0.6230075359344482,7304.0,7304.0
0.02025865763425827,-5.905017852783203,-1.5925551652908325,0.6228208541870117,7308.0,7308.0
0.024309474974870682,-5.909928798675537,-1.5872390270233154,0.62263423204422,7312.0,7312.0
0.031803928315639496,-5.911880016326904,-1.5956635475158691,0.6224477291107178,7316.0,7316.0
0.017870226874947548,-5.909204959869385,-1.5917924642562866,0.6222612261772156,7320.0,7320.0
0.01930941827595234,-5.896813869476318,-1.592909812927246,0.6220748424530029,7324.0,7324.0
0.019117511808872223,-5.8831377029418945,-1.5942872762680054,0.6218885183334351,7328.0,7328.0
0.022832728922367096,-5.882307529449463,-1.598421573638916,0.621702253818512,7332.0,7332.0
0.016640078276395798,-5.883712291717529,-1.5946441888809204,0.6215161085128784,7336.0,7336.0
0.019897129386663437,-5.897947311401367,-1.593970775604248,0.6213300228118896,7340.0,7340.0
0.029831772670149803,-5.910592555999756,-1.60230553150177,0.6211439371109009,7344.0,7344.0
0.01593579538166523,-5.92324161529541,-1.6084961891174316,0.6209578514099121,7348.0,7348.0
0.027488786727190018,-5.906069755554199,-1.5915207862854004,0.6207718849182129,7352.0,7352.0
0.015711447224020958,-5.913488388061523,-1.6031057834625244,0.6205860376358032,7356.0,7356.0
0.029579665511846542,-5.9106245040893555,-1.6083109378814697,0.6204001307487488,7360.0,7360.0
0.018230970948934555,-5.9408183097839355,-1.617353081703186,0.6202141642570496,7364.0,7364.0
0.016701877117156982,-5.925452709197998,-1.6094708442687988,0.6200282573699951,7368.0,7368.0
0.024854224175214767,-5.929378986358643,-1.6110663414001465,0.6198422908782959,7372.0,7372.0
0.020561525598168373,-5.921647071838379,-1.6061466932296753,0.619656503200531,7376.0,7376.0
0.018395142629742622,-5.920781135559082,-1.6086581945419312,0.6194707155227661,7380.0,7380.0
0.021103419363498688,-5.912130355834961,-1.602482795715332,0.6192851662635803,7384.0,7384.0
0.02144422009587288,-5.939423084259033,-1.6122572422027588,0.6190996170043945,7388.0,7388.0
0.018001064658164978,-5.9339375495910645,-1.6127151250839233,0.6189141273498535,7392.0,7392.0
0.016591621562838554,-5.922743797302246,-1.6074565649032593,0.6187286972999573,7396.0,7396.0
0.03519216924905777,-5.925381183624268,-1.6137354373931885,0.6185433864593506,7400.0,7400.0
0.013841112144291401,-5.912868976593018,-1.612554907798767,0.6183581352233887,7404.0,7404.0
0.018059134483337402,-5.932204246520996,-1.6204783916473389,0.6181729435920715,7408.0,7408.0
0.022921007126569748,-5.939554691314697,-1.6219935417175293,0.6179876923561096,7412.0,7412.0
0.027185974642634392,-5.961405277252197,-1.6219857931137085,0.6178024411201477,7416.0,7416.0
0.018130339682102203,-5.982631206512451,-1.6395061016082764,0.6176170706748962,7420.0,7420.0
0.02443108707666397,-5.955817699432373,-1.6298187971115112,0.617431640625,7424.0,7424.0
0.014205200597643852,-5.94638204574585,-1.6254000663757324,0.6172462701797485,7428.0,7428.0
0.020486459136009216,-5.936169147491455,-1.6274309158325195,0.6170609593391418,7432.0,7432.0
0.027491819113492966,-5.940828800201416,-1.6278481483459473,0.6168756484985352,7436.0,7436.0
0.026130344718694687,-5.937222957611084,-1.6213172674179077,0.6166905164718628,7440.0,7440.0
0.024528048932552338,-5.947124004364014,-1.6226989030838013,0.61650550365448,7444.0,7444.0
0.017530672252178192,-5.948919296264648,-1.6293728351593018,0.6163204908370972,7448.0,7448.0
0.02037409320473671,-5.94846248626709,-1.622819423675537,0.6161356568336487,7452.0,7452.0
0.018930181860923767,-5.963291168212891,-1.632845401763916,0.6159508228302002,7456.0,7456.0
0.020956384018063545,-5.973723411560059,-1.6399509906768799,0.6157659888267517,7460.0,7460.0
0.03662050515413284,-5.974859714508057,-1.6297659873962402,0.615581214427948,7464.0,7464.0
0.024112416431307793,-5.965410232543945,-1.630608081817627,0.6153964996337891,7468.0,7468.0
0.021658072248101234,-5.966916561126709,-1.6404467821121216,0.6152118444442749,7472.0,7472.0
0.01385992020368576,-5.960831165313721,-1.6354637145996094,0.6150271892547607,7476.0,7476.0
0.01581321284174919,-5.951327800750732,-1.6307053565979004,0.6148427128791809,7480.0,7480.0
0.015730418264865875,-5.957513332366943,-1.6417344808578491,0.6146582365036011,7484.0,7484.0
0.02259238064289093,-5.95340633392334,-1.6341278553009033,0.614473819732666,7488.0,7488.0
0.019842881709337234,-5.964724540710449,-1.6303845643997192,0.6142896413803101,7492.0,7492.0
0.012874169275164604,-5.98396635055542,-1.6413633823394775,0.6141054630279541,7496.0,7496.0
0.01896023377776146,-5.989090442657471,-1.6420354843139648,0.6139212846755981,7500.0,7500.0
0.01900511234998703,-5.993256568908691,-1.6454517841339111,0.613737165927887,7504.0,7504.0
0.01638437993824482,-5.974079132080078,-1.6445176601409912,0.6135531067848206,7508.0,7508.0
0.04064932093024254,-5.97802734375,-1.643460988998413,0.6133690476417542,7512.0,7512.0
0.015431495383381844,-5.964773654937744,-1.6389333009719849,0.6131851673126221,7516.0,7516.0
0.04741343483328819,-5.985910892486572,-1.6469738483428955,0.6130013465881348,7520.0,7520.0
0.015940114855766296,-5.974697589874268,-1.6417362689971924,0.6128175854682922,7524.0,7524.0
0.01580975204706192,-5.972298622131348,-1.637134075164795,0.612634003162384,7528.0,7528.0
0.03614182770252228,-5.990074157714844,-1.6533643007278442,0.6124504208564758,7532.0,7532.0
0.01536586880683899,-5.9913153648376465,-1.6496236324310303,0.6122668981552124,7536.0,7536.0
0.06332050263881683,-5.994271755218506,-1.6461458206176758,0.6120834350585938,7540.0,7540.0
0.01710432395339012,-5.991943359375,-1.6533145904541016,0.6118999719619751,7544.0,7544.0
0.01816745288670063,-5.988672733306885,-1.6575236320495605,0.6117165684700012,7548.0,7548.0
0.034916337579488754,-5.980665683746338,-1.6557683944702148,0.6115331649780273,7552.0,7552.0
0.026134274899959564,-5.994828701019287,-1.6555366516113281,0.6113498210906982,7556.0,7556.0
0.021747229620814323,-6.005130767822266,-1.6592272520065308,0.6111664772033691,7560.0,7560.0
0.026917167007923126,-5.997208595275879,-1.650315761566162,0.6109833121299744,7564.0,7564.0
0.024392852559685707,-6.005099773406982,-1.6637308597564697,0.61080002784729,7568.0,7568.0
0.022276055067777634,-6.010211944580078,-1.655686855316162,0.61061692237854,7572.0,7572.0
0.017971713095903397,-6.006679534912109,-1.662237286567688,0.61043381690979,7576.0,7576.0
0.02870623767375946,-6.006390571594238,-1.6654572486877441,0.61025071144104,7580.0,7580.0
0.029279295355081558,-6.003939628601074,-1.6707830429077148,0.61006760597229,7584.0,7584.0
0.05944671854376793,-6.00826358795166,-1.6643747091293335,0.60988450050354,7588.0,7588.0
0.02170247584581375,-6.019157409667969,-1.6689512729644775,0.6097014546394348,7592.0,7592.0
0.018277887254953384,-6.02132511138916,-1.669712781906128,0.6095184087753296,7596.0,7596.0
0.021851476281881332,-6.007564067840576,-1.6624826192855835,0.6093355417251587,7600.0,7600.0
0.023203805088996887,-6.015551567077637,-1.6676814556121826,0.6091526746749878,7604.0,7604.0
0.023662874475121498,-6.0090651512146,-1.6709941625595093,0.6089698076248169,7608.0,7608.0
0.021391095593571663,-6.025858402252197,-1.672532081604004,0.6087870597839355,7612.0,7612.0
0.022340252995491028,-6.031918525695801,-1.6773862838745117,0.6086042523384094,7616.0,7616.0
0.027607932686805725,-6.032738208770752,-1.6808713674545288,0.6084214448928833,7620.0,7620.0
0.021788405254483223,-6.021553039550781,-1.6748695373535156,0.608238697052002,7624.0,7624.0
0.018032005056738853,-6.012392997741699,-1.6739195585250854,0.6080560088157654,7628.0,7628.0
0.017882462590932846,-6.014772415161133,-1.6723483800888062,0.6078734397888184,7632.0,7632.0
0.017631620168685913,-6.009111404418945,-1.6763619184494019,0.6076909303665161,7636.0,7636.0
0.01583731733262539,-6.019307613372803,-1.6765272617340088,0.6075085401535034,7640.0,7640.0
0.017824608832597733,-6.033224105834961,-1.6793239116668701,0.6073261499404907,7644.0,7644.0
0.017867345362901688,-6.025394916534424,-1.6769174337387085,0.6071438193321228,7648.0,7648.0
0.015373025089502335,-6.034097671508789,-1.6799817085266113,0.6069616079330444,7652.0,7652.0
0.021459009498357773,-6.019525051116943,-1.6801787614822388,0.6067794561386108,7656.0,7656.0
0.016272373497486115,-6.027410984039307,-1.6847302913665771,0.606597363948822,7660.0,7660.0
0.017695484682917595,-6.025941848754883,-1.6788561344146729,0.606415331363678,7664.0,7664.0
0.01737944595515728,-6.042006969451904,-1.6809216737747192,0.6062334179878235,7668.0,7668.0
0.01816827803850174,-6.048636436462402,-1.685866355895996,0.6060515642166138,7672.0,7672.0
0.013969628140330315,-6.038753509521484,-1.6881299018859863,0.605869710445404,7676.0,7676.0
0.02326599322259426,-6.040346145629883,-1.6959878206253052,0.6056877970695496,7680.0,7680.0
0.02466311678290367,-6.036643028259277,-1.6902666091918945,0.6055060029029846,7684.0,7684.0
0.02172454074025154,-6.031991004943848,-1.6873319149017334,0.6053242683410645,7688.0,7688.0
0.02018611691892147,-6.044105529785156,-1.6912329196929932,0.6051425933837891,7692.0,7692.0
0.024194393306970596,-6.0499587059021,-1.6926833391189575,0.6049609184265137,7696.0,7696.0
0.018429283052682877,-6.061722755432129,-1.695967197418213,0.6047793030738831,7700.0,7700.0
0.02646450698375702,-6.040766716003418,-1.683997631072998,0.6045978665351868,7704.0,7704.0
0.015729330480098724,-6.037659645080566,-1.6914724111557007,0.6044164896011353,7708.0,7708.0
0.01336750853806734,-6.025232315063477,-1.6861960887908936,0.6042352318763733,7712.0,7712.0
0.032324329018592834,-6.039712429046631,-1.7017706632614136,0.6040539741516113,7716.0,7716.0
0.030091343447566032,-6.054547309875488,-1.695237398147583,0.6038728356361389,7720.0,7720.0
0.029864555224776268,-6.066115379333496,-1.696052074432373,0.6036917567253113,7724.0,7724.0
0.01786831021308899,-6.082241535186768,-1.7043647766113281,0.6035106182098389,7728.0,7728.0
0.019547149538993835,-6.082071304321289,-1.7079768180847168,0.6033295392990112,7732.0,7732.0
0.01607576757669449,-6.077988624572754,-1.7022147178649902,0.6031484603881836,7736.0,7736.0
0.014952805824577808,-6.039168357849121,-1.6981230974197388,0.6029674410820007,7740.0,7740.0
0.030644269660115242,-6.036048889160156,-1.6971737146377563,0.6027866005897522,7744.0,7744.0
0.012811144813895226,-6.047216415405273,-1.7059171199798584,0.6026058197021484,7748.0,7748.0
0.037210315465927124,-6.066664695739746,-1.6992034912109375,0.6024250984191895,7752.0,7752.0
0.015754614025354385,-6.103102684020996,-1.7197513580322266,0.6022442579269409,7756.0,7756.0
0.015233384445309639,-6.096067428588867,-1.7077481746673584,0.6020635366439819,7760.0,7760.0
0.023833710700273514,-6.060351371765137,-1.697535753250122,0.6018829941749573,7764.0,7764.0
0.030642498284578323,-6.073856830596924,-1.7115676403045654,0.6017024517059326,7768.0,7768.0
0.015556307509541512,-6.071725845336914,-1.7127634286880493,0.6015219688415527,7772.0,7772.0
0.022869551554322243,-6.057436943054199,-1.709110975265503,0.6013415455818176,7776.0,7776.0
0.02271147444844246,-6.063357830047607,-1.7145642042160034,0.6011611223220825,7780.0,7780.0
0.017206938937306404,-6.0667524337768555,-1.705361008644104,0.600980818271637,7784.0,7784.0
0.01650339737534523,-6.087708473205566,-1.7156680822372437,0.600800633430481,7788.0,7788.0
0.02102356217801571,-6.075447082519531,-1.7058501243591309,0.6006205081939697,7792.0,7792.0
0.026949379593133926,-6.081615924835205,-1.7099101543426514,0.6004405617713928,7796.0,7796.0
0.02408403903245926,-6.076718807220459,-1.707782506942749,0.6002606749534607,7800.0,7800.0
0.016625743359327316,-6.081880569458008,-1.7160595655441284,0.6000809073448181,7804.0,7804.0
0.01961524784564972,-6.07592248916626,-1.7205926179885864,0.5999011397361755,7808.0,7808.0
0.016841135919094086,-6.078854084014893,-1.7207610607147217,0.599721372127533,7812.0,7812.0
0.014742239378392696,-6.089869499206543,-1.7232989072799683,0.5995416045188904,7816.0,7816.0
0.015642063692212105,-6.0891313552856445,-1.7172057628631592,0.5993619561195374,7820.0,7820.0
0.03065459430217743,-6.093802452087402,-1.7212567329406738,0.5991823673248291,7824.0,7824.0
0.03381740301847458,-6.112393856048584,-1.728357195854187,0.5990027785301208,7828.0,7828.0
0.030831865966320038,-6.1192121505737305,-1.7227011919021606,0.5988232493400574,7832.0,7832.0
0.017568301409482956,-6.109555244445801,-1.733725666999817,0.5986436605453491,7836.0,7836.0
0.023111116141080856,-6.0869221687316895,-1.7221643924713135,0.5984641909599304,7840.0,7840.0
0.015737678855657578,-6.06747579574585,-1.7246578931808472,0.5982847809791565,7844.0,7844.0
0.022763248533010483,-6.0786237716674805,-1.7269177436828613,0.5981054902076721,7848.0,7848.0
0.020052943378686905,-6.0862627029418945,-1.7280175685882568,0.5979262590408325,7852.0,7852.0
0.022501477971673012,-6.112281322479248,-1.729794979095459,0.5977470278739929,7856.0,7856.0
0.03096575103700161,-6.128070831298828,-1.7360737323760986,0.5975677967071533,7860.0,7860.0
0.025266209617257118,-6.13033390045166,-1.7331337928771973,0.5973886251449585,7864.0,7864.0
0.024714725092053413,-6.118960380554199,-1.7308639287948608,0.5972095727920532,7868.0,7868.0
0.02124565839767456,-6.12271785736084,-1.737522840499878,0.597030520439148,7872.0,7872.0
0.02241964265704155,-6.106566429138184,-1.741807222366333,0.5968514084815979,7876.0,7876.0
0.018951088190078735,-6.093843460083008,-1.7321373224258423,0.5966724753379822,7880.0,7880.0
0.029723268002271652,-6.105955123901367,-1.7457311153411865,0.5964934825897217,7884.0,7884.0
0.016528982669115067,-6.090938091278076,-1.7339990139007568,0.5963146090507507,7888.0,7888.0
0.015632618218660355,-6.105108261108398,-1.744680643081665,0.5961357355117798,7892.0,7892.0
0.017688514664769173,-6.115821361541748,-1.74281644821167,0.5959569215774536,7896.0,7896.0
0.021071305498480797,-6.126912593841553,-1.7402267456054688,0.5957781076431274,7900.0,7900.0
0.019240641966462135,-6.136383056640625,-1.7493455410003662,0.595599353313446,7904.0,7904.0
0.024386798962950706,-6.126012802124023,-1.7415716648101807,0.5954206585884094,7908.0,7908.0
0.018597571179270744,-6.118494510650635,-1.7454478740692139,0.5952420234680176,7912.0,7912.0
0.02468213066458702,-6.109811782836914,-1.7419369220733643,0.5950635671615601,7916.0,7916.0
0.03518083691596985,-6.10357141494751,-1.7386826276779175,0.5948851704597473,7920.0,7920.0
0.021074697375297546,-6.108283042907715,-1.7406961917877197,0.5947068929672241,7924.0,7924.0
0.021267693489789963,-6.142932415008545,-1.7598410844802856,0.5945285558700562,7928.0,7928.0
0.017197484150528908,-6.152299880981445,-1.752002477645874,0.594350278377533,7932.0,7932.0
0.024365155026316643,-6.150555610656738,-1.7547669410705566,0.5941720008850098,7936.0,7936.0
0.013910941779613495,-6.14286470413208,-1.755375862121582,0.5939937829971313,7940.0,7940.0
0.02778550237417221,-6.128834247589111,-1.7516865730285645,0.5938155651092529,7944.0,7944.0
0.017257263883948326,-6.110340118408203,-1.745110034942627,0.5936375260353088,7948.0,7948.0
0.02073941007256508,-6.124432563781738,-1.7554044723510742,0.5934595465660095,7952.0,7952.0
0.02732793800532818,-6.12501335144043,-1.7656776905059814,0.5932815074920654,7956.0,7956.0
0.01713869348168373,-6.1410675048828125,-1.7608476877212524,0.5931034684181213,7960.0,7960.0
0.08874152600765228,-6.160659313201904,-1.7561616897583008,0.5929255485534668,7964.0,7964.0
0.03394201397895813,-6.174347877502441,-1.7576072216033936,0.592747688293457,7968.0,7968.0
0.02302771806716919,-6.16895055770874,-1.7650575637817383,0.592569887638092,7972.0,7972.0
0.016134031116962433,-6.156907558441162,-1.7663631439208984,0.5923920273780823,7976.0,7976.0
0.027072744444012642,-6.135352611541748,-1.7644877433776855,0.5922142267227173,7980.0,7980.0
0.036128245294094086,-6.143777847290039,-1.7696616649627686,0.5920364856719971,7984.0,7984.0
0.02000422589480877,-6.142437934875488,-1.7701280117034912,0.5918586850166321,7988.0,7988.0
0.01888703554868698,-6.1425862312316895,-1.7622489929199219,0.5916810035705566,7992.0,7992.0
0.019615724682807922,-6.156577110290527,-1.7739901542663574,0.5915033221244812,7996.0,7996.0
0.020419202744960785,-6.170711994171143,-1.77877676486969,0.5913256406784058,8000.0,8000.0
0.016280706971883774,-6.172013759613037,-1.7716236114501953,0.5911480188369751,8004.0,8004.0
0.02272379770874977,-6.158129692077637,-1.770318865776062,0.5909703969955444,8008.0,8008.0
0.02011886239051819,-6.165454864501953,-1.7757383584976196,0.5907928347587585,8012.0,8012.0
0.020375892519950867,-6.1480913162231445,-1.771198034286499,0.5906153917312622,8016.0,8016.0
0.02837066724896431,-6.143316268920898,-1.7781040668487549,0.5904379487037659,8020.0,8020.0
0.018946964293718338,-6.144603729248047,-1.7779343128204346,0.5902605652809143,8024.0,8024.0
0.024939939379692078,-6.142640113830566,-1.762308955192566,0.5900834202766418,8028.0,8028.0
0.0207807756960392,-6.173155784606934,-1.7814383506774902,0.5899062156677246,8032.0,8032.0
0.027124449610710144,-6.181711673736572,-1.7755138874053955,0.5897291302680969,8036.0,8036.0
0.02945140190422535,-6.19664192199707,-1.7867796421051025,0.5895520448684692,8040.0,8040.0
0.04075993597507477,-6.177258491516113,-1.7719061374664307,0.5893750190734863,8044.0,8044.0
0.02441527508199215,-6.179187774658203,-1.7725290060043335,0.5891982316970825,8048.0,8048.0
0.023570749908685684,-6.1808695793151855,-1.7864394187927246,0.5890213847160339,8052.0,8052.0
0.021271636709570885,-6.165010452270508,-1.788710594177246,0.5888445377349854,8056.0,8056.0
0.0201304629445076,-6.162151336669922,-1.7801189422607422,0.5886678099632263,8060.0,8060.0
0.02901356853544712,-6.156365394592285,-1.7714102268218994,0.5884912014007568,8064.0,8064.0
0.018901219591498375,-6.176891326904297,-1.7847497463226318,0.5883147120475769,8068.0,8068.0
0.023016024380922318,-6.211315155029297,-1.8027760982513428,0.5881381034851074,8072.0,8072.0
0.022886792197823524,-6.185076713562012,-1.782936453819275,0.5879616141319275,8076.0,8076.0
0.023055043071508408,-6.186761856079102,-1.77682363986969,0.5877852439880371,8080.0,8080.0
0.023435376584529877,-6.189962387084961,-1.786943793296814,0.5876089930534363,8084.0,8084.0
0.021330576390028,-6.169883728027344,-1.7772908210754395,0.587432861328125,8088.0,8088.0
0.022694740444421768,-6.171594142913818,-1.78445565700531,0.587256908416748,8092.0,8092.0
0.028297770768404007,-6.182382583618164,-1.7781027555465698,0.5870810747146606,8096.0,8096.0
0.02856750600039959,-6.194163799285889,-1.7917217016220093,0.5869052410125732,8100.0,8100.0
0.01831238344311714,-6.186071395874023,-1.788213849067688,0.5867295265197754,8104.0,8104.0
0.015251830220222473,-6.188522815704346,-1.7975987195968628,0.5865538120269775,8108.0,8108.0
0.0170678049325943,-6.164844989776611,-1.7920358180999756,0.5863781571388245,8112.0,8112.0
0.017376771196722984,-6.179998397827148,-1.80115807056427,0.5862024426460266,8116.0,8116.0
0.02094177156686783,-6.193803787231445,-1.7949327230453491,0.5860268473625183,8120.0,8120.0
0.020183000713586807,-6.202271461486816,-1.7923219203948975,0.5858513116836548,8124.0,8124.0
0.0254451185464859,-6.234896659851074,-1.804497241973877,0.5856757760047913,8128.0,8128.0
0.031517744064331055,-6.217358589172363,-1.803626537322998,0.5855002403259277,8132.0,8132.0
0.017027724534273148,-6.207354545593262,-1.807474136352539,0.5853247046470642,8136.0,8136.0
0.020938843488693237,-6.1828155517578125,-1.7995569705963135,0.5851492285728455,8140.0,8140.0
0.016190804541110992,-6.193543434143066,-1.8031669855117798,0.5849738121032715,8144.0,8144.0
0.017370738089084625,-6.1755828857421875,-1.7983869314193726,0.5847985148429871,8148.0,8148.0
0.05478944629430771,-6.19573450088501,-1.799034833908081,0.5846232771873474,8152.0,8152.0
0.02156616747379303,-6.220583915710449,-1.800577163696289,0.5844482183456421,8156.0,8156.0
0.014230906032025814,-6.239364147186279,-1.8105543851852417,0.584273099899292,8160.0,8160.0
0.024344835430383682,-6.226192474365234,-1.8158528804779053,0.5840979814529419,8164.0,8164.0
0.02006606198847294,-6.203577041625977,-1.8182846307754517,0.5839227437973022,8168.0,8168.0
0.016679521650075912,-6.183629512786865,-1.8022243976593018,0.5837477445602417,8172.0,8172.0
0.02406405843794346,-6.1926140785217285,-1.8082257509231567,0.5835727453231812,8176.0,8176.0
0.02395119145512581,-6.2064409255981445,-1.8126811981201172,0.5833978056907654,8180.0,8180.0
0.0189073346555233,-6.234964370727539,-1.8099777698516846,0.5832229852676392,8184.0,8184.0
0.01798497512936592,-6.252835273742676,-1.813809871673584,0.5830481648445129,8188.0,8188.0
0.021101217716932297,-6.24283504486084,-1.8168202638626099,0.5828734040260315,8192.0,8192.0
0.022683802992105484,-6.2183661460876465,-1.816711664199829,0.5826987028121948,8196.0,8196.0
0.021041400730609894,-6.2032880783081055,-1.8168902397155762,0.5825240015983582,8200.0,8200.0
0.022446349263191223,-6.201265811920166,-1.8171014785766602,0.5823493599891663,8204.0,8204.0
0.030004382133483887,-6.221779823303223,-1.8192172050476074,0.5821748375892639,8208.0,8208.0
0.01826157048344612,-6.224908828735352,-1.8183794021606445,0.5820003151893616,8212.0,8212.0
0.022877924144268036,-6.248694896697998,-1.8278393745422363,0.581825852394104,8216.0,8216.0
0.020350683480501175,-6.235259056091309,-1.8128329515457153,0.5816514492034912,8220.0,8220.0
0.021514616906642914,-6.232863426208496,-1.8221628665924072,0.5814771056175232,8224.0,8224.0
0.032478831708431244,-6.213332653045654,-1.8233773708343506,0.5813028812408447,8228.0,8228.0
0.03497501462697983,-6.229486465454102,-1.8305517435073853,0.5811285972595215,8232.0,8232.0
0.01930299587547779,-6.225574493408203,-1.8309662342071533,0.5809543132781982,8236.0,8236.0
0.023371145129203796,-6.231159210205078,-1.8241145610809326,0.5807801485061646,8240.0,8240.0
0.022922292351722717,-6.253479957580566,-1.836409568786621,0.5806059241294861,8244.0,8244.0
0.027819940820336342,-6.2515764236450195,-1.8287549018859863,0.5804318189620972,8248.0,8248.0
0.018655899912118912,-6.252155303955078,-1.8266230821609497,0.580257773399353,8252.0,8252.0
0.02334826998412609,-6.233983993530273,-1.8302255868911743,0.5800838470458984,8256.0,8256.0
0.01932704821228981,-6.234148025512695,-1.8269121646881104,0.5799099802970886,8260.0,8260.0
0.016921522095799446,-6.2251081466674805,-1.842456579208374,0.579736053943634,8264.0,8264.0
0.017150314524769783,-6.237510681152344,-1.8367829322814941,0.5795621871948242,8268.0,8268.0
0.033436261117458344,-6.242672920227051,-1.8381221294403076,0.5793883204460144,8272.0,8272.0
0.017315804958343506,-6.255669593811035,-1.836814522743225,0.5792145729064941,8276.0,8276.0
0.018923699855804443,-6.257696628570557,-1.834864854812622,0.5790408849716187,8280.0,8280.0
0.01692320592701435,-6.275321006774902,-1.8510040044784546,0.5788670778274536,8284.0,8284.0
0.02841351181268692,-6.264675140380859,-1.840957522392273,0.5786933898925781,8288.0,8288.0
0.02116706222295761,-6.258907318115234,-1.841742992401123,0.5785197615623474,8292.0,8292.0
0.022278837859630585,-6.252645015716553,-1.8459185361862183,0.5783461332321167,8296.0,8296.0
0.02229640632867813,-6.256874084472656,-1.8454395532608032,0.5781725645065308,8300.0,8300.0
0.01478615403175354,-6.241964340209961,-1.8439172506332397,0.5779990553855896,8304.0,8304.0
0.020533204078674316,-6.249235153198242,-1.83892822265625,0.5778256058692932,8308.0,8308.0
0.01755698397755623,-6.268564701080322,-1.8420571088790894,0.5776523351669312,8312.0,8312.0
0.013586482964456081,-6.280313014984131,-1.8520328998565674,0.5774790048599243,8316.0,8316.0
0.01975112035870552,-6.281288146972656,-1.8444936275482178,0.577305793762207,8320.0,8320.0
0.02254566177725792,-6.259711265563965,-1.84830641746521,0.5771326422691345,8324.0,8324.0
0.019923176616430283,-6.260272979736328,-1.850388765335083,0.5769595503807068,8328.0,8328.0
0.014946798793971539,-6.253318786621094,-1.8449923992156982,0.5767865180969238,8332.0,8332.0
0.013101201504468918,-6.24932861328125,-1.8523924350738525,0.5766136050224304,8336.0,8336.0
0.026753436774015427,-6.247076988220215,-1.8502628803253174,0.5764407515525818,8340.0,8340.0
0.0171352569013834,-6.276288032531738,-1.8589184284210205,0.5762678980827332,8344.0,8344.0
0.018920715898275375,-6.2997822761535645,-1.8548418283462524,0.5760951042175293,8348.0,8348.0
0.019261129200458527,-6.298506736755371,-1.8574204444885254,0.5759223103523254,8352.0,8352.0
0.020317737013101578,-6.2733917236328125,-1.8545092344284058,0.5757496356964111,8356.0,8356.0
0.017733652144670486,-6.277641296386719,-1.864235281944275,0.575576901435852,8360.0,8360.0
0.013954207301139832,-6.264239311218262,-1.854306936264038,0.5754042863845825,8364.0,8364.0
0.026280872523784637,-6.26411771774292,-1.8598389625549316,0.5752317309379578,8368.0,8368.0
0.04281993582844734,-6.26426887512207,-1.8563328981399536,0.5750592947006226,8372.0,8372.0
0.013428879901766777,-6.28797721862793,-1.862027883529663,0.5748868584632874,8376.0,8376.0
0.01812037080526352,-6.286111831665039,-1.860714316368103,0.5747145414352417,8380.0,8380.0
0.015087589621543884,-6.276500701904297,-1.8516291379928589,0.5745423436164856,8384.0,8384.0
0.01916441321372986,-6.303789138793945,-1.8742204904556274,0.5743701457977295,8388.0,8388.0
0.022575635462999344,-6.28444766998291,-1.8731391429901123,0.5741978883743286,8392.0,8392.0
0.015575719065964222,-6.288089752197266,-1.8708829879760742,0.5740256309509277,8396.0,8396.0
0.04484032839536667,-6.294242858886719,-1.8719465732574463,0.5738534331321716,8400.0,8400.0
0.02089950069785118,-6.297368049621582,-1.8825392723083496,0.5736811757087708,8404.0,8404.0
0.020691467449069023,-6.307408332824707,-1.8816574811935425,0.5735088586807251,8408.0,8408.0
0.03552445024251938,-6.2883429527282715,-1.8675588369369507,0.573336660861969,8412.0,8412.0
0.020454350858926773,-6.302068710327148,-1.8769818544387817,0.5731645226478577,8416.0,8416.0
0.015206912532448769,-6.292238235473633,-1.872704267501831,0.5729924440383911,8420.0,8420.0
0.01584785059094429,-6.301485061645508,-1.878089427947998,0.5728203654289246,8424.0,8424.0
0.015104813501238823,-6.283909320831299,-1.866122841835022,0.5726485252380371,8428.0,8428.0
0.02612922713160515,-6.298020362854004,-1.8786948919296265,0.5724766254425049,8432.0,8432.0
0.01387808844447136,-6.291511535644531,-1.871870517730713,0.572304904460907,8436.0,8436.0
0.014929914847016335,-6.313592910766602,-1.8815009593963623,0.5721331834793091,8440.0,8440.0
0.018553312867879868,-6.305032730102539,-1.8751096725463867,0.571961522102356,8444.0,8444.0
0.026471292600035667,-6.313818454742432,-1.8883428573608398,0.5717899203300476,8448.0,8448.0
0.016422661021351814,-6.2862324714660645,-1.8799755573272705,0.5716183185577393,8452.0,8452.0
0.021957069635391235,-6.311880588531494,-1.895684003829956,0.5714467167854309,8456.0,8456.0
0.017823422327637672,-6.29923152923584,-1.879899024963379,0.5712752342224121,8460.0,8460.0
0.014423654414713383,-6.287736892700195,-1.8673295974731445,0.5711039304733276,8464.0,8464.0
0.016809798777103424,-6.3205389976501465,-1.8906364440917969,0.5709326267242432,8468.0,8468.0
0.01668636128306389,-6.319915294647217,-1.884989619255066,0.5707614421844482,8472.0,8472.0
0.013201775029301643,-6.317613124847412,-1.8878173828125,0.5705902576446533,8476.0,8476.0
0.02744618058204651,-6.324612617492676,-1.8968586921691895,0.5704190731048584,8480.0,8480.0
0.015067977830767632,-6.314427852630615,-1.8865247964859009,0.5702478885650635,8484.0,8484.0
0.02301754429936409,-6.315071105957031,-1.882779836654663,0.5700769424438477,8488.0,8488.0
0.01261349581182003,-6.3131608963012695,-1.8875845670700073,0.5699059963226318,8492.0,8492.0
0.02102058380842209,-6.324113368988037,-1.90095055103302,0.569735050201416,8496.0,8496.0
0.02375379577279091,-6.342069625854492,-1.8987224102020264,0.569564163684845,8500.0,8500.0
0.0429014153778553,-6.338487148284912,-1.8982053995132446,0.5693932771682739,8504.0,8504.0
0.03440077602863312,-6.342916965484619,-1.8980063199996948,0.5692223906517029,8508.0,8508.0
0.01599903404712677,-6.321356296539307,-1.8932867050170898,0.5690516233444214,8512.0,8512.0
0.014099637977778912,-6.328916549682617,-1.900292992591858,0.5688808560371399,8516.0,8516.0
0.01775890588760376,-6.311030387878418,-1.8951473236083984,0.568710207939148,8520.0,8520.0
0.012727819383144379,-6.288476467132568,-1.8987576961517334,0.5685396194458008,8524.0,8524.0
0.013399641960859299,-6.29805850982666,-1.9029498100280762,0.5683690309524536,8528.0,8528.0
0.01596047729253769,-6.313759803771973,-1.9020015001296997,0.568198561668396,8532.0,8532.0
0.01584019511938095,-6.3268842697143555,-1.8929853439331055,0.5680282115936279,8536.0,8536.0
0.029715143144130707,-6.368473529815674,-1.9074252843856812,0.5678578615188599,8540.0,8540.0
0.024077627807855606,-6.372516632080078,-1.904153823852539,0.5676875710487366,8544.0,8544.0
0.01954290270805359,-6.346280097961426,-1.9008744955062866,0.5675173401832581,8548.0,8548.0
0.020776621997356415,-6.328301429748535,-1.9052093029022217,0.5673471689224243,8552.0,8552.0
0.0184630174189806,-6.309211730957031,-1.9057774543762207,0.5671771168708801,8556.0,8556.0
0.03308786824345589,-6.326903343200684,-1.9215986728668213,0.5670069456100464,8560.0,8560.0
0.015607157722115517,-6.335872173309326,-1.9086133241653442,0.5668368935585022,8564.0,8564.0
0.010561373084783554,-6.347810745239258,-1.9087316989898682,0.566666841506958,8568.0,8568.0
0.018555227667093277,-6.373009204864502,-1.9133219718933105,0.5664969086647034,8572.0,8572.0
0.021187681704759598,-6.363653182983398,-1.9140669107437134,0.5663269758224487,8576.0,8576.0
0.01711740903556347,-6.362649917602539,-1.9179844856262207,0.5661571025848389,8580.0,8580.0
0.03246705234050751,-6.351070404052734,-1.906023621559143,0.5659872889518738,8584.0,8584.0
0.014715369790792465,-6.339412212371826,-1.9198799133300781,0.5658175349235535,8588.0,8588.0
0.013420408591628075,-6.332061767578125,-1.9223847389221191,0.5656477808952332,8592.0,8592.0
0.02134605124592781,-6.339169502258301,-1.9258729219436646,0.5654780268669128,8596.0,8596.0
0.018095027655363083,-6.346099376678467,-1.9202864170074463,0.5653083324432373,8600.0,8600.0
0.019172588363289833,-6.3541259765625,-1.915802001953125,0.5651386976242065,8604.0,8604.0
0.014970136806368828,-6.385480880737305,-1.9307600259780884,0.5649690628051758,8608.0,8608.0
0.02961738221347332,-6.360851287841797,-1.9137076139450073,0.5647994875907898,8612.0,8612.0
0.01533264759927988,-6.351632118225098,-1.9117103815078735,0.5646301507949829,8616.0,8616.0
0.02804945968091488,-6.368521213531494,-1.9256035089492798,0.564460813999176,8620.0,8620.0
0.019881868734955788,-6.373542308807373,-1.9430577754974365,0.5642913579940796,8624.0,8624.0
0.025666747242212296,-6.354565620422363,-1.922372579574585,0.5641220211982727,8628.0,8628.0
0.013341868296265602,-6.363687992095947,-1.925943374633789,0.5639527440071106,8632.0,8632.0
0.015306206420063972,-6.361666679382324,-1.9420368671417236,0.5637834668159485,8636.0,8636.0
0.019241120666265488,-6.363002777099609,-1.929005742073059,0.5636141896247864,8640.0,8640.0
0.018871687352657318,-6.3644118309021,-1.9295803308486938,0.563444972038269,8644.0,8644.0
0.02268976718187332,-6.379573822021484,-1.9346424341201782,0.5632758140563965,8648.0,8648.0
0.014937112107872963,-6.380511283874512,-1.9226300716400146,0.5631067752838135,8652.0,8652.0
0.014976820908486843,-6.382575035095215,-1.9348385334014893,0.56293785572052,8656.0,8656.0
0.015249697491526604,-6.383957386016846,-1.9333946704864502,0.5627689361572266,8660.0,8660.0
0.029317539185285568,-6.3708906173706055,-1.9322861433029175,0.5626000761985779,8664.0,8664.0
0.015015934593975544,-6.363984107971191,-1.9316411018371582,0.5624313354492188,8668.0,8668.0
0.017781246453523636,-6.377373695373535,-1.943989872932434,0.5622626543045044,8672.0,8672.0
0.03111668862402439,-6.387478351593018,-1.9489740133285522,0.5620938539505005,8676.0,8676.0
0.017094530165195465,-6.38453483581543,-1.9368350505828857,0.5619251728057861,8680.0,8680.0
0.029204079881310463,-6.390133857727051,-1.9406230449676514,0.5617564916610718,8684.0,8684.0
0.017494041472673416,-6.399648666381836,-1.9576395750045776,0.5615877509117126,8688.0,8688.0
0.01577327400445938,-6.37617301940918,-1.9418907165527344,0.5614191293716431,8692.0,8692.0
0.04228479415178299,-6.386476039886475,-1.948288917541504,0.5612505078315735,8696.0,8696.0
0.02070617489516735,-6.384075164794922,-1.9466979503631592,0.5610820055007935,8700.0,8700.0
0.020322147756814957,-6.390482425689697,-1.9416288137435913,0.5609135031700134,8704.0,8704.0
0.021085020154714584,-6.393631458282471,-1.9393242597579956,0.5607451796531677,8708.0,8708.0
0.015846945345401764,-6.396223545074463,-1.9597872495651245,0.5605767965316772,8712.0,8712.0
0.0168855469673872,-6.377528190612793,-1.941925287246704,0.5604085922241211,8716.0,8716.0
0.01609804481267929,-6.371833801269531,-1.9488193988800049,0.5602403879165649,8720.0,8720.0
0.017331406474113464,-6.387682914733887,-1.9494801759719849,0.5600723028182983,8724.0,8724.0
0.029965363442897797,-6.399889945983887,-1.9573314189910889,0.559904158115387,8728.0,8728.0
0.0163474902510643,-6.38453483581543,-1.948655128479004,0.5597361326217651,8732.0,8732.0
0.017179906368255615,-6.39534330368042,-1.944868564605713,0.5595682263374329,8736.0,8736.0
0.021707264706492424,-6.3989129066467285,-1.9490830898284912,0.5594004988670349,8740.0,8740.0
0.021993253380060196,-6.416914463043213,-1.9633586406707764,0.5592326521873474,8744.0,8744.0
0.01680586487054825,-6.409207820892334,-1.9602681398391724,0.5590648651123047,8748.0,8748.0
0.01634603552520275,-6.390273094177246,-1.9471468925476074,0.5588971972465515,8752.0,8752.0
0.020435091108083725,-6.391879081726074,-1.961546778678894,0.5587295293807983,8756.0,8756.0
0.01850450411438942,-6.38578462600708,-1.9573582410812378,0.5585619807243347,8760.0,8760.0
0.024624880403280258,-6.390081405639648,-1.965671420097351,0.5583944320678711,8764.0,8764.0
0.018700871616601944,-6.4090166091918945,-1.9599560499191284,0.5582269430160522,8768.0,8768.0
0.016375042498111725,-6.417214393615723,-1.9635992050170898,0.5580595135688782,8772.0,8772.0
0.014428474009037018,-6.4329304695129395,-1.961974024772644,0.5578921437263489,8776.0,8776.0
0.018613066524267197,-6.428165435791016,-1.959690809249878,0.5577248334884644,8780.0,8780.0
0.035394106060266495,-6.409242630004883,-1.9631675481796265,0.5575575828552246,8784.0,8784.0
0.02140139602124691,-6.401306629180908,-1.9701998233795166,0.5573903918266296,8788.0,8788.0
0.02309495210647583,-6.3980865478515625,-1.9626524448394775,0.5572232604026794,8792.0,8792.0
0.020266976207494736,-6.393327236175537,-1.958988070487976,0.5570562481880188,8796.0,8796.0
0.015351511538028717,-6.410845756530762,-1.966383457183838,0.5568892955780029,8800.0,8800.0
0.016064666211605072,-6.419928073883057,-1.9676096439361572,0.5567224621772766,8804.0,8804.0
0.016779422760009766,-6.4198431968688965,-1.968396544456482,0.5565556287765503,8808.0,8808.0
0.022735994309186935,-6.408550262451172,-1.9625866413116455,0.5563889145851135,8812.0,8812.0
0.033330678939819336,-6.4322052001953125,-1.9758751392364502,0.5562222003936768,8816.0,8816.0
0.020555634051561356,-6.426102638244629,-1.9748629331588745,0.5560555458068848,8820.0,8820.0
0.02060612663626671,-6.413348197937012,-1.9593117237091064,0.5558890700340271,8824.0,8824.0
0.03695240244269371,-6.427119731903076,-1.9762475490570068,0.5557225942611694,8828.0,8828.0
0.014511719346046448,-6.431728363037109,-1.9806702136993408,0.5555561184883118,8832.0,8832.0
0.020182091742753983,-6.438262462615967,-1.9776060581207275,0.5553897023200989,8836.0,8836.0
0.018061716109514236,-6.438384056091309,-1.9889190196990967,0.5552231669425964,8840.0,8840.0
0.016865510493516922,-6.428910732269287,-1.9777367115020752,0.5550568103790283,8844.0,8844.0
0.017556918784976006,-6.420140743255615,-1.975303053855896,0.5548904538154602,8848.0,8848.0
0.02058006450533867,-6.429008483886719,-1.9767177104949951,0.5547242164611816,8852.0,8852.0
0.015501018613576889,-6.436978340148926,-1.9854216575622559,0.5545579791069031,8856.0,8856.0
0.019928738474845886,-6.433516979217529,-1.988692283630371,0.5543917417526245,8860.0,8860.0
0.014486709609627724,-6.427312850952148,-1.9834282398223877,0.5542255640029907,8864.0,8864.0
0.023042451590299606,-6.42561674118042,-1.9847466945648193,0.5540594458580017,8868.0,8868.0
0.07813425362110138,-6.434319496154785,-1.9803351163864136,0.5538934469223022,8872.0,8872.0
0.023166634142398834,-6.461580276489258,-1.994359016418457,0.553727388381958,8876.0,8876.0
0.015005950815975666,-6.447539806365967,-1.9877076148986816,0.5535614490509033,8880.0,8880.0
0.02607562392950058,-6.4422173500061035,-1.9814732074737549,0.5533955693244934,8884.0,8884.0
0.02102317102253437,-6.431457042694092,-1.994476318359375,0.5532296895980835,8888.0,8888.0
0.019784385338425636,-6.434930801391602,-2.000345468521118,0.5530638098716736,8892.0,8892.0
0.01692403107881546,-6.436649322509766,-1.9942572116851807,0.5528979897499084,8896.0,8896.0
0.017755186185240746,-6.446563720703125,-1.9988783597946167,0.5527321100234985,8900.0,8900.0
0.015590540133416653,-6.439259052276611,-1.9904481172561646,0.552566409111023,8904.0,8904.0
0.015231099911034107,-6.4303388595581055,-1.9923288822174072,0.5524007678031921,8908.0,8908.0
0.015881093218922615,-6.435315132141113,-1.9964745044708252,0.5522351861000061,8912.0,8912.0
0.020313560962677002,-6.460792541503906,-2.0141587257385254,0.5520694851875305,8916.0,8916.0
0.016883431002497673,-6.458033561706543,-2.0024054050445557,0.5519038438796997,8920.0,8920.0
0.017148112878203392,-6.474536418914795,-2.0128540992736816,0.5517381429672241,8924.0,8924.0
0.01864362321794033,-6.471430778503418,-1.9945484399795532,0.5515725612640381,8928.0,8928.0
0.015516320243477821,-6.456047058105469,-2.0010488033294678,0.5514070987701416,8932.0,8932.0
0.02933865785598755,-6.465310573577881,-2.0103707313537598,0.5512415766716003,8936.0,8936.0
0.019666209816932678,-6.461077690124512,-2.008726119995117,0.5510761141777039,8940.0,8940.0
0.01915157586336136,-6.444390773773193,-2.0005009174346924,0.5509107708930969,8944.0,8944.0
0.013928013853728771,-6.4604692459106445,-2.005068302154541,0.5507454872131348,8948.0,8948.0
0.01862271875143051,-6.467473983764648,-2.0125598907470703,0.5505802035331726,8952.0,8952.0
0.019009564071893692,-6.460288047790527,-2.009002685546875,0.5504149794578552,8956.0,8956.0
0.01718829944729805,-6.466945171356201,-2.0136303901672363,0.5502498149871826,8960.0,8960.0
0.019992556422948837,-6.457855701446533,-2.0083723068237305,0.5500847101211548,8964.0,8964.0
0.014790288172662258,-6.451831817626953,-2.0103940963745117,0.5499196648597717,8968.0,8968.0
0.02744380757212639,-6.458857536315918,-2.024062395095825,0.5497546195983887,8972.0,8972.0
0.012348435819149017,-6.448302745819092,-2.009166955947876,0.5495896339416504,8976.0,8976.0
0.01597157120704651,-6.457376480102539,-2.0123422145843506,0.5494247078895569,8980.0,8980.0
0.019579406827688217,-6.4601898193359375,-2.0060503482818604,0.5492599606513977,8984.0,8984.0
0.016176126897335052,-6.487148284912109,-2.0126700401306152,0.5490952730178833,8988.0,8988.0
0.023045437410473824,-6.503769397735596,-2.0253095626831055,0.5489305853843689,8992.0,8992.0
0.0298590287566185,-6.489866256713867,-2.033853054046631,0.5487657785415649,8996.0,8996.0
0.024097589775919914,-6.476822376251221,-2.01999568939209,0.5486010909080505,9000.0,9000.0
0.025707246735692024,-6.46597957611084,-2.0132949352264404,0.5484365224838257,9004.0,9004.0
0.026152854785323143,-6.486532688140869,-2.0316758155822754,0.548271894454956,9008.0,9008.0
0.018086601048707962,-6.471461772918701,-2.0103859901428223,0.5481074452400208,9012.0,9012.0
0.01924474537372589,-6.485538482666016,-2.0286035537719727,0.5479430556297302,9016.0,9016.0
0.033188290894031525,-6.491283416748047,-2.0371861457824707,0.5477785468101501,9020.0,9020.0
0.029301688075065613,-6.475883960723877,-2.0208349227905273,0.5476141571998596,9024.0,9024.0
0.022765276953577995,-6.509151935577393,-2.036715030670166,0.5474497675895691,9028.0,9028.0
0.03091645985841751,-6.512002468109131,-2.031174898147583,0.5472854375839233,9032.0,9032.0
0.01857452467083931,-6.478860855102539,-2.0249898433685303,0.5471211671829224,9036.0,9036.0
0.02093729004263878,-6.472620487213135,-2.0299108028411865,0.5469569563865662,9040.0,9040.0
0.023276176303625107,-6.4631571769714355,-2.0247936248779297,0.5467928647994995,9044.0,9044.0
0.023479187861084938,-6.4989118576049805,-2.0369229316711426,0.5466288328170776,9048.0,9048.0
0.029353953897953033,-6.500039100646973,-2.038058280944824,0.546464741230011,9052.0,9052.0
0.021173274144530296,-6.499712944030762,-2.0282530784606934,0.5463008284568787,9056.0,9056.0
0.01600603200495243,-6.507102012634277,-2.0439350605010986,0.5461368560791016,9060.0,9060.0
0.030811764299869537,-6.507574081420898,-2.0399742126464844,0.5459728837013245,9064.0,9064.0
0.015964651480317116,-6.476258277893066,-2.024397134780884,0.5458091497421265,9068.0,9068.0
0.014295350760221481,-6.478155136108398,-2.032400131225586,0.5456454753875732,9072.0,9072.0
0.037673547863960266,-6.470946311950684,-2.026155471801758,0.5454819202423096,9076.0,9076.0
0.021794907748699188,-6.496541976928711,-2.0339951515197754,0.5453184843063354,9080.0,9080.0
0.01839311048388481,-6.528435230255127,-2.0480356216430664,0.5451549887657166,9084.0,9084.0
0.014364639297127724,-6.524301528930664,-2.0331997871398926,0.544991672039032,9088.0,9088.0
0.0220573078840971,-6.495121955871582,-2.03839373588562,0.5448284149169922,9092.0,9092.0
0.027583161368966103,-6.496595859527588,-2.042407512664795,0.5446651577949524,9096.0,9096.0
0.025831103324890137,-6.481503486633301,-2.040783643722534,0.5445019602775574,9100.0,9100.0
0.016066595911979675,-6.496616363525391,-2.045156955718994,0.5443388819694519,9104.0,9104.0
0.01658676192164421,-6.503585338592529,-2.046799659729004,0.5441757440567017,9108.0,9108.0
0.018166929483413696,-6.518619537353516,-2.0481367111206055,0.5440126657485962,9112.0,9112.0
0.026214599609375,-6.510402202606201,-2.0428788661956787,0.5438497066497803,9116.0,9116.0
0.01544970367103815,-6.525796890258789,-2.0485384464263916,0.5436867475509644,9120.0,9120.0
0.015572067350149155,-6.500953674316406,-2.0483968257904053,0.543523907661438,9124.0,9124.0
0.018516656011343002,-6.500157833099365,-2.0628466606140137,0.5433609485626221,9128.0,9128.0
0.01916138455271721,-6.488725662231445,-2.049896001815796,0.5431981086730957,9132.0,9132.0
0.017632588744163513,-6.506763458251953,-2.0630297660827637,0.5430352091789246,9136.0,9136.0
0.04185391217470169,-6.520285129547119,-2.065664529800415,0.5428722500801086,9140.0,9140.0
0.014435222372412682,-6.545100212097168,-2.0605814456939697,0.5427092909812927,9144.0,9144.0
0.018151666969060898,-6.541168212890625,-2.058302879333496,0.5425464510917664,9148.0,9148.0
0.020500198006629944,-6.513607025146484,-2.0569303035736084,0.54238361120224,9152.0,9152.0
0.02987256646156311,-6.516529560089111,-2.0612893104553223,0.5422208905220032,9156.0,9156.0
0.01851385086774826,-6.508520603179932,-2.057626485824585,0.5420582294464111,9160.0,9160.0
0.019822094589471817,-6.51441764831543,-2.059258222579956,0.5418955683708191,9164.0,9164.0
0.0217592790722847,-6.519166946411133,-2.0629870891571045,0.5417330265045166,9168.0,9168.0
0.027278084307909012,-6.541769027709961,-2.067471981048584,0.5415704846382141,9172.0,9172.0
0.025276288390159607,-6.53196907043457,-2.0569984912872314,0.5414080023765564,9176.0,9176.0
0.015002245083451271,-6.515451908111572,-2.0527334213256836,0.5412457585334778,9180.0,9180.0
0.014583747833967209,-6.5108137130737305,-2.0606319904327393,0.5410835146903992,9184.0,9184.0
0.021042363718152046,-6.496195316314697,-2.0564932823181152,0.5409214496612549,9188.0,9188.0
0.018052253872156143,-6.513265132904053,-2.0726640224456787,0.5407593846321106,9192.0,9192.0
0.02349485456943512,-6.52678108215332,-2.0756001472473145,0.5405972599983215,9196.0,9196.0
0.01302376575767994,-6.557666301727295,-2.0768089294433594,0.5404351353645325,9200.0,9200.0
0.01773672178387642,-6.536623001098633,-2.074652910232544,0.5402730703353882,9204.0,9204.0
0.014508027583360672,-6.526739120483398,-2.0680718421936035,0.5401110053062439,9208.0,9208.0
0.02239549160003662,-6.524892330169678,-2.0706522464752197,0.5399490594863892,9212.0,9212.0
0.013574961572885513,-6.51554012298584,-2.0789408683776855,0.5397871732711792,9216.0,9216.0
0.013386109843850136,-6.513509750366211,-2.0686373710632324,0.5396252870559692,9220.0,9220.0
0.025331633165478706,-6.519566535949707,-2.071171522140503,0.5394635796546936,9224.0,9224.0
0.02488376572728157,-6.549066543579102,-2.0785107612609863,0.539301872253418,9228.0,9228.0
0.012699054554104805,-6.54032039642334,-2.0708162784576416,0.5391402244567871,9232.0,9232.0
0.013510482385754585,-6.557920932769775,-2.076124906539917,0.538978636264801,9236.0,9236.0
0.015626151114702225,-6.550863265991211,-2.0760550498962402,0.5388171672821045,9240.0,9240.0
0.025031687691807747,-6.52493953704834,-2.0756683349609375,0.5386557579040527,9244.0,9244.0
0.012727712281048298,-6.517629146575928,-2.075350284576416,0.5384944081306458,9248.0,9248.0
0.018038064241409302,-6.53382682800293,-2.08829402923584,0.5383330583572388,9252.0,9252.0
0.015300559811294079,-6.555885314941406,-2.0894851684570312,0.5381717085838318,9256.0,9256.0
0.018567726016044617,-6.552809238433838,-2.088613748550415,0.5380103588104248,9260.0,9260.0
0.016128957271575928,-6.537237167358398,-2.075749397277832,0.5378491282463074,9264.0,9264.0
0.014937393367290497,-6.5646514892578125,-2.086055278778076,0.5376880168914795,9268.0,9268.0
0.023502850905060768,-6.562536239624023,-2.1004536151885986,0.5375267267227173,9272.0,9272.0
0.012212387286126614,-6.528000831604004,-2.0808827877044678,0.5373656153678894,9276.0,9276.0
0.020037660375237465,-6.542690753936768,-2.0970876216888428,0.5372045040130615,9280.0,9280.0
0.019727438688278198,-6.530831336975098,-2.0838704109191895,0.5370434522628784,9284.0,9284.0
0.019035153090953827,-6.557915210723877,-2.097001314163208,0.5368824601173401,9288.0,9288.0
0.02074236236512661,-6.55616569519043,-2.1053669452667236,0.5367213487625122,9292.0,9292.0
0.016817452386021614,-6.571775436401367,-2.1031415462493896,0.5365602970123291,9296.0,9296.0
0.023458581417798996,-6.566578388214111,-2.095663547515869,0.536399245262146,9300.0,9300.0
0.03317662328481674,-6.564374923706055,-2.0951180458068848,0.5362383127212524,9304.0,9304.0
0.01625719480216503,-6.553101062774658,-2.100928783416748,0.5360773801803589,9308.0,9308.0
0.020016271620988846,-6.550353050231934,-2.0922489166259766,0.5359165072441101,9312.0,9312.0
0.05065254867076874,-6.552351474761963,-2.0994114875793457,0.5357557535171509,9316.0,9316.0
0.01746128685772419,-6.574683666229248,-2.1093945503234863,0.5355949401855469,9320.0,9320.0
0.01904224045574665,-6.552521705627441,-2.0885655879974365,0.535434365272522,9324.0,9324.0
0.01630609855055809,-6.577280044555664,-2.100466012954712,0.5352737903594971,9328.0,9328.0
0.06492453068494797,-6.569806098937988,-2.0984907150268555,0.5351132750511169,9332.0,9332.0
0.018384762108325958,-6.574232578277588,-2.115959882736206,0.5349527597427368,9336.0,9336.0
0.01799658313393593,-6.567863941192627,-2.107056140899658,0.5347922444343567,9340.0,9340.0
0.014128666371107101,-6.548208713531494,-2.1062026023864746,0.5346318483352661,9344.0,9344.0
0.018414080142974854,-6.571849822998047,-2.1155130863189697,0.5344713926315308,9348.0,9348.0
0.03294216841459274,-6.56840181350708,-2.108776092529297,0.5343109965324402,9352.0,9352.0
0.017076727002859116,-6.573187351226807,-2.1094748973846436,0.5341507196426392,9356.0,9356.0
0.01657385379076004,-6.567179203033447,-2.0913877487182617,0.5339905619621277,9360.0,9360.0
0.01489831693470478,-6.571955680847168,-2.109890937805176,0.5338305234909058,9364.0,9364.0
0.01848677173256874,-6.56141996383667,-2.111886501312256,0.5336704850196838,9368.0,9368.0
0.02085098810493946,-6.5735015869140625,-2.114349365234375,0.5335105061531067,9372.0,9372.0
0.014295373111963272,-6.566628932952881,-2.1094775199890137,0.5333505868911743,9376.0,9376.0
0.01790686883032322,-6.575077533721924,-2.116734743118286,0.5331907272338867,9380.0,9380.0
0.017241453751921654,-6.578882217407227,-2.1221883296966553,0.5330308675765991,9384.0,9384.0
0.024090545251965523,-6.5918169021606445,-2.12619686126709,0.5328709483146667,9388.0,9388.0
0.024415813386440277,-6.586406230926514,-2.1178083419799805,0.5327110886573792,9392.0,9392.0
0.015443135052919388,-6.591611385345459,-2.1266603469848633,0.5325512886047363,9396.0,9396.0
0.02418607473373413,-6.572024345397949,-2.1183574199676514,0.5323914885520935,9400.0,9400.0
0.018744222819805145,-6.577818870544434,-2.119870185852051,0.5322318077087402,9404.0,9404.0
0.015492795035243034,-6.573757171630859,-2.117100954055786,0.5320721864700317,9408.0,9408.0
0.018307920545339584,-6.587745666503906,-2.143739700317383,0.5319125056266785,9412.0,9412.0
0.01722121052443981,-6.579959869384766,-2.120150566101074,0.53175288438797,9416.0,9416.0
0.020001398399472237,-6.585203647613525,-2.112278938293457,0.531593382358551,9420.0,9420.0
0.016306106001138687,-6.592208385467529,-2.1216652393341064,0.5314339995384216,9424.0,9424.0
0.015211375430226326,-6.596621513366699,-2.1252357959747314,0.5312747359275818,9428.0,9428.0
0.017305344343185425,-6.6102094650268555,-2.1401915550231934,0.5311153531074524,9432.0,9432.0
0.019617959856987,-6.591213226318359,-2.1321635246276855,0.5309560298919678,9436.0,9436.0
0.01751841977238655,-6.580930709838867,-2.132256269454956,0.5307967662811279,9440.0,9440.0
0.017462115734815598,-6.574650287628174,-2.11521577835083,0.5306376218795776,9444.0,9444.0
0.016068411991000175,-6.582890510559082,-2.1304497718811035,0.5304785370826721,9448.0,9448.0
0.017981812357902527,-6.589994430541992,-2.1268811225891113,0.5303195714950562,9452.0,9452.0
0.015809055417776108,-6.594007968902588,-2.1354238986968994,0.530160665512085,9456.0,9456.0
0.01703910157084465,-6.6042866706848145,-2.1448514461517334,0.530001699924469,9460.0,9460.0
0.0166158489882946,-6.601992607116699,-2.1380605697631836,0.529842734336853,9464.0,9464.0
0.016749395057559013,-6.609460353851318,-2.1494789123535156,0.5296838283538818,9468.0,9468.0
0.03299111872911453,-6.594248294830322,-2.129241466522217,0.5295249819755554,9472.0,9472.0
0.012576667591929436,-6.598309516906738,-2.1456096172332764,0.529366135597229,9476.0,9476.0
0.013244391418993473,-6.596843242645264,-2.1418304443359375,0.5292073488235474,9480.0,9480.0
0.017827501520514488,-6.584120750427246,-2.1279919147491455,0.5290486812591553,9484.0,9484.0
0.016186457127332687,-6.59904146194458,-2.133805990219116,0.5288901329040527,9488.0,9488.0
0.019668880850076675,-6.625332355499268,-2.138397693634033,0.5287317037582397,9492.0,9492.0
0.024513717740774155,-6.620534896850586,-2.1447110176086426,0.5285732746124268,9496.0,9496.0
0.019550543278455734,-6.606256484985352,-2.140618324279785,0.5284149050712585,9500.0,9500.0
0.014799602329730988,-6.63015079498291,-2.161961555480957,0.5282564759254456,9504.0,9504.0
0.01762501336634159,-6.5957512855529785,-2.1405210494995117,0.5280981063842773,9508.0,9508.0
0.021752318367362022,-6.607115268707275,-2.1503853797912598,0.5279397964477539,9512.0,9512.0
0.016165565699338913,-6.612766265869141,-2.147876739501953,0.5277815461158752,9516.0,9516.0
0.012058275751769543,-6.610635757446289,-2.15370512008667,0.5276232957839966,9520.0,9520.0
0.024576609954237938,-6.62578010559082,-2.162825107574463,0.5274650454521179,9524.0,9524.0
0.021534860134124756,-6.6208038330078125,-2.1562228202819824,0.5273067951202393,9528.0,9528.0
0.017137736082077026,-6.606320381164551,-2.1518778800964355,0.5271486043930054,9532.0,9532.0
0.01906638592481613,-6.602614402770996,-2.157191514968872,0.5269904732704163,9536.0,9536.0
0.01880061998963356,-6.6169657707214355,-2.159435987472534,0.5268323421478271,9540.0,9540.0
0.013832851313054562,-6.6168413162231445,-2.154393434524536,0.5266742706298828,9544.0,9544.0
0.01763288676738739,-6.6071038246154785,-2.145902156829834,0.5265163779258728,9548.0,9548.0
0.018305178731679916,-6.611513137817383,-2.1511714458465576,0.5263585448265076,9552.0,9552.0
0.013327916152775288,-6.617912292480469,-2.1655256748199463,0.5262007713317871,9556.0,9556.0
0.020728930830955505,-6.6223978996276855,-2.162385940551758,0.5260429978370667,9560.0,9560.0
0.036983877420425415,-6.640144348144531,-2.1752305030822754,0.5258851647377014,9564.0,9564.0
0.018093977123498917,-6.622839450836182,-2.163817882537842,0.525727391242981,9568.0,9568.0
0.016638340428471565,-6.620027542114258,-2.159991502761841,0.5255696773529053,9572.0,9572.0
0.01894163340330124,-6.615805625915527,-2.1495614051818848,0.5254121422767639,9576.0,9576.0
0.017346857115626335,-6.639826774597168,-2.1649248600006104,0.5252546668052673,9580.0,9580.0
0.022631414234638214,-6.6432623863220215,-2.1639456748962402,0.5250972509384155,9584.0,9584.0
0.02307361364364624,-6.636674404144287,-2.1695268154144287,0.5249398350715637,9588.0,9588.0
0.023622427135705948,-6.647726535797119,-2.1678478717803955,0.5247824788093567,9592.0,9592.0
0.029629118740558624,-6.627737998962402,-2.165457248687744,0.5246251821517944,9596.0,9596.0
0.018582012504339218,-6.626430511474609,-2.168243408203125,0.524467945098877,9600.0,9600.0
0.018361177295446396,-6.625846862792969,-2.168971061706543,0.5243107676506042,9604.0,9604.0
0.012673075310885906,-6.63608980178833,-2.1796278953552246,0.5241536498069763,9608.0,9608.0
0.01594783365726471,-6.650231838226318,-2.176126480102539,0.5239964723587036,9612.0,9612.0
0.033100686967372894,-6.6508941650390625,-2.179499864578247,0.5238393545150757,9616.0,9616.0
0.01773707941174507,-6.633243083953857,-2.1778597831726074,0.523682177066803,9620.0,9620.0
0.018734579905867577,-6.629277229309082,-2.1795706748962402,0.5235251188278198,9624.0,9624.0
0.023448407649993896,-6.6283464431762695,-2.1641478538513184,0.5233681797981262,9628.0,9628.0
0.017703015357255936,-6.6193695068359375,-2.167628765106201,0.5232114195823669,9632.0,9632.0
0.020484721288084984,-6.637791633605957,-2.177581787109375,0.5230546593666077,9636.0,9636.0
0.015178229659795761,-6.651183128356934,-2.188072681427002,0.5228978991508484,9640.0,9640.0
0.03528919070959091,-6.660716533660889,-2.191056489944458,0.5227410793304443,9644.0,9644.0
0.012055180966854095,-6.629423141479492,-2.173163652420044,0.5225843787193298,9648.0,9648.0
0.025067605078220367,-6.650142192840576,-2.1874866485595703,0.5224276781082153,9652.0,9652.0
0.02163754031062126,-6.64727783203125,-2.1801087856292725,0.5222710967063904,9656.0,9656.0
0.014161759987473488,-6.659627914428711,-2.1912331581115723,0.5221145153045654,9660.0,9660.0
0.021566983312368393,-6.643662452697754,-2.1974377632141113,0.5219578742980957,9664.0,9664.0
0.016711167991161346,-6.625317573547363,-2.1829473972320557,0.5218013525009155,9668.0,9668.0
0.026257773861289024,-6.647314548492432,-2.1990163326263428,0.5216448307037354,9672.0,9672.0
0.05242990329861641,-6.656086444854736,-2.1878836154937744,0.5214883089065552,9676.0,9676.0
0.02067567966878414,-6.661950588226318,-2.1945934295654297,0.5213319063186646,9680.0,9680.0
0.016426892951130867,-6.653926372528076,-2.190272569656372,0.5211755037307739,9684.0,9684.0
0.017342306673526764,-6.6493754386901855,-2.188453435897827,0.5210191607475281,9688.0,9688.0
0.02154809795320034,-6.660777568817139,-2.1987929344177246,0.520862877368927,9692.0,9692.0
0.015701737254858017,-6.63714599609375,-2.1928634643554688,0.5207066535949707,9696.0,9696.0
0.04367043077945709,-6.651361465454102,-2.1961870193481445,0.5205504894256592,9700.0,9700.0
0.019007816910743713,-6.65733528137207,-2.192563056945801,0.5203943848609924,9704.0,9704.0
0.016767553985118866,-6.65908670425415,-2.1969852447509766,0.5202383399009705,9708.0,9708.0
0.0220098365098238,-6.657632827758789,-2.197608470916748,0.5200823545455933,9712.0,9712.0
0.019592680037021637,-6.6445770263671875,-2.20169734954834,0.5199264287948608,9716.0,9716.0
0.017780926078557968,-6.646822929382324,-2.204991102218628,0.5197705030441284,9720.0,9720.0
0.02379203587770462,-6.65140438079834,-2.203524589538574,0.519614577293396,9724.0,9724.0
0.01874442771077156,-6.669753074645996,-2.2087209224700928,0.5194587111473083,9728.0,9728.0
0.012069014832377434,-6.671804428100586,-2.1993002891540527,0.5193029046058655,9732.0,9732.0
0.013983648270368576,-6.679272651672363,-2.2081098556518555,0.5191471576690674,9736.0,9736.0
0.01710272580385208,-6.6813459396362305,-2.210588216781616,0.5189914107322693,9740.0,9740.0
0.01560200471431017,-6.673490524291992,-2.2062559127807617,0.5188356637954712,9744.0,9744.0
0.014717767015099525,-6.646642684936523,-2.209027051925659,0.5186800360679626,9748.0,9748.0
0.0229116752743721,-6.651765823364258,-2.2141740322113037,0.5185244083404541,9752.0,9752.0
0.017706945538520813,-6.661800384521484,-2.211859703063965,0.5183687806129456,9756.0,9756.0
0.014324228279292583,-6.667187213897705,-2.2135260105133057,0.5182132720947266,9760.0,9760.0
0.019194502383470535,-6.6947021484375,-2.2185990810394287,0.5180577039718628,9764.0,9764.0
0.0139926141127944,-6.703991413116455,-2.2175872325897217,0.5179021954536438,9768.0,9768.0
0.017682967707514763,-6.695650100708008,-2.223719835281372,0.5177467465400696,9772.0,9772.0
0.018463416025042534,-6.661034107208252,-2.2101235389709473,0.5175913572311401,9776.0,9776.0
0.028205718845129013,-6.65411376953125,-2.220532178878784,0.5174359679222107,9780.0,9780.0
0.029947398230433464,-6.671692848205566,-2.2181644439697266,0.517280638217926,9784.0,9784.0
0.018702955916523933,-6.677478313446045,-2.2087059020996094,0.5171254277229309,9788.0,9788.0
0.026855796575546265,-6.709169864654541,-2.218602180480957,0.5169703364372253,9792.0,9792.0
0.018764492124319077,-6.690730094909668,-2.221031427383423,0.516815185546875,9796.0,9796.0
0.016389790922403336,-6.696206092834473,-2.2297770977020264,0.5166601538658142,9800.0,9800.0
0.015499984845519066,-6.664087295532227,-2.2273011207580566,0.5165050625801086,9804.0,9804.0
0.0163814015686512,-6.650907516479492,-2.216827869415283,0.5163501501083374,9808.0,9808.0
0.01566203124821186,-6.6658124923706055,-2.2161269187927246,0.5161952972412109,9812.0,9812.0
0.013947978615760803,-6.6906328201293945,-2.2187116146087646,0.5160405039787292,9816.0,9816.0
0.013601533137261868,-6.684426307678223,-2.224377155303955,0.5158858299255371,9820.0,9820.0
0.029602697119116783,-6.700953483581543,-2.225935459136963,0.515731155872345,9824.0,9824.0
0.01886366866528988,-6.691847801208496,-2.2222251892089844,0.5155766010284424,9828.0,9828.0
0.021490931510925293,-6.6709113121032715,-2.2286746501922607,0.5154221057891846,9832.0,9832.0
0.011586113832890987,-6.671383857727051,-2.237459659576416,0.515267550945282,9836.0,9836.0
0.01679159700870514,-6.6879167556762695,-2.241863489151001,0.5151129961013794,9840.0,9840.0
0.015358831733465195,-6.699712753295898,-2.2322936058044434,0.5149585008621216,9844.0,9844.0
0.016043396666646004,-6.732977867126465,-2.239199638366699,0.5148040056228638,9848.0,9848.0
0.015336544252932072,-6.702409744262695,-2.218853712081909,0.5146496295928955,9852.0,9852.0
0.018914740532636642,-6.702375411987305,-2.239619493484497,0.514495313167572,9856.0,9856.0
0.024302329868078232,-6.687637805938721,-2.2362961769104004,0.5143409967422485,9860.0,9860.0
0.015552026219666004,-6.676741600036621,-2.226555109024048,0.5141868591308594,9864.0,9864.0
0.01500825397670269,-6.668875694274902,-2.23905086517334,0.5140327215194702,9868.0,9868.0
0.013299071229994297,-6.684910774230957,-2.233707904815674,0.5138786435127258,9872.0,9872.0
0.023065613582730293,-6.722883224487305,-2.2467217445373535,0.5137246251106262,9876.0,9876.0
0.015607948414981365,-6.722064018249512,-2.2338478565216064,0.5135706663131714,9880.0,9880.0
0.01539255864918232,-6.706014156341553,-2.250027656555176,0.5134167075157166,9884.0,9884.0
0.01637718267738819,-6.68864107131958,-2.238041400909424,0.5132627487182617,9888.0,9888.0
0.017024539411067963,-6.673527240753174,-2.231597423553467,0.513109028339386,9892.0,9892.0
0.012484854087233543,-6.677368640899658,-2.2487289905548096,0.5129552483558655,9896.0,9896.0
0.013642596080899239,-6.684735298156738,-2.2480335235595703,0.5128015279769897,9900.0,9900.0
0.018349625170230865,-6.715130805969238,-2.246446371078491,0.512647807598114,9904.0,9904.0
0.021430540829896927,-6.711119174957275,-2.2521309852600098,0.5124941468238831,9908.0,9908.0
0.015779754146933556,-6.712453842163086,-2.2369284629821777,0.5123406052589417,9912.0,9912.0
0.012632593512535095,-6.723290920257568,-2.2474846839904785,0.512187123298645,9916.0,9916.0
0.014875530265271664,-6.704109191894531,-2.23911714553833,0.5120337605476379,9920.0,9920.0
0.013741509988904,-6.698168754577637,-2.2530524730682373,0.5118803977966309,9924.0,9924.0
0.040476273745298386,-6.709321022033691,-2.2465991973876953,0.5117270946502686,9928.0,9928.0
0.01593584381043911,-6.723548889160156,-2.2642664909362793,0.5115737318992615,9932.0,9932.0
0.014153868891298771,-6.7233686447143555,-2.2509875297546387,0.511420488357544,9936.0,9936.0
0.016714513301849365,-6.723800182342529,-2.253969192504883,0.5112672448158264,9940.0,9940.0
0.011600485071539879,-6.718425750732422,-2.2620656490325928,0.5111140608787537,9944.0,9944.0
0.014248641207814217,-6.705590724945068,-2.265629291534424,0.5109608769416809,9948.0,9948.0
0.019321676343679428,-6.697585105895996,-2.251614809036255,0.5108076930046082,9952.0,9952.0
0.017038580030202866,-6.715461254119873,-2.2601146697998047,0.510654628276825,9956.0,9956.0
0.017809458076953888,-6.716630458831787,-2.252319574356079,0.5105016231536865,9960.0,9960.0
0.020259862765669823,-6.731443405151367,-2.2552907466888428,0.5103487372398376,9964.0,9964.0
0.016006821766495705,-6.724130630493164,-2.256582736968994,0.5101959109306335,9968.0,9968.0
0.025846313685178757,-6.7219109535217285,-2.259495258331299,0.5100430846214294,9972.0,9972.0
0.02292007952928543,-6.728858470916748,-2.2785680294036865,0.5098902583122253,9976.0,9976.0
0.01699463091790676,-6.713813304901123,-2.2706124782562256,0.5097374320030212,9980.0,9980.0
0.018825281411409378,-6.713949203491211,-2.262671709060669,0.5095846652984619,9984.0,9984.0
0.01630881056189537,-6.7249321937561035,-2.2680740356445312,0.5094319581985474,9988.0,9988.0
0.016655363142490387,-6.7220964431762695,-2.2654032707214355,0.5092793107032776,9992.0,9992.0
0.020609669387340546,-6.709320545196533,-2.2546825408935547,0.5091267824172974,9996.0,9996.0
0.01895981840789318,-6.72361421585083,-2.2657077312469482,0.5089743733406067,10000.0,10000.0
0.021159369498491287,-6.728915691375732,-2.2810275554656982,0.5088219046592712,10004.0,10004.0
0.023743361234664917,-6.720890998840332,-2.2603487968444824,0.5086694955825806,10008.0,10008.0
0.024326907470822334,-6.736763954162598,-2.2742223739624023,0.5085171461105347,10012.0,10012.0
0.014576250687241554,-6.729744911193848,-2.2746429443359375,0.5083648562431335,10016.0,10016.0
0.026546135544776917,-6.731359481811523,-2.2814884185791016,0.5082125663757324,10020.0,10020.0
0.014371157623827457,-6.736725807189941,-2.280848503112793,0.5080602765083313,10024.0,10024.0
0.01532854326069355,-6.7295732498168945,-2.2774338722229004,0.5079079866409302,10028.0,10028.0
0.019421640783548355,-6.72564172744751,-2.2725112438201904,0.5077558159828186,10032.0,10032.0
0.014516490511596203,-6.7200541496276855,-2.287210464477539,0.507603645324707,10036.0,10036.0
0.018189819529652596,-6.726193904876709,-2.2776153087615967,0.5074515342712402,10040.0,10040.0
0.012546179816126823,-6.724778175354004,-2.2781903743743896,0.5072994828224182,10044.0,10044.0
0.01205900963395834,-6.748779296875,-2.302608013153076,0.5071473121643066,10048.0,10048.0
0.021680857986211777,-6.740746021270752,-2.279810905456543,0.5069952607154846,10052.0,10052.0
0.015525341033935547,-6.748991012573242,-2.281125545501709,0.5068433284759521,10056.0,10056.0
0.015511218458414078,-6.747395992279053,-2.2918896675109863,0.5066913366317749,10060.0,10060.0
0.014626136980950832,-6.729576110839844,-2.28546142578125,0.5065394043922424,10064.0,10064.0
0.01587982289493084,-6.726258277893066,-2.281716823577881,0.5063875317573547,10068.0,10068.0
0.02675960212945938,-6.736515045166016,-2.302089214324951,0.506235659122467,10072.0,10072.0
0.01756855472922325,-6.745060443878174,-2.291063070297241,0.5060837864875793,10076.0,10076.0
0.01509501039981842,-6.747871398925781,-2.2870311737060547,0.505932092666626,10080.0,10080.0
0.01564863882958889,-6.752547740936279,-2.292965888977051,0.5057803392410278,10084.0,10084.0
0.012650677934288979,-6.7350077629089355,-2.2954461574554443,0.5056287050247192,10088.0,10088.0
0.02439945563673973,-6.758223533630371,-2.314208507537842,0.5054769515991211,10092.0,10092.0
0.016706107184290886,-6.745810031890869,-2.2956714630126953,0.505325198173523,10096.0,10096.0
0.014974419958889484,-6.741981506347656,-2.300421714782715,0.5051735639572144,10100.0,10100.0
0.0127121452242136,-6.737858772277832,-2.293091297149658,0.5050219893455505,10104.0,10104.0
0.018815387040376663,-6.749037742614746,-2.299854040145874,0.5048704147338867,10108.0,10108.0
0.01192308310419321,-6.746584892272949,-2.297285556793213,0.5047189593315125,10112.0,10112.0
0.015319012105464935,-6.761910438537598,-2.305623769760132,0.5045675039291382,10116.0,10116.0
0.014065512455999851,-6.7593464851379395,-2.308255195617676,0.5044161081314087,10120.0,10120.0
0.02048870176076889,-6.745406150817871,-2.3078556060791016,0.5042647123336792,10124.0,10124.0
0.01386596355587244,-6.750959396362305,-2.3150649070739746,0.5041133165359497,10128.0,10128.0
0.014016094617545605,-6.757626056671143,-2.3125200271606445,0.5039619207382202,10132.0,10132.0
0.016205796971917152,-6.756241321563721,-2.291546106338501,0.503810703754425,10136.0,10136.0
0.014420238323509693,-6.777185916900635,-2.318429470062256,0.5036594271659851,10140.0,10140.0
0.0275369044393301,-6.749959468841553,-2.2929351329803467,0.5035083293914795,10144.0,10144.0
0.021990537643432617,-6.785621643066406,-2.3097400665283203,0.5033572912216187,10148.0,10148.0
0.011298181489109993,-6.748528480529785,-2.3044161796569824,0.5032063126564026,10152.0,10152.0
0.02098090946674347,-6.730223655700684,-2.3025031089782715,0.5030554533004761,10156.0,10156.0
0.012524034827947617,-6.743403911590576,-2.310457706451416,0.5029046535491943,10160.0,10160.0
0.016671715304255486,-6.771657943725586,-2.329195022583008,0.5027537941932678,10164.0,10164.0
0.012586677446961403,-6.762979984283447,-2.3177103996276855,0.5026029944419861,10168.0,10168.0
0.02239086478948593,-6.777317047119141,-2.312889575958252,0.5024521946907043,10172.0,10172.0
0.0166078619658947,-6.775472164154053,-2.3228344917297363,0.5023014545440674,10176.0,10176.0
0.016887642443180084,-6.7775349617004395,-2.3178210258483887,0.5021507143974304,10180.0,10180.0
0.011975273489952087,-6.766214370727539,-2.3190174102783203,0.5020000338554382,10184.0,10184.0
0.020848678424954414,-6.7352094650268555,-2.311912775039673,0.5018494725227356,10188.0,10188.0
0.015680596232414246,-6.7656025886535645,-2.3202669620513916,0.501698911190033,10192.0,10192.0
0.017100222408771515,-6.7791852951049805,-2.330845355987549,0.5015484094619751,10196.0,10196.0
0.014083967544138432,-6.7772216796875,-2.3234665393829346,0.5013979077339172,10200.0,10200.0
0.010402140207588673,-6.781584739685059,-2.3242814540863037,0.5012474656105042,10204.0,10204.0
0.022838054224848747,-6.784905433654785,-2.3276138305664062,0.5010970234870911,10208.0,10208.0
0.010823830962181091,-6.7693939208984375,-2.319370746612549,0.5009467005729675,10212.0,10212.0
0.020108941942453384,-6.776760101318359,-2.3362467288970947,0.500796377658844,10216.0,10216.0
0.0191793292760849,-6.75151252746582,-2.3128299713134766,0.50064617395401,10220.0,10220.0
0.022801801562309265,-6.776156425476074,-2.329252004623413,0.5004960298538208,10224.0,10224.0
0.019888345152139664,-6.775882244110107,-2.3353586196899414,0.5003458857536316,10228.0,10228.0
0.020576637238264084,-6.772977352142334,-2.3235785961151123,0.5001958608627319,10232.0,10232.0
0.02202508971095085,-6.789457321166992,-2.3233861923217773,0.500045895576477,10236.0,10236.0
0.0135866180062294,-6.778450965881348,-2.3301591873168945,0.49989598989486694,10240.0,10240.0
0.01439383253455162,-6.768161773681641,-2.332986354827881,0.4997461438179016,10244.0,10244.0
0.05773418769240379,-6.771574974060059,-2.331536054611206,0.49959632754325867,10248.0,10248.0
0.01710634119808674,-6.794404983520508,-2.3346521854400635,0.4994465708732605,10252.0,10252.0
0.013917533680796623,-6.7963972091674805,-2.3343982696533203,0.4992968738079071,10256.0,10256.0
0.014119826257228851,-6.78690242767334,-2.3382668495178223,0.4991471767425537,10260.0,10260.0
0.01611374318599701,-6.770645618438721,-2.3472042083740234,0.4989975094795227,10264.0,10264.0
0.02449629455804825,-6.791845321655273,-2.3477625846862793,0.4988478124141693,10268.0,10268.0
0.017028450965881348,-6.77880859375,-2.3473358154296875,0.4986981153488159,10272.0,10272.0
0.014612168073654175,-6.782497406005859,-2.3420357704162598,0.4985484778881073,10276.0,10276.0
0.02814020961523056,-6.7841081619262695,-2.326665163040161,0.4983989894390106,10280.0,10280.0
0.014120141975581646,-6.792642116546631,-2.3436520099639893,0.49824953079223633,10284.0,10284.0
0.012087387964129448,-6.774799823760986,-2.3350391387939453,0.4981001615524292,10288.0,10288.0
0.013180280104279518,-6.78100061416626,-2.3351035118103027,0.4979509115219116,10292.0,10292.0
0.018052667379379272,-6.772698879241943,-2.344480514526367,0.4978017210960388,10296.0,10296.0
0.011401517316699028,-6.779356956481934,-2.3382132053375244,0.4976525902748108,10300.0,10300.0
0.022562528029084206,-6.805159091949463,-2.3447558879852295,0.4975035488605499,10304.0,10304.0
0.012350496836006641,-6.782994270324707,-2.338261127471924,0.4973545968532562,10308.0,10308.0
0.01948358304798603,-6.809894561767578,-2.3626604080200195,0.49720555543899536,10312.0,10312.0
0.011069882661104202,-6.782536506652832,-2.3409690856933594,0.49705663323402405,10316.0,10316.0
0.019281618297100067,-6.787206172943115,-2.345867395401001,0.4969077706336975,10320.0,10320.0
0.011824053712189198,-6.801474094390869,-2.350358486175537,0.49675896763801575,10324.0,10324.0
0.01638277992606163,-6.797402381896973,-2.354641914367676,0.496610164642334,10328.0,10328.0
0.017114922404289246,-6.797057151794434,-2.356529712677002,0.4964613914489746,10332.0,10332.0
0.016343412920832634,-6.805495262145996,-2.366295576095581,0.49631258845329285,10336.0,10336.0
0.013028251938521862,-6.805423736572266,-2.3527538776397705,0.49616384506225586,10340.0,10340.0
0.014522159472107887,-6.792604446411133,-2.3548507690429688,0.49601519107818604,10344.0,10344.0
0.010047456249594688,-6.793920516967773,-2.3610355854034424,0.4958665072917938,10348.0,10348.0
0.022324353456497192,-6.7894697189331055,-2.349680185317993,0.49571797251701355,10352.0,10352.0
0.018508687615394592,-6.81796407699585,-2.3732340335845947,0.4955693781375885,10356.0,10356.0
0.03326437994837761,-6.819397926330566,-2.355855703353882,0.4954208433628082,10360.0,10360.0
0.02028082124888897,-6.806365966796875,-2.368438482284546,0.49527233839035034,10364.0,10364.0
0.012052556499838829,-6.788599014282227,-2.353956699371338,0.4951239228248596,10368.0,10368.0
0.014574196189641953,-6.802294731140137,-2.368140697479248,0.4949755370616913,10372.0,10372.0
0.01503641065210104,-6.779693126678467,-2.3643062114715576,0.49482718110084534,10376.0,10376.0
0.024112043902277946,-6.786828994750977,-2.3660387992858887,0.49467888474464417,10380.0,10380.0
0.012770362198352814,-6.812524795532227,-2.3756494522094727,0.4945305585861206,10384.0,10384.0
0.01714884117245674,-6.8210296630859375,-2.363532304763794,0.4943823218345642,10388.0,10388.0
0.014097636565566063,-6.810606956481934,-2.3822412490844727,0.4942340552806854,10392.0,10392.0
0.014992467127740383,-6.819589614868164,-2.3660027980804443,0.4940858781337738,10396.0,10396.0
0.01338503323495388,-6.806318283081055,-2.374610662460327,0.4939377009868622,10400.0,10400.0
0.02365107089281082,-6.797983646392822,-2.362839698791504,0.4937896728515625,10404.0,10404.0
0.023615794256329536,-6.790911674499512,-2.368541717529297,0.4936417043209076,10408.0,10408.0
0.01955629140138626,-6.803463935852051,-2.389253854751587,0.4934936761856079,10412.0,10412.0
0.0135416891425848,-6.800535678863525,-2.368389368057251,0.4933457374572754,10416.0,10416.0
0.01949843391776085,-6.81288480758667,-2.3813958168029785,0.49319782853126526,10420.0,10420.0
0.011528774164617062,-6.810174942016602,-2.376920700073242,0.4930499494075775,10424.0,10424.0
0.014957308769226074,-6.819606304168701,-2.3860108852386475,0.49290210008621216,10428.0,10428.0
0.012546245008707047,-6.826242446899414,-2.3897061347961426,0.4927542209625244,10432.0,10432.0
0.015312332659959793,-6.814770221710205,-2.3891656398773193,0.49260637164115906,10436.0,10436.0
0.01554444245994091,-6.815024375915527,-2.3803603649139404,0.4924585521221161,10440.0,10440.0
0.01192900538444519,-6.822116374969482,-2.3839449882507324,0.4923107922077179,10444.0,10444.0
0.015248466283082962,-6.825490951538086,-2.377373695373535,0.49216315150260925,10448.0,10448.0
0.014081289991736412,-6.833707332611084,-2.3952553272247314,0.49201545119285583,10452.0,10452.0
0.015313804149627686,-6.828827857971191,-2.3894600868225098,0.4918678104877472,10456.0,10456.0
0.018799088895320892,-6.822218894958496,-2.391401767730713,0.4917202293872833,10460.0,10460.0
0.020445866510272026,-6.83413028717041,-2.3944249153137207,0.49157264828681946,10464.0,10464.0
0.01511871162801981,-6.818272590637207,-2.3772411346435547,0.49142521619796753,10468.0,10468.0
0.023994509130716324,-6.829922676086426,-2.395038604736328,0.4912777841091156,10472.0,10472.0
0.018372157588601112,-6.823390483856201,-2.3867838382720947,0.49113041162490845,10476.0,10476.0
0.015568248927593231,-6.837408542633057,-2.3985342979431152,0.4909830689430237,10480.0,10480.0
0.015302399173378944,-6.828287601470947,-2.3936960697174072,0.4908357858657837,10484.0,10484.0
0.019782761111855507,-6.836546897888184,-2.3980746269226074,0.4906885325908661,10488.0,10488.0
0.014890758320689201,-6.82152795791626,-2.3851478099823,0.49054136872291565,10492.0,10492.0
0.01616629958152771,-6.804508209228516,-2.383373737335205,0.49039435386657715,10496.0,10496.0
0.021216312423348427,-6.803456783294678,-2.384716033935547,0.4902474582195282,10500.0,10500.0
0.01531794760376215,-6.828042984008789,-2.4031925201416016,0.49010053277015686,10504.0,10504.0
0.01337115466594696,-6.840307235717773,-2.3923141956329346,0.4899537265300751,10508.0,10508.0
0.01797473430633545,-6.8541975021362305,-2.4028306007385254,0.4898068904876709,10512.0,10512.0
0.023722805082798004,-6.8496294021606445,-2.414234161376953,0.4896600544452667,10516.0,10516.0
0.02427569404244423,-6.83775520324707,-2.3935794830322266,0.4895132780075073,10520.0,10520.0
0.025941170752048492,-6.823233604431152,-2.4051594734191895,0.4893665611743927,10524.0,10524.0
0.02077234536409378,-6.846276760101318,-2.42457914352417,0.4892197251319885,10528.0,10528.0
0.019079703837633133,-6.855417251586914,-2.3994011878967285,0.4890730381011963,10532.0,10532.0
0.01594431698322296,-6.848464488983154,-2.396329879760742,0.48892641067504883,10536.0,10536.0
0.009189976379275322,-6.851292610168457,-2.414017677307129,0.48877978324890137,10540.0,10540.0
0.014197032898664474,-6.847535610198975,-2.400916814804077,0.48863327503204346,10544.0,10544.0
0.019574549049139023,-6.8267903327941895,-2.4136993885040283,0.48848676681518555,10548.0,10548.0
0.01932305470108986,-6.836431503295898,-2.406008243560791,0.4883403480052948,10552.0,10552.0
0.01126159355044365,-6.82607889175415,-2.3990535736083984,0.4881940186023712,10556.0,10556.0
0.01106511801481247,-6.8455491065979,-2.415104389190674,0.48804768919944763,10560.0,10560.0
0.019712120294570923,-6.855419635772705,-2.4193508625030518,0.48790138959884644,10564.0,10564.0
0.015777066349983215,-6.860050201416016,-2.4120209217071533,0.48775514960289,10568.0,10568.0
0.012596175074577332,-6.849417209625244,-2.4102911949157715,0.48760896921157837,10572.0,10572.0
0.018539857119321823,-6.8511576652526855,-2.4076380729675293,0.4874628782272339,10576.0,10576.0
0.017740746960043907,-6.857264041900635,-2.427002429962158,0.487316757440567,10580.0,10580.0
0.019570395350456238,-6.850577354431152,-2.433804750442505,0.48717057704925537,10584.0,10584.0
0.013179917819797993,-6.837996959686279,-2.419218063354492,0.4870244562625885,10588.0,10588.0
0.02235218696296215,-6.84824275970459,-2.4184699058532715,0.4868783950805664,10592.0,10592.0
0.013327029533684254,-6.857173919677734,-2.42238712310791,0.4867323935031891,10596.0,10596.0
0.017122596502304077,-6.854742527008057,-2.4300377368927,0.4865863621234894,10600.0,10600.0
0.013949636369943619,-6.845636367797852,-2.4169960021972656,0.4864404499530792,10604.0,10604.0
0.01787659153342247,-6.875077724456787,-2.4314663410186768,0.48629453778266907,10608.0,10608.0
0.017428817227482796,-6.859262943267822,-2.4235620498657227,0.4861486852169037,10612.0,10612.0
0.013756426982581615,-6.869048118591309,-2.4228200912475586,0.4860028922557831,10616.0,10616.0
0.015970345586538315,-6.851043701171875,-2.4191341400146484,0.485857218503952,10620.0,10620.0
0.024278810247778893,-6.841638565063477,-2.4350342750549316,0.48571154475212097,10624.0,10624.0
0.037506699562072754,-6.843530178070068,-2.4264912605285645,0.4855659008026123,10628.0,10628.0
0.025985363870859146,-6.8431196212768555,-2.418712854385376,0.4854204058647156,10632.0,10632.0
0.01645825058221817,-6.881832122802734,-2.440199375152588,0.48527491092681885,10636.0,10636.0
0.016570312902331352,-6.878955364227295,-2.441851854324341,0.48512938618659973,10640.0,10640.0
0.017084671184420586,-6.865097522735596,-2.445930004119873,0.48498380184173584,10644.0,10644.0
0.017658855766057968,-6.850234508514404,-2.437070608139038,0.4848382771015167,10648.0,10648.0
0.018843160942196846,-6.860318183898926,-2.4369871616363525,0.48469278216362,10652.0,10652.0
0.01217043399810791,-6.858371734619141,-2.432828426361084,0.48454737663269043,10656.0,10656.0
0.015818148851394653,-6.8589701652526855,-2.4301328659057617,0.484402060508728,10660.0,10660.0
0.017202366143465042,-6.864397048950195,-2.4476914405822754,0.4842567443847656,10664.0,10664.0
0.015082309953868389,-6.86415958404541,-2.436893939971924,0.484111487865448,10668.0,10668.0
0.02280467189848423,-6.889649391174316,-2.446394681930542,0.48396626114845276,10672.0,10672.0
0.021223971620202065,-6.8712005615234375,-2.431138515472412,0.48382115364074707,10676.0,10676.0
0.02564789354801178,-6.870317459106445,-2.4331653118133545,0.48367616534233093,10680.0,10680.0
0.015205644071102142,-6.83883810043335,-2.4426355361938477,0.4835311770439148,10684.0,10684.0
0.012914968654513359,-6.854455947875977,-2.4455161094665527,0.48338624835014343,10688.0,10688.0
0.013603397645056248,-6.842707633972168,-2.438988208770752,0.48324140906333923,10692.0,10692.0
0.013028795830905437,-6.848124980926514,-2.4368386268615723,0.4830966293811798,10696.0,10696.0
0.023136530071496964,-6.852405548095703,-2.4265708923339844,0.4829519987106323,10700.0,10700.0
0.011988522484898567,-6.888863563537598,-2.4493556022644043,0.4828073978424072,10704.0,10704.0
0.01922992803156376,-6.870601654052734,-2.456968307495117,0.48266279697418213,10708.0,10708.0
0.014125210233032703,-6.854617118835449,-2.457599639892578,0.48251816630363464,10712.0,10712.0
0.016352076083421707,-6.8490095138549805,-2.4545888900756836,0.48237356543540955,10716.0,10716.0
0.018172703683376312,-6.847850799560547,-2.4371814727783203,0.482229083776474,10720.0,10720.0
0.017590053379535675,-6.901695251464844,-2.4687819480895996,0.4820845425128937,10724.0,10724.0
0.016188517212867737,-6.905646800994873,-2.4499270915985107,0.48194006085395813,10728.0,10728.0
0.014092989265918732,-6.883423328399658,-2.4526994228363037,0.48179563879966736,10732.0,10732.0
0.015306061133742332,-6.874655723571777,-2.452709436416626,0.48165127635002136,10736.0,10736.0
0.02008815109729767,-6.871031761169434,-2.4646146297454834,0.48150691390037537,10740.0,10740.0
0.02234674245119095,-6.8590898513793945,-2.4533722400665283,0.48136261105537415,10744.0,10744.0
0.016530513763427734,-6.880350112915039,-2.4520363807678223,0.4812183976173401,10748.0,10748.0
0.013453634455800056,-6.905438423156738,-2.4824411869049072,0.48107409477233887,10752.0,10752.0
0.017139803618192673,-6.886941909790039,-2.4629669189453125,0.48092982172966003,10756.0,10756.0
0.01462497841566801,-6.882327556610107,-2.473050117492676,0.4807855486869812,10760.0,10760.0
0.014455987140536308,-6.876648902893066,-2.4597361087799072,0.48064133524894714,10764.0,10764.0
0.01737726293504238,-6.8541741371154785,-2.455115795135498,0.48049724102020264,10768.0,10768.0
0.023118818178772926,-6.877540588378906,-2.4846391677856445,0.48035305738449097,10772.0,10772.0
0.025018978863954544,-6.873653888702393,-2.4739222526550293,0.4802088737487793,10776.0,10776.0
0.018467549234628677,-6.889472007751465,-2.4693832397460938,0.4800647497177124,10780.0,10780.0
0.018238026648759842,-6.896531105041504,-2.4685139656066895,0.47992071509361267,10784.0,10784.0
0.01627214252948761,-6.889011383056641,-2.4690589904785156,0.4797767102718353,10788.0,10788.0
